"Measure","Time","Time_Type","Ethnicity","Ethnicity_Type","Trip_Purpose","Value","Value_Type","Weighted_Sample_Stage_Distance","Unweighted_Sample_Stage_Distance","Weighted_Sample_Trips","Unweighted_Sample_Trips","Weighted_Sample_Individuals","Unweighted_Sample_Individuals","Notes"
"Average distance per year by trip purpose","2002/06","5-year rolling average","All ethnic groups","ONS 2011 5+1","All Purposes","7151","Miles per person per year","11375897","10590311","1693912","1551557","82950","81145",""
"Average distance per year by trip purpose","2002/06","5-year rolling average","All ethnic groups","ONS 2011 5+1","Business","703","Miles per person per year","1117814","1065118","56610","53416","82950","81145",""
"Average distance per year by trip purpose","2002/06","5-year rolling average","All ethnic groups","ONS 2011 5+1","Commuting","1413","Miles per person per year","2247728","1992119","262303","230110","82950","81145",""
"Average distance per year by trip purpose","2002/06","5-year rolling average","All ethnic groups","ONS 2011 5+1","Education / escort education","317","Miles per person per year","504376","480379","187619","178532","82950","81145",""
"Average distance per year by trip purpose","2002/06","5-year rolling average","All ethnic groups","ONS 2011 5+1","Leisure","2816","Miles per person per year","4479398","4300082","440033","414330","82950","81145",""
"Average distance per year by trip purpose","2002/06","5-year rolling average","All ethnic groups","ONS 2011 5+1","Other escort","485","Miles per person per year","771567","711234","155363","143416","82950","81145",""
"Average distance per year by trip purpose","2002/06","5-year rolling average","All ethnic groups","ONS 2011 5+1","Other including just walk","45","Miles per person per year","71281","69041","68554","64437","82950","81145",""
"Average distance per year by trip purpose","2002/06","5-year rolling average","All ethnic groups","ONS 2011 5+1","Personal business","489","Miles per person per year","778176","713755","177289","161804","82950","81145",""
"Average distance per year by trip purpose","2002/06","5-year rolling average","All ethnic groups","ONS 2011 5+1","Shopping","883","Miles per person per year","1405557","1258582","346140","305512","82950","81145",""
"Average distance per year by trip purpose","2002/06","5-year rolling average","Asian / Asian British","ONS 2011 5+1","All Purposes","4567","Miles per person per year","370467","307282","71078","58923","4229","3711",""
"Average distance per year by trip purpose","2002/06","5-year rolling average","Asian / Asian British","ONS 2011 5+1","Business","274","Miles per person per year","22215","19181","1540","1313","4229","3711",""
"Average distance per year by trip purpose","2002/06","5-year rolling average","Asian / Asian British","ONS 2011 5+1","Commuting","1145","Miles per person per year","92879","74067","12347","9769","4229","3711",""
"Average distance per year by trip purpose","2002/06","5-year rolling average","Asian / Asian British","ONS 2011 5+1","Education / escort education","434","Miles per person per year","35209","29813","14115","12378","4229","3711",""
"Average distance per year by trip purpose","2002/06","5-year rolling average","Asian / Asian British","ONS 2011 5+1","Leisure","1598","Miles per person per year","129611","109496","14696","12241","4229","3711",""
"Average distance per year by trip purpose","2002/06","5-year rolling average","Asian / Asian British","ONS 2011 5+1","Other escort","289","Miles per person per year","23455","20028","5763","5017","4229","3711",""
"Average distance per year by trip purpose","2002/06","5-year rolling average","Asian / Asian British","ONS 2011 5+1","Other including just walk","25","Miles per person per year","2058","1791","1974","1696","4229","3711",""
"Average distance per year by trip purpose","2002/06","5-year rolling average","Asian / Asian British","ONS 2011 5+1","Personal business","343","Miles per person per year","27851","23225","7917","6521","4229","3711",""
"Average distance per year by trip purpose","2002/06","5-year rolling average","Asian / Asian British","ONS 2011 5+1","Shopping","458","Miles per person per year","37189","29682","12726","9988","4229","3711",""
"Average distance per year by trip purpose","2002/06","5-year rolling average","Black / African / Caribbean / Black British","ONS 2011 5+1","All Purposes","4704","Miles per person per year","186077","157099","32539","27387","2063","1854",""
"Average distance per year by trip purpose","2002/06","5-year rolling average","Black / African / Caribbean / Black British","ONS 2011 5+1","Business","271","Miles per person per year","10715","9539","851","734","2063","1854",""
"Average distance per year by trip purpose","2002/06","5-year rolling average","Black / African / Caribbean / Black British","ONS 2011 5+1","Commuting","1212","Miles per person per year","47961","38280","6169","4846","2063","1854",""
"Average distance per year by trip purpose","2002/06","5-year rolling average","Black / African / Caribbean / Black British","ONS 2011 5+1","Education / escort education","512","Miles per person per year","20239","17633","6431","5864","2063","1854",""
"Average distance per year by trip purpose","2002/06","5-year rolling average","Black / African / Caribbean / Black British","ONS 2011 5+1","Leisure","1388","Miles per person per year","54906","48262","6009","5149","2063","1854",""
"Average distance per year by trip purpose","2002/06","5-year rolling average","Black / African / Caribbean / Black British","ONS 2011 5+1","Other escort","296","Miles per person per year","11727","9979","2326","2013","2063","1854",""
"Average distance per year by trip purpose","2002/06","5-year rolling average","Black / African / Caribbean / Black British","ONS 2011 5+1","Other including just walk","12","Miles per person per year","462","420","525","468","2063","1854",""
"Average distance per year by trip purpose","2002/06","5-year rolling average","Black / African / Caribbean / Black British","ONS 2011 5+1","Personal business","527","Miles per person per year","20849","17807","4437","3690","2063","1854",""
"Average distance per year by trip purpose","2002/06","5-year rolling average","Black / African / Caribbean / Black British","ONS 2011 5+1","Shopping","486","Miles per person per year","19218","15180","5791","4623","2063","1854",""
"Average distance per year by trip purpose","2002/06","5-year rolling average","Mixed / Multiple ethnic groups","ONS 2011 5+1","All Purposes","4964","Miles per person per year","111021","95733","20989","18120","1166","1069",""
"Average distance per year by trip purpose","2002/06","5-year rolling average","Mixed / Multiple ethnic groups","ONS 2011 5+1","Business","229","Miles per person per year","5133","4682","510","429","1166","1069",""
"Average distance per year by trip purpose","2002/06","5-year rolling average","Mixed / Multiple ethnic groups","ONS 2011 5+1","Commuting","957","Miles per person per year","21411","16293","2663","2038","1166","1069",""
"Average distance per year by trip purpose","2002/06","5-year rolling average","Mixed / Multiple ethnic groups","ONS 2011 5+1","Education / escort education","517","Miles per person per year","11559","10748","4825","4563","1166","1069",""
"Average distance per year by trip purpose","2002/06","5-year rolling average","Mixed / Multiple ethnic groups","ONS 2011 5+1","Leisure","2058","Miles per person per year","46041","41334","5391","4661","1166","1069",""
"Average distance per year by trip purpose","2002/06","5-year rolling average","Mixed / Multiple ethnic groups","ONS 2011 5+1","Other escort","413","Miles per person per year","9237","7952","2274","2010","1166","1069",""
"Average distance per year by trip purpose","2002/06","5-year rolling average","Mixed / Multiple ethnic groups","ONS 2011 5+1","Other including just walk","19","Miles per person per year","425","396","470","417","1166","1069",""
"Average distance per year by trip purpose","2002/06","5-year rolling average","Mixed / Multiple ethnic groups","ONS 2011 5+1","Personal business","350","Miles per person per year","7818","6585","1947","1649","1166","1069",""
"Average distance per year by trip purpose","2002/06","5-year rolling average","Mixed / Multiple ethnic groups","ONS 2011 5+1","Shopping","420","Miles per person per year","9397","7742","2910","2353","1166","1069",""
"Average distance per year by trip purpose","2002/06","5-year rolling average","Other ethnic group","ONS 2011 5+1","All Purposes","4473","Miles per person per year","81281","67580","15264","12494","948","829",""
"Average distance per year by trip purpose","2002/06","5-year rolling average","Other ethnic group","ONS 2011 5+1","Business","249","Miles per person per year","4518","3798","480","390","948","829",""
"Average distance per year by trip purpose","2002/06","5-year rolling average","Other ethnic group","ONS 2011 5+1","Commuting","1119","Miles per person per year","20343","15526","2591","1965","948","829",""
"Average distance per year by trip purpose","2002/06","5-year rolling average","Other ethnic group","ONS 2011 5+1","Education / escort education","418","Miles per person per year","7591","6715","3317","2872","948","829",""
"Average distance per year by trip purpose","2002/06","5-year rolling average","Other ethnic group","ONS 2011 5+1","Leisure","1547","Miles per person per year","28112","24451","3170","2672","948","829",""
"Average distance per year by trip purpose","2002/06","5-year rolling average","Other ethnic group","ONS 2011 5+1","Other escort","311","Miles per person per year","5653","4869","1076","928","948","829",""
"Average distance per year by trip purpose","2002/06","5-year rolling average","Other ethnic group","ONS 2011 5+1","Other including just walk","?","Miles per person per year","?","?","?","?","?","?","Suppresed"
"Average distance per year by trip purpose","2002/06","5-year rolling average","Other ethnic group","ONS 2011 5+1","Personal business","279","Miles per person per year","5069","4190","1467","1195","948","829",""
"Average distance per year by trip purpose","2002/06","5-year rolling average","Other ethnic group","ONS 2011 5+1","Shopping","524","Miles per person per year","9530","7617","2838","2186","948","829",""
"Average distance per year by trip purpose","2002/06","5-year rolling average","White","ONS 2011 5+1","All Purposes","7434","Miles per person per year","10623129","9959079","1553530","1434196","74508","73649",""
"Average distance per year by trip purpose","2002/06","5-year rolling average","White","ONS 2011 5+1","Business","752","Miles per person per year","1074949","1027646","53211","50533","74508","73649",""
"Average distance per year by trip purpose","2002/06","5-year rolling average","White","ONS 2011 5+1","Commuting","1445","Miles per person per year","2064628","1847548","238467","211439","74508","73649",""
"Average distance per year by trip purpose","2002/06","5-year rolling average","White","ONS 2011 5+1","Education / escort education","301","Miles per person per year","429609","415337","158795","152742","74508","73649",""
"Average distance per year by trip purpose","2002/06","5-year rolling average","White","ONS 2011 5+1","Leisure","2952","Miles per person per year","4218668","4074580","410680","389530","74508","73649",""
"Average distance per year by trip purpose","2002/06","5-year rolling average","White","ONS 2011 5+1","Other escort","505","Miles per person per year","721379","668293","143905","133431","74508","73649",""
"Average distance per year by trip purpose","2002/06","5-year rolling average","White","ONS 2011 5+1","Other including just walk","47","Miles per person per year","67842","65997","65235","61550","74508","73649",""
"Average distance per year by trip purpose","2002/06","5-year rolling average","White","ONS 2011 5+1","Personal business","501","Miles per person per year","716177","661618","161444","148680","74508","73649",""
"Average distance per year by trip purpose","2002/06","5-year rolling average","White","ONS 2011 5+1","Shopping","931","Miles per person per year","1329879","1198060","321793","286291","74508","73649",""
"Average distance per year by trip purpose","2003/07","5-year rolling average","All ethnic groups","ONS 2011 5+1","All Purposes","7139","Miles per person per year","11650252","10874222","1712595","1575251","85083","83634",""
"Average distance per year by trip purpose","2003/07","5-year rolling average","All ethnic groups","ONS 2011 5+1","Business","707","Miles per person per year","1153803","1103200","57718","54495","85083","83634",""
"Average distance per year by trip purpose","2003/07","5-year rolling average","All ethnic groups","ONS 2011 5+1","Commuting","1421","Miles per person per year","2319277","2046769","268771","234735","85083","83634",""
"Average distance per year by trip purpose","2003/07","5-year rolling average","All ethnic groups","ONS 2011 5+1","Education / escort education","318","Miles per person per year","519192","496968","192491","185132","85083","83634",""
"Average distance per year by trip purpose","2003/07","5-year rolling average","All ethnic groups","ONS 2011 5+1","Leisure","2817","Miles per person per year","4597012","4435713","448566","424666","85083","83634",""
"Average distance per year by trip purpose","2003/07","5-year rolling average","All ethnic groups","ONS 2011 5+1","Other escort","478","Miles per person per year","780419","722854","153492","143011","85083","83634",""
"Average distance per year by trip purpose","2003/07","5-year rolling average","All ethnic groups","ONS 2011 5+1","Other including just walk","46","Miles per person per year","74352","71757","70162","66048","85083","83634",""
"Average distance per year by trip purpose","2003/07","5-year rolling average","All ethnic groups","ONS 2011 5+1","Personal business","484","Miles per person per year","789489","723076","176453","161359","85083","83634",""
"Average distance per year by trip purpose","2003/07","5-year rolling average","All ethnic groups","ONS 2011 5+1","Shopping","868","Miles per person per year","1416707","1273884","344942","305805","85083","83634",""
"Average distance per year by trip purpose","2003/07","5-year rolling average","Asian / Asian British","ONS 2011 5+1","All Purposes","4489","Miles per person per year","379450","318749","73331","61770","4407","3973",""
"Average distance per year by trip purpose","2003/07","5-year rolling average","Asian / Asian British","ONS 2011 5+1","Business","290","Miles per person per year","24549","20986","1731","1447","4407","3973",""
"Average distance per year by trip purpose","2003/07","5-year rolling average","Asian / Asian British","ONS 2011 5+1","Commuting","1148","Miles per person per year","97077","77998","13242","10516","4407","3973",""
"Average distance per year by trip purpose","2003/07","5-year rolling average","Asian / Asian British","ONS 2011 5+1","Education / escort education","428","Miles per person per year","36216","31270","14288","12792","4407","3973",""
"Average distance per year by trip purpose","2003/07","5-year rolling average","Asian / Asian British","ONS 2011 5+1","Leisure","1490","Miles per person per year","125907","108426","14656","12557","4407","3973",""
"Average distance per year by trip purpose","2003/07","5-year rolling average","Asian / Asian British","ONS 2011 5+1","Other escort","282","Miles per person per year","23821","20693","5806","5118","4407","3973",""
"Average distance per year by trip purpose","2003/07","5-year rolling average","Asian / Asian British","ONS 2011 5+1","Other including just walk","28","Miles per person per year","2329","2111","2113","1847","4407","3973",""
"Average distance per year by trip purpose","2003/07","5-year rolling average","Asian / Asian British","ONS 2011 5+1","Personal business","353","Miles per person per year","29865","25156","8209","6849","4407","3973",""
"Average distance per year by trip purpose","2003/07","5-year rolling average","Asian / Asian British","ONS 2011 5+1","Shopping","470","Miles per person per year","39686","32109","13287","10644","4407","3973",""
"Average distance per year by trip purpose","2003/07","5-year rolling average","Black / African / Caribbean / Black British","ONS 2011 5+1","All Purposes","4876","Miles per person per year","200773","172832","33593","29113","2147","1990",""
"Average distance per year by trip purpose","2003/07","5-year rolling average","Black / African / Caribbean / Black British","ONS 2011 5+1","Business","304","Miles per person per year","12515","11314","992","870","2147","1990",""
"Average distance per year by trip purpose","2003/07","5-year rolling average","Black / African / Caribbean / Black British","ONS 2011 5+1","Commuting","1264","Miles per person per year","52036","43024","6343","5186","2147","1990",""
"Average distance per year by trip purpose","2003/07","5-year rolling average","Black / African / Caribbean / Black British","ONS 2011 5+1","Education / escort education","497","Miles per person per year","20475","18788","6832","6465","2147","1990",""
"Average distance per year by trip purpose","2003/07","5-year rolling average","Black / African / Caribbean / Black British","ONS 2011 5+1","Leisure","1452","Miles per person per year","59791","52280","6253","5432","2147","1990",""
"Average distance per year by trip purpose","2003/07","5-year rolling average","Black / African / Caribbean / Black British","ONS 2011 5+1","Other escort","308","Miles per person per year","12680","10915","2549","2265","2147","1990",""
"Average distance per year by trip purpose","2003/07","5-year rolling average","Black / African / Caribbean / Black British","ONS 2011 5+1","Other including just walk","11","Miles per person per year","448","433","427","394","2147","1990",""
"Average distance per year by trip purpose","2003/07","5-year rolling average","Black / African / Caribbean / Black British","ONS 2011 5+1","Personal business","582","Miles per person per year","23975","20824","4786","4077","2147","1990",""
"Average distance per year by trip purpose","2003/07","5-year rolling average","Black / African / Caribbean / Black British","ONS 2011 5+1","Shopping","458","Miles per person per year","18853","15252","5410","4424","2147","1990",""
"Average distance per year by trip purpose","2003/07","5-year rolling average","Mixed / Multiple ethnic groups","ONS 2011 5+1","All Purposes","5002","Miles per person per year","123005","107827","23191","20324","1282","1200",""
"Average distance per year by trip purpose","2003/07","5-year rolling average","Mixed / Multiple ethnic groups","ONS 2011 5+1","Business","195","Miles per person per year","4803","4405","461","395","1282","1200",""
"Average distance per year by trip purpose","2003/07","5-year rolling average","Mixed / Multiple ethnic groups","ONS 2011 5+1","Commuting","926","Miles per person per year","22762","17912","2855","2235","1282","1200",""
"Average distance per year by trip purpose","2003/07","5-year rolling average","Mixed / Multiple ethnic groups","ONS 2011 5+1","Education / escort education","500","Miles per person per year","12291","11670","5560","5322","1282","1200",""
"Average distance per year by trip purpose","2003/07","5-year rolling average","Mixed / Multiple ethnic groups","ONS 2011 5+1","Leisure","2151","Miles per person per year","52895","48014","6092","5332","1282","1200",""
"Average distance per year by trip purpose","2003/07","5-year rolling average","Mixed / Multiple ethnic groups","ONS 2011 5+1","Other escort","379","Miles per person per year","9308","8129","2332","2092","1282","1200",""
"Average distance per year by trip purpose","2003/07","5-year rolling average","Mixed / Multiple ethnic groups","ONS 2011 5+1","Other including just walk","24","Miles per person per year","597","566","639","588","1282","1200",""
"Average distance per year by trip purpose","2003/07","5-year rolling average","Mixed / Multiple ethnic groups","ONS 2011 5+1","Personal business","404","Miles per person per year","9926","8490","2103","1809","1282","1200",""
"Average distance per year by trip purpose","2003/07","5-year rolling average","Mixed / Multiple ethnic groups","ONS 2011 5+1","Shopping","424","Miles per person per year","10422","8642","3150","2551","1282","1200",""
"Average distance per year by trip purpose","2003/07","5-year rolling average","Other ethnic group","ONS 2011 5+1","All Purposes","4584","Miles per person per year","82586","67977","15378","12602","939","830",""
"Average distance per year by trip purpose","2003/07","5-year rolling average","Other ethnic group","ONS 2011 5+1","Business","310","Miles per person per year","5581","4590","447","369","939","830",""
"Average distance per year by trip purpose","2003/07","5-year rolling average","Other ethnic group","ONS 2011 5+1","Commuting","1170","Miles per person per year","21081","16247","2744","2108","939","830",""
"Average distance per year by trip purpose","2003/07","5-year rolling average","Other ethnic group","ONS 2011 5+1","Education / escort education","452","Miles per person per year","8150","7274","3267","2854","939","830",""
"Average distance per year by trip purpose","2003/07","5-year rolling average","Other ethnic group","ONS 2011 5+1","Leisure","1523","Miles per person per year","27430","23202","3253","2728","939","830",""
"Average distance per year by trip purpose","2003/07","5-year rolling average","Other ethnic group","ONS 2011 5+1","Other escort","316","Miles per person per year","5696","4876","1008","886","939","830",""
"Average distance per year by trip purpose","2003/07","5-year rolling average","Other ethnic group","ONS 2011 5+1","Other including just walk","26","Miles per person per year","472","429","342","300","939","830",""
"Average distance per year by trip purpose","2003/07","5-year rolling average","Other ethnic group","ONS 2011 5+1","Personal business","299","Miles per person per year","5389","4435","1522","1211","939","830",""
"Average distance per year by trip purpose","2003/07","5-year rolling average","Other ethnic group","ONS 2011 5+1","Shopping","488","Miles per person per year","8787","6924","2795","2146","939","830",""
"Average distance per year by trip purpose","2003/07","5-year rolling average","White","ONS 2011 5+1","All Purposes","7424","Miles per person per year","10856560","10198800","1566024","1450390","76245","75578",""
"Average distance per year by trip purpose","2003/07","5-year rolling average","White","ONS 2011 5+1","Business","756","Miles per person per year","1104838","1060022","54040","51358","76245","75578",""
"Average distance per year by trip purpose","2003/07","5-year rolling average","White","ONS 2011 5+1","Commuting","1454","Miles per person per year","2125508","1890905","243482","214606","76245","75578",""
"Average distance per year by trip purpose","2003/07","5-year rolling average","White","ONS 2011 5+1","Education / escort education","302","Miles per person per year","441787","427716","162336","157503","76245","75578",""
"Average distance per year by trip purpose","2003/07","5-year rolling average","White","ONS 2011 5+1","Leisure","2959","Miles per person per year","4327479","4200309","418005","398306","76245","75578",""
"Average distance per year by trip purpose","2003/07","5-year rolling average","White","ONS 2011 5+1","Other escort","498","Miles per person per year","728522","677818","141722","132571","76245","75578",""
"Average distance per year by trip purpose","2003/07","5-year rolling average","White","ONS 2011 5+1","Other including just walk","48","Miles per person per year","70473","68189","66612","62894","76245","75578",""
"Average distance per year by trip purpose","2003/07","5-year rolling average","White","ONS 2011 5+1","Personal business","492","Miles per person per year","719813","663710","159718","147301","76245","75578",""
"Average distance per year by trip purpose","2003/07","5-year rolling average","White","ONS 2011 5+1","Shopping","915","Miles per person per year","1338140","1210131","320109","285851","76245","75578",""
"Average distance per year by trip purpose","2004/08","5-year rolling average","All ethnic groups","ONS 2011 5+1","All Purposes","7076","Miles per person per year","11511450","10725546","1692832","1552209","84824","83309",""
"Average distance per year by trip purpose","2004/08","5-year rolling average","All ethnic groups","ONS 2011 5+1","Business","692","Miles per person per year","1125407","1074247","56347","52993","84824","83309",""
"Average distance per year by trip purpose","2004/08","5-year rolling average","All ethnic groups","ONS 2011 5+1","Commuting","1407","Miles per person per year","2288226","2013401","265508","231156","84824","83309",""
"Average distance per year by trip purpose","2004/08","5-year rolling average","All ethnic groups","ONS 2011 5+1","Education / escort education","316","Miles per person per year","513278","487902","187638","179127","84824","83309",""
"Average distance per year by trip purpose","2004/08","5-year rolling average","All ethnic groups","ONS 2011 5+1","Leisure","2785","Miles per person per year","4531050","4374467","443852","420281","84824","83309",""
"Average distance per year by trip purpose","2004/08","5-year rolling average","All ethnic groups","ONS 2011 5+1","Other escort","480","Miles per person per year","780943","717259","153269","141518","84824","83309",""
"Average distance per year by trip purpose","2004/08","5-year rolling average","All ethnic groups","ONS 2011 5+1","Other including just walk","47","Miles per person per year","76422","73475","71637","67399","84824","83309",""
"Average distance per year by trip purpose","2004/08","5-year rolling average","All ethnic groups","ONS 2011 5+1","Personal business","489","Miles per person per year","795064","726500","174787","159248","84824","83309",""
"Average distance per year by trip purpose","2004/08","5-year rolling average","All ethnic groups","ONS 2011 5+1","Shopping","861","Miles per person per year","1401060","1258296","339793","300487","84824","83309",""
"Average distance per year by trip purpose","2004/08","5-year rolling average","Asian / Asian British","ONS 2011 5+1","All Purposes","4505","Miles per person per year","389197","324390","74771","62184","4504","4015",""
"Average distance per year by trip purpose","2004/08","5-year rolling average","Asian / Asian British","ONS 2011 5+1","Business","277","Miles per person per year","23900","19743","1662","1367","4504","4015",""
"Average distance per year by trip purpose","2004/08","5-year rolling average","Asian / Asian British","ONS 2011 5+1","Commuting","1179","Miles per person per year","101853","80775","14185","11103","4504","4015",""
"Average distance per year by trip purpose","2004/08","5-year rolling average","Asian / Asian British","ONS 2011 5+1","Education / escort education","441","Miles per person per year","38088","31947","14858","13047","4504","4015",""
"Average distance per year by trip purpose","2004/08","5-year rolling average","Asian / Asian British","ONS 2011 5+1","Leisure","1443","Miles per person per year","124675","108253","14402","12325","4504","4015",""
"Average distance per year by trip purpose","2004/08","5-year rolling average","Asian / Asian British","ONS 2011 5+1","Other escort","284","Miles per person per year","24538","21131","6097","5320","4504","4015",""
"Average distance per year by trip purpose","2004/08","5-year rolling average","Asian / Asian British","ONS 2011 5+1","Other including just walk","29","Miles per person per year","2521","2199","2128","1821","4504","4015",""
"Average distance per year by trip purpose","2004/08","5-year rolling average","Asian / Asian British","ONS 2011 5+1","Personal business","368","Miles per person per year","31789","26588","8224","6768","4504","4015",""
"Average distance per year by trip purpose","2004/08","5-year rolling average","Asian / Asian British","ONS 2011 5+1","Shopping","484","Miles per person per year","41832","33755","13215","10433","4504","4015",""
"Average distance per year by trip purpose","2004/08","5-year rolling average","Black / African / Caribbean / Black British","ONS 2011 5+1","All Purposes","4796","Miles per person per year","197969","171514","34400","29795","2152","2002",""
"Average distance per year by trip purpose","2004/08","5-year rolling average","Black / African / Caribbean / Black British","ONS 2011 5+1","Business","341","Miles per person per year","14060","13008","1090","945","2152","2002",""
"Average distance per year by trip purpose","2004/08","5-year rolling average","Black / African / Caribbean / Black British","ONS 2011 5+1","Commuting","1283","Miles per person per year","52951","44285","6449","5303","2152","2002",""
"Average distance per year by trip purpose","2004/08","5-year rolling average","Black / African / Caribbean / Black British","ONS 2011 5+1","Education / escort education","488","Miles per person per year","20155","18305","6766","6370","2152","2002",""
"Average distance per year by trip purpose","2004/08","5-year rolling average","Black / African / Caribbean / Black British","ONS 2011 5+1","Leisure","1361","Miles per person per year","56174","49398","6418","5568","2152","2002",""
"Average distance per year by trip purpose","2004/08","5-year rolling average","Black / African / Caribbean / Black British","ONS 2011 5+1","Other escort","285","Miles per person per year","11756","10271","2662","2419","2152","2002",""
"Average distance per year by trip purpose","2004/08","5-year rolling average","Black / African / Caribbean / Black British","ONS 2011 5+1","Other including just walk","14","Miles per person per year","563","539","534","486","2152","2002",""
"Average distance per year by trip purpose","2004/08","5-year rolling average","Black / African / Caribbean / Black British","ONS 2011 5+1","Personal business","568","Miles per person per year","23439","20564","4847","4146","2152","2002",""
"Average distance per year by trip purpose","2004/08","5-year rolling average","Black / African / Caribbean / Black British","ONS 2011 5+1","Shopping","457","Miles per person per year","18871","15144","5634","4558","2152","2002",""
"Average distance per year by trip purpose","2004/08","5-year rolling average","Mixed / Multiple ethnic groups","ONS 2011 5+1","All Purposes","5277","Miles per person per year","129866","113279","23049","19993","1283","1189",""
"Average distance per year by trip purpose","2004/08","5-year rolling average","Mixed / Multiple ethnic groups","ONS 2011 5+1","Business","195","Miles per person per year","4796","3998","454","380","1283","1189",""
"Average distance per year by trip purpose","2004/08","5-year rolling average","Mixed / Multiple ethnic groups","ONS 2011 5+1","Commuting","1069","Miles per person per year","26317","20821","3126","2428","1283","1189",""
"Average distance per year by trip purpose","2004/08","5-year rolling average","Mixed / Multiple ethnic groups","ONS 2011 5+1","Education / escort education","483","Miles per person per year","11879","11204","5275","4995","1283","1189",""
"Average distance per year by trip purpose","2004/08","5-year rolling average","Mixed / Multiple ethnic groups","ONS 2011 5+1","Leisure","2264","Miles per person per year","55720","50871","6028","5247","1283","1189",""
"Average distance per year by trip purpose","2004/08","5-year rolling average","Mixed / Multiple ethnic groups","ONS 2011 5+1","Other escort","384","Miles per person per year","9442","8279","2331","2079","1283","1189",""
"Average distance per year by trip purpose","2004/08","5-year rolling average","Mixed / Multiple ethnic groups","ONS 2011 5+1","Other including just walk","24","Miles per person per year","601","575","657","623","1283","1189",""
"Average distance per year by trip purpose","2004/08","5-year rolling average","Mixed / Multiple ethnic groups","ONS 2011 5+1","Personal business","435","Miles per person per year","10718","9010","2104","1795","1283","1189",""
"Average distance per year by trip purpose","2004/08","5-year rolling average","Mixed / Multiple ethnic groups","ONS 2011 5+1","Shopping","422","Miles per person per year","10392","8520","3076","2446","1283","1189",""
"Average distance per year by trip purpose","2004/08","5-year rolling average","Other ethnic group","ONS 2011 5+1","All Purposes","4536","Miles per person per year","85286","72340","16235","13526","980","878",""
"Average distance per year by trip purpose","2004/08","5-year rolling average","Other ethnic group","ONS 2011 5+1","Business","304","Miles per person per year","5722","4888","460","395","980","878",""
"Average distance per year by trip purpose","2004/08","5-year rolling average","Other ethnic group","ONS 2011 5+1","Commuting","1154","Miles per person per year","21694","17357","2779","2182","980","878",""
"Average distance per year by trip purpose","2004/08","5-year rolling average","Other ethnic group","ONS 2011 5+1","Education / escort education","484","Miles per person per year","9094","8261","3439","3083","980","878",""
"Average distance per year by trip purpose","2004/08","5-year rolling average","Other ethnic group","ONS 2011 5+1","Leisure","1431","Miles per person per year","26903","23541","3167","2679","980","878",""
"Average distance per year by trip purpose","2004/08","5-year rolling average","Other ethnic group","ONS 2011 5+1","Other escort","340","Miles per person per year","6397","5509","1109","976","980","878",""
"Average distance per year by trip purpose","2004/08","5-year rolling average","Other ethnic group","ONS 2011 5+1","Other including just walk","31","Miles per person per year","580","520","508","452","980","878",""
"Average distance per year by trip purpose","2004/08","5-year rolling average","Other ethnic group","ONS 2011 5+1","Personal business","318","Miles per person per year","5981","5019","1754","1423","980","878",""
"Average distance per year by trip purpose","2004/08","5-year rolling average","Other ethnic group","ONS 2011 5+1","Shopping","474","Miles per person per year","8916","7246","3020","2336","980","878",""
"Average distance per year by trip purpose","2004/08","5-year rolling average","White","ONS 2011 5+1","All Purposes","7356","Miles per person per year","10698442","10033434","1543172","1425532","75834","75156",""
"Average distance per year by trip purpose","2004/08","5-year rolling average","White","ONS 2011 5+1","Business","739","Miles per person per year","1074864","1030148","52617","49832","75834","75156",""
"Average distance per year by trip purpose","2004/08","5-year rolling average","White","ONS 2011 5+1","Commuting","1433","Miles per person per year","2084441","1849370","238836","210032","75834","75156",""
"Average distance per year by trip purpose","2004/08","5-year rolling average","White","ONS 2011 5+1","Education / escort education","298","Miles per person per year","433712","417865","157086","151430","75834","75156",""
"Average distance per year by trip purpose","2004/08","5-year rolling average","White","ONS 2011 5+1","Leisure","2931","Miles per person per year","4262761","4137849","413491","394113","75834","75156",""
"Average distance per year by trip purpose","2004/08","5-year rolling average","White","ONS 2011 5+1","Other escort","501","Miles per person per year","728098","671326","140980","130629","75834","75156",""
"Average distance per year by trip purpose","2004/08","5-year rolling average","White","ONS 2011 5+1","Other including just walk","50","Miles per person per year","72120","69607","67777","63984","75834","75156",""
"Average distance per year by trip purpose","2004/08","5-year rolling average","White","ONS 2011 5+1","Personal business","497","Miles per person per year","722370","664620","157757","145018","75834","75156",""
"Average distance per year by trip purpose","2004/08","5-year rolling average","White","ONS 2011 5+1","Shopping","908","Miles per person per year","1320074","1192650","314628","280494","75834","75156",""
"Average distance per year by trip purpose","2005/09","5-year rolling average","All ethnic groups","ONS 2011 5+1","All Purposes","7007","Miles per person per year","11472555","10745278","1685193","1550806","85373","84121",""
"Average distance per year by trip purpose","2005/09","5-year rolling average","All ethnic groups","ONS 2011 5+1","Business","656","Miles per person per year","1074470","1033312","55227","52340","85373","84121",""
"Average distance per year by trip purpose","2005/09","5-year rolling average","All ethnic groups","ONS 2011 5+1","Commuting","1374","Miles per person per year","2249278","1993794","259980","227643","85373","84121",""
"Average distance per year by trip purpose","2005/09","5-year rolling average","All ethnic groups","ONS 2011 5+1","Education / escort education","310","Miles per person per year","507609","483847","186480","177883","85373","84121",""
"Average distance per year by trip purpose","2005/09","5-year rolling average","All ethnic groups","ONS 2011 5+1","Leisure","2799","Miles per person per year","4582446","4447126","444415","422578","85373","84121",""
"Average distance per year by trip purpose","2005/09","5-year rolling average","All ethnic groups","ONS 2011 5+1","Other escort","479","Miles per person per year","784757","721260","154118","142366","85373","84121",""
"Average distance per year by trip purpose","2005/09","5-year rolling average","All ethnic groups","ONS 2011 5+1","Other including just walk","47","Miles per person per year","77461","74815","74071","70056","85373","84121",""
"Average distance per year by trip purpose","2005/09","5-year rolling average","All ethnic groups","ONS 2011 5+1","Personal business","491","Miles per person per year","803629","737339","174724","159843","85373","84121",""
"Average distance per year by trip purpose","2005/09","5-year rolling average","All ethnic groups","ONS 2011 5+1","Shopping","851","Miles per person per year","1392905","1253787","336177","298097","85373","84121",""
"Average distance per year by trip purpose","2005/09","5-year rolling average","Asian / Asian British","ONS 2011 5+1","All Purposes","4590","Miles per person per year","426501","360790","80873","68229","4844","4383",""
"Average distance per year by trip purpose","2005/09","5-year rolling average","Asian / Asian British","ONS 2011 5+1","Business","307","Miles per person per year","28546","24225","1862","1589","4844","4383",""
"Average distance per year by trip purpose","2005/09","5-year rolling average","Asian / Asian British","ONS 2011 5+1","Commuting","1172","Miles per person per year","108890","88450","14946","11886","4844","4383",""
"Average distance per year by trip purpose","2005/09","5-year rolling average","Asian / Asian British","ONS 2011 5+1","Education / escort education","431","Miles per person per year","40026","34256","16399","14610","4844","4383",""
"Average distance per year by trip purpose","2005/09","5-year rolling average","Asian / Asian British","ONS 2011 5+1","Leisure","1449","Miles per person per year","134609","117983","15737","13617","4844","4383",""
"Average distance per year by trip purpose","2005/09","5-year rolling average","Asian / Asian British","ONS 2011 5+1","Other escort","309","Miles per person per year","28696","24670","6999","6124","4844","4383",""
"Average distance per year by trip purpose","2005/09","5-year rolling average","Asian / Asian British","ONS 2011 5+1","Other including just walk","28","Miles per person per year","2631","2334","2081","1841","4844","4383",""
"Average distance per year by trip purpose","2005/09","5-year rolling average","Asian / Asian British","ONS 2011 5+1","Personal business","407","Miles per person per year","37844","31826","8927","7417","4844","4383",""
"Average distance per year by trip purpose","2005/09","5-year rolling average","Asian / Asian British","ONS 2011 5+1","Shopping","487","Miles per person per year","45259","37045","13922","11145","4844","4383",""
"Average distance per year by trip purpose","2005/09","5-year rolling average","Black / African / Caribbean / Black British","ONS 2011 5+1","All Purposes","4784","Miles per person per year","194713","170167","34030","29753","2122","1990",""
"Average distance per year by trip purpose","2005/09","5-year rolling average","Black / African / Caribbean / Black British","ONS 2011 5+1","Business","305","Miles per person per year","12397","11931","1120","994","2122","1990",""
"Average distance per year by trip purpose","2005/09","5-year rolling average","Black / African / Caribbean / Black British","ONS 2011 5+1","Commuting","1288","Miles per person per year","52408","44394","6187","5176","2122","1990",""
"Average distance per year by trip purpose","2005/09","5-year rolling average","Black / African / Caribbean / Black British","ONS 2011 5+1","Education / escort education","513","Miles per person per year","20901","19410","6646","6330","2122","1990",""
"Average distance per year by trip purpose","2005/09","5-year rolling average","Black / African / Caribbean / Black British","ONS 2011 5+1","Leisure","1385","Miles per person per year","56378","49822","6502","5678","2122","1990",""
"Average distance per year by trip purpose","2005/09","5-year rolling average","Black / African / Caribbean / Black British","ONS 2011 5+1","Other escort","278","Miles per person per year","11303","9846","2832","2580","2122","1990",""
"Average distance per year by trip purpose","2005/09","5-year rolling average","Black / African / Caribbean / Black British","ONS 2011 5+1","Other including just walk","13","Miles per person per year","549","528","426","390","2122","1990",""
"Average distance per year by trip purpose","2005/09","5-year rolling average","Black / African / Caribbean / Black British","ONS 2011 5+1","Personal business","542","Miles per person per year","22073","19214","4839","4164","2122","1990",""
"Average distance per year by trip purpose","2005/09","5-year rolling average","Black / African / Caribbean / Black British","ONS 2011 5+1","Shopping","459","Miles per person per year","18704","15022","5478","4441","2122","1990",""
"Average distance per year by trip purpose","2005/09","5-year rolling average","Mixed / Multiple ethnic groups","ONS 2011 5+1","All Purposes","5304","Miles per person per year","135855","119843","24146","21226","1336","1256",""
"Average distance per year by trip purpose","2005/09","5-year rolling average","Mixed / Multiple ethnic groups","ONS 2011 5+1","Business","216","Miles per person per year","5520","4866","425","381","1336","1256",""
"Average distance per year by trip purpose","2005/09","5-year rolling average","Mixed / Multiple ethnic groups","ONS 2011 5+1","Commuting","1018","Miles per person per year","26069","21090","3229","2560","1336","1256",""
"Average distance per year by trip purpose","2005/09","5-year rolling average","Mixed / Multiple ethnic groups","ONS 2011 5+1","Education / escort education","465","Miles per person per year","11918","11359","5356","5118","1336","1256",""
"Average distance per year by trip purpose","2005/09","5-year rolling average","Mixed / Multiple ethnic groups","ONS 2011 5+1","Leisure","2340","Miles per person per year","59938","54913","6284","5543","1336","1256",""
"Average distance per year by trip purpose","2005/09","5-year rolling average","Mixed / Multiple ethnic groups","ONS 2011 5+1","Other escort","417","Miles per person per year","10686","9367","2531","2253","1336","1256",""
"Average distance per year by trip purpose","2005/09","5-year rolling average","Mixed / Multiple ethnic groups","ONS 2011 5+1","Other including just walk","26","Miles per person per year","653","633","843","821","1336","1256",""
"Average distance per year by trip purpose","2005/09","5-year rolling average","Mixed / Multiple ethnic groups","ONS 2011 5+1","Personal business","409","Miles per person per year","10467","8879","2267","1964","1336","1256",""
"Average distance per year by trip purpose","2005/09","5-year rolling average","Mixed / Multiple ethnic groups","ONS 2011 5+1","Shopping","414","Miles per person per year","10603","8736","3212","2586","1336","1256",""
"Average distance per year by trip purpose","2005/09","5-year rolling average","Other ethnic group","ONS 2011 5+1","All Purposes","4386","Miles per person per year","84430","70343","16617","13664","1004","888",""
"Average distance per year by trip purpose","2005/09","5-year rolling average","Other ethnic group","ONS 2011 5+1","Business","270","Miles per person per year","5203","4354","383","329","1004","888",""
"Average distance per year by trip purpose","2005/09","5-year rolling average","Other ethnic group","ONS 2011 5+1","Commuting","1088","Miles per person per year","20938","16112","2920","2232","1004","888",""
"Average distance per year by trip purpose","2005/09","5-year rolling average","Other ethnic group","ONS 2011 5+1","Education / escort education","432","Miles per person per year","8326","7130","3462","3043","1004","888",""
"Average distance per year by trip purpose","2005/09","5-year rolling average","Other ethnic group","ONS 2011 5+1","Leisure","1533","Miles per person per year","29515","25822","3469","2910","1004","888",""
"Average distance per year by trip purpose","2005/09","5-year rolling average","Other ethnic group","ONS 2011 5+1","Other escort","299","Miles per person per year","5766","4873","1091","961","1004","888",""
"Average distance per year by trip purpose","2005/09","5-year rolling average","Other ethnic group","ONS 2011 5+1","Other including just walk","38","Miles per person per year","728","604","690","525","1004","888",""
"Average distance per year by trip purpose","2005/09","5-year rolling average","Other ethnic group","ONS 2011 5+1","Personal business","270","Miles per person per year","5200","4350","1656","1372","1004","888",""
"Average distance per year by trip purpose","2005/09","5-year rolling average","Other ethnic group","ONS 2011 5+1","Shopping","455","Miles per person per year","8753","7098","2947","2292","1004","888",""
"Average distance per year by trip purpose","2005/09","5-year rolling average","White","ONS 2011 5+1","All Purposes","7285","Miles per person per year","10619220","10012290","1528302","1416697","76000","75534",""
"Average distance per year by trip purpose","2005/09","5-year rolling average","White","ONS 2011 5+1","Business","700","Miles per person per year","1020397","985214","51361","48964","76000","75534",""
"Average distance per year by trip purpose","2005/09","5-year rolling average","White","ONS 2011 5+1","Commuting","1399","Miles per person per year","2039466","1822401","232559","205665","76000","75534",""
"Average distance per year by trip purpose","2005/09","5-year rolling average","White","ONS 2011 5+1","Education / escort education","292","Miles per person per year","426052","411316","154412","148577","76000","75534",""
"Average distance per year by trip purpose","2005/09","5-year rolling average","White","ONS 2011 5+1","Leisure","2948","Miles per person per year","4297102","4193863","412056","394454","76000","75534",""
"Average distance per year by trip purpose","2005/09","5-year rolling average","White","ONS 2011 5+1","Other escort","499","Miles per person per year","727292","671462","140561","130339","76000","75534",""
"Average distance per year by trip purpose","2005/09","5-year rolling average","White","ONS 2011 5+1","Other including just walk","50","Miles per person per year","72850","70660","70007","66452","76000","75534",""
"Average distance per year by trip purpose","2005/09","5-year rolling average","White","ONS 2011 5+1","Personal business","499","Miles per person per year","727408","672463","156942","144833","76000","75534",""
"Average distance per year by trip purpose","2005/09","5-year rolling average","White","ONS 2011 5+1","Shopping","898","Miles per person per year","1308653","1184912","310405","277413","76000","75534",""
"Average distance per year by trip purpose","2006/10","5-year rolling average","All ethnic groups","ONS 2011 5+1","All Purposes","6910","Miles per person per year","11216540","10582652","1642071","1519022","84634","83718",""
"Average distance per year by trip purpose","2006/10","5-year rolling average","All ethnic groups","ONS 2011 5+1","Business","628","Miles per person per year","1019973","988133","51856","49225","84634","83718",""
"Average distance per year by trip purpose","2006/10","5-year rolling average","All ethnic groups","ONS 2011 5+1","Commuting","1364","Miles per person per year","2214290","1961972","253820","221824","84634","83718",""
"Average distance per year by trip purpose","2006/10","5-year rolling average","All ethnic groups","ONS 2011 5+1","Education / escort education","313","Miles per person per year","508415","484862","182693","174985","84634","83718",""
"Average distance per year by trip purpose","2006/10","5-year rolling average","All ethnic groups","ONS 2011 5+1","Leisure","2747","Miles per person per year","4459087","4378284","431111","414335","84634","83718",""
"Average distance per year by trip purpose","2006/10","5-year rolling average","All ethnic groups","ONS 2011 5+1","Other escort","481","Miles per person per year","781575","728363","151388","141231","84634","83718",""
"Average distance per year by trip purpose","2006/10","5-year rolling average","All ethnic groups","ONS 2011 5+1","Other including just walk","47","Miles per person per year","75986","73588","73247","69594","84634","83718",""
"Average distance per year by trip purpose","2006/10","5-year rolling average","All ethnic groups","ONS 2011 5+1","Personal business","489","Miles per person per year","793251","736856","169527","156546","84634","83718",""
"Average distance per year by trip purpose","2006/10","5-year rolling average","All ethnic groups","ONS 2011 5+1","Shopping","840","Miles per person per year","1363963","1230593","328430","291282","84634","83718",""
"Average distance per year by trip purpose","2006/10","5-year rolling average","Asian / Asian British","ONS 2011 5+1","All Purposes","4695","Miles per person per year","455643","387683","83400","70880","5060","4625",""
"Average distance per year by trip purpose","2006/10","5-year rolling average","Asian / Asian British","ONS 2011 5+1","Business","314","Miles per person per year","30517","26321","1799","1555","5060","4625",""
"Average distance per year by trip purpose","2006/10","5-year rolling average","Asian / Asian British","ONS 2011 5+1","Commuting","1253","Miles per person per year","121627","99019","15722","12542","5060","4625",""
"Average distance per year by trip purpose","2006/10","5-year rolling average","Asian / Asian British","ONS 2011 5+1","Education / escort education","444","Miles per person per year","43090","37172","17016","15297","5060","4625",""
"Average distance per year by trip purpose","2006/10","5-year rolling average","Asian / Asian British","ONS 2011 5+1","Leisure","1483","Miles per person per year","143909","127576","15940","13993","5060","4625",""
"Average distance per year by trip purpose","2006/10","5-year rolling average","Asian / Asian British","ONS 2011 5+1","Other escort","305","Miles per person per year","29599","25499","7186","6351","5060","4625",""
"Average distance per year by trip purpose","2006/10","5-year rolling average","Asian / Asian British","ONS 2011 5+1","Other including just walk","26","Miles per person per year","2512","2275","2020","1812","5060","4625",""
"Average distance per year by trip purpose","2006/10","5-year rolling average","Asian / Asian British","ONS 2011 5+1","Personal business","390","Miles per person per year","37804","31808","9231","7753","5060","4625",""
"Average distance per year by trip purpose","2006/10","5-year rolling average","Asian / Asian British","ONS 2011 5+1","Shopping","480","Miles per person per year","46584","38013","14486","11577","5060","4625",""
"Average distance per year by trip purpose","2006/10","5-year rolling average","Black / African / Caribbean / Black British","ONS 2011 5+1","All Purposes","4685","Miles per person per year","205163","181342","36249","32256","2283","2167",""
"Average distance per year by trip purpose","2006/10","5-year rolling average","Black / African / Caribbean / Black British","ONS 2011 5+1","Business","322","Miles per person per year","14094","13263","1190","1049","2283","2167",""
"Average distance per year by trip purpose","2006/10","5-year rolling average","Black / African / Caribbean / Black British","ONS 2011 5+1","Commuting","1294","Miles per person per year","56658","48652","6622","5588","2283","2167",""
"Average distance per year by trip purpose","2006/10","5-year rolling average","Black / African / Caribbean / Black British","ONS 2011 5+1","Education / escort education","487","Miles per person per year","21334","20571","6969","6872","2283","2167",""
"Average distance per year by trip purpose","2006/10","5-year rolling average","Black / African / Caribbean / Black British","ONS 2011 5+1","Leisure","1278","Miles per person per year","55948","50429","7068","6316","2283","2167",""
"Average distance per year by trip purpose","2006/10","5-year rolling average","Black / African / Caribbean / Black British","ONS 2011 5+1","Other escort","254","Miles per person per year","11103","9714","2804","2645","2283","2167",""
"Average distance per year by trip purpose","2006/10","5-year rolling average","Black / African / Caribbean / Black British","ONS 2011 5+1","Other including just walk","13","Miles per person per year","574","525","496","436","2283","2167",""
"Average distance per year by trip purpose","2006/10","5-year rolling average","Black / African / Caribbean / Black British","ONS 2011 5+1","Personal business","606","Miles per person per year","26548","22681","5123","4476","2283","2167",""
"Average distance per year by trip purpose","2006/10","5-year rolling average","Black / African / Caribbean / Black British","ONS 2011 5+1","Shopping","432","Miles per person per year","18905","15508","5977","4874","2283","2167",""
"Average distance per year by trip purpose","2006/10","5-year rolling average","Mixed / Multiple ethnic groups","ONS 2011 5+1","All Purposes","5327","Miles per person per year","141215","124253","24656","21740","1382","1307",""
"Average distance per year by trip purpose","2006/10","5-year rolling average","Mixed / Multiple ethnic groups","ONS 2011 5+1","Business","251","Miles per person per year","6644","6006","378","337","1382","1307",""
"Average distance per year by trip purpose","2006/10","5-year rolling average","Mixed / Multiple ethnic groups","ONS 2011 5+1","Commuting","926","Miles per person per year","24547","20270","3265","2613","1382","1307",""
"Average distance per year by trip purpose","2006/10","5-year rolling average","Mixed / Multiple ethnic groups","ONS 2011 5+1","Education / escort education","421","Miles per person per year","11162","10683","5106","4859","1382","1307",""
"Average distance per year by trip purpose","2006/10","5-year rolling average","Mixed / Multiple ethnic groups","ONS 2011 5+1","Leisure","2459","Miles per person per year","65189","58862","6507","5786","1382","1307",""
"Average distance per year by trip purpose","2006/10","5-year rolling average","Mixed / Multiple ethnic groups","ONS 2011 5+1","Other escort","431","Miles per person per year","11434","10027","2603","2349","1382","1307",""
"Average distance per year by trip purpose","2006/10","5-year rolling average","Mixed / Multiple ethnic groups","ONS 2011 5+1","Other including just walk","34","Miles per person per year","899","849","1020","968","1382","1307",""
"Average distance per year by trip purpose","2006/10","5-year rolling average","Mixed / Multiple ethnic groups","ONS 2011 5+1","Personal business","403","Miles per person per year","10670","8919","2412","2139","1382","1307",""
"Average distance per year by trip purpose","2006/10","5-year rolling average","Mixed / Multiple ethnic groups","ONS 2011 5+1","Shopping","402","Miles per person per year","10668","8636","3365","2689","1382","1307",""
"Average distance per year by trip purpose","2006/10","5-year rolling average","Other ethnic group","ONS 2011 5+1","All Purposes","4438","Miles per person per year","84525","71690","16465","13781","993","895",""
"Average distance per year by trip purpose","2006/10","5-year rolling average","Other ethnic group","ONS 2011 5+1","Business","304","Miles per person per year","5794","5024","400","346","993","895",""
"Average distance per year by trip purpose","2006/10","5-year rolling average","Other ethnic group","ONS 2011 5+1","Commuting","1026","Miles per person per year","19543","15519","2877","2232","993","895",""
"Average distance per year by trip purpose","2006/10","5-year rolling average","Other ethnic group","ONS 2011 5+1","Education / escort education","431","Miles per person per year","8200","7077","2906","2671","993","895",""
"Average distance per year by trip purpose","2006/10","5-year rolling average","Other ethnic group","ONS 2011 5+1","Leisure","1546","Miles per person per year","29443","25970","3592","3056","993","895",""
"Average distance per year by trip purpose","2006/10","5-year rolling average","Other ethnic group","ONS 2011 5+1","Other escort","283","Miles per person per year","5399","4726","1174","1054","993","895",""
"Average distance per year by trip purpose","2006/10","5-year rolling average","Other ethnic group","ONS 2011 5+1","Other including just walk","45","Miles per person per year","853","698","821","629","993","895",""
"Average distance per year by trip purpose","2006/10","5-year rolling average","Other ethnic group","ONS 2011 5+1","Personal business","309","Miles per person per year","5881","4907","1733","1424","993","895",""
"Average distance per year by trip purpose","2006/10","5-year rolling average","Other ethnic group","ONS 2011 5+1","Shopping","494","Miles per person per year","9413","7769","2962","2369","993","895",""
"Average distance per year by trip purpose","2006/10","5-year rolling average","White","ONS 2011 5+1","All Purposes","7188","Miles per person per year","10317576","9805516","1479878","1378987","74843","74649",""
"Average distance per year by trip purpose","2006/10","5-year rolling average","White","ONS 2011 5+1","Business","669","Miles per person per year","960517","934798","48012","45855","74843","74649",""
"Average distance per year by trip purpose","2006/10","5-year rolling average","White","ONS 2011 5+1","Commuting","1387","Miles per person per year","1990512","1777231","225209","198733","74843","74649",""
"Average distance per year by trip purpose","2006/10","5-year rolling average","White","ONS 2011 5+1","Education / escort education","296","Miles per person per year","424213","408968","150469","145071","74843","74649",""
"Average distance per year by trip purpose","2006/10","5-year rolling average","White","ONS 2011 5+1","Leisure","2898","Miles per person per year","4159609","4110694","397592","384772","74843","74649",""
"Average distance per year by trip purpose","2006/10","5-year rolling average","White","ONS 2011 5+1","Other escort","504","Miles per person per year","722891","677287","137478","128704","74843","74649",""
"Average distance per year by trip purpose","2006/10","5-year rolling average","White","ONS 2011 5+1","Other including just walk","50","Miles per person per year","71089","69174","68853","65711","74843","74649",""
"Average distance per year by trip purpose","2006/10","5-year rolling average","White","ONS 2011 5+1","Personal business","496","Miles per person per year","711373","667747","150893","140630","74843","74649",""
"Average distance per year by trip purpose","2006/10","5-year rolling average","White","ONS 2011 5+1","Shopping","890","Miles per person per year","1277372","1159616","301373","269511","74843","74649",""
"Average distance per year by trip purpose","2007/11","5-year rolling average","All ethnic groups","ONS 2011 5+1","All Purposes","6842","Miles per person per year","10946469","10376322","1588306","1475712","83421","82800",""
"Average distance per year by trip purpose","2007/11","5-year rolling average","All ethnic groups","ONS 2011 5+1","Business","602","Miles per person per year","962963","935696","48961","46610","83421","82800",""
"Average distance per year by trip purpose","2007/11","5-year rolling average","All ethnic groups","ONS 2011 5+1","Commuting","1346","Miles per person per year","2153385","1895102","245894","213208","83421","82800",""
"Average distance per year by trip purpose","2007/11","5-year rolling average","All ethnic groups","ONS 2011 5+1","Education / escort education","315","Miles per person per year","503951","478983","179639","171343","83421","82800",""
"Average distance per year by trip purpose","2007/11","5-year rolling average","All ethnic groups","ONS 2011 5+1","Leisure","2733","Miles per person per year","4373447","4320284","418032","404064","83421","82800",""
"Average distance per year by trip purpose","2007/11","5-year rolling average","All ethnic groups","ONS 2011 5+1","Other escort","487","Miles per person per year","778530","733818","147409","138806","83421","82800",""
"Average distance per year by trip purpose","2007/11","5-year rolling average","All ethnic groups","ONS 2011 5+1","Other including just walk","46","Miles per person per year","74212","72120","72017","68490","83421","82800",""
"Average distance per year by trip purpose","2007/11","5-year rolling average","All ethnic groups","ONS 2011 5+1","Personal business","489","Miles per person per year","781982","734919","162801","152013","83421","82800",""
"Average distance per year by trip purpose","2007/11","5-year rolling average","All ethnic groups","ONS 2011 5+1","Shopping","824","Miles per person per year","1318000","1205400","313551","281178","83421","82800",""
"Average distance per year by trip purpose","2007/11","5-year rolling average","Asian / Asian British","ONS 2011 5+1","All Purposes","4595","Miles per person per year","453948","386225","82554","69981","5151","4717",""
"Average distance per year by trip purpose","2007/11","5-year rolling average","Asian / Asian British","ONS 2011 5+1","Business","289","Miles per person per year","28548","24620","1695","1472","5151","4717",""
"Average distance per year by trip purpose","2007/11","5-year rolling average","Asian / Asian British","ONS 2011 5+1","Commuting","1309","Miles per person per year","129353","104779","16203","12759","5151","4717",""
"Average distance per year by trip purpose","2007/11","5-year rolling average","Asian / Asian British","ONS 2011 5+1","Education / escort education","429","Miles per person per year","42412","36523","16907","15115","5151","4717",""
"Average distance per year by trip purpose","2007/11","5-year rolling average","Asian / Asian British","ONS 2011 5+1","Leisure","1393","Miles per person per year","137630","122492","15123","13305","5151","4717",""
"Average distance per year by trip purpose","2007/11","5-year rolling average","Asian / Asian British","ONS 2011 5+1","Other escort","312","Miles per person per year","30846","26657","7410","6550","5151","4717",""
"Average distance per year by trip purpose","2007/11","5-year rolling average","Asian / Asian British","ONS 2011 5+1","Other including just walk","22","Miles per person per year","2211","1997","1872","1666","5151","4717",""
"Average distance per year by trip purpose","2007/11","5-year rolling average","Asian / Asian British","ONS 2011 5+1","Personal business","375","Miles per person per year","37093","31439","9140","7788","5151","4717",""
"Average distance per year by trip purpose","2007/11","5-year rolling average","Asian / Asian British","ONS 2011 5+1","Shopping","464","Miles per person per year","45856","37718","14205","11326","5151","4717",""
"Average distance per year by trip purpose","2007/11","5-year rolling average","Black / African / Caribbean / Black British","ONS 2011 5+1","All Purposes","4637","Miles per person per year","214891","191914","38298","34337","2416","2316",""
"Average distance per year by trip purpose","2007/11","5-year rolling average","Black / African / Caribbean / Black British","ONS 2011 5+1","Business","312","Miles per person per year","14446","13811","1264","1131","2416","2316",""
"Average distance per year by trip purpose","2007/11","5-year rolling average","Black / African / Caribbean / Black British","ONS 2011 5+1","Commuting","1259","Miles per person per year","58320","50046","6699","5662","2416","2316",""
"Average distance per year by trip purpose","2007/11","5-year rolling average","Black / African / Caribbean / Black British","ONS 2011 5+1","Education / escort education","483","Miles per person per year","22388","21551","7477","7401","2416","2316",""
"Average distance per year by trip purpose","2007/11","5-year rolling average","Black / African / Caribbean / Black British","ONS 2011 5+1","Leisure","1286","Miles per person per year","59582","54346","7697","6912","2416","2316",""
"Average distance per year by trip purpose","2007/11","5-year rolling average","Black / African / Caribbean / Black British","ONS 2011 5+1","Other escort","239","Miles per person per year","11057","9940","2937","2789","2416","2316",""
"Average distance per year by trip purpose","2007/11","5-year rolling average","Black / African / Caribbean / Black British","ONS 2011 5+1","Other including just walk","16","Miles per person per year","724","711","538","481","2416","2316",""
"Average distance per year by trip purpose","2007/11","5-year rolling average","Black / African / Caribbean / Black British","ONS 2011 5+1","Personal business","625","Miles per person per year","28952","25339","5458","4840","2416","2316",""
"Average distance per year by trip purpose","2007/11","5-year rolling average","Black / African / Caribbean / Black British","ONS 2011 5+1","Shopping","419","Miles per person per year","19422","16170","6228","5121","2416","2316",""
"Average distance per year by trip purpose","2007/11","5-year rolling average","Mixed / Multiple ethnic groups","ONS 2011 5+1","All Purposes","5088","Miles per person per year","134401","119199","23974","21107","1377","1290",""
"Average distance per year by trip purpose","2007/11","5-year rolling average","Mixed / Multiple ethnic groups","ONS 2011 5+1","Business","243","Miles per person per year","6429","5956","354","316","1377","1290",""
"Average distance per year by trip purpose","2007/11","5-year rolling average","Mixed / Multiple ethnic groups","ONS 2011 5+1","Commuting","844","Miles per person per year","22295","18774","3093","2427","1377","1290",""
"Average distance per year by trip purpose","2007/11","5-year rolling average","Mixed / Multiple ethnic groups","ONS 2011 5+1","Education / escort education","385","Miles per person per year","10160","9691","4835","4542","1377","1290",""
"Average distance per year by trip purpose","2007/11","5-year rolling average","Mixed / Multiple ethnic groups","ONS 2011 5+1","Leisure","2314","Miles per person per year","61119","54912","6483","5745","1377","1290",""
"Average distance per year by trip purpose","2007/11","5-year rolling average","Mixed / Multiple ethnic groups","ONS 2011 5+1","Other escort","467","Miles per person per year","12346","11389","2595","2406","1377","1290",""
"Average distance per year by trip purpose","2007/11","5-year rolling average","Mixed / Multiple ethnic groups","ONS 2011 5+1","Other including just walk","34","Miles per person per year","909","864","1002","958","1377","1290",""
"Average distance per year by trip purpose","2007/11","5-year rolling average","Mixed / Multiple ethnic groups","ONS 2011 5+1","Personal business","413","Miles per person per year","10907","9209","2369","2094","1377","1290",""
"Average distance per year by trip purpose","2007/11","5-year rolling average","Mixed / Multiple ethnic groups","ONS 2011 5+1","Shopping","387","Miles per person per year","10235","8405","3242","2619","1377","1290",""
"Average distance per year by trip purpose","2007/11","5-year rolling average","Other ethnic group","ONS 2011 5+1","All Purposes","4627","Miles per person per year","91858","79926","16591","14016","1035","944",""
"Average distance per year by trip purpose","2007/11","5-year rolling average","Other ethnic group","ONS 2011 5+1","Business","401","Miles per person per year","7960","7212","556","484","1035","944",""
"Average distance per year by trip purpose","2007/11","5-year rolling average","Other ethnic group","ONS 2011 5+1","Commuting","978","Miles per person per year","19423","15776","2811","2233","1035","944",""
"Average distance per year by trip purpose","2007/11","5-year rolling average","Other ethnic group","ONS 2011 5+1","Education / escort education","448","Miles per person per year","8891","7612","2863","2613","1035","944",""
"Average distance per year by trip purpose","2007/11","5-year rolling average","Other ethnic group","ONS 2011 5+1","Leisure","1638","Miles per person per year","32508","29273","3576","3082","1035","944",""
"Average distance per year by trip purpose","2007/11","5-year rolling average","Other ethnic group","ONS 2011 5+1","Other escort","289","Miles per person per year","5741","5124","1204","1094","1035","944",""
"Average distance per year by trip purpose","2007/11","5-year rolling average","Other ethnic group","ONS 2011 5+1","Other including just walk","40","Miles per person per year","789","632","811","612","1035","944",""
"Average distance per year by trip purpose","2007/11","5-year rolling average","Other ethnic group","ONS 2011 5+1","Personal business","343","Miles per person per year","6808","6112","1712","1446","1035","944",""
"Average distance per year by trip purpose","2007/11","5-year rolling average","Other ethnic group","ONS 2011 5+1","Shopping","491","Miles per person per year","9738","8184","3058","2452","1035","944",""
"Average distance per year by trip purpose","2007/11","5-year rolling average","White","ONS 2011 5+1","All Purposes","7134","Miles per person per year","10038320","9586368","1425387","1334842","73370","73459",""
"Average distance per year by trip purpose","2007/11","5-year rolling average","White","ONS 2011 5+1","Business","642","Miles per person per year","903280","881523","45020","43131","73370","73459",""
"Average distance per year by trip purpose","2007/11","5-year rolling average","White","ONS 2011 5+1","Commuting","1366","Miles per person per year","1922083","1703984","216885","189950","73370","73459",""
"Average distance per year by trip purpose","2007/11","5-year rolling average","White","ONS 2011 5+1","Education / escort education","298","Miles per person per year","419723","403227","147384","141501","73370","73459",""
"Average distance per year by trip purpose","2007/11","5-year rolling average","White","ONS 2011 5+1","Leisure","2898","Miles per person per year","4077465","4054345","384738","374604","73370","73459",""
"Average distance per year by trip purpose","2007/11","5-year rolling average","White","ONS 2011 5+1","Other escort","510","Miles per person per year","717391","679601","133101","125820","73370","73459",""
"Average distance per year by trip purpose","2007/11","5-year rolling average","White","ONS 2011 5+1","Other including just walk","49","Miles per person per year","69518","67844","67762","64737","73370","73459",""
"Average distance per year by trip purpose","2007/11","5-year rolling average","White","ONS 2011 5+1","Personal business","495","Miles per person per year","697046","661874","143955","135706","73370","73459",""
"Average distance per year by trip purpose","2007/11","5-year rolling average","White","ONS 2011 5+1","Shopping","875","Miles per person per year","1231814","1133970","286541","259393","73370","73459",""
"Average distance per year by trip purpose","2008/12","5-year rolling average","All ethnic groups","ONS 2011 5+1","All Purposes","6734","Miles per person per year","10734897","10215023","1574007","1463504","83120","82612",""
"Average distance per year by trip purpose","2008/12","5-year rolling average","All ethnic groups","ONS 2011 5+1","Business","572","Miles per person per year","912524","893394","47366","45298","83120","82612",""
"Average distance per year by trip purpose","2008/12","5-year rolling average","All ethnic groups","ONS 2011 5+1","Commuting","1318","Miles per person per year","2101531","1860024","239611","208407","83120","82612",""
"Average distance per year by trip purpose","2008/12","5-year rolling average","All ethnic groups","ONS 2011 5+1","Education / escort education","321","Miles per person per year","512481","488149","181897","172352","83120","82612",""
"Average distance per year by trip purpose","2008/12","5-year rolling average","All ethnic groups","ONS 2011 5+1","Leisure","2678","Miles per person per year","4268949","4237268","411105","399460","83120","82612",""
"Average distance per year by trip purpose","2008/12","5-year rolling average","All ethnic groups","ONS 2011 5+1","Other escort","488","Miles per person per year","778359","732738","147327","137900","83120","82612",""
"Average distance per year by trip purpose","2008/12","5-year rolling average","All ethnic groups","ONS 2011 5+1","Other including just walk","46","Miles per person per year","73304","71729","73331","69741","83120","82612",""
"Average distance per year by trip purpose","2008/12","5-year rolling average","All ethnic groups","ONS 2011 5+1","Personal business","488","Miles per person per year","777641","734907","160726","150401","83120","82612",""
"Average distance per year by trip purpose","2008/12","5-year rolling average","All ethnic groups","ONS 2011 5+1","Shopping","822","Miles per person per year","1310107","1196814","312644","279945","83120","82612",""
"Average distance per year by trip purpose","2008/12","5-year rolling average","Asian / Asian British","ONS 2011 5+1","All Purposes","4589","Miles per person per year","479726","410344","87504","74523","5450","4980",""
"Average distance per year by trip purpose","2008/12","5-year rolling average","Asian / Asian British","ONS 2011 5+1","Business","273","Miles per person per year","28490","24685","1813","1588","5450","4980",""
"Average distance per year by trip purpose","2008/12","5-year rolling average","Asian / Asian British","ONS 2011 5+1","Commuting","1318","Miles per person per year","137796","112560","16756","13338","5450","4980",""
"Average distance per year by trip purpose","2008/12","5-year rolling average","Asian / Asian British","ONS 2011 5+1","Education / escort education","432","Miles per person per year","45156","39446","18570","16656","5450","4980",""
"Average distance per year by trip purpose","2008/12","5-year rolling average","Asian / Asian British","ONS 2011 5+1","Leisure","1398","Miles per person per year","146146","129996","15943","14061","5450","4980",""
"Average distance per year by trip purpose","2008/12","5-year rolling average","Asian / Asian British","ONS 2011 5+1","Other escort","309","Miles per person per year","32294","27938","7794","6920","5450","4980",""
"Average distance per year by trip purpose","2008/12","5-year rolling average","Asian / Asian British","ONS 2011 5+1","Other including just walk","21","Miles per person per year","2246","2001","2097","1882","5450","4980",""
"Average distance per year by trip purpose","2008/12","5-year rolling average","Asian / Asian British","ONS 2011 5+1","Personal business","380","Miles per person per year","39710","34272","9618","8202","5450","4980",""
"Average distance per year by trip purpose","2008/12","5-year rolling average","Asian / Asian British","ONS 2011 5+1","Shopping","458","Miles per person per year","47888","39446","14912","11876","5450","4980",""
"Average distance per year by trip purpose","2008/12","5-year rolling average","Black / African / Caribbean / Black British","ONS 2011 5+1","All Purposes","4497","Miles per person per year","213457","194278","39246","35503","2475","2396",""
"Average distance per year by trip purpose","2008/12","5-year rolling average","Black / African / Caribbean / Black British","ONS 2011 5+1","Business","329","Miles per person per year","15601","15011","1252","1123","2475","2396",""
"Average distance per year by trip purpose","2008/12","5-year rolling average","Black / African / Caribbean / Black British","ONS 2011 5+1","Commuting","1133","Miles per person per year","53785","46996","6459","5513","2475","2396",""
"Average distance per year by trip purpose","2008/12","5-year rolling average","Black / African / Caribbean / Black British","ONS 2011 5+1","Education / escort education","500","Miles per person per year","23717","23133","7974","7962","2475","2396",""
"Average distance per year by trip purpose","2008/12","5-year rolling average","Black / African / Caribbean / Black British","ONS 2011 5+1","Leisure","1223","Miles per person per year","58058","54193","7881","7188","2475","2396",""
"Average distance per year by trip purpose","2008/12","5-year rolling average","Black / African / Caribbean / Black British","ONS 2011 5+1","Other escort","246","Miles per person per year","11673","10792","2990","2859","2475","2396",""
"Average distance per year by trip purpose","2008/12","5-year rolling average","Black / African / Caribbean / Black British","ONS 2011 5+1","Other including just walk","15","Miles per person per year","707","702","558","506","2475","2396",""
"Average distance per year by trip purpose","2008/12","5-year rolling average","Black / African / Caribbean / Black British","ONS 2011 5+1","Personal business","620","Miles per person per year","29409","26168","5526","4902","2475","2396",""
"Average distance per year by trip purpose","2008/12","5-year rolling average","Black / African / Caribbean / Black British","ONS 2011 5+1","Shopping","432","Miles per person per year","20507","17284","6607","5450","2475","2396",""
"Average distance per year by trip purpose","2008/12","5-year rolling average","Mixed / Multiple ethnic groups","ONS 2011 5+1","All Purposes","4950","Miles per person per year","129937","115470","23398","20669","1369","1285",""
"Average distance per year by trip purpose","2008/12","5-year rolling average","Mixed / Multiple ethnic groups","ONS 2011 5+1","Business","243","Miles per person per year","6367","5897","377","334","1369","1285",""
"Average distance per year by trip purpose","2008/12","5-year rolling average","Mixed / Multiple ethnic groups","ONS 2011 5+1","Commuting","851","Miles per person per year","22336","19019","3027","2415","1369","1285",""
"Average distance per year by trip purpose","2008/12","5-year rolling average","Mixed / Multiple ethnic groups","ONS 2011 5+1","Education / escort education","363","Miles per person per year","9540","9076","4481","4214","1369","1285",""
"Average distance per year by trip purpose","2008/12","5-year rolling average","Mixed / Multiple ethnic groups","ONS 2011 5+1","Leisure","2256","Miles per person per year","59214","53282","6218","5570","1369","1285",""
"Average distance per year by trip purpose","2008/12","5-year rolling average","Mixed / Multiple ethnic groups","ONS 2011 5+1","Other escort","471","Miles per person per year","12369","11435","2668","2462","1369","1285",""
"Average distance per year by trip purpose","2008/12","5-year rolling average","Mixed / Multiple ethnic groups","ONS 2011 5+1","Other including just walk","31","Miles per person per year","814","771","976","913","1369","1285",""
"Average distance per year by trip purpose","2008/12","5-year rolling average","Mixed / Multiple ethnic groups","ONS 2011 5+1","Personal business","340","Miles per person per year","8927","7527","2288","2022","1369","1285",""
"Average distance per year by trip purpose","2008/12","5-year rolling average","Mixed / Multiple ethnic groups","ONS 2011 5+1","Shopping","395","Miles per person per year","10368","8463","3363","2739","1369","1285",""
"Average distance per year by trip purpose","2008/12","5-year rolling average","Other ethnic group","ONS 2011 5+1","All Purposes","4429","Miles per person per year","94291","82283","16997","14381","1110","1014",""
"Average distance per year by trip purpose","2008/12","5-year rolling average","Other ethnic group","ONS 2011 5+1","Business","364","Miles per person per year","7755","7277","543","472","1110","1014",""
"Average distance per year by trip purpose","2008/12","5-year rolling average","Other ethnic group","ONS 2011 5+1","Commuting","929","Miles per person per year","19783","15947","2919","2300","1110","1014",""
"Average distance per year by trip purpose","2008/12","5-year rolling average","Other ethnic group","ONS 2011 5+1","Education / escort education","394","Miles per person per year","8381","7312","2855","2619","1110","1014",""
"Average distance per year by trip purpose","2008/12","5-year rolling average","Other ethnic group","ONS 2011 5+1","Leisure","1578","Miles per person per year","33600","30226","3585","3135","1110","1014",""
"Average distance per year by trip purpose","2008/12","5-year rolling average","Other ethnic group","ONS 2011 5+1","Other escort","297","Miles per person per year","6328","5606","1234","1124","1110","1014",""
"Average distance per year by trip purpose","2008/12","5-year rolling average","Other ethnic group","ONS 2011 5+1","Other including just walk","36","Miles per person per year","768","626","775","593","1110","1014",""
"Average distance per year by trip purpose","2008/12","5-year rolling average","Other ethnic group","ONS 2011 5+1","Personal business","348","Miles per person per year","7405","6641","1723","1451","1110","1014",""
"Average distance per year by trip purpose","2008/12","5-year rolling average","Other ethnic group","ONS 2011 5+1","Shopping","482","Miles per person per year","10271","8648","3363","2687","1110","1014",""
"Average distance per year by trip purpose","2008/12","5-year rolling average","White","ONS 2011 5+1","All Purposes","7037","Miles per person per year","9806947","9403474","1405761","1317501","72660","72885",""
"Average distance per year by trip purpose","2008/12","5-year rolling average","White","ONS 2011 5+1","Business","612","Miles per person per year","852879","839400","43337","41743","72660","72885",""
"Average distance per year by trip purpose","2008/12","5-year rolling average","White","ONS 2011 5+1","Commuting","1339","Miles per person per year","1865691","1663583","210255","184671","72660","72885",""
"Average distance per year by trip purpose","2008/12","5-year rolling average","White","ONS 2011 5+1","Education / escort education","305","Miles per person per year","425301","408839","147898","140800","72660","72885",""
"Average distance per year by trip purpose","2008/12","5-year rolling average","White","ONS 2011 5+1","Leisure","2847","Miles per person per year","3968016","3966021","377231","369290","72660","72885",""
"Average distance per year by trip purpose","2008/12","5-year rolling average","White","ONS 2011 5+1","Other escort","513","Miles per person per year","714794","676149","132525","124444","72660","72885",""
"Average distance per year by trip purpose","2008/12","5-year rolling average","White","ONS 2011 5+1","Other including just walk","49","Miles per person per year","68699","67553","68892","65811","72660","72885",""
"Average distance per year by trip purpose","2008/12","5-year rolling average","White","ONS 2011 5+1","Personal business","496","Miles per person per year","691049","659441","141420","133714","72660","72885",""
"Average distance per year by trip purpose","2008/12","5-year rolling average","White","ONS 2011 5+1","Shopping","876","Miles per person per year","1220519","1122488","284204","257028","72660","72885",""
"Average distance per year by trip purpose","2009/13","5-year rolling average","All ethnic groups","ONS 2011 5+1","All Purposes","6675","Miles per person per year","10615867","10120133","1547645","1442650","82923","82444",""
"Average distance per year by trip purpose","2009/13","5-year rolling average","All ethnic groups","ONS 2011 5+1","Business","571","Miles per person per year","907727","887742","47018","44961","82923","82444",""
"Average distance per year by trip purpose","2009/13","5-year rolling average","All ethnic groups","ONS 2011 5+1","Commuting","1305","Miles per person per year","2074864","1836367","235075","204166","82923","82444",""
"Average distance per year by trip purpose","2009/13","5-year rolling average","All ethnic groups","ONS 2011 5+1","Education / escort education","324","Miles per person per year","515831","490922","183582","174640","82923","82444",""
"Average distance per year by trip purpose","2009/13","5-year rolling average","All ethnic groups","ONS 2011 5+1","Leisure","2662","Miles per person per year","4234067","4209614","404119","393437","82923","82444",""
"Average distance per year by trip purpose","2009/13","5-year rolling average","All ethnic groups","ONS 2011 5+1","Other escort","482","Miles per person per year","767267","723986","143764","134853","82923","82444",""
"Average distance per year by trip purpose","2009/13","5-year rolling average","All ethnic groups","ONS 2011 5+1","Other including just walk","46","Miles per person per year","73438","72141","72267","68966","82923","82444",""
"Average distance per year by trip purpose","2009/13","5-year rolling average","All ethnic groups","ONS 2011 5+1","Personal business","479","Miles per person per year","762284","724876","155577","146370","82923","82444",""
"Average distance per year by trip purpose","2009/13","5-year rolling average","All ethnic groups","ONS 2011 5+1","Shopping","805","Miles per person per year","1280388","1174485","306245","275257","82923","82444",""
"Average distance per year by trip purpose","2009/13","5-year rolling average","Asian / Asian British","ONS 2011 5+1","All Purposes","4556","Miles per person per year","493424","425906","90069","77766","5646","5216",""
"Average distance per year by trip purpose","2009/13","5-year rolling average","Asian / Asian British","ONS 2011 5+1","Business","274","Miles per person per year","29673","26567","1881","1686","5646","5216",""
"Average distance per year by trip purpose","2009/13","5-year rolling average","Asian / Asian British","ONS 2011 5+1","Commuting","1329","Miles per person per year","143903","119248","16985","13761","5646","5216",""
"Average distance per year by trip purpose","2009/13","5-year rolling average","Asian / Asian British","ONS 2011 5+1","Education / escort education","409","Miles per person per year","44295","39612","18729","17142","5646","5216",""
"Average distance per year by trip purpose","2009/13","5-year rolling average","Asian / Asian British","ONS 2011 5+1","Leisure","1382","Miles per person per year","149613","133166","16341","14515","5646","5216",""
"Average distance per year by trip purpose","2009/13","5-year rolling average","Asian / Asian British","ONS 2011 5+1","Other escort","317","Miles per person per year","34363","29556","8279","7338","5646","5216",""
"Average distance per year by trip purpose","2009/13","5-year rolling average","Asian / Asian British","ONS 2011 5+1","Other including just walk","20","Miles per person per year","2196","2017","2423","2192","5646","5216",""
"Average distance per year by trip purpose","2009/13","5-year rolling average","Asian / Asian British","ONS 2011 5+1","Personal business","384","Miles per person per year","41625","36155","9901","8611","5646","5216",""
"Average distance per year by trip purpose","2009/13","5-year rolling average","Asian / Asian British","ONS 2011 5+1","Shopping","441","Miles per person per year","47756","39585","15530","12521","5646","5216",""
"Average distance per year by trip purpose","2009/13","5-year rolling average","Black / African / Caribbean / Black British","ONS 2011 5+1","All Purposes","4394","Miles per person per year","220559","198310","40822","36917","2617","2530",""
"Average distance per year by trip purpose","2009/13","5-year rolling average","Black / African / Caribbean / Black British","ONS 2011 5+1","Business","266","Miles per person per year","13330","12559","1176","1074","2617","2530",""
"Average distance per year by trip purpose","2009/13","5-year rolling average","Black / African / Caribbean / Black British","ONS 2011 5+1","Commuting","1099","Miles per person per year","55141","47105","6556","5520","2617","2530",""
"Average distance per year by trip purpose","2009/13","5-year rolling average","Black / African / Caribbean / Black British","ONS 2011 5+1","Education / escort education","537","Miles per person per year","26964","26124","9030","9032","2617","2530",""
"Average distance per year by trip purpose","2009/13","5-year rolling average","Black / African / Caribbean / Black British","ONS 2011 5+1","Leisure","1179","Miles per person per year","59160","54526","7888","7156","2617","2530",""
"Average distance per year by trip purpose","2009/13","5-year rolling average","Black / African / Caribbean / Black British","ONS 2011 5+1","Other escort","252","Miles per person per year","12632","11523","3054","2881","2617","2530",""
"Average distance per year by trip purpose","2009/13","5-year rolling average","Black / African / Caribbean / Black British","ONS 2011 5+1","Other including just walk","13","Miles per person per year","642","651","529","497","2617","2530",""
"Average distance per year by trip purpose","2009/13","5-year rolling average","Black / African / Caribbean / Black British","ONS 2011 5+1","Personal business","627","Miles per person per year","31464","27772","5916","5245","2617","2530",""
"Average distance per year by trip purpose","2009/13","5-year rolling average","Black / African / Caribbean / Black British","ONS 2011 5+1","Shopping","423","Miles per person per year","21227","18049","6672","5512","2617","2530",""
"Average distance per year by trip purpose","2009/13","5-year rolling average","Mixed / Multiple ethnic groups","ONS 2011 5+1","All Purposes","4841","Miles per person per year","127029","112757","23096","20713","1368","1296",""
"Average distance per year by trip purpose","2009/13","5-year rolling average","Mixed / Multiple ethnic groups","ONS 2011 5+1","Business","273","Miles per person per year","7167","6959","452","419","1368","1296",""
"Average distance per year by trip purpose","2009/13","5-year rolling average","Mixed / Multiple ethnic groups","ONS 2011 5+1","Commuting","794","Miles per person per year","20834","18147","2781","2273","1368","1296",""
"Average distance per year by trip purpose","2009/13","5-year rolling average","Mixed / Multiple ethnic groups","ONS 2011 5+1","Education / escort education","418","Miles per person per year","10963","10387","4707","4501","1368","1296",""
"Average distance per year by trip purpose","2009/13","5-year rolling average","Mixed / Multiple ethnic groups","ONS 2011 5+1","Leisure","2133","Miles per person per year","55962","49102","5926","5349","1368","1296",""
"Average distance per year by trip purpose","2009/13","5-year rolling average","Mixed / Multiple ethnic groups","ONS 2011 5+1","Other escort","483","Miles per person per year","12678","11651","2594","2399","1368","1296",""
"Average distance per year by trip purpose","2009/13","5-year rolling average","Mixed / Multiple ethnic groups","ONS 2011 5+1","Other including just walk","32","Miles per person per year","845","805","1021","950","1368","1296",""
"Average distance per year by trip purpose","2009/13","5-year rolling average","Mixed / Multiple ethnic groups","ONS 2011 5+1","Personal business","328","Miles per person per year","8611","7450","2278","2049","1368","1296",""
"Average distance per year by trip purpose","2009/13","5-year rolling average","Mixed / Multiple ethnic groups","ONS 2011 5+1","Shopping","380","Miles per person per year","9968","8254","3336","2773","1368","1296",""
"Average distance per year by trip purpose","2009/13","5-year rolling average","Other ethnic group","ONS 2011 5+1","All Purposes","4588","Miles per person per year","95785","83206","16605","14018","1089","982",""
"Average distance per year by trip purpose","2009/13","5-year rolling average","Other ethnic group","ONS 2011 5+1","Business","355","Miles per person per year","7422","6949","569","470","1089","982",""
"Average distance per year by trip purpose","2009/13","5-year rolling average","Other ethnic group","ONS 2011 5+1","Commuting","968","Miles per person per year","20217","16329","2840","2258","1089","982",""
"Average distance per year by trip purpose","2009/13","5-year rolling average","Other ethnic group","ONS 2011 5+1","Education / escort education","404","Miles per person per year","8433","7073","2688","2453","1089","982",""
"Average distance per year by trip purpose","2009/13","5-year rolling average","Other ethnic group","ONS 2011 5+1","Leisure","1698","Miles per person per year","35440","31740","3545","3105","1089","982",""
"Average distance per year by trip purpose","2009/13","5-year rolling average","Other ethnic group","ONS 2011 5+1","Other escort","298","Miles per person per year","6217","5588","1341","1267","1089","982",""
"Average distance per year by trip purpose","2009/13","5-year rolling average","Other ethnic group","ONS 2011 5+1","Other including just walk","34","Miles per person per year","716","589","738","554","1089","982",""
"Average distance per year by trip purpose","2009/13","5-year rolling average","Other ethnic group","ONS 2011 5+1","Personal business","359","Miles per person per year","7502","6690","1610","1361","1089","982",""
"Average distance per year by trip purpose","2009/13","5-year rolling average","Other ethnic group","ONS 2011 5+1","Shopping","471","Miles per person per year","9838","8249","3272","2550","1089","982",""
"Average distance per year by trip purpose","2009/13","5-year rolling average","White","ONS 2011 5+1","All Purposes","6990","Miles per person per year","9671792","9293979","1376016","1292419","72146","72371",""
"Average distance per year by trip purpose","2009/13","5-year rolling average","White","ONS 2011 5+1","Business","614","Miles per person per year","849110","834051","42880","41266","72146","72371",""
"Average distance per year by trip purpose","2009/13","5-year rolling average","White","ONS 2011 5+1","Commuting","1325","Miles per person per year","1832816","1633805","205737","180208","72146","72371",""
"Average distance per year by trip purpose","2009/13","5-year rolling average","White","ONS 2011 5+1","Education / escort education","307","Miles per person per year","424838","407438","148296","141407","72146","72371",""
"Average distance per year by trip purpose","2009/13","5-year rolling average","White","ONS 2011 5+1","Leisure","2842","Miles per person per year","3931905","3939294","370215","363141","72146","72371",""
"Average distance per year by trip purpose","2009/13","5-year rolling average","White","ONS 2011 5+1","Other escort","506","Miles per person per year","700779","665162","128396","120894","72146","72371",""
"Average distance per year by trip purpose","2009/13","5-year rolling average","White","ONS 2011 5+1","Other including just walk","50","Miles per person per year","68980","68017","67532","64751","72146","72371",""
"Average distance per year by trip purpose","2009/13","5-year rolling average","White","ONS 2011 5+1","Personal business","486","Miles per person per year","672176","646194","135713","128992","72146","72371",""
"Average distance per year by trip purpose","2009/13","5-year rolling average","White","ONS 2011 5+1","Shopping","861","Miles per person per year","1191186","1100018","277248","251760","72146","72371",""
"Average distance per year by trip purpose","2010/14","5-year rolling average","All ethnic groups","ONS 2011 5+1","All Purposes","6630","Miles per person per year","10474070","9932835","1519448","1410439","82367","81636",""
"Average distance per year by trip purpose","2010/14","5-year rolling average","All ethnic groups","ONS 2011 5+1","Business","591","Miles per person per year","934276","901943","47278","44898","82367","81636",""
"Average distance per year by trip purpose","2010/14","5-year rolling average","All ethnic groups","ONS 2011 5+1","Commuting","1310","Miles per person per year","2069849","1819316","233774","201545","82367","81636",""
"Average distance per year by trip purpose","2010/14","5-year rolling average","All ethnic groups","ONS 2011 5+1","Education / escort education","332","Miles per person per year","523873","497049","183700","173788","82367","81636",""
"Average distance per year by trip purpose","2010/14","5-year rolling average","All ethnic groups","ONS 2011 5+1","Leisure","2604","Miles per person per year","4113760","4079689","394437","383694","82367","81636",""
"Average distance per year by trip purpose","2010/14","5-year rolling average","All ethnic groups","ONS 2011 5+1","Other escort","476","Miles per person per year","751560","702583","140651","130581","82367","81636",""
"Average distance per year by trip purpose","2010/14","5-year rolling average","All ethnic groups","ONS 2011 5+1","Other including just walk","45","Miles per person per year","71643","70015","70347","66837","82367","81636",""
"Average distance per year by trip purpose","2010/14","5-year rolling average","All ethnic groups","ONS 2011 5+1","Personal business","482","Miles per person per year","761103","717945","151019","141277","82367","81636",""
"Average distance per year by trip purpose","2010/14","5-year rolling average","All ethnic groups","ONS 2011 5+1","Shopping","790","Miles per person per year","1248005","1144294","298242","267819","82367","81636",""
"Average distance per year by trip purpose","2010/14","5-year rolling average","Asian / Asian British","ONS 2011 5+1","All Purposes","4482","Miles per person per year","487252","418635","87865","75623","5668","5215",""
"Average distance per year by trip purpose","2010/14","5-year rolling average","Asian / Asian British","ONS 2011 5+1","Business","257","Miles per person per year","27963","24689","1802","1598","5668","5215",""
"Average distance per year by trip purpose","2010/14","5-year rolling average","Asian / Asian British","ONS 2011 5+1","Commuting","1369","Miles per person per year","148864","122936","17123","13858","5668","5215",""
"Average distance per year by trip purpose","2010/14","5-year rolling average","Asian / Asian British","ONS 2011 5+1","Education / escort education","401","Miles per person per year","43555","38447","17821","16224","5668","5215",""
"Average distance per year by trip purpose","2010/14","5-year rolling average","Asian / Asian British","ONS 2011 5+1","Leisure","1358","Miles per person per year","147597","131182","16097","14226","5668","5215",""
"Average distance per year by trip purpose","2010/14","5-year rolling average","Asian / Asian British","ONS 2011 5+1","Other escort","292","Miles per person per year","31791","27127","7712","6786","5668","5215",""
"Average distance per year by trip purpose","2010/14","5-year rolling average","Asian / Asian British","ONS 2011 5+1","Other including just walk","20","Miles per person per year","2177","1974","2420","2163","5668","5215",""
"Average distance per year by trip purpose","2010/14","5-year rolling average","Asian / Asian British","ONS 2011 5+1","Personal business","354","Miles per person per year","38525","33434","9857","8574","5668","5215",""
"Average distance per year by trip purpose","2010/14","5-year rolling average","Asian / Asian British","ONS 2011 5+1","Shopping","430","Miles per person per year","46780","38845","15032","12194","5668","5215",""
"Average distance per year by trip purpose","2010/14","5-year rolling average","Black / African / Caribbean / Black British","ONS 2011 5+1","All Purposes","4455","Miles per person per year","224316","203664","40748","37051","2625","2560",""
"Average distance per year by trip purpose","2010/14","5-year rolling average","Black / African / Caribbean / Black British","ONS 2011 5+1","Business","275","Miles per person per year","13860","13108","1174","1096","2625","2560",""
"Average distance per year by trip purpose","2010/14","5-year rolling average","Black / African / Caribbean / Black British","ONS 2011 5+1","Commuting","1105","Miles per person per year","55645","48030","6539","5512","2625","2560",""
"Average distance per year by trip purpose","2010/14","5-year rolling average","Black / African / Caribbean / Black British","ONS 2011 5+1","Education / escort education","533","Miles per person per year","26830","26195","9373","9406","2625","2560",""
"Average distance per year by trip purpose","2010/14","5-year rolling average","Black / African / Caribbean / Black British","ONS 2011 5+1","Leisure","1190","Miles per person per year","59931","55588","7549","6865","2625","2560",""
"Average distance per year by trip purpose","2010/14","5-year rolling average","Black / African / Caribbean / Black British","ONS 2011 5+1","Other escort","252","Miles per person per year","12673","11737","3071","2912","2625","2560",""
"Average distance per year by trip purpose","2010/14","5-year rolling average","Black / African / Caribbean / Black British","ONS 2011 5+1","Other including just walk","12","Miles per person per year","604","622","588","555","2625","2560",""
"Average distance per year by trip purpose","2010/14","5-year rolling average","Black / African / Caribbean / Black British","ONS 2011 5+1","Personal business","678","Miles per person per year","34159","30758","5910","5301","2625","2560",""
"Average distance per year by trip purpose","2010/14","5-year rolling average","Black / African / Caribbean / Black British","ONS 2011 5+1","Shopping","409","Miles per person per year","20614","17626","6544","5404","2625","2560",""
"Average distance per year by trip purpose","2010/14","5-year rolling average","Mixed / Multiple ethnic groups","ONS 2011 5+1","All Purposes","4814","Miles per person per year","120381","105782","21473","19102","1304","1228",""
"Average distance per year by trip purpose","2010/14","5-year rolling average","Mixed / Multiple ethnic groups","ONS 2011 5+1","Business","278","Miles per person per year","6949","6547","462","408","1304","1228",""
"Average distance per year by trip purpose","2010/14","5-year rolling average","Mixed / Multiple ethnic groups","ONS 2011 5+1","Commuting","865","Miles per person per year","21642","18442","2712","2191","1304","1228",""
"Average distance per year by trip purpose","2010/14","5-year rolling average","Mixed / Multiple ethnic groups","ONS 2011 5+1","Education / escort education","381","Miles per person per year","9519","8997","4314","4096","1304","1228",""
"Average distance per year by trip purpose","2010/14","5-year rolling average","Mixed / Multiple ethnic groups","ONS 2011 5+1","Leisure","2023","Miles per person per year","50592","44298","5477","4941","1304","1228",""
"Average distance per year by trip purpose","2010/14","5-year rolling average","Mixed / Multiple ethnic groups","ONS 2011 5+1","Other escort","474","Miles per person per year","11856","10959","2468","2304","1304","1228",""
"Average distance per year by trip purpose","2010/14","5-year rolling average","Mixed / Multiple ethnic groups","ONS 2011 5+1","Other including just walk","31","Miles per person per year","787","735","880","775","1304","1228",""
"Average distance per year by trip purpose","2010/14","5-year rolling average","Mixed / Multiple ethnic groups","ONS 2011 5+1","Personal business","388","Miles per person per year","9703","8114","2112","1870","1304","1228",""
"Average distance per year by trip purpose","2010/14","5-year rolling average","Mixed / Multiple ethnic groups","ONS 2011 5+1","Shopping","373","Miles per person per year","9334","7690","3048","2517","1304","1228",""
"Average distance per year by trip purpose","2010/14","5-year rolling average","Other ethnic group","ONS 2011 5+1","All Purposes","4536","Miles per person per year","98661","87417","17055","14651","1134","1034",""
"Average distance per year by trip purpose","2010/14","5-year rolling average","Other ethnic group","ONS 2011 5+1","Business","340","Miles per person per year","7401","6978","624","519","1134","1034",""
"Average distance per year by trip purpose","2010/14","5-year rolling average","Other ethnic group","ONS 2011 5+1","Commuting","944","Miles per person per year","20541","17084","2841","2319","1134","1034",""
"Average distance per year by trip purpose","2010/14","5-year rolling average","Other ethnic group","ONS 2011 5+1","Education / escort education","405","Miles per person per year","8807","7812","2896","2666","1134","1034",""
"Average distance per year by trip purpose","2010/14","5-year rolling average","Other ethnic group","ONS 2011 5+1","Leisure","1641","Miles per person per year","35703","32564","3417","3098","1134","1034",""
"Average distance per year by trip purpose","2010/14","5-year rolling average","Other ethnic group","ONS 2011 5+1","Other escort","316","Miles per person per year","6882","6303","1410","1353","1134","1034",""
"Average distance per year by trip purpose","2010/14","5-year rolling average","Other ethnic group","ONS 2011 5+1","Other including just walk","25","Miles per person per year","547","480","633","532","1134","1034",""
"Average distance per year by trip purpose","2010/14","5-year rolling average","Other ethnic group","ONS 2011 5+1","Personal business","386","Miles per person per year","8400","7414","1693","1396","1134","1034",""
"Average distance per year by trip purpose","2010/14","5-year rolling average","Other ethnic group","ONS 2011 5+1","Shopping","477","Miles per person per year","10381","8781","3542","2768","1134","1034",""
"Average distance per year by trip purpose","2010/14","5-year rolling average","White","ONS 2011 5+1","All Purposes","6947","Miles per person per year","9537238","9112339","1351293","1263227","71580","71551",""
"Average distance per year by trip purpose","2010/14","5-year rolling average","White","ONS 2011 5+1","Business","639","Miles per person per year","877462","850264","43176","41246","71580","71551",""
"Average distance per year by trip purpose","2010/14","5-year rolling average","White","ONS 2011 5+1","Commuting","1327","Miles per person per year","1821939","1611775","204412","177550","71580","71551",""
"Average distance per year by trip purpose","2010/14","5-year rolling average","White","ONS 2011 5+1","Education / escort education","317","Miles per person per year","434876","415373","149172","141300","71580","71551",""
"Average distance per year by trip purpose","2010/14","5-year rolling average","White","ONS 2011 5+1","Leisure","2781","Miles per person per year","3817616","3813964","361677","354374","71580","71551",""
"Average distance per year by trip purpose","2010/14","5-year rolling average","White","ONS 2011 5+1","Other escort","501","Miles per person per year","687993","646181","125906","117169","71580","71551",""
"Average distance per year by trip purpose","2010/14","5-year rolling average","White","ONS 2011 5+1","Other including just walk","49","Miles per person per year","67486","66165","65785","62778","71580","71551",""
"Average distance per year by trip purpose","2010/14","5-year rolling average","White","ONS 2011 5+1","Personal business","488","Miles per person per year","669357","637568","131271","124010","71580","71551",""
"Average distance per year by trip purpose","2010/14","5-year rolling average","White","ONS 2011 5+1","Shopping","845","Miles per person per year","1160508","1071050","269894","244800","71580","71551",""
"Average distance per year by trip purpose","2011/15","5-year rolling average","All ethnic groups","ONS 2011 5+1","All Purposes","6622","Miles per person per year","10357973","9787491","1489666","1377572","81557","80608",""
"Average distance per year by trip purpose","2011/15","5-year rolling average","All ethnic groups","ONS 2011 5+1","Business","601","Miles per person per year","940167","900759","47548","45024","81557","80608",""
"Average distance per year by trip purpose","2011/15","5-year rolling average","All ethnic groups","ONS 2011 5+1","Commuting","1302","Miles per person per year","2036247","1790983","229412","197986","81557","80608",""
"Average distance per year by trip purpose","2011/15","5-year rolling average","All ethnic groups","ONS 2011 5+1","Education / escort education","332","Miles per person per year","519495","493116","182214","171508","81557","80608",""
"Average distance per year by trip purpose","2011/15","5-year rolling average","All ethnic groups","ONS 2011 5+1","Leisure","2625","Miles per person per year","4105380","4053975","386481","374641","81557","80608",""
"Average distance per year by trip purpose","2011/15","5-year rolling average","All ethnic groups","ONS 2011 5+1","Other escort","465","Miles per person per year","726715","669450","136799","125280","81557","80608",""
"Average distance per year by trip purpose","2011/15","5-year rolling average","All ethnic groups","ONS 2011 5+1","Other including just walk","46","Miles per person per year","71917","70144","70271","66589","81557","80608",""
"Average distance per year by trip purpose","2011/15","5-year rolling average","All ethnic groups","ONS 2011 5+1","Personal business","473","Miles per person per year","740228","695735","146499","136487","81557","80608",""
"Average distance per year by trip purpose","2011/15","5-year rolling average","All ethnic groups","ONS 2011 5+1","Shopping","779","Miles per person per year","1217824","1113327","290443","260057","81557","80608",""
"Average distance per year by trip purpose","2011/15","5-year rolling average","Asian / Asian British","ONS 2011 5+1","All Purposes","4469","Miles per person per year","488480","420688","87265","74540","5699","5217",""
"Average distance per year by trip purpose","2011/15","5-year rolling average","Asian / Asian British","ONS 2011 5+1","Business","246","Miles per person per year","26909","23385","1941","1651","5699","5217",""
"Average distance per year by trip purpose","2011/15","5-year rolling average","Asian / Asian British","ONS 2011 5+1","Commuting","1371","Miles per person per year","149893","124347","17268","14006","5699","5217",""
"Average distance per year by trip purpose","2011/15","5-year rolling average","Asian / Asian British","ONS 2011 5+1","Education / escort education","379","Miles per person per year","41438","37048","17749","16088","5699","5217",""
"Average distance per year by trip purpose","2011/15","5-year rolling average","Asian / Asian British","ONS 2011 5+1","Leisure","1363","Miles per person per year","149016","133248","15565","13769","5699","5217",""
"Average distance per year by trip purpose","2011/15","5-year rolling average","Asian / Asian British","ONS 2011 5+1","Other escort","291","Miles per person per year","31776","26918","7503","6418","5699","5217",""
"Average distance per year by trip purpose","2011/15","5-year rolling average","Asian / Asian British","ONS 2011 5+1","Other including just walk","21","Miles per person per year","2349","2061","2390","2101","5699","5217",""
"Average distance per year by trip purpose","2011/15","5-year rolling average","Asian / Asian British","ONS 2011 5+1","Personal business","368","Miles per person per year","40188","34781","10017","8544","5699","5217",""
"Average distance per year by trip purpose","2011/15","5-year rolling average","Asian / Asian British","ONS 2011 5+1","Shopping","429","Miles per person per year","46912","38898","14833","11963","5699","5217",""
"Average distance per year by trip purpose","2011/15","5-year rolling average","Black / African / Caribbean / Black British","ONS 2011 5+1","All Purposes","4360","Miles per person per year","213218","194715","39093","35716","2550","2517",""
"Average distance per year by trip purpose","2011/15","5-year rolling average","Black / African / Caribbean / Black British","ONS 2011 5+1","Business","317","Miles per person per year","15522","14494","1276","1200","2550","2517",""
"Average distance per year by trip purpose","2011/15","5-year rolling average","Black / African / Caribbean / Black British","ONS 2011 5+1","Commuting","1079","Miles per person per year","52762","45842","6233","5340","2550","2517",""
"Average distance per year by trip purpose","2011/15","5-year rolling average","Black / African / Caribbean / Black British","ONS 2011 5+1","Education / escort education","503","Miles per person per year","24604","24464","8858","8894","2550","2517",""
"Average distance per year by trip purpose","2011/15","5-year rolling average","Black / African / Caribbean / Black British","ONS 2011 5+1","Leisure","1181","Miles per person per year","57746","53226","7109","6494","2550","2517",""
"Average distance per year by trip purpose","2011/15","5-year rolling average","Black / African / Caribbean / Black British","ONS 2011 5+1","Other escort","272","Miles per person per year","13299","11987","3068","2804","2550","2517",""
"Average distance per year by trip purpose","2011/15","5-year rolling average","Black / African / Caribbean / Black British","ONS 2011 5+1","Other including just walk","13","Miles per person per year","654","696","642","670","2550","2517",""
"Average distance per year by trip purpose","2011/15","5-year rolling average","Black / African / Caribbean / Black British","ONS 2011 5+1","Personal business","584","Miles per person per year","28568","26778","5650","5151","2550","2517",""
"Average distance per year by trip purpose","2011/15","5-year rolling average","Black / African / Caribbean / Black British","ONS 2011 5+1","Shopping","410","Miles per person per year","20063","17228","6257","5163","2550","2517",""
"Average distance per year by trip purpose","2011/15","5-year rolling average","Mixed / Multiple ethnic groups","ONS 2011 5+1","All Purposes","4703","Miles per person per year","115592","102235","21400","19103","1282","1215",""
"Average distance per year by trip purpose","2011/15","5-year rolling average","Mixed / Multiple ethnic groups","ONS 2011 5+1","Business","253","Miles per person per year","6219","5616","475","432","1282","1215",""
"Average distance per year by trip purpose","2011/15","5-year rolling average","Mixed / Multiple ethnic groups","ONS 2011 5+1","Commuting","935","Miles per person per year","22970","19222","2802","2251","1282","1215",""
"Average distance per year by trip purpose","2011/15","5-year rolling average","Mixed / Multiple ethnic groups","ONS 2011 5+1","Education / escort education","426","Miles per person per year","10466","9667","4512","4296","1282","1215",""
"Average distance per year by trip purpose","2011/15","5-year rolling average","Mixed / Multiple ethnic groups","ONS 2011 5+1","Leisure","1878","Miles per person per year","46167","41503","5407","4948","1282","1215",""
"Average distance per year by trip purpose","2011/15","5-year rolling average","Mixed / Multiple ethnic groups","ONS 2011 5+1","Other escort","456","Miles per person per year","11208","10427","2369","2195","1282","1215",""
"Average distance per year by trip purpose","2011/15","5-year rolling average","Mixed / Multiple ethnic groups","ONS 2011 5+1","Other including just walk","27","Miles per person per year","662","610","897","776","1282","1215",""
"Average distance per year by trip purpose","2011/15","5-year rolling average","Mixed / Multiple ethnic groups","ONS 2011 5+1","Personal business","359","Miles per person per year","8813","7535","1997","1740","1282","1215",""
"Average distance per year by trip purpose","2011/15","5-year rolling average","Mixed / Multiple ethnic groups","ONS 2011 5+1","Shopping","370","Miles per person per year","9087","7656","2941","2465","1282","1215",""
"Average distance per year by trip purpose","2011/15","5-year rolling average","Other ethnic group","ONS 2011 5+1","All Purposes","4048","Miles per person per year","87314","77865","16263","14023","1125","1028",""
"Average distance per year by trip purpose","2011/15","5-year rolling average","Other ethnic group","ONS 2011 5+1","Business","313","Miles per person per year","6758","6355","583","484","1125","1028",""
"Average distance per year by trip purpose","2011/15","5-year rolling average","Other ethnic group","ONS 2011 5+1","Commuting","944","Miles per person per year","20362","16830","2767","2239","1125","1028",""
"Average distance per year by trip purpose","2011/15","5-year rolling average","Other ethnic group","ONS 2011 5+1","Education / escort education","365","Miles per person per year","7862","7118","2860","2657","1125","1028",""
"Average distance per year by trip purpose","2011/15","5-year rolling average","Other ethnic group","ONS 2011 5+1","Leisure","1351","Miles per person per year","29135","27242","3058","2828","1125","1028",""
"Average distance per year by trip purpose","2011/15","5-year rolling average","Other ethnic group","ONS 2011 5+1","Other escort","265","Miles per person per year","5714","5240","1346","1292","1125","1028",""
"Average distance per year by trip purpose","2011/15","5-year rolling average","Other ethnic group","ONS 2011 5+1","Other including just walk","23","Miles per person per year","490","429","556","460","1125","1028",""
"Average distance per year by trip purpose","2011/15","5-year rolling average","Other ethnic group","ONS 2011 5+1","Personal business","354","Miles per person per year","7641","6751","1634","1367","1125","1028",""
"Average distance per year by trip purpose","2011/15","5-year rolling average","Other ethnic group","ONS 2011 5+1","Shopping","434","Miles per person per year","9353","7899","3460","2696","1125","1028",""
"Average distance per year by trip purpose","2011/15","5-year rolling average","White","ONS 2011 5+1","All Purposes","6953","Miles per person per year","9447495","8986436","1324708","1233345","70849","70583",""
"Average distance per year by trip purpose","2011/15","5-year rolling average","White","ONS 2011 5+1","Business","651","Miles per person per year","884109","850543","43231","41224","70849","70583",""
"Average distance per year by trip purpose","2011/15","5-year rolling average","White","ONS 2011 5+1","Commuting","1317","Miles per person per year","1788981","1583589","200190","174025","70849","70583",""
"Average distance per year by trip purpose","2011/15","5-year rolling average","White","ONS 2011 5+1","Education / escort education","320","Miles per person per year","434397","413782","148101","139432","70849","70583",""
"Average distance per year by trip purpose","2011/15","5-year rolling average","White","ONS 2011 5+1","Leisure","2812","Miles per person per year","3821380","3796891","355159","346420","70849","70583",""
"Average distance per year by trip purpose","2011/15","5-year rolling average","White","ONS 2011 5+1","Other escort","489","Miles per person per year","664409","614540","122442","112489","70849","70583",""
"Average distance per year by trip purpose","2011/15","5-year rolling average","White","ONS 2011 5+1","Other including just walk","50","Miles per person per year","67728","66318","65755","62558","70849","70583",""
"Average distance per year by trip purpose","2011/15","5-year rolling average","White","ONS 2011 5+1","Personal business","482","Miles per person per year","654406","619395","127060","119572","70849","70583",""
"Average distance per year by trip purpose","2011/15","5-year rolling average","White","ONS 2011 5+1","Shopping","833","Miles per person per year","1132087","1041379","262770","237625","70849","70583",""
"Average distance per year by trip purpose","2012/16","5-year rolling average","All ethnic groups","ONS 2011 5+1","All Purposes","6570","Miles per person per year","10299176","9732917","1487500","1380611","81732","80718",""
"Average distance per year by trip purpose","2012/16","5-year rolling average","All ethnic groups","ONS 2011 5+1","Business","620","Miles per person per year","971705","930172","48991","46300","81732","80718",""
"Average distance per year by trip purpose","2012/16","5-year rolling average","All ethnic groups","ONS 2011 5+1","Commuting","1297","Miles per person per year","2032757","1797542","228726","198445","81732","80718",""
"Average distance per year by trip purpose","2012/16","5-year rolling average","All ethnic groups","ONS 2011 5+1","Education / escort education","333","Miles per person per year","522005","499697","184584","176462","81732","80718",""
"Average distance per year by trip purpose","2012/16","5-year rolling average","All ethnic groups","ONS 2011 5+1","Leisure","2588","Miles per person per year","4057344","4002987","384724","373824","81732","80718",""
"Average distance per year by trip purpose","2012/16","5-year rolling average","All ethnic groups","ONS 2011 5+1","Other escort","451","Miles per person per year","706734","647369","134321","122884","81732","80718",""
"Average distance per year by trip purpose","2012/16","5-year rolling average","All ethnic groups","ONS 2011 5+1","Other including just walk","47","Miles per person per year","73325","71720","73341","69984","81732","80718",""
"Average distance per year by trip purpose","2012/16","5-year rolling average","All ethnic groups","ONS 2011 5+1","Personal business","473","Miles per person per year","741921","698747","145051","135569","81732","80718",""
"Average distance per year by trip purpose","2012/16","5-year rolling average","All ethnic groups","ONS 2011 5+1","Shopping","761","Miles per person per year","1193385","1084684","287762","257143","81732","80718",""
"Average distance per year by trip purpose","2012/16","5-year rolling average","Asian / Asian British","ONS 2011 5+1","All Purposes","4630","Miles per person per year","530986","462385","91868","79768","5979","5514",""
"Average distance per year by trip purpose","2012/16","5-year rolling average","Asian / Asian British","ONS 2011 5+1","Business","290","Miles per person per year","33263","29063","2132","1836","5979","5514",""
"Average distance per year by trip purpose","2012/16","5-year rolling average","Asian / Asian British","ONS 2011 5+1","Commuting","1361","Miles per person per year","156069","131282","17968","14876","5979","5514",""
"Average distance per year by trip purpose","2012/16","5-year rolling average","Asian / Asian British","ONS 2011 5+1","Education / escort education","379","Miles per person per year","43500","40125","18599","17232","5979","5514",""
"Average distance per year by trip purpose","2012/16","5-year rolling average","Asian / Asian British","ONS 2011 5+1","Leisure","1452","Miles per person per year","166507","149894","16490","14784","5979","5514",""
"Average distance per year by trip purpose","2012/16","5-year rolling average","Asian / Asian British","ONS 2011 5+1","Other escort","285","Miles per person per year","32673","27669","7761","6747","5979","5514",""
"Average distance per year by trip purpose","2012/16","5-year rolling average","Asian / Asian British","ONS 2011 5+1","Other including just walk","23","Miles per person per year","2622","2332","2761","2460","5979","5514",""
"Average distance per year by trip purpose","2012/16","5-year rolling average","Asian / Asian British","ONS 2011 5+1","Personal business","411","Miles per person per year","47149","41453","10688","9193","5979","5514",""
"Average distance per year by trip purpose","2012/16","5-year rolling average","Asian / Asian British","ONS 2011 5+1","Shopping","429","Miles per person per year","49202","40567","15469","12640","5979","5514",""
"Average distance per year by trip purpose","2012/16","5-year rolling average","Black / African / Caribbean / Black British","ONS 2011 5+1","All Purposes","4280","Miles per person per year","207106","189646","38306","35102","2523","2490",""
"Average distance per year by trip purpose","2012/16","5-year rolling average","Black / African / Caribbean / Black British","ONS 2011 5+1","Business","331","Miles per person per year","16002","14802","1271","1193","2523","2490",""
"Average distance per year by trip purpose","2012/16","5-year rolling average","Black / African / Caribbean / Black British","ONS 2011 5+1","Commuting","1102","Miles per person per year","53310","46833","6455","5571","2523","2490",""
"Average distance per year by trip purpose","2012/16","5-year rolling average","Black / African / Caribbean / Black British","ONS 2011 5+1","Education / escort education","478","Miles per person per year","23127","23278","8469","8652","2523","2490",""
"Average distance per year by trip purpose","2012/16","5-year rolling average","Black / African / Caribbean / Black British","ONS 2011 5+1","Leisure","1106","Miles per person per year","53498","49458","6782","6203","2523","2490",""
"Average distance per year by trip purpose","2012/16","5-year rolling average","Black / African / Caribbean / Black British","ONS 2011 5+1","Other escort","288","Miles per person per year","13940","12491","3083","2811","2523","2490",""
"Average distance per year by trip purpose","2012/16","5-year rolling average","Black / African / Caribbean / Black British","ONS 2011 5+1","Other including just walk","13","Miles per person per year","639","606","713","686","2523","2490",""
"Average distance per year by trip purpose","2012/16","5-year rolling average","Black / African / Caribbean / Black British","ONS 2011 5+1","Personal business","571","Miles per person per year","27651","25873","5492","4996","2523","2490",""
"Average distance per year by trip purpose","2012/16","5-year rolling average","Black / African / Caribbean / Black British","ONS 2011 5+1","Shopping","391","Miles per person per year","18940","16306","6042","4990","2523","2490",""
"Average distance per year by trip purpose","2012/16","5-year rolling average","Mixed / Multiple ethnic groups","ONS 2011 5+1","All Purposes","4806","Miles per person per year","116999","102851","21164","18899","1269","1216",""
"Average distance per year by trip purpose","2012/16","5-year rolling average","Mixed / Multiple ethnic groups","ONS 2011 5+1","Business","263","Miles per person per year","6403","5725","470","433","1269","1216",""
"Average distance per year by trip purpose","2012/16","5-year rolling average","Mixed / Multiple ethnic groups","ONS 2011 5+1","Commuting","976","Miles per person per year","23759","20011","2634","2215","1269","1216",""
"Average distance per year by trip purpose","2012/16","5-year rolling average","Mixed / Multiple ethnic groups","ONS 2011 5+1","Education / escort education","465","Miles per person per year","11330","10466","4851","4620","1269","1216",""
"Average distance per year by trip purpose","2012/16","5-year rolling average","Mixed / Multiple ethnic groups","ONS 2011 5+1","Leisure","1986","Miles per person per year","48358","43538","5243","4821","1269","1216",""
"Average distance per year by trip purpose","2012/16","5-year rolling average","Mixed / Multiple ethnic groups","ONS 2011 5+1","Other escort","431","Miles per person per year","10485","9182","2364","2114","1269","1216",""
"Average distance per year by trip purpose","2012/16","5-year rolling average","Mixed / Multiple ethnic groups","ONS 2011 5+1","Other including just walk","26","Miles per person per year","635","569","929","772","1269","1216",""
"Average distance per year by trip purpose","2012/16","5-year rolling average","Mixed / Multiple ethnic groups","ONS 2011 5+1","Personal business","323","Miles per person per year","7859","6681","1892","1663","1269","1216",""
"Average distance per year by trip purpose","2012/16","5-year rolling average","Mixed / Multiple ethnic groups","ONS 2011 5+1","Shopping","336","Miles per person per year","8171","6679","2781","2261","1269","1216",""
"Average distance per year by trip purpose","2012/16","5-year rolling average","Other ethnic group","ONS 2011 5+1","All Purposes","4107","Miles per person per year","88107","76432","16804","14326","1119","1009",""
"Average distance per year by trip purpose","2012/16","5-year rolling average","Other ethnic group","ONS 2011 5+1","Business","273","Miles per person per year","5849","5435","526","440","1119","1009",""
"Average distance per year by trip purpose","2012/16","5-year rolling average","Other ethnic group","ONS 2011 5+1","Commuting","1058","Miles per person per year","22697","18121","3099","2460","1119","1009",""
"Average distance per year by trip purpose","2012/16","5-year rolling average","Other ethnic group","ONS 2011 5+1","Education / escort education","351","Miles per person per year","7533","7097","2906","2837","1119","1009",""
"Average distance per year by trip purpose","2012/16","5-year rolling average","Other ethnic group","ONS 2011 5+1","Leisure","1341","Miles per person per year","28776","26176","3243","2902","1119","1009",""
"Average distance per year by trip purpose","2012/16","5-year rolling average","Other ethnic group","ONS 2011 5+1","Other escort","302","Miles per person per year","6487","5594","1434","1293","1119","1009",""
"Average distance per year by trip purpose","2012/16","5-year rolling average","Other ethnic group","ONS 2011 5+1","Other including just walk","22","Miles per person per year","467","406","580","464","1119","1009",""
"Average distance per year by trip purpose","2012/16","5-year rolling average","Other ethnic group","ONS 2011 5+1","Personal business","323","Miles per person per year","6926","5785","1575","1302","1119","1009",""
"Average distance per year by trip purpose","2012/16","5-year rolling average","Other ethnic group","ONS 2011 5+1","Shopping","437","Miles per person per year","9372","7816","3442","2628","1119","1009",""
"Average distance per year by trip purpose","2012/16","5-year rolling average","White","ONS 2011 5+1","All Purposes","6887","Miles per person per year","9351844","8897538","1318674","1231869","70798","70450",""
"Average distance per year by trip purpose","2012/16","5-year rolling average","White","ONS 2011 5+1","Business","670","Miles per person per year","909599","874783","44548","42361","70798","70450",""
"Average distance per year by trip purpose","2012/16","5-year rolling average","White","ONS 2011 5+1","Commuting","1308","Miles per person per year","1776140","1580581","198503","173265","70798","70450",""
"Average distance per year by trip purpose","2012/16","5-year rolling average","White","ONS 2011 5+1","Education / escort education","321","Miles per person per year","435878","417786","149660","143009","70798","70450",""
"Average distance per year by trip purpose","2012/16","5-year rolling average","White","ONS 2011 5+1","Leisure","2768","Miles per person per year","3758922","3732683","352809","344958","70798","70450",""
"Average distance per year by trip purpose","2012/16","5-year rolling average","White","ONS 2011 5+1","Other escort","473","Miles per person per year","642902","592153","119629","109856","70798","70450",""
"Average distance per year by trip purpose","2012/16","5-year rolling average","White","ONS 2011 5+1","Other including just walk","51","Miles per person per year","68931","67779","68328","65576","70798","70450",""
"Average distance per year by trip purpose","2012/16","5-year rolling average","White","ONS 2011 5+1","Personal business","480","Miles per person per year","652032","618678","125316","118337","70798","70450",""
"Average distance per year by trip purpose","2012/16","5-year rolling average","White","ONS 2011 5+1","Shopping","816","Miles per person per year","1107440","1013096","259881","234507","70798","70450",""
"Average distance per year by trip purpose","2013/17","5-year rolling average","All ethnic groups","ONS 2011 5+1","All Purposes","6564","Miles per person per year","10026260","9421306","1449364","1346175","79639","78589",""
"Average distance per year by trip purpose","2013/17","5-year rolling average","All ethnic groups","ONS 2011 5+1","Business","608","Miles per person per year","928229","883872","46922","44297","79639","78589",""
"Average distance per year by trip purpose","2013/17","5-year rolling average","All ethnic groups","ONS 2011 5+1","Commuting","1296","Miles per person per year","1979936","1754052","221999","192903","79639","78589",""
"Average distance per year by trip purpose","2013/17","5-year rolling average","All ethnic groups","ONS 2011 5+1","Education / escort education","331","Miles per person per year","506169","486452","179716","174389","79639","78589",""
"Average distance per year by trip purpose","2013/17","5-year rolling average","All ethnic groups","ONS 2011 5+1","Leisure","2615","Miles per person per year","3994457","3901764","374611","362643","79639","78589",""
"Average distance per year by trip purpose","2013/17","5-year rolling average","All ethnic groups","ONS 2011 5+1","Other escort","444","Miles per person per year","678808","619138","130603","119438","79639","78589",""
"Average distance per year by trip purpose","2013/17","5-year rolling average","All ethnic groups","ONS 2011 5+1","Other including just walk","49","Miles per person per year","74817","72080","74924","71610","79639","78589",""
"Average distance per year by trip purpose","2013/17","5-year rolling average","All ethnic groups","ONS 2011 5+1","Personal business","475","Miles per person per year","726014","680106","141155","132090","79639","78589",""
"Average distance per year by trip purpose","2013/17","5-year rolling average","All ethnic groups","ONS 2011 5+1","Shopping","745","Miles per person per year","1137829","1023843","279434","248805","79639","78589",""
"Average distance per year by trip purpose","2013/17","5-year rolling average","Asian / Asian British","ONS 2011 5+1","All Purposes","4645","Miles per person per year","537250","472196","92655","81544","6031","5625",""
"Average distance per year by trip purpose","2013/17","5-year rolling average","Asian / Asian British","ONS 2011 5+1","Business","274","Miles per person per year","31672","28307","1942","1705","6031","5625",""
"Average distance per year by trip purpose","2013/17","5-year rolling average","Asian / Asian British","ONS 2011 5+1","Commuting","1383","Miles per person per year","160011","135416","18264","15252","6031","5625",""
"Average distance per year by trip purpose","2013/17","5-year rolling average","Asian / Asian British","ONS 2011 5+1","Education / escort education","390","Miles per person per year","45092","42374","18939","18066","6031","5625",""
"Average distance per year by trip purpose","2013/17","5-year rolling average","Asian / Asian British","ONS 2011 5+1","Leisure","1490","Miles per person per year","172311","157309","16437","14961","6031","5625",""
"Average distance per year by trip purpose","2013/17","5-year rolling average","Asian / Asian British","ONS 2011 5+1","Other escort","282","Miles per person per year","32566","27658","8024","7093","6031","5625",""
"Average distance per year by trip purpose","2013/17","5-year rolling average","Asian / Asian British","ONS 2011 5+1","Other including just walk","26","Miles per person per year","3020","2610","2865","2521","6031","5625",""
"Average distance per year by trip purpose","2013/17","5-year rolling average","Asian / Asian British","ONS 2011 5+1","Personal business","371","Miles per person per year","42870","37977","10506","9172","6031","5625",""
"Average distance per year by trip purpose","2013/17","5-year rolling average","Asian / Asian British","ONS 2011 5+1","Shopping","430","Miles per person per year","49707","40547","15679","12774","6031","5625",""
"Average distance per year by trip purpose","2013/17","5-year rolling average","Black / African / Caribbean / Black British","ONS 2011 5+1","All Purposes","4190","Miles per person per year","200742","182887","37264","34224","2498","2455",""
"Average distance per year by trip purpose","2013/17","5-year rolling average","Black / African / Caribbean / Black British","ONS 2011 5+1","Business","283","Miles per person per year","13536","12266","1232","1144","2498","2455",""
"Average distance per year by trip purpose","2013/17","5-year rolling average","Black / African / Caribbean / Black British","ONS 2011 5+1","Commuting","1124","Miles per person per year","53863","47406","6583","5689","2498","2455",""
"Average distance per year by trip purpose","2013/17","5-year rolling average","Black / African / Caribbean / Black British","ONS 2011 5+1","Education / escort education","483","Miles per person per year","23122","23068","8342","8586","2498","2455",""
"Average distance per year by trip purpose","2013/17","5-year rolling average","Black / African / Caribbean / Black British","ONS 2011 5+1","Leisure","1116","Miles per person per year","53483","49474","6319","5780","2498","2455",""
"Average distance per year by trip purpose","2013/17","5-year rolling average","Black / African / Caribbean / Black British","ONS 2011 5+1","Other escort","288","Miles per person per year","13805","12123","3076","2808","2498","2455",""
"Average distance per year by trip purpose","2013/17","5-year rolling average","Black / African / Caribbean / Black British","ONS 2011 5+1","Other including just walk","14","Miles per person per year","679","618","689","660","2498","2455",""
"Average distance per year by trip purpose","2013/17","5-year rolling average","Black / African / Caribbean / Black British","ONS 2011 5+1","Personal business","520","Miles per person per year","24901","23157","5278","4834","2498","2455",""
"Average distance per year by trip purpose","2013/17","5-year rolling average","Black / African / Caribbean / Black British","ONS 2011 5+1","Shopping","362","Miles per person per year","17352","14776","5747","4723","2498","2455",""
"Average distance per year by trip purpose","2013/17","5-year rolling average","Mixed / Multiple ethnic groups","ONS 2011 5+1","All Purposes","5128","Miles per person per year","116444","102257","20059","18063","1184","1140",""
"Average distance per year by trip purpose","2013/17","5-year rolling average","Mixed / Multiple ethnic groups","ONS 2011 5+1","Business","304","Miles per person per year","6905","6259","454","422","1184","1140",""
"Average distance per year by trip purpose","2013/17","5-year rolling average","Mixed / Multiple ethnic groups","ONS 2011 5+1","Commuting","962","Miles per person per year","21845","18491","2414","2042","1184","1140",""
"Average distance per year by trip purpose","2013/17","5-year rolling average","Mixed / Multiple ethnic groups","ONS 2011 5+1","Education / escort education","538","Miles per person per year","12211","11313","4706","4561","1184","1140",""
"Average distance per year by trip purpose","2013/17","5-year rolling average","Mixed / Multiple ethnic groups","ONS 2011 5+1","Leisure","2188","Miles per person per year","49685","44281","4921","4555","1184","1140",""
"Average distance per year by trip purpose","2013/17","5-year rolling average","Mixed / Multiple ethnic groups","ONS 2011 5+1","Other escort","437","Miles per person per year","9925","8700","2254","2020","1184","1140",""
"Average distance per year by trip purpose","2013/17","5-year rolling average","Mixed / Multiple ethnic groups","ONS 2011 5+1","Other including just walk","30","Miles per person per year","674","590","956","797","1184","1140",""
"Average distance per year by trip purpose","2013/17","5-year rolling average","Mixed / Multiple ethnic groups","ONS 2011 5+1","Personal business","364","Miles per person per year","8265","6933","1771","1568","1184","1140",""
"Average distance per year by trip purpose","2013/17","5-year rolling average","Mixed / Multiple ethnic groups","ONS 2011 5+1","Shopping","305","Miles per person per year","6933","5691","2583","2098","1184","1140",""
"Average distance per year by trip purpose","2013/17","5-year rolling average","Other ethnic group","ONS 2011 5+1","All Purposes","4262","Miles per person per year","85444","75513","15959","13930","1045","959",""
"Average distance per year by trip purpose","2013/17","5-year rolling average","Other ethnic group","ONS 2011 5+1","Business","285","Miles per person per year","5716","5208","606","505","1045","959",""
"Average distance per year by trip purpose","2013/17","5-year rolling average","Other ethnic group","ONS 2011 5+1","Commuting","1114","Miles per person per year","22323","18818","2884","2368","1045","959",""
"Average distance per year by trip purpose","2013/17","5-year rolling average","Other ethnic group","ONS 2011 5+1","Education / escort education","424","Miles per person per year","8500","8019","3223","3214","1045","959",""
"Average distance per year by trip purpose","2013/17","5-year rolling average","Other ethnic group","ONS 2011 5+1","Leisure","1337","Miles per person per year","26808","24927","2889","2631","1045","959",""
"Average distance per year by trip purpose","2013/17","5-year rolling average","Other ethnic group","ONS 2011 5+1","Other escort","285","Miles per person per year","5704","4980","1416","1275","1045","959",""
"Average distance per year by trip purpose","2013/17","5-year rolling average","Other ethnic group","ONS 2011 5+1","Other including just walk","24","Miles per person per year","476","407","578","459","1045","959",""
"Average distance per year by trip purpose","2013/17","5-year rolling average","Other ethnic group","ONS 2011 5+1","Personal business","371","Miles per person per year","7433","5989","1354","1162","1045","959",""
"Average distance per year by trip purpose","2013/17","5-year rolling average","Other ethnic group","ONS 2011 5+1","Shopping","423","Miles per person per year","8484","7164","3009","2316","1045","959",""
"Average distance per year by trip purpose","2013/17","5-year rolling average","White","ONS 2011 5+1","All Purposes","6880","Miles per person per year","9083200","8584856","1282818","1197787","68842","68371",""
"Average distance per year by trip purpose","2013/17","5-year rolling average","White","ONS 2011 5+1","Business","659","Miles per person per year","870176","831629","42646","40485","68842","68371",""
"Average distance per year by trip purpose","2013/17","5-year rolling average","White","ONS 2011 5+1","Commuting","1304","Miles per person per year","1721649","1533662","191817","167518","68842","68371",""
"Average distance per year by trip purpose","2013/17","5-year rolling average","White","ONS 2011 5+1","Education / escort education","315","Miles per person per year","416560","400651","144379","139812","68842","68371",""
"Average distance per year by trip purpose","2013/17","5-year rolling average","White","ONS 2011 5+1","Leisure","2795","Miles per person per year","3690961","3624526","343925","334581","68842","68371",""
"Average distance per year by trip purpose","2013/17","5-year rolling average","White","ONS 2011 5+1","Other escort","467","Miles per person per year","616588","565416","115791","106185","68842","68371",""
"Average distance per year by trip purpose","2013/17","5-year rolling average","White","ONS 2011 5+1","Other including just walk","53","Miles per person per year","69942","67830","69808","67148","68842","68371",""
"Average distance per year by trip purpose","2013/17","5-year rolling average","White","ONS 2011 5+1","Personal business","486","Miles per person per year","642208","605720","122170","115279","68842","68371",""
"Average distance per year by trip purpose","2013/17","5-year rolling average","White","ONS 2011 5+1","Shopping","799","Miles per person per year","1055117","955421","252283","226779","68842","68371",""
"Average distance per year by trip purpose","2014/18","5-year rolling average","All ethnic groups","ONS 2011 5+1","All Purposes","6552","Miles per person per year","9772900","9180166","1427811","1328686","77773","76547",""
"Average distance per year by trip purpose","2014/18","5-year rolling average","All ethnic groups","ONS 2011 5+1","Business","597","Miles per person per year","891075","854182","45741","43444","77773","76547",""
"Average distance per year by trip purpose","2014/18","5-year rolling average","All ethnic groups","ONS 2011 5+1","Commuting","1296","Miles per person per year","1933261","1716856","216366","188124","77773","76547",""
"Average distance per year by trip purpose","2014/18","5-year rolling average","All ethnic groups","ONS 2011 5+1","Education / escort education","333","Miles per person per year","495970","480307","178010","173293","77773","76547",""
"Average distance per year by trip purpose","2014/18","5-year rolling average","All ethnic groups","ONS 2011 5+1","Leisure","2619","Miles per person per year","3905844","3803187","369114","357354","77773","76547",""
"Average distance per year by trip purpose","2014/18","5-year rolling average","All ethnic groups","ONS 2011 5+1","Other escort","441","Miles per person per year","657548","596164","128092","116359","77773","76547",""
"Average distance per year by trip purpose","2014/18","5-year rolling average","All ethnic groups","ONS 2011 5+1","Other including just walk","51","Miles per person per year","75368","72745","78494","75824","77773","76547",""
"Average distance per year by trip purpose","2014/18","5-year rolling average","All ethnic groups","ONS 2011 5+1","Personal business","477","Miles per person per year","711059","665060","138129","129530","77773","76547",""
"Average distance per year by trip purpose","2014/18","5-year rolling average","All ethnic groups","ONS 2011 5+1","Shopping","739","Miles per person per year","1102775","991664","273866","244758","77773","76547",""
"Average distance per year by trip purpose","2014/18","5-year rolling average","Asian / Asian British","ONS 2011 5+1","All Purposes","4588","Miles per person per year","530269","466332","92683","81409","6026","5579",""
"Average distance per year by trip purpose","2014/18","5-year rolling average","Asian / Asian British","ONS 2011 5+1","Business","280","Miles per person per year","32369","29240","2037","1783","6026","5579",""
"Average distance per year by trip purpose","2014/18","5-year rolling average","Asian / Asian British","ONS 2011 5+1","Commuting","1341","Miles per person per year","155033","131874","17899","14975","6026","5579",""
"Average distance per year by trip purpose","2014/18","5-year rolling average","Asian / Asian British","ONS 2011 5+1","Education / escort education","382","Miles per person per year","44122","41858","19185","18274","6026","5579",""
"Average distance per year by trip purpose","2014/18","5-year rolling average","Asian / Asian British","ONS 2011 5+1","Leisure","1500","Miles per person per year","173343","156973","16523","14952","6026","5579",""
"Average distance per year by trip purpose","2014/18","5-year rolling average","Asian / Asian British","ONS 2011 5+1","Other escort","263","Miles per person per year","30430","26041","8042","7079","6026","5579",""
"Average distance per year by trip purpose","2014/18","5-year rolling average","Asian / Asian British","ONS 2011 5+1","Other including just walk","27","Miles per person per year","3090","2702","2832","2510","6026","5579",""
"Average distance per year by trip purpose","2014/18","5-year rolling average","Asian / Asian British","ONS 2011 5+1","Personal business","351","Miles per person per year","40593","36120","10329","8963","6026","5579",""
"Average distance per year by trip purpose","2014/18","5-year rolling average","Asian / Asian British","ONS 2011 5+1","Shopping","444","Miles per person per year","51289","41523","15836","12873","6026","5579",""
"Average distance per year by trip purpose","2014/18","5-year rolling average","Black / African / Caribbean / Black British","ONS 2011 5+1","All Purposes","4179","Miles per person per year","195796","177981","36358","33248","2443","2362",""
"Average distance per year by trip purpose","2014/18","5-year rolling average","Black / African / Caribbean / Black British","ONS 2011 5+1","Business","317","Miles per person per year","14871","13466","1246","1163","2443","2362",""
"Average distance per year by trip purpose","2014/18","5-year rolling average","Black / African / Caribbean / Black British","ONS 2011 5+1","Commuting","1154","Miles per person per year","54065","47174","6551","5661","2443","2362",""
"Average distance per year by trip purpose","2014/18","5-year rolling average","Black / African / Caribbean / Black British","ONS 2011 5+1","Education / escort education","483","Miles per person per year","22643","22749","8150","8244","2443","2362",""
"Average distance per year by trip purpose","2014/18","5-year rolling average","Black / African / Caribbean / Black British","ONS 2011 5+1","Leisure","1117","Miles per person per year","52353","48538","5987","5496","2443","2362",""
"Average distance per year by trip purpose","2014/18","5-year rolling average","Black / African / Caribbean / Black British","ONS 2011 5+1","Other escort","271","Miles per person per year","12715","11140","3198","2926","2443","2362",""
"Average distance per year by trip purpose","2014/18","5-year rolling average","Black / African / Caribbean / Black British","ONS 2011 5+1","Other including just walk","15","Miles per person per year","712","638","727","689","2443","2362",""
"Average distance per year by trip purpose","2014/18","5-year rolling average","Black / African / Caribbean / Black British","ONS 2011 5+1","Personal business","487","Miles per person per year","22839","21157","5014","4553","2443","2362",""
"Average distance per year by trip purpose","2014/18","5-year rolling average","Black / African / Caribbean / Black British","ONS 2011 5+1","Shopping","333","Miles per person per year","15599","13120","5486","4516","2443","2362",""
"Average distance per year by trip purpose","2014/18","5-year rolling average","Mixed / Multiple ethnic groups","ONS 2011 5+1","All Purposes","5087","Miles per person per year","111666","98367","19802","17578","1145","1083",""
"Average distance per year by trip purpose","2014/18","5-year rolling average","Mixed / Multiple ethnic groups","ONS 2011 5+1","Business","289","Miles per person per year","6346","5897","434","392","1145","1083",""
"Average distance per year by trip purpose","2014/18","5-year rolling average","Mixed / Multiple ethnic groups","ONS 2011 5+1","Commuting","958","Miles per person per year","21037","17220","2463","1990","1145","1083",""
"Average distance per year by trip purpose","2014/18","5-year rolling average","Mixed / Multiple ethnic groups","ONS 2011 5+1","Education / escort education","512","Miles per person per year","11247","10305","4343","4173","1145","1083",""
"Average distance per year by trip purpose","2014/18","5-year rolling average","Mixed / Multiple ethnic groups","ONS 2011 5+1","Leisure","2173","Miles per person per year","47703","43414","4997","4602","1145","1083",""
"Average distance per year by trip purpose","2014/18","5-year rolling average","Mixed / Multiple ethnic groups","ONS 2011 5+1","Other escort","452","Miles per person per year","9913","8808","2216","1982","1145","1083",""
"Average distance per year by trip purpose","2014/18","5-year rolling average","Mixed / Multiple ethnic groups","ONS 2011 5+1","Other including just walk","36","Miles per person per year","789","694","1085","923","1145","1083",""
"Average distance per year by trip purpose","2014/18","5-year rolling average","Mixed / Multiple ethnic groups","ONS 2011 5+1","Personal business","350","Miles per person per year","7681","6442","1632","1426","1145","1083",""
"Average distance per year by trip purpose","2014/18","5-year rolling average","Mixed / Multiple ethnic groups","ONS 2011 5+1","Shopping","317","Miles per person per year","6949","5587","2633","2090","1145","1083",""
"Average distance per year by trip purpose","2014/18","5-year rolling average","Other ethnic group","ONS 2011 5+1","All Purposes","4308","Miles per person per year","84605","74189","15861","13798","1024","937",""
"Average distance per year by trip purpose","2014/18","5-year rolling average","Other ethnic group","ONS 2011 5+1","Business","276","Miles per person per year","5415","5104","523","447","1024","937",""
"Average distance per year by trip purpose","2014/18","5-year rolling average","Other ethnic group","ONS 2011 5+1","Commuting","1160","Miles per person per year","22789","19257","2918","2357","1024","937",""
"Average distance per year by trip purpose","2014/18","5-year rolling average","Other ethnic group","ONS 2011 5+1","Education / escort education","451","Miles per person per year","8861","8239","3457","3403","1024","937",""
"Average distance per year by trip purpose","2014/18","5-year rolling average","Other ethnic group","ONS 2011 5+1","Leisure","1219","Miles per person per year","23940","22113","2720","2475","1024","937",""
"Average distance per year by trip purpose","2014/18","5-year rolling average","Other ethnic group","ONS 2011 5+1","Other escort","330","Miles per person per year","6480","5526","1557","1309","1024","937",""
"Average distance per year by trip purpose","2014/18","5-year rolling average","Other ethnic group","ONS 2011 5+1","Other including just walk","26","Miles per person per year","511","451","611","522","1024","937",""
"Average distance per year by trip purpose","2014/18","5-year rolling average","Other ethnic group","ONS 2011 5+1","Personal business","365","Miles per person per year","7175","5766","1234","1061","1024","937",""
"Average distance per year by trip purpose","2014/18","5-year rolling average","Other ethnic group","ONS 2011 5+1","Shopping","480","Miles per person per year","9433","7734","2841","2224","1024","937",""
"Average distance per year by trip purpose","2014/18","5-year rolling average","White","ONS 2011 5+1","All Purposes","6875","Miles per person per year","8847465","8359654","1262541","1182036","67101","66549",""
"Average distance per year by trip purpose","2014/18","5-year rolling average","White","ONS 2011 5+1","Business","646","Miles per person per year","831923","800302","41489","39647","67101","66549",""
"Average distance per year by trip purpose","2014/18","5-year rolling average","White","ONS 2011 5+1","Commuting","1306","Miles per person per year","1680145","1501086","186506","163107","67101","66549",""
"Average distance per year by trip purpose","2014/18","5-year rolling average","White","ONS 2011 5+1","Education / escort education","317","Miles per person per year","408414","396120","142742","139036","67101","66549",""
"Average distance per year by trip purpose","2014/18","5-year rolling average","White","ONS 2011 5+1","Leisure","2803","Miles per person per year","3607164","3530765","338763","329687","67101","66549",""
"Average distance per year by trip purpose","2014/18","5-year rolling average","White","ONS 2011 5+1","Other escort","465","Miles per person per year","597809","544401","113038","103005","67101","66549",""
"Average distance per year by trip purpose","2014/18","5-year rolling average","White","ONS 2011 5+1","Other including just walk","55","Miles per person per year","70241","68236","73211","71155","67101","66549",""
"Average distance per year by trip purpose","2014/18","5-year rolling average","White","ONS 2011 5+1","Personal business","491","Miles per person per year","632461","595262","119850","113456","67101","66549",""
"Average distance per year by trip purpose","2014/18","5-year rolling average","White","ONS 2011 5+1","Shopping","792","Miles per person per year","1019308","923482","246942","222943","67101","66549",""
"Average distance per year by trip purpose","2015/19","5-year rolling average","All ethnic groups","ONS 2011 5+1","All Purposes","6554","Miles per person per year","9535567","8935466","1396388","1298490","75861","74412",""
"Average distance per year by trip purpose","2015/19","5-year rolling average","All ethnic groups","ONS 2011 5+1","Business","579","Miles per person per year","842235","808346","43344","41132","75861","74412",""
"Average distance per year by trip purpose","2015/19","5-year rolling average","All ethnic groups","ONS 2011 5+1","Commuting","1293","Miles per person per year","1881940","1678589","208598","182131","75861","74412",""
"Average distance per year by trip purpose","2015/19","5-year rolling average","All ethnic groups","ONS 2011 5+1","Education / escort education","334","Miles per person per year","486090","463989","175972","169492","75861","74412",""
"Average distance per year by trip purpose","2015/19","5-year rolling average","All ethnic groups","ONS 2011 5+1","Leisure","2652","Miles per person per year","3858032","3736426","361300","349142","75861","74412",""
"Average distance per year by trip purpose","2015/19","5-year rolling average","All ethnic groups","ONS 2011 5+1","Other escort","442","Miles per person per year","643073","584223","124192","113213","75861","74412",""
"Average distance per year by trip purpose","2015/19","5-year rolling average","All ethnic groups","ONS 2011 5+1","Other including just walk","54","Miles per person per year","78306","74843","82196","79763","75861","74412",""
"Average distance per year by trip purpose","2015/19","5-year rolling average","All ethnic groups","ONS 2011 5+1","Personal business","466","Miles per person per year","677905","637592","132643","125243","75861","74412",""
"Average distance per year by trip purpose","2015/19","5-year rolling average","All ethnic groups","ONS 2011 5+1","Shopping","734","Miles per person per year","1067987","951459","268143","238374","75861","74412",""
"Average distance per year by trip purpose","2015/19","5-year rolling average","Asian / Asian British","ONS 2011 5+1","All Purposes","4705","Miles per person per year","546061","479073","93954","82266","6052","5556",""
"Average distance per year by trip purpose","2015/19","5-year rolling average","Asian / Asian British","ONS 2011 5+1","Business","287","Miles per person per year","33335","30161","2203","1902","6052","5556",""
"Average distance per year by trip purpose","2015/19","5-year rolling average","Asian / Asian British","ONS 2011 5+1","Commuting","1334","Miles per person per year","154782","132793","17871","15026","6052","5556",""
"Average distance per year by trip purpose","2015/19","5-year rolling average","Asian / Asian British","ONS 2011 5+1","Education / escort education","408","Miles per person per year","47405","43805","20132","18903","6052","5556",""
"Average distance per year by trip purpose","2015/19","5-year rolling average","Asian / Asian British","ONS 2011 5+1","Leisure","1576","Miles per person per year","182956","164303","16259","14741","6052","5556",""
"Average distance per year by trip purpose","2015/19","5-year rolling average","Asian / Asian British","ONS 2011 5+1","Other escort","275","Miles per person per year","31924","27552","8457","7488","6052","5556",""
"Average distance per year by trip purpose","2015/19","5-year rolling average","Asian / Asian British","ONS 2011 5+1","Other including just walk","31","Miles per person per year","3587","3059","3125","2782","6052","5556",""
"Average distance per year by trip purpose","2015/19","5-year rolling average","Asian / Asian British","ONS 2011 5+1","Personal business","368","Miles per person per year","42668","37917","9994","8602","6052","5556",""
"Average distance per year by trip purpose","2015/19","5-year rolling average","Asian / Asian British","ONS 2011 5+1","Shopping","426","Miles per person per year","49405","39484","15914","12822","6052","5556",""
"Average distance per year by trip purpose","2015/19","5-year rolling average","Black / African / Caribbean / Black British","ONS 2011 5+1","All Purposes","4066","Miles per person per year","192266","170811","36564","32843","2466","2327",""
"Average distance per year by trip purpose","2015/19","5-year rolling average","Black / African / Caribbean / Black British","ONS 2011 5+1","Business","356","Miles per person per year","16853","14681","1237","1114","2466","2327",""
"Average distance per year by trip purpose","2015/19","5-year rolling average","Black / African / Caribbean / Black British","ONS 2011 5+1","Commuting","1144","Miles per person per year","54085","46460","6777","5792","2466","2327",""
"Average distance per year by trip purpose","2015/19","5-year rolling average","Black / African / Caribbean / Black British","ONS 2011 5+1","Education / escort education","483","Miles per person per year","22835","22215","8287","8168","2466","2327",""
"Average distance per year by trip purpose","2015/19","5-year rolling average","Black / African / Caribbean / Black British","ONS 2011 5+1","Leisure","1074","Miles per person per year","50813","46302","6101","5515","2466","2327",""
"Average distance per year by trip purpose","2015/19","5-year rolling average","Black / African / Caribbean / Black British","ONS 2011 5+1","Other escort","265","Miles per person per year","12540","10707","3124","2808","2466","2327",""
"Average distance per year by trip purpose","2015/19","5-year rolling average","Black / African / Caribbean / Black British","ONS 2011 5+1","Other including just walk","15","Miles per person per year","695","608","721","672","2466","2327",""
"Average distance per year by trip purpose","2015/19","5-year rolling average","Black / African / Caribbean / Black British","ONS 2011 5+1","Personal business","400","Miles per person per year","18935","16967","4814","4305","2466","2327",""
"Average distance per year by trip purpose","2015/19","5-year rolling average","Black / African / Caribbean / Black British","ONS 2011 5+1","Shopping","328","Miles per person per year","15509","12871","5503","4469","2466","2327",""
"Average distance per year by trip purpose","2015/19","5-year rolling average","Mixed / Multiple ethnic groups","ONS 2011 5+1","All Purposes","5082","Miles per person per year","113131","99167","20435","17947","1161","1081",""
"Average distance per year by trip purpose","2015/19","5-year rolling average","Mixed / Multiple ethnic groups","ONS 2011 5+1","Business","305","Miles per person per year","6794","6290","439","391","1161","1081",""
"Average distance per year by trip purpose","2015/19","5-year rolling average","Mixed / Multiple ethnic groups","ONS 2011 5+1","Commuting","908","Miles per person per year","20209","16843","2367","1926","1161","1081",""
"Average distance per year by trip purpose","2015/19","5-year rolling average","Mixed / Multiple ethnic groups","ONS 2011 5+1","Education / escort education","614","Miles per person per year","13661","12116","5001","4737","1161","1081",""
"Average distance per year by trip purpose","2015/19","5-year rolling average","Mixed / Multiple ethnic groups","ONS 2011 5+1","Leisure","2193","Miles per person per year","48808","43877","5003","4550","1161","1081",""
"Average distance per year by trip purpose","2015/19","5-year rolling average","Mixed / Multiple ethnic groups","ONS 2011 5+1","Other escort","430","Miles per person per year","9569","8441","2141","1893","1161","1081",""
"Average distance per year by trip purpose","2015/19","5-year rolling average","Mixed / Multiple ethnic groups","ONS 2011 5+1","Other including just walk","36","Miles per person per year","790","690","1005","861","1161","1081",""
"Average distance per year by trip purpose","2015/19","5-year rolling average","Mixed / Multiple ethnic groups","ONS 2011 5+1","Personal business","287","Miles per person per year","6389","5451","1561","1358","1161","1081",""
"Average distance per year by trip purpose","2015/19","5-year rolling average","Mixed / Multiple ethnic groups","ONS 2011 5+1","Shopping","310","Miles per person per year","6909","5458","2917","2231","1161","1081",""
"Average distance per year by trip purpose","2015/19","5-year rolling average","Other ethnic group","ONS 2011 5+1","All Purposes","4440","Miles per person per year","81795","72642","15478","13669","961","895",""
"Average distance per year by trip purpose","2015/19","5-year rolling average","Other ethnic group","ONS 2011 5+1","Business","336","Miles per person per year","6197","5938","484","428","961","895",""
"Average distance per year by trip purpose","2015/19","5-year rolling average","Other ethnic group","ONS 2011 5+1","Commuting","1142","Miles per person per year","21037","18358","2731","2256","961","895",""
"Average distance per year by trip purpose","2015/19","5-year rolling average","Other ethnic group","ONS 2011 5+1","Education / escort education","470","Miles per person per year","8649","8044","3539","3517","961","895",""
"Average distance per year by trip purpose","2015/19","5-year rolling average","Other ethnic group","ONS 2011 5+1","Leisure","1281","Miles per person per year","23592","21826","2623","2377","961","895",""
"Average distance per year by trip purpose","2015/19","5-year rolling average","Other ethnic group","ONS 2011 5+1","Other escort","333","Miles per person per year","6126","5196","1624","1373","961","895",""
"Average distance per year by trip purpose","2015/19","5-year rolling average","Other ethnic group","ONS 2011 5+1","Other including just walk","33","Miles per person per year","609","526","589","534","961","895",""
"Average distance per year by trip purpose","2015/19","5-year rolling average","Other ethnic group","ONS 2011 5+1","Personal business","356","Miles per person per year","6565","5324","1203","1053","961","895",""
"Average distance per year by trip purpose","2015/19","5-year rolling average","Other ethnic group","ONS 2011 5+1","Shopping","490","Miles per person per year","9019","7431","2684","2131","961","895",""
"Average distance per year by trip purpose","2015/19","5-year rolling average","White","ONS 2011 5+1","All Purposes","6878","Miles per person per year","8600033","8110921","1229460","1151222","65190","64519",""
"Average distance per year by trip purpose","2015/19","5-year rolling average","White","ONS 2011 5+1","Business","623","Miles per person per year","778905","751103","38969","37285","65190","64519",""
"Average distance per year by trip purpose","2015/19","5-year rolling average","White","ONS 2011 5+1","Commuting","1305","Miles per person per year","1631658","1463909","178829","157101","65190","64519",""
"Average distance per year by trip purpose","2015/19","5-year rolling average","White","ONS 2011 5+1","Education / escort education","314","Miles per person per year","392864","376781","138895","134018","65190","64519",""
"Average distance per year by trip purpose","2015/19","5-year rolling average","White","ONS 2011 5+1","Leisure","2840","Miles per person per year","3551142","3459334","331248","321877","65190","64519",""
"Average distance per year by trip purpose","2015/19","5-year rolling average","White","ONS 2011 5+1","Other escort","466","Miles per person per year","582813","532179","108788","99582","65190","64519",""
"Average distance per year by trip purpose","2015/19","5-year rolling average","White","ONS 2011 5+1","Other including just walk","58","Miles per person per year","72609","69943","76746","74903","65190","64519",""
"Average distance per year by trip purpose","2015/19","5-year rolling average","White","ONS 2011 5+1","Personal business","482","Miles per person per year","603062","571643","115014","109865","65190","64519",""
"Average distance per year by trip purpose","2015/19","5-year rolling average","White","ONS 2011 5+1","Shopping","789","Miles per person per year","986979","886028","240971","216591","65190","64519",""
