"Measure","Time","Time_type","Ethnicity","Ethnicity_type","Measure_type","Value","Value_type","Note"
"Gross income, £ per week","2008/09; 2009/10; 2010/11","3-Year average","All","ONS 5+2","Benefit income","228","£",""
"Gross income, £ per week","2009/10; 2010/11; 2011/12","3-Year average","All","ONS 5+2","Benefit income","230","£",""
"Gross income, £ per week","2010/11; 2011/12; 2012/13","3-Year average","All","ONS 5+2","Benefit income","230","£",""
"Gross income, £ per week","2011/12; 2012/13; 2013/14","3-Year average","All","ONS 5+2","Benefit income","229","£",""
"Gross income, £ per week","2012/13; 2013/14; 2014/15","3-Year average","All","ONS 5+2","Benefit income","231","£",""
"Gross income, £ per week","2013/14; 2014/15; 2015/16","3-Year average","All","ONS 5+2","Benefit income","231","£",""
"Gross income, £ per week","2014/15; 2015/16; 2016/17","3-Year average","All","ONS 5+2","Benefit income","235","£",""
"Gross income, £ per week","2015/16; 2016/17; 2017/18","3-Year average","All","ONS 5+2","Benefit income","237","£",""
"Gross income, £ per week","2016/17; 2017/18; 2018/19","3-Year average","All","ONS 5+2","Benefit income","240","£",""
"Gross income, £ per week","2017/18; 2018/19; 2019/20","3-Year average","All","ONS 5+2","Benefit income","242","£",""
"Gross income, £ per week","2008/09; 2009/10; 2010/11","3-Year average","All","ONS 5+2","Benefit Income of which Disability benefits","20","£",""
"Gross income, £ per week","2009/10; 2010/11; 2011/12","3-Year average","All","ONS 5+2","Benefit Income of which Disability benefits","20","£",""
"Gross income, £ per week","2010/11; 2011/12; 2012/13","3-Year average","All","ONS 5+2","Benefit Income of which Disability benefits","20","£",""
"Gross income, £ per week","2011/12; 2012/13; 2013/14","3-Year average","All","ONS 5+2","Benefit Income of which Disability benefits","19","£",""
"Gross income, £ per week","2012/13; 2013/14; 2014/15","3-Year average","All","ONS 5+2","Benefit Income of which Disability benefits","18","£",""
"Gross income, £ per week","2013/14; 2014/15; 2015/16","3-Year average","All","ONS 5+2","Benefit Income of which Disability benefits","17","£",""
"Gross income, £ per week","2014/15; 2015/16; 2016/17","3-Year average","All","ONS 5+2","Benefit Income of which Disability benefits","18","£",""
"Gross income, £ per week","2015/16; 2016/17; 2017/18","3-Year average","All","ONS 5+2","Benefit Income of which Disability benefits","18","£",""
"Gross income, £ per week","2016/17; 2017/18; 2018/19","3-Year average","All","ONS 5+2","Benefit Income of which Disability benefits","18","£",""
"Gross income, £ per week","2017/18; 2018/19; 2019/20","3-Year average","All","ONS 5+2","Benefit Income of which Disability benefits","18","£",""
"Gross income, £ per week","2008/09; 2009/10; 2010/11","3-Year average","All","ONS 5+2","Benefit Income of which Income-related benefits","28","£",""
"Gross income, £ per week","2009/10; 2010/11; 2011/12","3-Year average","All","ONS 5+2","Benefit Income of which Income-related benefits","27","£",""
"Gross income, £ per week","2010/11; 2011/12; 2012/13","3-Year average","All","ONS 5+2","Benefit Income of which Income-related benefits","26","£",""
"Gross income, £ per week","2011/12; 2012/13; 2013/14","3-Year average","All","ONS 5+2","Benefit Income of which Income-related benefits","25","£",""
"Gross income, £ per week","2012/13; 2013/14; 2014/15","3-Year average","All","ONS 5+2","Benefit Income of which Income-related benefits","25","£",""
"Gross income, £ per week","2013/14; 2014/15; 2015/16","3-Year average","All","ONS 5+2","Benefit Income of which Income-related benefits","24","£",""
"Gross income, £ per week","2014/15; 2015/16; 2016/17","3-Year average","All","ONS 5+2","Benefit Income of which Income-related benefits","23","£",""
"Gross income, £ per week","2015/16; 2016/17; 2017/18","3-Year average","All","ONS 5+2","Benefit Income of which Income-related benefits","23","£",""
"Gross income, £ per week","2016/17; 2017/18; 2018/19","3-Year average","All","ONS 5+2","Benefit Income of which Income-related benefits","22","£",""
"Gross income, £ per week","2017/18; 2018/19; 2019/20","3-Year average","All","ONS 5+2","Benefit Income of which Income-related benefits","22","£",""
"Gross income, £ per week","2008/09; 2009/10; 2010/11","3-Year average","All","ONS 5+2","Benefit Income of which State Pension","169","£",""
"Gross income, £ per week","2009/10; 2010/11; 2011/12","3-Year average","All","ONS 5+2","Benefit Income of which State Pension","173","£",""
"Gross income, £ per week","2010/11; 2011/12; 2012/13","3-Year average","All","ONS 5+2","Benefit Income of which State Pension","175","£",""
"Gross income, £ per week","2011/12; 2012/13; 2013/14","3-Year average","All","ONS 5+2","Benefit Income of which State Pension","177","£",""
"Gross income, £ per week","2012/13; 2013/14; 2014/15","3-Year average","All","ONS 5+2","Benefit Income of which State Pension","181","£",""
"Gross income, £ per week","2013/14; 2014/15; 2015/16","3-Year average","All","ONS 5+2","Benefit Income of which State Pension","183","£",""
"Gross income, £ per week","2014/15; 2015/16; 2016/17","3-Year average","All","ONS 5+2","Benefit Income of which State Pension","187","£",""
"Gross income, £ per week","2015/16; 2016/17; 2017/18","3-Year average","All","ONS 5+2","Benefit Income of which State Pension","190","£",""
"Gross income, £ per week","2016/17; 2017/18; 2018/19","3-Year average","All","ONS 5+2","Benefit Income of which State Pension","192","£",""
"Gross income, £ per week","2017/18; 2018/19; 2019/20","3-Year average","All","ONS 5+2","Benefit Income of which State Pension","194","£",""
"Gross income, £ per week","2008/09; 2009/10; 2010/11","3-Year average","All","ONS 5+2","Earnings income","105","£",""
"Gross income, £ per week","2009/10; 2010/11; 2011/12","3-Year average","All","ONS 5+2","Earnings income","105","£",""
"Gross income, £ per week","2010/11; 2011/12; 2012/13","3-Year average","All","ONS 5+2","Earnings income","99","£",""
"Gross income, £ per week","2011/12; 2012/13; 2013/14","3-Year average","All","ONS 5+2","Earnings income","92","£",""
"Gross income, £ per week","2012/13; 2013/14; 2014/15","3-Year average","All","ONS 5+2","Earnings income","91","£",""
"Gross income, £ per week","2013/14; 2014/15; 2015/16","3-Year average","All","ONS 5+2","Earnings income","90","£",""
"Gross income, £ per week","2014/15; 2015/16; 2016/17","3-Year average","All","ONS 5+2","Earnings income","90","£",""
"Gross income, £ per week","2015/16; 2016/17; 2017/18","3-Year average","All","ONS 5+2","Earnings income","90","£",""
"Gross income, £ per week","2016/17; 2017/18; 2018/19","3-Year average","All","ONS 5+2","Earnings income","87","£",""
"Gross income, £ per week","2017/18; 2018/19; 2019/20","3-Year average","All","ONS 5+2","Earnings income","83","£",""
"Gross income, £ per week","2008/09; 2009/10; 2010/11","3-Year average","All","ONS 5+2","Gross income","531","£",""
"Gross income, £ per week","2009/10; 2010/11; 2011/12","3-Year average","All","ONS 5+2","Gross income","538","£",""
"Gross income, £ per week","2010/11; 2011/12; 2012/13","3-Year average","All","ONS 5+2","Gross income","532","£",""
"Gross income, £ per week","2011/12; 2012/13; 2013/14","3-Year average","All","ONS 5+2","Gross income","531","£",""
"Gross income, £ per week","2012/13; 2013/14; 2014/15","3-Year average","All","ONS 5+2","Gross income","540","£",""
"Gross income, £ per week","2013/14; 2014/15; 2015/16","3-Year average","All","ONS 5+2","Gross income","547","£",""
"Gross income, £ per week","2014/15; 2015/16; 2016/17","3-Year average","All","ONS 5+2","Gross income","556","£",""
"Gross income, £ per week","2015/16; 2016/17; 2017/18","3-Year average","All","ONS 5+2","Gross income","556","£",""
"Gross income, £ per week","2016/17; 2017/18; 2018/19","3-Year average","All","ONS 5+2","Gross income","558","£",""
"Gross income, £ per week","2017/18; 2018/19; 2019/20","3-Year average","All","ONS 5+2","Gross income","556","£",""
"Gross income, £ per week","2008/09; 2009/10; 2010/11","3-Year average","All","ONS 5+2","Investment income","43","£",""
"Gross income, £ per week","2009/10; 2010/11; 2011/12","3-Year average","All","ONS 5+2","Investment income","40","£",""
"Gross income, £ per week","2010/11; 2011/12; 2012/13","3-Year average","All","ONS 5+2","Investment income","38","£",""
"Gross income, £ per week","2011/12; 2012/13; 2013/14","3-Year average","All","ONS 5+2","Investment income","39","£",""
"Gross income, £ per week","2012/13; 2013/14; 2014/15","3-Year average","All","ONS 5+2","Investment income","41","£",""
"Gross income, £ per week","2013/14; 2014/15; 2015/16","3-Year average","All","ONS 5+2","Investment income","45","£",""
"Gross income, £ per week","2014/15; 2015/16; 2016/17","3-Year average","All","ONS 5+2","Investment income","43","£",""
"Gross income, £ per week","2015/16; 2016/17; 2017/18","3-Year average","All","ONS 5+2","Investment income","42","£",""
"Gross income, £ per week","2016/17; 2017/18; 2018/19","3-Year average","All","ONS 5+2","Investment income","42","£",""
"Gross income, £ per week","2017/18; 2018/19; 2019/20","3-Year average","All","ONS 5+2","Investment income","45","£",""
"Gross income, £ per week","2008/09; 2009/10; 2010/11","3-Year average","All","ONS 5+2","Occupational pension income","133","£",""
"Gross income, £ per week","2009/10; 2010/11; 2011/12","3-Year average","All","ONS 5+2","Occupational pension income","139","£",""
"Gross income, £ per week","2010/11; 2011/12; 2012/13","3-Year average","All","ONS 5+2","Occupational pension income","142","£",""
"Gross income, £ per week","2011/12; 2012/13; 2013/14","3-Year average","All","ONS 5+2","Occupational pension income","146","£",""
"Gross income, £ per week","2012/13; 2013/14; 2014/15","3-Year average","All","ONS 5+2","Occupational pension income","151","£",""
"Gross income, £ per week","2013/14; 2014/15; 2015/16","3-Year average","All","ONS 5+2","Occupational pension income","156","£",""
"Gross income, £ per week","2014/15; 2015/16; 2016/17","3-Year average","All","ONS 5+2","Occupational pension income","162","£",""
"Gross income, £ per week","2015/16; 2016/17; 2017/18","3-Year average","All","ONS 5+2","Occupational pension income","161","£",""
"Gross income, £ per week","2016/17; 2017/18; 2018/19","3-Year average","All","ONS 5+2","Occupational pension income","164","£",""
"Gross income, £ per week","2017/18; 2018/19; 2019/20","3-Year average","All","ONS 5+2","Occupational pension income","164","£",""
"Gross income, £ per week","2008/09; 2009/10; 2010/11","3-Year average","All","ONS 5+2","Other income ","4","£",""
"Gross income, £ per week","2009/10; 2010/11; 2011/12","3-Year average","All","ONS 5+2","Other income ","4","£",""
"Gross income, £ per week","2010/11; 2011/12; 2012/13","3-Year average","All","ONS 5+2","Other income ","4","£",""
"Gross income, £ per week","2011/12; 2012/13; 2013/14","3-Year average","All","ONS 5+2","Other income ","4","£",""
"Gross income, £ per week","2012/13; 2013/14; 2014/15","3-Year average","All","ONS 5+2","Other income ","4","£",""
"Gross income, £ per week","2013/14; 2014/15; 2015/16","3-Year average","All","ONS 5+2","Other income ","4","£",""
"Gross income, £ per week","2014/15; 2015/16; 2016/17","3-Year average","All","ONS 5+2","Other income ","4","£",""
"Gross income, £ per week","2015/16; 2016/17; 2017/18","3-Year average","All","ONS 5+2","Other income ","5","£",""
"Gross income, £ per week","2016/17; 2017/18; 2018/19","3-Year average","All","ONS 5+2","Other income ","4","£",""
"Gross income, £ per week","2017/18; 2018/19; 2019/20","3-Year average","All","ONS 5+2","Other income ","4","£",""
"Gross income, £ per week","2008/09; 2009/10; 2010/11","3-Year average","All","ONS 5+2","Personal pension income","19","£",""
"Gross income, £ per week","2009/10; 2010/11; 2011/12","3-Year average","All","ONS 5+2","Personal pension income","20","£",""
"Gross income, £ per week","2010/11; 2011/12; 2012/13","3-Year average","All","ONS 5+2","Personal pension income","20","£",""
"Gross income, £ per week","2011/12; 2012/13; 2013/14","3-Year average","All","ONS 5+2","Personal pension income","21","£",""
"Gross income, £ per week","2012/13; 2013/14; 2014/15","3-Year average","All","ONS 5+2","Personal pension income","22","£",""
"Gross income, £ per week","2013/14; 2014/15; 2015/16","3-Year average","All","ONS 5+2","Personal pension income","21","£",""
"Gross income, £ per week","2014/15; 2015/16; 2016/17","3-Year average","All","ONS 5+2","Personal pension income","22","£",""
"Gross income, £ per week","2015/16; 2016/17; 2017/18","3-Year average","All","ONS 5+2","Personal pension income","21","£",""
"Gross income, £ per week","2016/17; 2017/18; 2018/19","3-Year average","All","ONS 5+2","Personal pension income","21","£",""
"Gross income, £ per week","2017/18; 2018/19; 2019/20","3-Year average","All","ONS 5+2","Personal pension income","18","£",""
"Gross income, £ per week","2008/09; 2009/10; 2010/11","3-Year average","Asian","ONS 5+2","Benefit income","218","£",""
"Gross income, £ per week","2009/10; 2010/11; 2011/12","3-Year average","Asian","ONS 5+2","Benefit income","224","£",""
"Gross income, £ per week","2010/11; 2011/12; 2012/13","3-Year average","Asian","ONS 5+2","Benefit income","216","£",""
"Gross income, £ per week","2011/12; 2012/13; 2013/14","3-Year average","Asian","ONS 5+2","Benefit income","214","£",""
"Gross income, £ per week","2012/13; 2013/14; 2014/15","3-Year average","Asian","ONS 5+2","Benefit income","208","£",""
"Gross income, £ per week","2013/14; 2014/15; 2015/16","3-Year average","Asian","ONS 5+2","Benefit income","208","£",""
"Gross income, £ per week","2014/15; 2015/16; 2016/17","3-Year average","Asian","ONS 5+2","Benefit income","204","£",""
"Gross income, £ per week","2015/16; 2016/17; 2017/18","3-Year average","Asian","ONS 5+2","Benefit income","206","£",""
"Gross income, £ per week","2016/17; 2017/18; 2018/19","3-Year average","Asian","ONS 5+2","Benefit income","211","£",""
"Gross income, £ per week","2017/18; 2018/19; 2019/20","3-Year average","Asian","ONS 5+2","Benefit income","216","£",""
"Gross income, £ per week","2008/09; 2009/10; 2010/11","3-Year average","Asian","ONS 5+2","Benefit Income of which Disability benefits","20","£",""
"Gross income, £ per week","2009/10; 2010/11; 2011/12","3-Year average","Asian","ONS 5+2","Benefit Income of which Disability benefits","22","£",""
"Gross income, £ per week","2010/11; 2011/12; 2012/13","3-Year average","Asian","ONS 5+2","Benefit Income of which Disability benefits","23","£",""
"Gross income, £ per week","2011/12; 2012/13; 2013/14","3-Year average","Asian","ONS 5+2","Benefit Income of which Disability benefits","23","£",""
"Gross income, £ per week","2012/13; 2013/14; 2014/15","3-Year average","Asian","ONS 5+2","Benefit Income of which Disability benefits","19","£",""
"Gross income, £ per week","2013/14; 2014/15; 2015/16","3-Year average","Asian","ONS 5+2","Benefit Income of which Disability benefits","18","£",""
"Gross income, £ per week","2014/15; 2015/16; 2016/17","3-Year average","Asian","ONS 5+2","Benefit Income of which Disability benefits","16","£",""
"Gross income, £ per week","2015/16; 2016/17; 2017/18","3-Year average","Asian","ONS 5+2","Benefit Income of which Disability benefits","18","£",""
"Gross income, £ per week","2016/17; 2017/18; 2018/19","3-Year average","Asian","ONS 5+2","Benefit Income of which Disability benefits","17","£",""
"Gross income, £ per week","2017/18; 2018/19; 2019/20","3-Year average","Asian","ONS 5+2","Benefit Income of which Disability benefits","18","£",""
"Gross income, £ per week","2008/09; 2009/10; 2010/11","3-Year average","Asian","ONS 5+2","Benefit Income of which Income-related benefits","43","£",""
"Gross income, £ per week","2009/10; 2010/11; 2011/12","3-Year average","Asian","ONS 5+2","Benefit Income of which Income-related benefits","51","£",""
"Gross income, £ per week","2010/11; 2011/12; 2012/13","3-Year average","Asian","ONS 5+2","Benefit Income of which Income-related benefits","52","£",""
"Gross income, £ per week","2011/12; 2012/13; 2013/14","3-Year average","Asian","ONS 5+2","Benefit Income of which Income-related benefits","51","£",""
"Gross income, £ per week","2012/13; 2013/14; 2014/15","3-Year average","Asian","ONS 5+2","Benefit Income of which Income-related benefits","47","£",""
"Gross income, £ per week","2013/14; 2014/15; 2015/16","3-Year average","Asian","ONS 5+2","Benefit Income of which Income-related benefits","45","£",""
"Gross income, £ per week","2014/15; 2015/16; 2016/17","3-Year average","Asian","ONS 5+2","Benefit Income of which Income-related benefits","43","£",""
"Gross income, £ per week","2015/16; 2016/17; 2017/18","3-Year average","Asian","ONS 5+2","Benefit Income of which Income-related benefits","41","£",""
"Gross income, £ per week","2016/17; 2017/18; 2018/19","3-Year average","Asian","ONS 5+2","Benefit Income of which Income-related benefits","39","£",""
"Gross income, £ per week","2017/18; 2018/19; 2019/20","3-Year average","Asian","ONS 5+2","Benefit Income of which Income-related benefits","43","£",""
"Gross income, £ per week","2008/09; 2009/10; 2010/11","3-Year average","Asian","ONS 5+2","Benefit Income of which State Pension","140","£",""
"Gross income, £ per week","2009/10; 2010/11; 2011/12","3-Year average","Asian","ONS 5+2","Benefit Income of which State Pension","137","£",""
"Gross income, £ per week","2010/11; 2011/12; 2012/13","3-Year average","Asian","ONS 5+2","Benefit Income of which State Pension","129","£",""
"Gross income, £ per week","2011/12; 2012/13; 2013/14","3-Year average","Asian","ONS 5+2","Benefit Income of which State Pension","129","£",""
"Gross income, £ per week","2012/13; 2013/14; 2014/15","3-Year average","Asian","ONS 5+2","Benefit Income of which State Pension","133","£",""
"Gross income, £ per week","2013/14; 2014/15; 2015/16","3-Year average","Asian","ONS 5+2","Benefit Income of which State Pension","136","£",""
"Gross income, £ per week","2014/15; 2015/16; 2016/17","3-Year average","Asian","ONS 5+2","Benefit Income of which State Pension","137","£",""
"Gross income, £ per week","2015/16; 2016/17; 2017/18","3-Year average","Asian","ONS 5+2","Benefit Income of which State Pension","136","£",""
"Gross income, £ per week","2016/17; 2017/18; 2018/19","3-Year average","Asian","ONS 5+2","Benefit Income of which State Pension","144","£",""
"Gross income, £ per week","2017/18; 2018/19; 2019/20","3-Year average","Asian","ONS 5+2","Benefit Income of which State Pension","145","£",""
"Gross income, £ per week","2008/09; 2009/10; 2010/11","3-Year average","Asian","ONS 5+2","Earnings income","90","£",""
"Gross income, £ per week","2009/10; 2010/11; 2011/12","3-Year average","Asian","ONS 5+2","Earnings income","98","£",""
"Gross income, £ per week","2010/11; 2011/12; 2012/13","3-Year average","Asian","ONS 5+2","Earnings income","106","£",""
"Gross income, £ per week","2011/12; 2012/13; 2013/14","3-Year average","Asian","ONS 5+2","Earnings income","113","£",""
"Gross income, £ per week","2012/13; 2013/14; 2014/15","3-Year average","Asian","ONS 5+2","Earnings income","112","£",""
"Gross income, £ per week","2013/14; 2014/15; 2015/16","3-Year average","Asian","ONS 5+2","Earnings income","97","£",""
"Gross income, £ per week","2014/15; 2015/16; 2016/17","3-Year average","Asian","ONS 5+2","Earnings income","106","£",""
"Gross income, £ per week","2015/16; 2016/17; 2017/18","3-Year average","Asian","ONS 5+2","Earnings income","84","£",""
"Gross income, £ per week","2016/17; 2017/18; 2018/19","3-Year average","Asian","ONS 5+2","Earnings income","89","£",""
"Gross income, £ per week","2017/18; 2018/19; 2019/20","3-Year average","Asian","ONS 5+2","Earnings income","76","£",""
"Gross income, £ per week","2008/09; 2009/10; 2010/11","3-Year average","Asian","ONS 5+2","Gross income","447","£",""
"Gross income, £ per week","2009/10; 2010/11; 2011/12","3-Year average","Asian","ONS 5+2","Gross income","463","£",""
"Gross income, £ per week","2010/11; 2011/12; 2012/13","3-Year average","Asian","ONS 5+2","Gross income","466","£",""
"Gross income, £ per week","2011/12; 2012/13; 2013/14","3-Year average","Asian","ONS 5+2","Gross income","484","£",""
"Gross income, £ per week","2012/13; 2013/14; 2014/15","3-Year average","Asian","ONS 5+2","Gross income","453","£",""
"Gross income, £ per week","2013/14; 2014/15; 2015/16","3-Year average","Asian","ONS 5+2","Gross income","427","£",""
"Gross income, £ per week","2014/15; 2015/16; 2016/17","3-Year average","Asian","ONS 5+2","Gross income","425","£",""
"Gross income, £ per week","2015/16; 2016/17; 2017/18","3-Year average","Asian","ONS 5+2","Gross income","404","£",""
"Gross income, £ per week","2016/17; 2017/18; 2018/19","3-Year average","Asian","ONS 5+2","Gross income","408","£",""
"Gross income, £ per week","2017/18; 2018/19; 2019/20","3-Year average","Asian","ONS 5+2","Gross income","391","£",""
"Gross income, £ per week","2008/09; 2009/10; 2010/11","3-Year average","Asian","ONS 5+2","Investment income","39","£",""
"Gross income, £ per week","2009/10; 2010/11; 2011/12","3-Year average","Asian","ONS 5+2","Investment income","36","£",""
"Gross income, £ per week","2010/11; 2011/12; 2012/13","3-Year average","Asian","ONS 5+2","Investment income","38","£",""
"Gross income, £ per week","2011/12; 2012/13; 2013/14","3-Year average","Asian","ONS 5+2","Investment income","43","£",""
"Gross income, £ per week","2012/13; 2013/14; 2014/15","3-Year average","Asian","ONS 5+2","Investment income","32","£",""
"Gross income, £ per week","2013/14; 2014/15; 2015/16","3-Year average","Asian","ONS 5+2","Investment income","26","£",""
"Gross income, £ per week","2014/15; 2015/16; 2016/17","3-Year average","Asian","ONS 5+2","Investment income","21","£",""
"Gross income, £ per week","2015/16; 2016/17; 2017/18","3-Year average","Asian","ONS 5+2","Investment income","26","£",""
"Gross income, £ per week","2016/17; 2017/18; 2018/19","3-Year average","Asian","ONS 5+2","Investment income","25","£",""
"Gross income, £ per week","2017/18; 2018/19; 2019/20","3-Year average","Asian","ONS 5+2","Investment income","22","£",""
"Gross income, £ per week","2008/09; 2009/10; 2010/11","3-Year average","Asian","ONS 5+2","Occupational pension income","79","£",""
"Gross income, £ per week","2009/10; 2010/11; 2011/12","3-Year average","Asian","ONS 5+2","Occupational pension income","75","£",""
"Gross income, £ per week","2010/11; 2011/12; 2012/13","3-Year average","Asian","ONS 5+2","Occupational pension income","81","£",""
"Gross income, £ per week","2011/12; 2012/13; 2013/14","3-Year average","Asian","ONS 5+2","Occupational pension income","96","£",""
"Gross income, £ per week","2012/13; 2013/14; 2014/15","3-Year average","Asian","ONS 5+2","Occupational pension income","93","£",""
"Gross income, £ per week","2013/14; 2014/15; 2015/16","3-Year average","Asian","ONS 5+2","Occupational pension income","84","£",""
"Gross income, £ per week","2014/15; 2015/16; 2016/17","3-Year average","Asian","ONS 5+2","Occupational pension income","76","£",""
"Gross income, £ per week","2015/16; 2016/17; 2017/18","3-Year average","Asian","ONS 5+2","Occupational pension income","72","£",""
"Gross income, £ per week","2016/17; 2017/18; 2018/19","3-Year average","Asian","ONS 5+2","Occupational pension income","71","£",""
"Gross income, £ per week","2017/18; 2018/19; 2019/20","3-Year average","Asian","ONS 5+2","Occupational pension income","69","£",""
"Gross income, £ per week","2008/09; 2009/10; 2010/11","3-Year average","Asian","ONS 5+2","Other income ","7","£",""
"Gross income, £ per week","2009/10; 2010/11; 2011/12","3-Year average","Asian","ONS 5+2","Other income ","6","£",""
"Gross income, £ per week","2010/11; 2011/12; 2012/13","3-Year average","Asian","ONS 5+2","Other income ","6","£",""
"Gross income, £ per week","2011/12; 2012/13; 2013/14","3-Year average","Asian","ONS 5+2","Other income ","4","£",""
"Gross income, £ per week","2012/13; 2013/14; 2014/15","3-Year average","Asian","ONS 5+2","Other income ","4","£",""
"Gross income, £ per week","2013/14; 2014/15; 2015/16","3-Year average","Asian","ONS 5+2","Other income ","6","£",""
"Gross income, £ per week","2014/15; 2015/16; 2016/17","3-Year average","Asian","ONS 5+2","Other income ","6","£",""
"Gross income, £ per week","2015/16; 2016/17; 2017/18","3-Year average","Asian","ONS 5+2","Other income ","6","£",""
"Gross income, £ per week","2016/17; 2017/18; 2018/19","3-Year average","Asian","ONS 5+2","Other income ","3","£",""
"Gross income, £ per week","2017/18; 2018/19; 2019/20","3-Year average","Asian","ONS 5+2","Other income ","2","£",""
"Gross income, £ per week","2008/09; 2009/10; 2010/11","3-Year average","Asian","ONS 5+2","Personal pension income","15","£",""
"Gross income, £ per week","2009/10; 2010/11; 2011/12","3-Year average","Asian","ONS 5+2","Personal pension income","24","£",""
"Gross income, £ per week","2010/11; 2011/12; 2012/13","3-Year average","Asian","ONS 5+2","Personal pension income","19","£",""
"Gross income, £ per week","2011/12; 2012/13; 2013/14","3-Year average","Asian","ONS 5+2","Personal pension income","14","£",""
"Gross income, £ per week","2012/13; 2013/14; 2014/15","3-Year average","Asian","ONS 5+2","Personal pension income","4","£",""
"Gross income, £ per week","2013/14; 2014/15; 2015/16","3-Year average","Asian","ONS 5+2","Personal pension income","5","£",""
"Gross income, £ per week","2014/15; 2015/16; 2016/17","3-Year average","Asian","ONS 5+2","Personal pension income","11","£",""
"Gross income, £ per week","2015/16; 2016/17; 2017/18","3-Year average","Asian","ONS 5+2","Personal pension income","10","£",""
"Gross income, £ per week","2016/17; 2017/18; 2018/19","3-Year average","Asian","ONS 5+2","Personal pension income","10","£",""
"Gross income, £ per week","2017/18; 2018/19; 2019/20","3-Year average","Asian","ONS 5+2","Personal pension income","5","£",""
"Gross income, £ per week","2008/09; 2009/10; 2010/11","3-Year average","Black","ONS 5+2","Benefit income","224","£",""
"Gross income, £ per week","2009/10; 2010/11; 2011/12","3-Year average","Black","ONS 5+2","Benefit income","236","£",""
"Gross income, £ per week","2010/11; 2011/12; 2012/13","3-Year average","Black","ONS 5+2","Benefit income","228","£",""
"Gross income, £ per week","2011/12; 2012/13; 2013/14","3-Year average","Black","ONS 5+2","Benefit income","229","£",""
"Gross income, £ per week","2012/13; 2013/14; 2014/15","3-Year average","Black","ONS 5+2","Benefit income","223","£",""
"Gross income, £ per week","2013/14; 2014/15; 2015/16","3-Year average","Black","ONS 5+2","Benefit income","227","£",""
"Gross income, £ per week","2014/15; 2015/16; 2016/17","3-Year average","Black","ONS 5+2","Benefit income","224","£",""
"Gross income, £ per week","2015/16; 2016/17; 2017/18","3-Year average","Black","ONS 5+2","Benefit income","217","£",""
"Gross income, £ per week","2016/17; 2017/18; 2018/19","3-Year average","Black","ONS 5+2","Benefit income","217","£",""
"Gross income, £ per week","2017/18; 2018/19; 2019/20","3-Year average","Black","ONS 5+2","Benefit income","222","£",""
"Gross income, £ per week","2008/09; 2009/10; 2010/11","3-Year average","Black","ONS 5+2","Benefit Income of which Disability benefits","14","£",""
"Gross income, £ per week","2009/10; 2010/11; 2011/12","3-Year average","Black","ONS 5+2","Benefit Income of which Disability benefits","17","£",""
"Gross income, £ per week","2010/11; 2011/12; 2012/13","3-Year average","Black","ONS 5+2","Benefit Income of which Disability benefits","17","£",""
"Gross income, £ per week","2011/12; 2012/13; 2013/14","3-Year average","Black","ONS 5+2","Benefit Income of which Disability benefits","19","£",""
"Gross income, £ per week","2012/13; 2013/14; 2014/15","3-Year average","Black","ONS 5+2","Benefit Income of which Disability benefits","18","£",""
"Gross income, £ per week","2013/14; 2014/15; 2015/16","3-Year average","Black","ONS 5+2","Benefit Income of which Disability benefits","19","£",""
"Gross income, £ per week","2014/15; 2015/16; 2016/17","3-Year average","Black","ONS 5+2","Benefit Income of which Disability benefits","15","£",""
"Gross income, £ per week","2015/16; 2016/17; 2017/18","3-Year average","Black","ONS 5+2","Benefit Income of which Disability benefits","16","£",""
"Gross income, £ per week","2016/17; 2017/18; 2018/19","3-Year average","Black","ONS 5+2","Benefit Income of which Disability benefits","16","£",""
"Gross income, £ per week","2017/18; 2018/19; 2019/20","3-Year average","Black","ONS 5+2","Benefit Income of which Disability benefits","19","£",""
"Gross income, £ per week","2008/09; 2009/10; 2010/11","3-Year average","Black","ONS 5+2","Benefit Income of which Income-related benefits","62","£",""
"Gross income, £ per week","2009/10; 2010/11; 2011/12","3-Year average","Black","ONS 5+2","Benefit Income of which Income-related benefits","65","£",""
"Gross income, £ per week","2010/11; 2011/12; 2012/13","3-Year average","Black","ONS 5+2","Benefit Income of which Income-related benefits","63","£",""
"Gross income, £ per week","2011/12; 2012/13; 2013/14","3-Year average","Black","ONS 5+2","Benefit Income of which Income-related benefits","64","£",""
"Gross income, £ per week","2012/13; 2013/14; 2014/15","3-Year average","Black","ONS 5+2","Benefit Income of which Income-related benefits","63","£",""
"Gross income, £ per week","2013/14; 2014/15; 2015/16","3-Year average","Black","ONS 5+2","Benefit Income of which Income-related benefits","60","£",""
"Gross income, £ per week","2014/15; 2015/16; 2016/17","3-Year average","Black","ONS 5+2","Benefit Income of which Income-related benefits","63","£",""
"Gross income, £ per week","2015/16; 2016/17; 2017/18","3-Year average","Black","ONS 5+2","Benefit Income of which Income-related benefits","52","£",""
"Gross income, £ per week","2016/17; 2017/18; 2018/19","3-Year average","Black","ONS 5+2","Benefit Income of which Income-related benefits","50","£",""
"Gross income, £ per week","2017/18; 2018/19; 2019/20","3-Year average","Black","ONS 5+2","Benefit Income of which Income-related benefits","47","£",""
"Gross income, £ per week","2008/09; 2009/10; 2010/11","3-Year average","Black","ONS 5+2","Benefit Income of which State Pension","135","£",""
"Gross income, £ per week","2009/10; 2010/11; 2011/12","3-Year average","Black","ONS 5+2","Benefit Income of which State Pension","143","£",""
"Gross income, £ per week","2010/11; 2011/12; 2012/13","3-Year average","Black","ONS 5+2","Benefit Income of which State Pension","138","£",""
"Gross income, £ per week","2011/12; 2012/13; 2013/14","3-Year average","Black","ONS 5+2","Benefit Income of which State Pension","138","£",""
"Gross income, £ per week","2012/13; 2013/14; 2014/15","3-Year average","Black","ONS 5+2","Benefit Income of which State Pension","135","£",""
"Gross income, £ per week","2013/14; 2014/15; 2015/16","3-Year average","Black","ONS 5+2","Benefit Income of which State Pension","141","£",""
"Gross income, £ per week","2014/15; 2015/16; 2016/17","3-Year average","Black","ONS 5+2","Benefit Income of which State Pension","138","£",""
"Gross income, £ per week","2015/16; 2016/17; 2017/18","3-Year average","Black","ONS 5+2","Benefit Income of which State Pension","142","£",""
"Gross income, £ per week","2016/17; 2017/18; 2018/19","3-Year average","Black","ONS 5+2","Benefit Income of which State Pension","145","£",""
"Gross income, £ per week","2017/18; 2018/19; 2019/20","3-Year average","Black","ONS 5+2","Benefit Income of which State Pension","150","£",""
"Gross income, £ per week","2008/09; 2009/10; 2010/11","3-Year average","Black","ONS 5+2","Earnings income","111","£",""
"Gross income, £ per week","2009/10; 2010/11; 2011/12","3-Year average","Black","ONS 5+2","Earnings income","97","£",""
"Gross income, £ per week","2010/11; 2011/12; 2012/13","3-Year average","Black","ONS 5+2","Earnings income","84","£",""
"Gross income, £ per week","2011/12; 2012/13; 2013/14","3-Year average","Black","ONS 5+2","Earnings income","69","£",""
"Gross income, £ per week","2012/13; 2013/14; 2014/15","3-Year average","Black","ONS 5+2","Earnings income","81","£",""
"Gross income, £ per week","2013/14; 2014/15; 2015/16","3-Year average","Black","ONS 5+2","Earnings income","80","£",""
"Gross income, £ per week","2014/15; 2015/16; 2016/17","3-Year average","Black","ONS 5+2","Earnings income","97","£",""
"Gross income, £ per week","2015/16; 2016/17; 2017/18","3-Year average","Black","ONS 5+2","Earnings income","92","£",""
"Gross income, £ per week","2016/17; 2017/18; 2018/19","3-Year average","Black","ONS 5+2","Earnings income","115","£",""
"Gross income, £ per week","2017/18; 2018/19; 2019/20","3-Year average","Black","ONS 5+2","Earnings income","91","£",""
"Gross income, £ per week","2008/09; 2009/10; 2010/11","3-Year average","Black","ONS 5+2","Gross income","420","£",""
"Gross income, £ per week","2009/10; 2010/11; 2011/12","3-Year average","Black","ONS 5+2","Gross income","420","£",""
"Gross income, £ per week","2010/11; 2011/12; 2012/13","3-Year average","Black","ONS 5+2","Gross income","393","£",""
"Gross income, £ per week","2011/12; 2012/13; 2013/14","3-Year average","Black","ONS 5+2","Gross income","385","£",""
"Gross income, £ per week","2012/13; 2013/14; 2014/15","3-Year average","Black","ONS 5+2","Gross income","398","£",""
"Gross income, £ per week","2013/14; 2014/15; 2015/16","3-Year average","Black","ONS 5+2","Gross income","400","£",""
"Gross income, £ per week","2014/15; 2015/16; 2016/17","3-Year average","Black","ONS 5+2","Gross income","404","£",""
"Gross income, £ per week","2015/16; 2016/17; 2017/18","3-Year average","Black","ONS 5+2","Gross income","387","£",""
"Gross income, £ per week","2016/17; 2017/18; 2018/19","3-Year average","Black","ONS 5+2","Gross income","433","£",""
"Gross income, £ per week","2017/18; 2018/19; 2019/20","3-Year average","Black","ONS 5+2","Gross income","412","£",""
"Gross income, £ per week","2008/09; 2009/10; 2010/11","3-Year average","Black","ONS 5+2","Investment income","5","£",""
"Gross income, £ per week","2009/10; 2010/11; 2011/12","3-Year average","Black","ONS 5+2","Investment income","6","£",""
"Gross income, £ per week","2010/11; 2011/12; 2012/13","3-Year average","Black","ONS 5+2","Investment income","4","£",""
"Gross income, £ per week","2011/12; 2012/13; 2013/14","3-Year average","Black","ONS 5+2","Investment income","6","£",""
"Gross income, £ per week","2012/13; 2013/14; 2014/15","3-Year average","Black","ONS 5+2","Investment income","5","£",""
"Gross income, £ per week","2013/14; 2014/15; 2015/16","3-Year average","Black","ONS 5+2","Investment income","5","£",""
"Gross income, £ per week","2014/15; 2015/16; 2016/17","3-Year average","Black","ONS 5+2","Investment income","3","£",""
"Gross income, £ per week","2015/16; 2016/17; 2017/18","3-Year average","Black","ONS 5+2","Investment income","3","£",""
"Gross income, £ per week","2016/17; 2017/18; 2018/19","3-Year average","Black","ONS 5+2","Investment income","16","£",""
"Gross income, £ per week","2017/18; 2018/19; 2019/20","3-Year average","Black","ONS 5+2","Investment income","19","£",""
"Gross income, £ per week","2008/09; 2009/10; 2010/11","3-Year average","Black","ONS 5+2","Occupational pension income","74","£",""
"Gross income, £ per week","2009/10; 2010/11; 2011/12","3-Year average","Black","ONS 5+2","Occupational pension income","72","£",""
"Gross income, £ per week","2010/11; 2011/12; 2012/13","3-Year average","Black","ONS 5+2","Occupational pension income","68","£",""
"Gross income, £ per week","2011/12; 2012/13; 2013/14","3-Year average","Black","ONS 5+2","Occupational pension income","70","£",""
"Gross income, £ per week","2012/13; 2013/14; 2014/15","3-Year average","Black","ONS 5+2","Occupational pension income","80","£",""
"Gross income, £ per week","2013/14; 2014/15; 2015/16","3-Year average","Black","ONS 5+2","Occupational pension income","79","£",""
"Gross income, £ per week","2014/15; 2015/16; 2016/17","3-Year average","Black","ONS 5+2","Occupational pension income","71","£",""
"Gross income, £ per week","2015/16; 2016/17; 2017/18","3-Year average","Black","ONS 5+2","Occupational pension income","65","£",""
"Gross income, £ per week","2016/17; 2017/18; 2018/19","3-Year average","Black","ONS 5+2","Occupational pension income","75","£",""
"Gross income, £ per week","2017/18; 2018/19; 2019/20","3-Year average","Black","ONS 5+2","Occupational pension income","72","£",""
"Gross income, £ per week","2008/09; 2009/10; 2010/11","3-Year average","Black","ONS 5+2","Other income ","3","£",""
"Gross income, £ per week","2009/10; 2010/11; 2011/12","3-Year average","Black","ONS 5+2","Other income ","5","£",""
"Gross income, £ per week","2010/11; 2011/12; 2012/13","3-Year average","Black","ONS 5+2","Other income ","4","£",""
"Gross income, £ per week","2011/12; 2012/13; 2013/14","3-Year average","Black","ONS 5+2","Other income ","4","£",""
"Gross income, £ per week","2012/13; 2013/14; 2014/15","3-Year average","Black","ONS 5+2","Other income ","2","£",""
"Gross income, £ per week","2013/14; 2014/15; 2015/16","3-Year average","Black","ONS 5+2","Other income ","2","£",""
"Gross income, £ per week","2014/15; 2015/16; 2016/17","3-Year average","Black","ONS 5+2","Other income ","3","£",""
"Gross income, £ per week","2015/16; 2016/17; 2017/18","3-Year average","Black","ONS 5+2","Other income ","5","£",""
"Gross income, £ per week","2016/17; 2017/18; 2018/19","3-Year average","Black","ONS 5+2","Other income ","6","£",""
"Gross income, £ per week","2017/18; 2018/19; 2019/20","3-Year average","Black","ONS 5+2","Other income ","5","£",""
"Gross income, £ per week","2008/09; 2009/10; 2010/11","3-Year average","Black","ONS 5+2","Personal pension income","4","£",""
"Gross income, £ per week","2009/10; 2010/11; 2011/12","3-Year average","Black","ONS 5+2","Personal pension income","4","£",""
"Gross income, £ per week","2010/11; 2011/12; 2012/13","3-Year average","Black","ONS 5+2","Personal pension income","4","£",""
"Gross income, £ per week","2011/12; 2012/13; 2013/14","3-Year average","Black","ONS 5+2","Personal pension income","7","£",""
"Gross income, £ per week","2012/13; 2013/14; 2014/15","3-Year average","Black","ONS 5+2","Personal pension income","7","£",""
"Gross income, £ per week","2013/14; 2014/15; 2015/16","3-Year average","Black","ONS 5+2","Personal pension income","7","£",""
"Gross income, £ per week","2014/15; 2015/16; 2016/17","3-Year average","Black","ONS 5+2","Personal pension income","5","£",""
"Gross income, £ per week","2015/16; 2016/17; 2017/18","3-Year average","Black","ONS 5+2","Personal pension income","5","£",""
"Gross income, £ per week","2016/17; 2017/18; 2018/19","3-Year average","Black","ONS 5+2","Personal pension income","5","£",""
"Gross income, £ per week","2017/18; 2018/19; 2019/20","3-Year average","Black","ONS 5+2","Personal pension income","4","£",""
"Gross income, £ per week","2008/09; 2009/10; 2010/11","3-Year average","Mixed","ONS 5+2","Benefit income","211","£",""
"Gross income, £ per week","2009/10; 2010/11; 2011/12","3-Year average","Mixed","ONS 5+2","Benefit income","218","£",""
"Gross income, £ per week","2010/11; 2011/12; 2012/13","3-Year average","Mixed","ONS 5+2","Benefit income","..","£","Value not available due to small sample size"
"Gross income, £ per week","2011/12; 2012/13; 2013/14","3-Year average","Mixed","ONS 5+2","Benefit income","..","£","Value not available due to small sample size"
"Gross income, £ per week","2012/13; 2013/14; 2014/15","3-Year average","Mixed","ONS 5+2","Benefit income","211","£",""
"Gross income, £ per week","2013/14; 2014/15; 2015/16","3-Year average","Mixed","ONS 5+2","Benefit income","228","£",""
"Gross income, £ per week","2014/15; 2015/16; 2016/17","3-Year average","Mixed","ONS 5+2","Benefit income","221","£",""
"Gross income, £ per week","2015/16; 2016/17; 2017/18","3-Year average","Mixed","ONS 5+2","Benefit income","223","£",""
"Gross income, £ per week","2016/17; 2017/18; 2018/19","3-Year average","Mixed","ONS 5+2","Benefit income","238","£",""
"Gross income, £ per week","2017/18; 2018/19; 2019/20","3-Year average","Mixed","ONS 5+2","Benefit income","238","£",""
"Gross income, £ per week","2008/09; 2009/10; 2010/11","3-Year average","Mixed","ONS 5+2","Benefit Income of which Disability benefits","11","£",""
"Gross income, £ per week","2009/10; 2010/11; 2011/12","3-Year average","Mixed","ONS 5+2","Benefit Income of which Disability benefits","8","£",""
"Gross income, £ per week","2010/11; 2011/12; 2012/13","3-Year average","Mixed","ONS 5+2","Benefit Income of which Disability benefits","..","£","Value not available due to small sample size"
"Gross income, £ per week","2011/12; 2012/13; 2013/14","3-Year average","Mixed","ONS 5+2","Benefit Income of which Disability benefits","..","£","Value not available due to small sample size"
"Gross income, £ per week","2012/13; 2013/14; 2014/15","3-Year average","Mixed","ONS 5+2","Benefit Income of which Disability benefits","17","£",""
"Gross income, £ per week","2013/14; 2014/15; 2015/16","3-Year average","Mixed","ONS 5+2","Benefit Income of which Disability benefits","26","£",""
"Gross income, £ per week","2014/15; 2015/16; 2016/17","3-Year average","Mixed","ONS 5+2","Benefit Income of which Disability benefits","19","£",""
"Gross income, £ per week","2015/16; 2016/17; 2017/18","3-Year average","Mixed","ONS 5+2","Benefit Income of which Disability benefits","16","£",""
"Gross income, £ per week","2016/17; 2017/18; 2018/19","3-Year average","Mixed","ONS 5+2","Benefit Income of which Disability benefits","9","£",""
"Gross income, £ per week","2017/18; 2018/19; 2019/20","3-Year average","Mixed","ONS 5+2","Benefit Income of which Disability benefits","10","£",""
"Gross income, £ per week","2008/09; 2009/10; 2010/11","3-Year average","Mixed","ONS 5+2","Benefit Income of which Income-related benefits","48","£",""
"Gross income, £ per week","2009/10; 2010/11; 2011/12","3-Year average","Mixed","ONS 5+2","Benefit Income of which Income-related benefits","53","£",""
"Gross income, £ per week","2010/11; 2011/12; 2012/13","3-Year average","Mixed","ONS 5+2","Benefit Income of which Income-related benefits","..","£","Value not available due to small sample size"
"Gross income, £ per week","2011/12; 2012/13; 2013/14","3-Year average","Mixed","ONS 5+2","Benefit Income of which Income-related benefits","..","£","Value not available due to small sample size"
"Gross income, £ per week","2012/13; 2013/14; 2014/15","3-Year average","Mixed","ONS 5+2","Benefit Income of which Income-related benefits","30","£",""
"Gross income, £ per week","2013/14; 2014/15; 2015/16","3-Year average","Mixed","ONS 5+2","Benefit Income of which Income-related benefits","41","£",""
"Gross income, £ per week","2014/15; 2015/16; 2016/17","3-Year average","Mixed","ONS 5+2","Benefit Income of which Income-related benefits","45","£",""
"Gross income, £ per week","2015/16; 2016/17; 2017/18","3-Year average","Mixed","ONS 5+2","Benefit Income of which Income-related benefits","40","£",""
"Gross income, £ per week","2016/17; 2017/18; 2018/19","3-Year average","Mixed","ONS 5+2","Benefit Income of which Income-related benefits","44","£",""
"Gross income, £ per week","2017/18; 2018/19; 2019/20","3-Year average","Mixed","ONS 5+2","Benefit Income of which Income-related benefits","45","£",""
"Gross income, £ per week","2008/09; 2009/10; 2010/11","3-Year average","Mixed","ONS 5+2","Benefit Income of which State Pension","138","£",""
"Gross income, £ per week","2009/10; 2010/11; 2011/12","3-Year average","Mixed","ONS 5+2","Benefit Income of which State Pension","144","£",""
"Gross income, £ per week","2010/11; 2011/12; 2012/13","3-Year average","Mixed","ONS 5+2","Benefit Income of which State Pension","..","£","Value not available due to small sample size"
"Gross income, £ per week","2011/12; 2012/13; 2013/14","3-Year average","Mixed","ONS 5+2","Benefit Income of which State Pension","..","£","Value not available due to small sample size"
"Gross income, £ per week","2012/13; 2013/14; 2014/15","3-Year average","Mixed","ONS 5+2","Benefit Income of which State Pension","159","£",""
"Gross income, £ per week","2013/14; 2014/15; 2015/16","3-Year average","Mixed","ONS 5+2","Benefit Income of which State Pension","156","£",""
"Gross income, £ per week","2014/15; 2015/16; 2016/17","3-Year average","Mixed","ONS 5+2","Benefit Income of which State Pension","153","£",""
"Gross income, £ per week","2015/16; 2016/17; 2017/18","3-Year average","Mixed","ONS 5+2","Benefit Income of which State Pension","163","£",""
"Gross income, £ per week","2016/17; 2017/18; 2018/19","3-Year average","Mixed","ONS 5+2","Benefit Income of which State Pension","180","£",""
"Gross income, £ per week","2017/18; 2018/19; 2019/20","3-Year average","Mixed","ONS 5+2","Benefit Income of which State Pension","178","£",""
"Gross income, £ per week","2008/09; 2009/10; 2010/11","3-Year average","Mixed","ONS 5+2","Earnings income","105","£",""
"Gross income, £ per week","2009/10; 2010/11; 2011/12","3-Year average","Mixed","ONS 5+2","Earnings income","127","£",""
"Gross income, £ per week","2010/11; 2011/12; 2012/13","3-Year average","Mixed","ONS 5+2","Earnings income","..","£","Value not available due to small sample size"
"Gross income, £ per week","2011/12; 2012/13; 2013/14","3-Year average","Mixed","ONS 5+2","Earnings income","..","£","Value not available due to small sample size"
"Gross income, £ per week","2012/13; 2013/14; 2014/15","3-Year average","Mixed","ONS 5+2","Earnings income","90","£",""
"Gross income, £ per week","2013/14; 2014/15; 2015/16","3-Year average","Mixed","ONS 5+2","Earnings income","136","£",""
"Gross income, £ per week","2014/15; 2015/16; 2016/17","3-Year average","Mixed","ONS 5+2","Earnings income","183","£",""
"Gross income, £ per week","2015/16; 2016/17; 2017/18","3-Year average","Mixed","ONS 5+2","Earnings income","165","£",""
"Gross income, £ per week","2016/17; 2017/18; 2018/19","3-Year average","Mixed","ONS 5+2","Earnings income","150","£",""
"Gross income, £ per week","2017/18; 2018/19; 2019/20","3-Year average","Mixed","ONS 5+2","Earnings income","87","£",""
"Gross income, £ per week","2008/09; 2009/10; 2010/11","3-Year average","Mixed","ONS 5+2","Gross income","467","£",""
"Gross income, £ per week","2009/10; 2010/11; 2011/12","3-Year average","Mixed","ONS 5+2","Gross income","539","£",""
"Gross income, £ per week","2010/11; 2011/12; 2012/13","3-Year average","Mixed","ONS 5+2","Gross income","..","£","Value not available due to small sample size"
"Gross income, £ per week","2011/12; 2012/13; 2013/14","3-Year average","Mixed","ONS 5+2","Gross income","..","£","Value not available due to small sample size"
"Gross income, £ per week","2012/13; 2013/14; 2014/15","3-Year average","Mixed","ONS 5+2","Gross income","474","£",""
"Gross income, £ per week","2013/14; 2014/15; 2015/16","3-Year average","Mixed","ONS 5+2","Gross income","513","£",""
"Gross income, £ per week","2014/15; 2015/16; 2016/17","3-Year average","Mixed","ONS 5+2","Gross income","530","£",""
"Gross income, £ per week","2015/16; 2016/17; 2017/18","3-Year average","Mixed","ONS 5+2","Gross income","506","£",""
"Gross income, £ per week","2016/17; 2017/18; 2018/19","3-Year average","Mixed","ONS 5+2","Gross income","563","£",""
"Gross income, £ per week","2017/18; 2018/19; 2019/20","3-Year average","Mixed","ONS 5+2","Gross income","515","£",""
"Gross income, £ per week","2008/09; 2009/10; 2010/11","3-Year average","Mixed","ONS 5+2","Investment income","17","£",""
"Gross income, £ per week","2009/10; 2010/11; 2011/12","3-Year average","Mixed","ONS 5+2","Investment income","13","£",""
"Gross income, £ per week","2010/11; 2011/12; 2012/13","3-Year average","Mixed","ONS 5+2","Investment income","..","£","Value not available due to small sample size"
"Gross income, £ per week","2011/12; 2012/13; 2013/14","3-Year average","Mixed","ONS 5+2","Investment income","..","£","Value not available due to small sample size"
"Gross income, £ per week","2012/13; 2013/14; 2014/15","3-Year average","Mixed","ONS 5+2","Investment income","9","£",""
"Gross income, £ per week","2013/14; 2014/15; 2015/16","3-Year average","Mixed","ONS 5+2","Investment income","11","£",""
"Gross income, £ per week","2014/15; 2015/16; 2016/17","3-Year average","Mixed","ONS 5+2","Investment income","12","£",""
"Gross income, £ per week","2015/16; 2016/17; 2017/18","3-Year average","Mixed","ONS 5+2","Investment income","16","£",""
"Gross income, £ per week","2016/17; 2017/18; 2018/19","3-Year average","Mixed","ONS 5+2","Investment income","50","£",""
"Gross income, £ per week","2017/18; 2018/19; 2019/20","3-Year average","Mixed","ONS 5+2","Investment income","49","£",""
"Gross income, £ per week","2008/09; 2009/10; 2010/11","3-Year average","Mixed","ONS 5+2","Occupational pension income","118","£",""
"Gross income, £ per week","2009/10; 2010/11; 2011/12","3-Year average","Mixed","ONS 5+2","Occupational pension income","154","£",""
"Gross income, £ per week","2010/11; 2011/12; 2012/13","3-Year average","Mixed","ONS 5+2","Occupational pension income","..","£","Value not available due to small sample size"
"Gross income, £ per week","2011/12; 2012/13; 2013/14","3-Year average","Mixed","ONS 5+2","Occupational pension income","..","£","Value not available due to small sample size"
"Gross income, £ per week","2012/13; 2013/14; 2014/15","3-Year average","Mixed","ONS 5+2","Occupational pension income","152","£",""
"Gross income, £ per week","2013/14; 2014/15; 2015/16","3-Year average","Mixed","ONS 5+2","Occupational pension income","121","£",""
"Gross income, £ per week","2014/15; 2015/16; 2016/17","3-Year average","Mixed","ONS 5+2","Occupational pension income","97","£",""
"Gross income, £ per week","2015/16; 2016/17; 2017/18","3-Year average","Mixed","ONS 5+2","Occupational pension income","85","£",""
"Gross income, £ per week","2016/17; 2017/18; 2018/19","3-Year average","Mixed","ONS 5+2","Occupational pension income","101","£",""
"Gross income, £ per week","2017/18; 2018/19; 2019/20","3-Year average","Mixed","ONS 5+2","Occupational pension income","120","£",""
"Gross income, £ per week","2008/09; 2009/10; 2010/11","3-Year average","Mixed","ONS 5+2","Other income ","5","£",""
"Gross income, £ per week","2009/10; 2010/11; 2011/12","3-Year average","Mixed","ONS 5+2","Other income ","8","£",""
"Gross income, £ per week","2010/11; 2011/12; 2012/13","3-Year average","Mixed","ONS 5+2","Other income ","..","£","Value not available due to small sample size"
"Gross income, £ per week","2011/12; 2012/13; 2013/14","3-Year average","Mixed","ONS 5+2","Other income ","..","£","Value not available due to small sample size"
"Gross income, £ per week","2012/13; 2013/14; 2014/15","3-Year average","Mixed","ONS 5+2","Other income ","6","£",""
"Gross income, £ per week","2013/14; 2014/15; 2015/16","3-Year average","Mixed","ONS 5+2","Other income ","6","£",""
"Gross income, £ per week","2014/15; 2015/16; 2016/17","3-Year average","Mixed","ONS 5+2","Other income ","8","£",""
"Gross income, £ per week","2015/16; 2016/17; 2017/18","3-Year average","Mixed","ONS 5+2","Other income ","3","£",""
"Gross income, £ per week","2016/17; 2017/18; 2018/19","3-Year average","Mixed","ONS 5+2","Other income ","5","£",""
"Gross income, £ per week","2017/18; 2018/19; 2019/20","3-Year average","Mixed","ONS 5+2","Other income ","2","£",""
"Gross income, £ per week","2008/09; 2009/10; 2010/11","3-Year average","Mixed","ONS 5+2","Personal pension income","10","£",""
"Gross income, £ per week","2009/10; 2010/11; 2011/12","3-Year average","Mixed","ONS 5+2","Personal pension income","18","£",""
"Gross income, £ per week","2010/11; 2011/12; 2012/13","3-Year average","Mixed","ONS 5+2","Personal pension income","..","£","Value not available due to small sample size"
"Gross income, £ per week","2011/12; 2012/13; 2013/14","3-Year average","Mixed","ONS 5+2","Personal pension income","..","£","Value not available due to small sample size"
"Gross income, £ per week","2012/13; 2013/14; 2014/15","3-Year average","Mixed","ONS 5+2","Personal pension income","5","£",""
"Gross income, £ per week","2013/14; 2014/15; 2015/16","3-Year average","Mixed","ONS 5+2","Personal pension income","11","£",""
"Gross income, £ per week","2014/15; 2015/16; 2016/17","3-Year average","Mixed","ONS 5+2","Personal pension income","11","£",""
"Gross income, £ per week","2015/16; 2016/17; 2017/18","3-Year average","Mixed","ONS 5+2","Personal pension income","14","£",""
"Gross income, £ per week","2016/17; 2017/18; 2018/19","3-Year average","Mixed","ONS 5+2","Personal pension income","19","£",""
"Gross income, £ per week","2017/18; 2018/19; 2019/20","3-Year average","Mixed","ONS 5+2","Personal pension income","18","£",""
"Gross income, £ per week","2008/09; 2009/10; 2010/11","3-Year average","Other","ONS 5+2","Benefit income","218","£",""
"Gross income, £ per week","2009/10; 2010/11; 2011/12","3-Year average","Other","ONS 5+2","Benefit income","207","£",""
"Gross income, £ per week","2010/11; 2011/12; 2012/13","3-Year average","Other","ONS 5+2","Benefit income","200","£",""
"Gross income, £ per week","2011/12; 2012/13; 2013/14","3-Year average","Other","ONS 5+2","Benefit income","212","£",""
"Gross income, £ per week","2012/13; 2013/14; 2014/15","3-Year average","Other","ONS 5+2","Benefit income","233","£",""
"Gross income, £ per week","2013/14; 2014/15; 2015/16","3-Year average","Other","ONS 5+2","Benefit income","230","£",""
"Gross income, £ per week","2014/15; 2015/16; 2016/17","3-Year average","Other","ONS 5+2","Benefit income","226","£",""
"Gross income, £ per week","2015/16; 2016/17; 2017/18","3-Year average","Other","ONS 5+2","Benefit income","219","£",""
"Gross income, £ per week","2016/17; 2017/18; 2018/19","3-Year average","Other","ONS 5+2","Benefit income","230","£",""
"Gross income, £ per week","2017/18; 2018/19; 2019/20","3-Year average","Other","ONS 5+2","Benefit income","216","£",""
"Gross income, £ per week","2008/09; 2009/10; 2010/11","3-Year average","Other","ONS 5+2","Benefit Income of which Disability benefits","23","£",""
"Gross income, £ per week","2009/10; 2010/11; 2011/12","3-Year average","Other","ONS 5+2","Benefit Income of which Disability benefits","18","£",""
"Gross income, £ per week","2010/11; 2011/12; 2012/13","3-Year average","Other","ONS 5+2","Benefit Income of which Disability benefits","13","£",""
"Gross income, £ per week","2011/12; 2012/13; 2013/14","3-Year average","Other","ONS 5+2","Benefit Income of which Disability benefits","12","£",""
"Gross income, £ per week","2012/13; 2013/14; 2014/15","3-Year average","Other","ONS 5+2","Benefit Income of which Disability benefits","8","£",""
"Gross income, £ per week","2013/14; 2014/15; 2015/16","3-Year average","Other","ONS 5+2","Benefit Income of which Disability benefits","4","£",""
"Gross income, £ per week","2014/15; 2015/16; 2016/17","3-Year average","Other","ONS 5+2","Benefit Income of which Disability benefits","15","£",""
"Gross income, £ per week","2015/16; 2016/17; 2017/18","3-Year average","Other","ONS 5+2","Benefit Income of which Disability benefits","18","£",""
"Gross income, £ per week","2016/17; 2017/18; 2018/19","3-Year average","Other","ONS 5+2","Benefit Income of which Disability benefits","24","£",""
"Gross income, £ per week","2017/18; 2018/19; 2019/20","3-Year average","Other","ONS 5+2","Benefit Income of which Disability benefits","12","£",""
"Gross income, £ per week","2008/09; 2009/10; 2010/11","3-Year average","Other","ONS 5+2","Benefit Income of which Income-related benefits","35","£",""
"Gross income, £ per week","2009/10; 2010/11; 2011/12","3-Year average","Other","ONS 5+2","Benefit Income of which Income-related benefits","28","£",""
"Gross income, £ per week","2010/11; 2011/12; 2012/13","3-Year average","Other","ONS 5+2","Benefit Income of which Income-related benefits","36","£",""
"Gross income, £ per week","2011/12; 2012/13; 2013/14","3-Year average","Other","ONS 5+2","Benefit Income of which Income-related benefits","48","£",""
"Gross income, £ per week","2012/13; 2013/14; 2014/15","3-Year average","Other","ONS 5+2","Benefit Income of which Income-related benefits","69","£",""
"Gross income, £ per week","2013/14; 2014/15; 2015/16","3-Year average","Other","ONS 5+2","Benefit Income of which Income-related benefits","61","£",""
"Gross income, £ per week","2014/15; 2015/16; 2016/17","3-Year average","Other","ONS 5+2","Benefit Income of which Income-related benefits","56","£",""
"Gross income, £ per week","2015/16; 2016/17; 2017/18","3-Year average","Other","ONS 5+2","Benefit Income of which Income-related benefits","46","£",""
"Gross income, £ per week","2016/17; 2017/18; 2018/19","3-Year average","Other","ONS 5+2","Benefit Income of which Income-related benefits","46","£",""
"Gross income, £ per week","2017/18; 2018/19; 2019/20","3-Year average","Other","ONS 5+2","Benefit Income of which Income-related benefits","42","£",""
"Gross income, £ per week","2008/09; 2009/10; 2010/11","3-Year average","Other","ONS 5+2","Benefit Income of which State Pension","149","£",""
"Gross income, £ per week","2009/10; 2010/11; 2011/12","3-Year average","Other","ONS 5+2","Benefit Income of which State Pension","152","£",""
"Gross income, £ per week","2010/11; 2011/12; 2012/13","3-Year average","Other","ONS 5+2","Benefit Income of which State Pension","137","£",""
"Gross income, £ per week","2011/12; 2012/13; 2013/14","3-Year average","Other","ONS 5+2","Benefit Income of which State Pension","135","£",""
"Gross income, £ per week","2012/13; 2013/14; 2014/15","3-Year average","Other","ONS 5+2","Benefit Income of which State Pension","139","£",""
"Gross income, £ per week","2013/14; 2014/15; 2015/16","3-Year average","Other","ONS 5+2","Benefit Income of which State Pension","154","£",""
"Gross income, £ per week","2014/15; 2015/16; 2016/17","3-Year average","Other","ONS 5+2","Benefit Income of which State Pension","146","£",""
"Gross income, £ per week","2015/16; 2016/17; 2017/18","3-Year average","Other","ONS 5+2","Benefit Income of which State Pension","146","£",""
"Gross income, £ per week","2016/17; 2017/18; 2018/19","3-Year average","Other","ONS 5+2","Benefit Income of which State Pension","146","£",""
"Gross income, £ per week","2017/18; 2018/19; 2019/20","3-Year average","Other","ONS 5+2","Benefit Income of which State Pension","152","£",""
"Gross income, £ per week","2008/09; 2009/10; 2010/11","3-Year average","Other","ONS 5+2","Earnings income","89","£",""
"Gross income, £ per week","2009/10; 2010/11; 2011/12","3-Year average","Other","ONS 5+2","Earnings income","99","£",""
"Gross income, £ per week","2010/11; 2011/12; 2012/13","3-Year average","Other","ONS 5+2","Earnings income","141","£",""
"Gross income, £ per week","2011/12; 2012/13; 2013/14","3-Year average","Other","ONS 5+2","Earnings income","118","£",""
"Gross income, £ per week","2012/13; 2013/14; 2014/15","3-Year average","Other","ONS 5+2","Earnings income","128","£",""
"Gross income, £ per week","2013/14; 2014/15; 2015/16","3-Year average","Other","ONS 5+2","Earnings income","126","£",""
"Gross income, £ per week","2014/15; 2015/16; 2016/17","3-Year average","Other","ONS 5+2","Earnings income","186","£",""
"Gross income, £ per week","2015/16; 2016/17; 2017/18","3-Year average","Other","ONS 5+2","Earnings income","160","£",""
"Gross income, £ per week","2016/17; 2017/18; 2018/19","3-Year average","Other","ONS 5+2","Earnings income","119","£",""
"Gross income, £ per week","2017/18; 2018/19; 2019/20","3-Year average","Other","ONS 5+2","Earnings income","103","£",""
"Gross income, £ per week","2008/09; 2009/10; 2010/11","3-Year average","Other","ONS 5+2","Gross income","511","£",""
"Gross income, £ per week","2009/10; 2010/11; 2011/12","3-Year average","Other","ONS 5+2","Gross income","517","£",""
"Gross income, £ per week","2010/11; 2011/12; 2012/13","3-Year average","Other","ONS 5+2","Gross income","570","£",""
"Gross income, £ per week","2011/12; 2012/13; 2013/14","3-Year average","Other","ONS 5+2","Gross income","577","£",""
"Gross income, £ per week","2012/13; 2013/14; 2014/15","3-Year average","Other","ONS 5+2","Gross income","654","£",""
"Gross income, £ per week","2013/14; 2014/15; 2015/16","3-Year average","Other","ONS 5+2","Gross income","607","£",""
"Gross income, £ per week","2014/15; 2015/16; 2016/17","3-Year average","Other","ONS 5+2","Gross income","646","£",""
"Gross income, £ per week","2015/16; 2016/17; 2017/18","3-Year average","Other","ONS 5+2","Gross income","595","£",""
"Gross income, £ per week","2016/17; 2017/18; 2018/19","3-Year average","Other","ONS 5+2","Gross income","529","£",""
"Gross income, £ per week","2017/18; 2018/19; 2019/20","3-Year average","Other","ONS 5+2","Gross income","543","£",""
"Gross income, £ per week","2008/09; 2009/10; 2010/11","3-Year average","Other","ONS 5+2","Investment income","51","£",""
"Gross income, £ per week","2009/10; 2010/11; 2011/12","3-Year average","Other","ONS 5+2","Investment income","47","£",""
"Gross income, £ per week","2010/11; 2011/12; 2012/13","3-Year average","Other","ONS 5+2","Investment income","48","£",""
"Gross income, £ per week","2011/12; 2012/13; 2013/14","3-Year average","Other","ONS 5+2","Investment income","48","£",""
"Gross income, £ per week","2012/13; 2013/14; 2014/15","3-Year average","Other","ONS 5+2","Investment income","79","£",""
"Gross income, £ per week","2013/14; 2014/15; 2015/16","3-Year average","Other","ONS 5+2","Investment income","78","£",""
"Gross income, £ per week","2014/15; 2015/16; 2016/17","3-Year average","Other","ONS 5+2","Investment income","83","£",""
"Gross income, £ per week","2015/16; 2016/17; 2017/18","3-Year average","Other","ONS 5+2","Investment income","71","£",""
"Gross income, £ per week","2016/17; 2017/18; 2018/19","3-Year average","Other","ONS 5+2","Investment income","53","£",""
"Gross income, £ per week","2017/18; 2018/19; 2019/20","3-Year average","Other","ONS 5+2","Investment income","77","£",""
"Gross income, £ per week","2008/09; 2009/10; 2010/11","3-Year average","Other","ONS 5+2","Occupational pension income","120","£",""
"Gross income, £ per week","2009/10; 2010/11; 2011/12","3-Year average","Other","ONS 5+2","Occupational pension income","134","£",""
"Gross income, £ per week","2010/11; 2011/12; 2012/13","3-Year average","Other","ONS 5+2","Occupational pension income","140","£",""
"Gross income, £ per week","2011/12; 2012/13; 2013/14","3-Year average","Other","ONS 5+2","Occupational pension income","154","£",""
"Gross income, £ per week","2012/13; 2013/14; 2014/15","3-Year average","Other","ONS 5+2","Occupational pension income","157","£",""
"Gross income, £ per week","2013/14; 2014/15; 2015/16","3-Year average","Other","ONS 5+2","Occupational pension income","144","£",""
"Gross income, £ per week","2014/15; 2015/16; 2016/17","3-Year average","Other","ONS 5+2","Occupational pension income","127","£",""
"Gross income, £ per week","2015/16; 2016/17; 2017/18","3-Year average","Other","ONS 5+2","Occupational pension income","134","£",""
"Gross income, £ per week","2016/17; 2017/18; 2018/19","3-Year average","Other","ONS 5+2","Occupational pension income","114","£",""
"Gross income, £ per week","2017/18; 2018/19; 2019/20","3-Year average","Other","ONS 5+2","Occupational pension income","132","£",""
"Gross income, £ per week","2008/09; 2009/10; 2010/11","3-Year average","Other","ONS 5+2","Other income ","6","£",""
"Gross income, £ per week","2009/10; 2010/11; 2011/12","3-Year average","Other","ONS 5+2","Other income ","5","£",""
"Gross income, £ per week","2010/11; 2011/12; 2012/13","3-Year average","Other","ONS 5+2","Other income ","3","£",""
"Gross income, £ per week","2011/12; 2012/13; 2013/14","3-Year average","Other","ONS 5+2","Other income ","3","£",""
"Gross income, £ per week","2012/13; 2013/14; 2014/15","3-Year average","Other","ONS 5+2","Other income ","4","£",""
"Gross income, £ per week","2013/14; 2014/15; 2015/16","3-Year average","Other","ONS 5+2","Other income ","3","£",""
"Gross income, £ per week","2014/15; 2015/16; 2016/17","3-Year average","Other","ONS 5+2","Other income ","3","£",""
"Gross income, £ per week","2015/16; 2016/17; 2017/18","3-Year average","Other","ONS 5+2","Other income ","3","£",""
"Gross income, £ per week","2016/17; 2017/18; 2018/19","3-Year average","Other","ONS 5+2","Other income ","6","£",""
"Gross income, £ per week","2017/18; 2018/19; 2019/20","3-Year average","Other","ONS 5+2","Other income ","7","£",""
"Gross income, £ per week","2008/09; 2009/10; 2010/11","3-Year average","Other","ONS 5+2","Personal pension income","27","£",""
"Gross income, £ per week","2009/10; 2010/11; 2011/12","3-Year average","Other","ONS 5+2","Personal pension income","25","£",""
"Gross income, £ per week","2010/11; 2011/12; 2012/13","3-Year average","Other","ONS 5+2","Personal pension income","37","£",""
"Gross income, £ per week","2011/12; 2012/13; 2013/14","3-Year average","Other","ONS 5+2","Personal pension income","41","£",""
"Gross income, £ per week","2012/13; 2013/14; 2014/15","3-Year average","Other","ONS 5+2","Personal pension income","54","£",""
"Gross income, £ per week","2013/14; 2014/15; 2015/16","3-Year average","Other","ONS 5+2","Personal pension income","26","£",""
"Gross income, £ per week","2014/15; 2015/16; 2016/17","3-Year average","Other","ONS 5+2","Personal pension income","21","£",""
"Gross income, £ per week","2015/16; 2016/17; 2017/18","3-Year average","Other","ONS 5+2","Personal pension income","7","£",""
"Gross income, £ per week","2016/17; 2017/18; 2018/19","3-Year average","Other","ONS 5+2","Personal pension income","7","£",""
"Gross income, £ per week","2017/18; 2018/19; 2019/20","3-Year average","Other","ONS 5+2","Personal pension income","8","£",""
"Gross income, £ per week","2008/09; 2009/10; 2010/11","3-Year average","White All","ONS 5+2","Benefit income","228","£",""
"Gross income, £ per week","2009/10; 2010/11; 2011/12","3-Year average","White All","ONS 5+2","Benefit income","230","£",""
"Gross income, £ per week","2010/11; 2011/12; 2012/13","3-Year average","White All","ONS 5+2","Benefit income","230","£",""
"Gross income, £ per week","2011/12; 2012/13; 2013/14","3-Year average","White All","ONS 5+2","Benefit income","229","£",""
"Gross income, £ per week","2012/13; 2013/14; 2014/15","3-Year average","White All","ONS 5+2","Benefit income","231","£",""
"Gross income, £ per week","2013/14; 2014/15; 2015/16","3-Year average","White All","ONS 5+2","Benefit income","232","£",""
"Gross income, £ per week","2014/15; 2015/16; 2016/17","3-Year average","White All","ONS 5+2","Benefit income","236","£",""
"Gross income, £ per week","2015/16; 2016/17; 2017/18","3-Year average","White All","ONS 5+2","Benefit income","239","£",""
"Gross income, £ per week","2016/17; 2017/18; 2018/19","3-Year average","White All","ONS 5+2","Benefit income","241","£",""
"Gross income, £ per week","2017/18; 2018/19; 2019/20","3-Year average","White All","ONS 5+2","Benefit income","243","£",""
"Gross income, £ per week","2008/09; 2009/10; 2010/11","3-Year average","White All","ONS 5+2","Benefit Income of which Disability benefits","20","£",""
"Gross income, £ per week","2009/10; 2010/11; 2011/12","3-Year average","White All","ONS 5+2","Benefit Income of which Disability benefits","20","£",""
"Gross income, £ per week","2010/11; 2011/12; 2012/13","3-Year average","White All","ONS 5+2","Benefit Income of which Disability benefits","20","£",""
"Gross income, £ per week","2011/12; 2012/13; 2013/14","3-Year average","White All","ONS 5+2","Benefit Income of which Disability benefits","19","£",""
"Gross income, £ per week","2012/13; 2013/14; 2014/15","3-Year average","White All","ONS 5+2","Benefit Income of which Disability benefits","18","£",""
"Gross income, £ per week","2013/14; 2014/15; 2015/16","3-Year average","White All","ONS 5+2","Benefit Income of which Disability benefits","17","£",""
"Gross income, £ per week","2014/15; 2015/16; 2016/17","3-Year average","White All","ONS 5+2","Benefit Income of which Disability benefits","18","£",""
"Gross income, £ per week","2015/16; 2016/17; 2017/18","3-Year average","White All","ONS 5+2","Benefit Income of which Disability benefits","18","£",""
"Gross income, £ per week","2016/17; 2017/18; 2018/19","3-Year average","White All","ONS 5+2","Benefit Income of which Disability benefits","19","£",""
"Gross income, £ per week","2017/18; 2018/19; 2019/20","3-Year average","White All","ONS 5+2","Benefit Income of which Disability benefits","18","£",""
"Gross income, £ per week","2008/09; 2009/10; 2010/11","3-Year average","White All","ONS 5+2","Benefit Income of which Income-related benefits","27","£",""
"Gross income, £ per week","2009/10; 2010/11; 2011/12","3-Year average","White All","ONS 5+2","Benefit Income of which Income-related benefits","26","£",""
"Gross income, £ per week","2010/11; 2011/12; 2012/13","3-Year average","White All","ONS 5+2","Benefit Income of which Income-related benefits","25","£",""
"Gross income, £ per week","2011/12; 2012/13; 2013/14","3-Year average","White All","ONS 5+2","Benefit Income of which Income-related benefits","24","£",""
"Gross income, £ per week","2012/13; 2013/14; 2014/15","3-Year average","White All","ONS 5+2","Benefit Income of which Income-related benefits","24","£",""
"Gross income, £ per week","2013/14; 2014/15; 2015/16","3-Year average","White All","ONS 5+2","Benefit Income of which Income-related benefits","23","£",""
"Gross income, £ per week","2014/15; 2015/16; 2016/17","3-Year average","White All","ONS 5+2","Benefit Income of which Income-related benefits","22","£",""
"Gross income, £ per week","2015/16; 2016/17; 2017/18","3-Year average","White All","ONS 5+2","Benefit Income of which Income-related benefits","22","£",""
"Gross income, £ per week","2016/17; 2017/18; 2018/19","3-Year average","White All","ONS 5+2","Benefit Income of which Income-related benefits","21","£",""
"Gross income, £ per week","2017/18; 2018/19; 2019/20","3-Year average","White All","ONS 5+2","Benefit Income of which Income-related benefits","21","£",""
"Gross income, £ per week","2008/09; 2009/10; 2010/11","3-Year average","White All","ONS 5+2","Benefit Income of which State Pension","170","£",""
"Gross income, £ per week","2009/10; 2010/11; 2011/12","3-Year average","White All","ONS 5+2","Benefit Income of which State Pension","174","£",""
"Gross income, £ per week","2010/11; 2011/12; 2012/13","3-Year average","White All","ONS 5+2","Benefit Income of which State Pension","177","£",""
"Gross income, £ per week","2011/12; 2012/13; 2013/14","3-Year average","White All","ONS 5+2","Benefit Income of which State Pension","179","£",""
"Gross income, £ per week","2012/13; 2013/14; 2014/15","3-Year average","White All","ONS 5+2","Benefit Income of which State Pension","183","£",""
"Gross income, £ per week","2013/14; 2014/15; 2015/16","3-Year average","White All","ONS 5+2","Benefit Income of which State Pension","185","£",""
"Gross income, £ per week","2014/15; 2015/16; 2016/17","3-Year average","White All","ONS 5+2","Benefit Income of which State Pension","189","£",""
"Gross income, £ per week","2015/16; 2016/17; 2017/18","3-Year average","White All","ONS 5+2","Benefit Income of which State Pension","192","£",""
"Gross income, £ per week","2016/17; 2017/18; 2018/19","3-Year average","White All","ONS 5+2","Benefit Income of which State Pension","194","£",""
"Gross income, £ per week","2017/18; 2018/19; 2019/20","3-Year average","White All","ONS 5+2","Benefit Income of which State Pension","197","£",""
"Gross income, £ per week","2008/09; 2009/10; 2010/11","3-Year average","White All","ONS 5+2","Earnings income","105","£",""
"Gross income, £ per week","2009/10; 2010/11; 2011/12","3-Year average","White All","ONS 5+2","Earnings income","105","£",""
"Gross income, £ per week","2010/11; 2011/12; 2012/13","3-Year average","White All","ONS 5+2","Earnings income","98","£",""
"Gross income, £ per week","2011/12; 2012/13; 2013/14","3-Year average","White All","ONS 5+2","Earnings income","91","£",""
"Gross income, £ per week","2012/13; 2013/14; 2014/15","3-Year average","White All","ONS 5+2","Earnings income","91","£",""
"Gross income, £ per week","2013/14; 2014/15; 2015/16","3-Year average","White All","ONS 5+2","Earnings income","89","£",""
"Gross income, £ per week","2014/15; 2015/16; 2016/17","3-Year average","White All","ONS 5+2","Earnings income","89","£",""
"Gross income, £ per week","2015/16; 2016/17; 2017/18","3-Year average","White All","ONS 5+2","Earnings income","90","£",""
"Gross income, £ per week","2016/17; 2017/18; 2018/19","3-Year average","White All","ONS 5+2","Earnings income","86","£",""
"Gross income, £ per week","2017/18; 2018/19; 2019/20","3-Year average","White All","ONS 5+2","Earnings income","82","£",""
"Gross income, £ per week","2008/09; 2009/10; 2010/11","3-Year average","White All","ONS 5+2","Gross income","534","£",""
"Gross income, £ per week","2009/10; 2010/11; 2011/12","3-Year average","White All","ONS 5+2","Gross income","541","£",""
"Gross income, £ per week","2010/11; 2011/12; 2012/13","3-Year average","White All","ONS 5+2","Gross income","536","£",""
"Gross income, £ per week","2011/12; 2012/13; 2013/14","3-Year average","White All","ONS 5+2","Gross income","534","£",""
"Gross income, £ per week","2012/13; 2013/14; 2014/15","3-Year average","White All","ONS 5+2","Gross income","544","£",""
"Gross income, £ per week","2013/14; 2014/15; 2015/16","3-Year average","White All","ONS 5+2","Gross income","552","£",""
"Gross income, £ per week","2014/15; 2015/16; 2016/17","3-Year average","White All","ONS 5+2","Gross income","561","£",""
"Gross income, £ per week","2015/16; 2016/17; 2017/18","3-Year average","White All","ONS 5+2","Gross income","562","£",""
"Gross income, £ per week","2016/17; 2017/18; 2018/19","3-Year average","White All","ONS 5+2","Gross income","564","£",""
"Gross income, £ per week","2017/18; 2018/19; 2019/20","3-Year average","White All","ONS 5+2","Gross income","564","£",""
"Gross income, £ per week","2008/09; 2009/10; 2010/11","3-Year average","White All","ONS 5+2","Investment income","43","£",""
"Gross income, £ per week","2009/10; 2010/11; 2011/12","3-Year average","White All","ONS 5+2","Investment income","40","£",""
"Gross income, £ per week","2010/11; 2011/12; 2012/13","3-Year average","White All","ONS 5+2","Investment income","38","£",""
"Gross income, £ per week","2011/12; 2012/13; 2013/14","3-Year average","White All","ONS 5+2","Investment income","40","£",""
"Gross income, £ per week","2012/13; 2013/14; 2014/15","3-Year average","White All","ONS 5+2","Investment income","42","£",""
"Gross income, £ per week","2013/14; 2014/15; 2015/16","3-Year average","White All","ONS 5+2","Investment income","46","£",""
"Gross income, £ per week","2014/15; 2015/16; 2016/17","3-Year average","White All","ONS 5+2","Investment income","44","£",""
"Gross income, £ per week","2015/16; 2016/17; 2017/18","3-Year average","White All","ONS 5+2","Investment income","43","£",""
"Gross income, £ per week","2016/17; 2017/18; 2018/19","3-Year average","White All","ONS 5+2","Investment income","43","£",""
"Gross income, £ per week","2017/18; 2018/19; 2019/20","3-Year average","White All","ONS 5+2","Investment income","46","£",""
"Gross income, £ per week","2008/09; 2009/10; 2010/11","3-Year average","White All","ONS 5+2","Occupational pension income","134","£",""
"Gross income, £ per week","2009/10; 2010/11; 2011/12","3-Year average","White All","ONS 5+2","Occupational pension income","142","£",""
"Gross income, £ per week","2010/11; 2011/12; 2012/13","3-Year average","White All","ONS 5+2","Occupational pension income","144","£",""
"Gross income, £ per week","2011/12; 2012/13; 2013/14","3-Year average","White All","ONS 5+2","Occupational pension income","149","£",""
"Gross income, £ per week","2012/13; 2013/14; 2014/15","3-Year average","White All","ONS 5+2","Occupational pension income","154","£",""
"Gross income, £ per week","2013/14; 2014/15; 2015/16","3-Year average","White All","ONS 5+2","Occupational pension income","160","£",""
"Gross income, £ per week","2014/15; 2015/16; 2016/17","3-Year average","White All","ONS 5+2","Occupational pension income","166","£",""
"Gross income, £ per week","2015/16; 2016/17; 2017/18","3-Year average","White All","ONS 5+2","Occupational pension income","165","£",""
"Gross income, £ per week","2016/17; 2017/18; 2018/19","3-Year average","White All","ONS 5+2","Occupational pension income","168","£",""
"Gross income, £ per week","2017/18; 2018/19; 2019/20","3-Year average","White All","ONS 5+2","Occupational pension income","169","£",""
"Gross income, £ per week","2008/09; 2009/10; 2010/11","3-Year average","White All","ONS 5+2","Other income ","4","£",""
"Gross income, £ per week","2009/10; 2010/11; 2011/12","3-Year average","White All","ONS 5+2","Other income ","4","£",""
"Gross income, £ per week","2010/11; 2011/12; 2012/13","3-Year average","White All","ONS 5+2","Other income ","4","£",""
"Gross income, £ per week","2011/12; 2012/13; 2013/14","3-Year average","White All","ONS 5+2","Other income ","4","£",""
"Gross income, £ per week","2012/13; 2013/14; 2014/15","3-Year average","White All","ONS 5+2","Other income ","4","£",""
"Gross income, £ per week","2013/14; 2014/15; 2015/16","3-Year average","White All","ONS 5+2","Other income ","4","£",""
"Gross income, £ per week","2014/15; 2015/16; 2016/17","3-Year average","White All","ONS 5+2","Other income ","4","£",""
"Gross income, £ per week","2015/16; 2016/17; 2017/18","3-Year average","White All","ONS 5+2","Other income ","5","£",""
"Gross income, £ per week","2016/17; 2017/18; 2018/19","3-Year average","White All","ONS 5+2","Other income ","5","£",""
"Gross income, £ per week","2017/18; 2018/19; 2019/20","3-Year average","White All","ONS 5+2","Other income ","4","£",""
"Gross income, £ per week","2008/09; 2009/10; 2010/11","3-Year average","White All","ONS 5+2","Personal pension income","19","£",""
"Gross income, £ per week","2009/10; 2010/11; 2011/12","3-Year average","White All","ONS 5+2","Personal pension income","20","£",""
"Gross income, £ per week","2010/11; 2011/12; 2012/13","3-Year average","White All","ONS 5+2","Personal pension income","20","£",""
"Gross income, £ per week","2011/12; 2012/13; 2013/14","3-Year average","White All","ONS 5+2","Personal pension income","21","£",""
"Gross income, £ per week","2012/13; 2013/14; 2014/15","3-Year average","White All","ONS 5+2","Personal pension income","22","£",""
"Gross income, £ per week","2013/14; 2014/15; 2015/16","3-Year average","White All","ONS 5+2","Personal pension income","22","£",""
"Gross income, £ per week","2014/15; 2015/16; 2016/17","3-Year average","White All","ONS 5+2","Personal pension income","23","£",""
"Gross income, £ per week","2015/16; 2016/17; 2017/18","3-Year average","White All","ONS 5+2","Personal pension income","22","£",""
"Gross income, £ per week","2016/17; 2017/18; 2018/19","3-Year average","White All","ONS 5+2","Personal pension income","21","£",""
"Gross income, £ per week","2017/18; 2018/19; 2019/20","3-Year average","White All","ONS 5+2","Personal pension income","19","£",""
"Gross income, £ per week","2008/09; 2009/10; 2010/11","3-Year average","White British","ONS 5+2","Benefit income","228","£",""
"Gross income, £ per week","2009/10; 2010/11; 2011/12","3-Year average","White British","ONS 5+2","Benefit income","230","£",""
"Gross income, £ per week","2010/11; 2011/12; 2012/13","3-Year average","White British","ONS 5+2","Benefit income","231","£",""
"Gross income, £ per week","2011/12; 2012/13; 2013/14","3-Year average","White British","ONS 5+2","Benefit income","230","£",""
"Gross income, £ per week","2012/13; 2013/14; 2014/15","3-Year average","White British","ONS 5+2","Benefit income","232","£",""
"Gross income, £ per week","2013/14; 2014/15; 2015/16","3-Year average","White British","ONS 5+2","Benefit income","233","£",""
"Gross income, £ per week","2014/15; 2015/16; 2016/17","3-Year average","White British","ONS 5+2","Benefit income","237","£",""
"Gross income, £ per week","2015/16; 2016/17; 2017/18","3-Year average","White British","ONS 5+2","Benefit income","239","£",""
"Gross income, £ per week","2016/17; 2017/18; 2018/19","3-Year average","White British","ONS 5+2","Benefit income","241","£",""
"Gross income, £ per week","2017/18; 2018/19; 2019/20","3-Year average","White British","ONS 5+2","Benefit income","244","£",""
"Gross income, £ per week","2008/09; 2009/10; 2010/11","3-Year average","White British","ONS 5+2","Benefit Income of which Disability benefits","20","£",""
"Gross income, £ per week","2009/10; 2010/11; 2011/12","3-Year average","White British","ONS 5+2","Benefit Income of which Disability benefits","20","£",""
"Gross income, £ per week","2010/11; 2011/12; 2012/13","3-Year average","White British","ONS 5+2","Benefit Income of which Disability benefits","20","£",""
"Gross income, £ per week","2011/12; 2012/13; 2013/14","3-Year average","White British","ONS 5+2","Benefit Income of which Disability benefits","19","£",""
"Gross income, £ per week","2012/13; 2013/14; 2014/15","3-Year average","White British","ONS 5+2","Benefit Income of which Disability benefits","18","£",""
"Gross income, £ per week","2013/14; 2014/15; 2015/16","3-Year average","White British","ONS 5+2","Benefit Income of which Disability benefits","18","£",""
"Gross income, £ per week","2014/15; 2015/16; 2016/17","3-Year average","White British","ONS 5+2","Benefit Income of which Disability benefits","18","£",""
"Gross income, £ per week","2015/16; 2016/17; 2017/18","3-Year average","White British","ONS 5+2","Benefit Income of which Disability benefits","18","£",""
"Gross income, £ per week","2016/17; 2017/18; 2018/19","3-Year average","White British","ONS 5+2","Benefit Income of which Disability benefits","19","£",""
"Gross income, £ per week","2017/18; 2018/19; 2019/20","3-Year average","White British","ONS 5+2","Benefit Income of which Disability benefits","18","£",""
"Gross income, £ per week","2008/09; 2009/10; 2010/11","3-Year average","White British","ONS 5+2","Benefit Income of which Income-related benefits","27","£",""
"Gross income, £ per week","2009/10; 2010/11; 2011/12","3-Year average","White British","ONS 5+2","Benefit Income of which Income-related benefits","26","£",""
"Gross income, £ per week","2010/11; 2011/12; 2012/13","3-Year average","White British","ONS 5+2","Benefit Income of which Income-related benefits","25","£",""
"Gross income, £ per week","2011/12; 2012/13; 2013/14","3-Year average","White British","ONS 5+2","Benefit Income of which Income-related benefits","24","£",""
"Gross income, £ per week","2012/13; 2013/14; 2014/15","3-Year average","White British","ONS 5+2","Benefit Income of which Income-related benefits","23","£",""
"Gross income, £ per week","2013/14; 2014/15; 2015/16","3-Year average","White British","ONS 5+2","Benefit Income of which Income-related benefits","22","£",""
"Gross income, £ per week","2014/15; 2015/16; 2016/17","3-Year average","White British","ONS 5+2","Benefit Income of which Income-related benefits","22","£",""
"Gross income, £ per week","2015/16; 2016/17; 2017/18","3-Year average","White British","ONS 5+2","Benefit Income of which Income-related benefits","21","£",""
"Gross income, £ per week","2016/17; 2017/18; 2018/19","3-Year average","White British","ONS 5+2","Benefit Income of which Income-related benefits","21","£",""
"Gross income, £ per week","2017/18; 2018/19; 2019/20","3-Year average","White British","ONS 5+2","Benefit Income of which Income-related benefits","20","£",""
"Gross income, £ per week","2008/09; 2009/10; 2010/11","3-Year average","White British","ONS 5+2","Benefit Income of which State Pension","171","£",""
"Gross income, £ per week","2009/10; 2010/11; 2011/12","3-Year average","White British","ONS 5+2","Benefit Income of which State Pension","175","£",""
"Gross income, £ per week","2010/11; 2011/12; 2012/13","3-Year average","White British","ONS 5+2","Benefit Income of which State Pension","177","£",""
"Gross income, £ per week","2011/12; 2012/13; 2013/14","3-Year average","White British","ONS 5+2","Benefit Income of which State Pension","180","£",""
"Gross income, £ per week","2012/13; 2013/14; 2014/15","3-Year average","White British","ONS 5+2","Benefit Income of which State Pension","183","£",""
"Gross income, £ per week","2013/14; 2014/15; 2015/16","3-Year average","White British","ONS 5+2","Benefit Income of which State Pension","186","£",""
"Gross income, £ per week","2014/15; 2015/16; 2016/17","3-Year average","White British","ONS 5+2","Benefit Income of which State Pension","190","£",""
"Gross income, £ per week","2015/16; 2016/17; 2017/18","3-Year average","White British","ONS 5+2","Benefit Income of which State Pension","193","£",""
"Gross income, £ per week","2016/17; 2017/18; 2018/19","3-Year average","White British","ONS 5+2","Benefit Income of which State Pension","195","£",""
"Gross income, £ per week","2017/18; 2018/19; 2019/20","3-Year average","White British","ONS 5+2","Benefit Income of which State Pension","198","£",""
"Gross income, £ per week","2008/09; 2009/10; 2010/11","3-Year average","White British","ONS 5+2","Earnings income","105","£",""
"Gross income, £ per week","2009/10; 2010/11; 2011/12","3-Year average","White British","ONS 5+2","Earnings income","105","£",""
"Gross income, £ per week","2010/11; 2011/12; 2012/13","3-Year average","White British","ONS 5+2","Earnings income","98","£",""
"Gross income, £ per week","2011/12; 2012/13; 2013/14","3-Year average","White British","ONS 5+2","Earnings income","91","£",""
"Gross income, £ per week","2012/13; 2013/14; 2014/15","3-Year average","White British","ONS 5+2","Earnings income","91","£",""
"Gross income, £ per week","2013/14; 2014/15; 2015/16","3-Year average","White British","ONS 5+2","Earnings income","89","£",""
"Gross income, £ per week","2014/15; 2015/16; 2016/17","3-Year average","White British","ONS 5+2","Earnings income","88","£",""
"Gross income, £ per week","2015/16; 2016/17; 2017/18","3-Year average","White British","ONS 5+2","Earnings income","89","£",""
"Gross income, £ per week","2016/17; 2017/18; 2018/19","3-Year average","White British","ONS 5+2","Earnings income","86","£",""
"Gross income, £ per week","2017/18; 2018/19; 2019/20","3-Year average","White British","ONS 5+2","Earnings income","82","£",""
"The percentage of pensioner units in receipt","2008/09; 2009/10; 2010/11","3-Year average","All","ONS 5+2","Other income","45","%",""
"The percentage of pensioner units in receipt","2009/10; 2010/11; 2011/12","3-Year average","All","ONS 5+2","Other income","45","%",""
"The percentage of pensioner units in receipt","2010/11; 2011/12; 2012/13","3-Year average","All","ONS 5+2","Other income","45","%",""
"The percentage of pensioner units in receipt","2011/12; 2012/13; 2013/14","3-Year average","All","ONS 5+2","Other income","46","%",""
"The percentage of pensioner units in receipt","2012/13; 2013/14; 2014/15","3-Year average","All","ONS 5+2","Other income","46","%",""
"The percentage of pensioner units in receipt","2013/14; 2014/15; 2015/16","3-Year average","All","ONS 5+2","Other income","46","%",""
"The percentage of pensioner units in receipt","2014/15; 2015/16; 2016/17","3-Year average","All","ONS 5+2","Other income","47","%",""
"The percentage of pensioner units in receipt","2015/16; 2016/17; 2017/18","3-Year average","All","ONS 5+2","Other income","47","%",""
"The percentage of pensioner units in receipt","2016/17; 2017/18; 2018/19","3-Year average","All","ONS 5+2","Other income","47","%",""
"The percentage of pensioner units in receipt","2017/18; 2018/19; 2019/20","3-Year average","All","ONS 5+2","Other income","48","%",""
"Gross income, £ per week","2008/09; 2009/10; 2010/11","3-Year average","White British","ONS 5+2","Gross income","535","£",""
"Gross income, £ per week","2009/10; 2010/11; 2011/12","3-Year average","White British","ONS 5+2","Gross income","541","£",""
"Gross income, £ per week","2010/11; 2011/12; 2012/13","3-Year average","White British","ONS 5+2","Gross income","536","£",""
"Gross income, £ per week","2011/12; 2012/13; 2013/14","3-Year average","White British","ONS 5+2","Gross income","535","£",""
"Gross income, £ per week","2012/13; 2013/14; 2014/15","3-Year average","White British","ONS 5+2","Gross income","545","£",""
"Gross income, £ per week","2013/14; 2014/15; 2015/16","3-Year average","White British","ONS 5+2","Gross income","554","£",""
"Gross income, £ per week","2014/15; 2015/16; 2016/17","3-Year average","White British","ONS 5+2","Gross income","563","£",""
"Gross income, £ per week","2015/16; 2016/17; 2017/18","3-Year average","White British","ONS 5+2","Gross income","564","£",""
"Gross income, £ per week","2016/17; 2017/18; 2018/19","3-Year average","White British","ONS 5+2","Gross income","566","£",""
"Gross income, £ per week","2017/18; 2018/19; 2019/20","3-Year average","White British","ONS 5+2","Gross income","566","£",""
"The percentage of pensioner units in receipt","2008/09; 2009/10; 2010/11","3-Year average","Asian","ONS 5+2","Other income","32","%",""
"The percentage of pensioner units in receipt","2009/10; 2010/11; 2011/12","3-Year average","Asian","ONS 5+2","Other income","36","%",""
"The percentage of pensioner units in receipt","2010/11; 2011/12; 2012/13","3-Year average","Asian","ONS 5+2","Other income","39","%",""
"The percentage of pensioner units in receipt","2011/12; 2012/13; 2013/14","3-Year average","Asian","ONS 5+2","Other income","41","%",""
"The percentage of pensioner units in receipt","2012/13; 2013/14; 2014/15","3-Year average","Asian","ONS 5+2","Other income","39","%",""
"The percentage of pensioner units in receipt","2013/14; 2014/15; 2015/16","3-Year average","Asian","ONS 5+2","Other income","41","%",""
"The percentage of pensioner units in receipt","2014/15; 2015/16; 2016/17","3-Year average","Asian","ONS 5+2","Other income","38","%",""
"The percentage of pensioner units in receipt","2015/16; 2016/17; 2017/18","3-Year average","Asian","ONS 5+2","Other income","41","%",""
"The percentage of pensioner units in receipt","2016/17; 2017/18; 2018/19","3-Year average","Asian","ONS 5+2","Other income","41","%",""
"The percentage of pensioner units in receipt","2017/18; 2018/19; 2019/20","3-Year average","Asian","ONS 5+2","Other income","41","%",""
"Gross income, £ per week","2008/09; 2009/10; 2010/11","3-Year average","White British","ONS 5+2","Investment income","43","£",""
"Gross income, £ per week","2009/10; 2010/11; 2011/12","3-Year average","White British","ONS 5+2","Investment income","40","£",""
"Gross income, £ per week","2010/11; 2011/12; 2012/13","3-Year average","White British","ONS 5+2","Investment income","38","£",""
"Gross income, £ per week","2011/12; 2012/13; 2013/14","3-Year average","White British","ONS 5+2","Investment income","39","£",""
"Gross income, £ per week","2012/13; 2013/14; 2014/15","3-Year average","White British","ONS 5+2","Investment income","42","£",""
"Gross income, £ per week","2013/14; 2014/15; 2015/16","3-Year average","White British","ONS 5+2","Investment income","46","£",""
"Gross income, £ per week","2014/15; 2015/16; 2016/17","3-Year average","White British","ONS 5+2","Investment income","44","£",""
"Gross income, £ per week","2015/16; 2016/17; 2017/18","3-Year average","White British","ONS 5+2","Investment income","43","£",""
"Gross income, £ per week","2016/17; 2017/18; 2018/19","3-Year average","White British","ONS 5+2","Investment income","43","£",""
"Gross income, £ per week","2017/18; 2018/19; 2019/20","3-Year average","White British","ONS 5+2","Investment income","46","£",""
"The percentage of pensioner units in receipt","2008/09; 2009/10; 2010/11","3-Year average","Black","ONS 5+2","Other income","29","%",""
"The percentage of pensioner units in receipt","2009/10; 2010/11; 2011/12","3-Year average","Black","ONS 5+2","Other income","40","%",""
"The percentage of pensioner units in receipt","2010/11; 2011/12; 2012/13","3-Year average","Black","ONS 5+2","Other income","44","%",""
"The percentage of pensioner units in receipt","2011/12; 2012/13; 2013/14","3-Year average","Black","ONS 5+2","Other income","46","%",""
"The percentage of pensioner units in receipt","2012/13; 2013/14; 2014/15","3-Year average","Black","ONS 5+2","Other income","45","%",""
"The percentage of pensioner units in receipt","2013/14; 2014/15; 2015/16","3-Year average","Black","ONS 5+2","Other income","46","%",""
"The percentage of pensioner units in receipt","2014/15; 2015/16; 2016/17","3-Year average","Black","ONS 5+2","Other income","48","%",""
"The percentage of pensioner units in receipt","2015/16; 2016/17; 2017/18","3-Year average","Black","ONS 5+2","Other income","48","%",""
"The percentage of pensioner units in receipt","2016/17; 2017/18; 2018/19","3-Year average","Black","ONS 5+2","Other income","49","%",""
"The percentage of pensioner units in receipt","2017/18; 2018/19; 2019/20","3-Year average","Black","ONS 5+2","Other income","50","%",""
"Gross income, £ per week","2008/09; 2009/10; 2010/11","3-Year average","White British","ONS 5+2","Occupational pension income","135","£",""
"Gross income, £ per week","2009/10; 2010/11; 2011/12","3-Year average","White British","ONS 5+2","Occupational pension income","142","£",""
"Gross income, £ per week","2010/11; 2011/12; 2012/13","3-Year average","White British","ONS 5+2","Occupational pension income","145","£",""
"Gross income, £ per week","2011/12; 2012/13; 2013/14","3-Year average","White British","ONS 5+2","Occupational pension income","150","£",""
"Gross income, £ per week","2012/13; 2013/14; 2014/15","3-Year average","White British","ONS 5+2","Occupational pension income","155","£",""
"Gross income, £ per week","2013/14; 2014/15; 2015/16","3-Year average","White British","ONS 5+2","Occupational pension income","161","£",""
"Gross income, £ per week","2014/15; 2015/16; 2016/17","3-Year average","White British","ONS 5+2","Occupational pension income","167","£",""
"Gross income, £ per week","2015/16; 2016/17; 2017/18","3-Year average","White British","ONS 5+2","Occupational pension income","166","£",""
"Gross income, £ per week","2016/17; 2017/18; 2018/19","3-Year average","White British","ONS 5+2","Occupational pension income","170","£",""
"Gross income, £ per week","2017/18; 2018/19; 2019/20","3-Year average","White British","ONS 5+2","Occupational pension income","171","£",""
"The percentage of pensioner units in receipt","2008/09; 2009/10; 2010/11","3-Year average","Mixed","ONS 5+2","Other income","..","%","Value not available due to small sample size"
"The percentage of pensioner units in receipt","2009/10; 2010/11; 2011/12","3-Year average","Mixed","ONS 5+2","Other income","..","%","Value not available due to small sample size"
"The percentage of pensioner units in receipt","2010/11; 2011/12; 2012/13","3-Year average","Mixed","ONS 5+2","Other income","..","%","Value not available due to small sample size"
"The percentage of pensioner units in receipt","2011/12; 2012/13; 2013/14","3-Year average","Mixed","ONS 5+2","Other income","..","%","Value not available due to small sample size"
"The percentage of pensioner units in receipt","2012/13; 2013/14; 2014/15","3-Year average","Mixed","ONS 5+2","Other income","..","%","Value not available due to small sample size"
"The percentage of pensioner units in receipt","2013/14; 2014/15; 2015/16","3-Year average","Mixed","ONS 5+2","Other income","..","%","Value not available due to small sample size"
"The percentage of pensioner units in receipt","2014/15; 2015/16; 2016/17","3-Year average","Mixed","ONS 5+2","Other income","..","%","Value not available due to small sample size"
"The percentage of pensioner units in receipt","2015/16; 2016/17; 2017/18","3-Year average","Mixed","ONS 5+2","Other income","..","%","Value not available due to small sample size"
"The percentage of pensioner units in receipt","2016/17; 2017/18; 2018/19","3-Year average","Mixed","ONS 5+2","Other income","..","%","Value not available due to small sample size"
"The percentage of pensioner units in receipt","2017/18; 2018/19; 2019/20","3-Year average","Mixed","ONS 5+2","Other income","..","%","Value not available due to small sample size"
"Gross income, £ per week","2008/09; 2009/10; 2010/11","3-Year average","White British","ONS 5+2","Other income ","4","£",""
"Gross income, £ per week","2009/10; 2010/11; 2011/12","3-Year average","White British","ONS 5+2","Other income ","4","£",""
"Gross income, £ per week","2010/11; 2011/12; 2012/13","3-Year average","White British","ONS 5+2","Other income ","4","£",""
"Gross income, £ per week","2011/12; 2012/13; 2013/14","3-Year average","White British","ONS 5+2","Other income ","4","£",""
"Gross income, £ per week","2012/13; 2013/14; 2014/15","3-Year average","White British","ONS 5+2","Other income ","4","£",""
"Gross income, £ per week","2013/14; 2014/15; 2015/16","3-Year average","White British","ONS 5+2","Other income ","4","£",""
"Gross income, £ per week","2014/15; 2015/16; 2016/17","3-Year average","White British","ONS 5+2","Other income ","4","£",""
"Gross income, £ per week","2015/16; 2016/17; 2017/18","3-Year average","White British","ONS 5+2","Other income ","5","£",""
"Gross income, £ per week","2016/17; 2017/18; 2018/19","3-Year average","White British","ONS 5+2","Other income ","5","£",""
"Gross income, £ per week","2017/18; 2018/19; 2019/20","3-Year average","White British","ONS 5+2","Other income ","4","£",""
"The percentage of pensioner units in receipt","2008/09; 2009/10; 2010/11","3-Year average","All","ONS 5+2","Personal pension income","16","%",""
"The percentage of pensioner units in receipt","2009/10; 2010/11; 2011/12","3-Year average","All","ONS 5+2","Personal pension income","17","%",""
"The percentage of pensioner units in receipt","2010/11; 2011/12; 2012/13","3-Year average","All","ONS 5+2","Personal pension income","17","%",""
"The percentage of pensioner units in receipt","2011/12; 2012/13; 2013/14","3-Year average","All","ONS 5+2","Personal pension income","18","%",""
"The percentage of pensioner units in receipt","2012/13; 2013/14; 2014/15","3-Year average","All","ONS 5+2","Personal pension income","18","%",""
"The percentage of pensioner units in receipt","2013/14; 2014/15; 2015/16","3-Year average","All","ONS 5+2","Personal pension income","18","%",""
"The percentage of pensioner units in receipt","2014/15; 2015/16; 2016/17","3-Year average","All","ONS 5+2","Personal pension income","19","%",""
"The percentage of pensioner units in receipt","2015/16; 2016/17; 2017/18","3-Year average","All","ONS 5+2","Personal pension income","18","%",""
"The percentage of pensioner units in receipt","2016/17; 2017/18; 2018/19","3-Year average","All","ONS 5+2","Personal pension income","18","%",""
"The percentage of pensioner units in receipt","2017/18; 2018/19; 2019/20","3-Year average","All","ONS 5+2","Personal pension income","17","%",""
"Gross income, £ per week","2008/09; 2009/10; 2010/11","3-Year average","White British","ONS 5+2","Personal pension income","20","£",""
"Gross income, £ per week","2009/10; 2010/11; 2011/12","3-Year average","White British","ONS 5+2","Personal pension income","20","£",""
"Gross income, £ per week","2010/11; 2011/12; 2012/13","3-Year average","White British","ONS 5+2","Personal pension income","21","£",""
"Gross income, £ per week","2011/12; 2012/13; 2013/14","3-Year average","White British","ONS 5+2","Personal pension income","21","£",""
"Gross income, £ per week","2012/13; 2013/14; 2014/15","3-Year average","White British","ONS 5+2","Personal pension income","22","£",""
"Gross income, £ per week","2013/14; 2014/15; 2015/16","3-Year average","White British","ONS 5+2","Personal pension income","22","£",""
"Gross income, £ per week","2014/15; 2015/16; 2016/17","3-Year average","White British","ONS 5+2","Personal pension income","23","£",""
"Gross income, £ per week","2015/16; 2016/17; 2017/18","3-Year average","White British","ONS 5+2","Personal pension income","22","£",""
"Gross income, £ per week","2016/17; 2017/18; 2018/19","3-Year average","White British","ONS 5+2","Personal pension income","21","£",""
"Gross income, £ per week","2017/18; 2018/19; 2019/20","3-Year average","White British","ONS 5+2","Personal pension income","19","£",""
"The percentage of pensioner units in receipt","2008/09; 2009/10; 2010/11","3-Year average","Asian","ONS 5+2","Personal pension income","8","%",""
"The percentage of pensioner units in receipt","2009/10; 2010/11; 2011/12","3-Year average","Asian","ONS 5+2","Personal pension income","12","%",""
"The percentage of pensioner units in receipt","2010/11; 2011/12; 2012/13","3-Year average","Asian","ONS 5+2","Personal pension income","11","%",""
"The percentage of pensioner units in receipt","2011/12; 2012/13; 2013/14","3-Year average","Asian","ONS 5+2","Personal pension income","10","%",""
"The percentage of pensioner units in receipt","2012/13; 2013/14; 2014/15","3-Year average","Asian","ONS 5+2","Personal pension income","7","%",""
"The percentage of pensioner units in receipt","2013/14; 2014/15; 2015/16","3-Year average","Asian","ONS 5+2","Personal pension income","9","%",""
"The percentage of pensioner units in receipt","2014/15; 2015/16; 2016/17","3-Year average","Asian","ONS 5+2","Personal pension income","10","%",""
"The percentage of pensioner units in receipt","2015/16; 2016/17; 2017/18","3-Year average","Asian","ONS 5+2","Personal pension income","9","%",""
"The percentage of pensioner units in receipt","2016/17; 2017/18; 2018/19","3-Year average","Asian","ONS 5+2","Personal pension income","8","%",""
"The percentage of pensioner units in receipt","2017/18; 2018/19; 2019/20","3-Year average","Asian","ONS 5+2","Personal pension income","6","%",""
"Gross income, £ per week","2008/09; 2009/10; 2010/11","3-Year average","White Other","ONS 5+2","Benefit income","223","£",""
"Gross income, £ per week","2009/10; 2010/11; 2011/12","3-Year average","White Other","ONS 5+2","Benefit income","215","£",""
"Gross income, £ per week","2010/11; 2011/12; 2012/13","3-Year average","White Other","ONS 5+2","Benefit income","216","£",""
"Gross income, £ per week","2011/12; 2012/13; 2013/14","3-Year average","White Other","ONS 5+2","Benefit income","212","£",""
"Gross income, £ per week","2012/13; 2013/14; 2014/15","3-Year average","White Other","ONS 5+2","Benefit income","220","£",""
"Gross income, £ per week","2013/14; 2014/15; 2015/16","3-Year average","White Other","ONS 5+2","Benefit income","212","£",""
"Gross income, £ per week","2014/15; 2015/16; 2016/17","3-Year average","White Other","ONS 5+2","Benefit income","212","£",""
"Gross income, £ per week","2015/16; 2016/17; 2017/18","3-Year average","White Other","ONS 5+2","Benefit income","213","£",""
"Gross income, £ per week","2016/17; 2017/18; 2018/19","3-Year average","White Other","ONS 5+2","Benefit income","219","£",""
"Gross income, £ per week","2017/18; 2018/19; 2019/20","3-Year average","White Other","ONS 5+2","Benefit income","220","£",""
"The percentage of pensioner units in receipt","2008/09; 2009/10; 2010/11","3-Year average","Black","ONS 5+2","Personal pension income","7","%",""
"The percentage of pensioner units in receipt","2009/10; 2010/11; 2011/12","3-Year average","Black","ONS 5+2","Personal pension income","7","%",""
"The percentage of pensioner units in receipt","2010/11; 2011/12; 2012/13","3-Year average","Black","ONS 5+2","Personal pension income","10","%",""
"The percentage of pensioner units in receipt","2011/12; 2012/13; 2013/14","3-Year average","Black","ONS 5+2","Personal pension income","11","%",""
"The percentage of pensioner units in receipt","2012/13; 2013/14; 2014/15","3-Year average","Black","ONS 5+2","Personal pension income","10","%",""
"The percentage of pensioner units in receipt","2013/14; 2014/15; 2015/16","3-Year average","Black","ONS 5+2","Personal pension income","8","%",""
"The percentage of pensioner units in receipt","2014/15; 2015/16; 2016/17","3-Year average","Black","ONS 5+2","Personal pension income","8","%",""
"The percentage of pensioner units in receipt","2015/16; 2016/17; 2017/18","3-Year average","Black","ONS 5+2","Personal pension income","8","%",""
"The percentage of pensioner units in receipt","2016/17; 2017/18; 2018/19","3-Year average","Black","ONS 5+2","Personal pension income","8","%",""
"The percentage of pensioner units in receipt","2017/18; 2018/19; 2019/20","3-Year average","Black","ONS 5+2","Personal pension income","6","%",""
"Gross income, £ per week","2008/09; 2009/10; 2010/11","3-Year average","White Other","ONS 5+2","Benefit Income of which Disability benefits","20","£",""
"Gross income, £ per week","2009/10; 2010/11; 2011/12","3-Year average","White Other","ONS 5+2","Benefit Income of which Disability benefits","20","£",""
"Gross income, £ per week","2010/11; 2011/12; 2012/13","3-Year average","White Other","ONS 5+2","Benefit Income of which Disability benefits","20","£",""
"Gross income, £ per week","2011/12; 2012/13; 2013/14","3-Year average","White Other","ONS 5+2","Benefit Income of which Disability benefits","16","£",""
"Gross income, £ per week","2012/13; 2013/14; 2014/15","3-Year average","White Other","ONS 5+2","Benefit Income of which Disability benefits","17","£",""
"Gross income, £ per week","2013/14; 2014/15; 2015/16","3-Year average","White Other","ONS 5+2","Benefit Income of which Disability benefits","14","£",""
"Gross income, £ per week","2014/15; 2015/16; 2016/17","3-Year average","White Other","ONS 5+2","Benefit Income of which Disability benefits","16","£",""
"Gross income, £ per week","2015/16; 2016/17; 2017/18","3-Year average","White Other","ONS 5+2","Benefit Income of which Disability benefits","16","£",""
"Gross income, £ per week","2016/17; 2017/18; 2018/19","3-Year average","White Other","ONS 5+2","Benefit Income of which Disability benefits","17","£",""
"Gross income, £ per week","2017/18; 2018/19; 2019/20","3-Year average","White Other","ONS 5+2","Benefit Income of which Disability benefits","16","£",""
"The percentage of pensioner units in receipt","2008/09; 2009/10; 2010/11","3-Year average","Mixed","ONS 5+2","Personal pension income","..","%","Value not available due to small sample size"
"The percentage of pensioner units in receipt","2009/10; 2010/11; 2011/12","3-Year average","Mixed","ONS 5+2","Personal pension income","..","%","Value not available due to small sample size"
"The percentage of pensioner units in receipt","2010/11; 2011/12; 2012/13","3-Year average","Mixed","ONS 5+2","Personal pension income","..","%","Value not available due to small sample size"
"The percentage of pensioner units in receipt","2011/12; 2012/13; 2013/14","3-Year average","Mixed","ONS 5+2","Personal pension income","..","%","Value not available due to small sample size"
"The percentage of pensioner units in receipt","2012/13; 2013/14; 2014/15","3-Year average","Mixed","ONS 5+2","Personal pension income","..","%","Value not available due to small sample size"
"The percentage of pensioner units in receipt","2013/14; 2014/15; 2015/16","3-Year average","Mixed","ONS 5+2","Personal pension income","..","%","Value not available due to small sample size"
"The percentage of pensioner units in receipt","2014/15; 2015/16; 2016/17","3-Year average","Mixed","ONS 5+2","Personal pension income","..","%","Value not available due to small sample size"
"The percentage of pensioner units in receipt","2015/16; 2016/17; 2017/18","3-Year average","Mixed","ONS 5+2","Personal pension income","..","%","Value not available due to small sample size"
"The percentage of pensioner units in receipt","2016/17; 2017/18; 2018/19","3-Year average","Mixed","ONS 5+2","Personal pension income","..","%","Value not available due to small sample size"
"The percentage of pensioner units in receipt","2017/18; 2018/19; 2019/20","3-Year average","Mixed","ONS 5+2","Personal pension income","..","%","Value not available due to small sample size"
"Net income AHC, £ per week","2008/09; 2009/10; 2010/11","3-Year average","All","ONS 5+2","Mean","409","£",""
"Net income AHC, £ per week","2008/09; 2009/10; 2010/11","3-Year average","White All","ONS 5+2","Mean","412","£",""
"Net income AHC, £ per week","2008/09; 2009/10; 2010/11","3-Year average","White British","ONS 5+2","Mean","412","£",""
"Net income AHC, £ per week","2008/09; 2009/10; 2010/11","3-Year average","White Other","ONS 5+2","Mean","393","£",""
"Net income AHC, £ per week","2008/09; 2009/10; 2010/11","3-Year average","Mixed","ONS 5+2","Mean","330","£",""
"Net income AHC, £ per week","2008/09; 2009/10; 2010/11","3-Year average","Black","ONS 5+2","Mean","296","£",""
"Net income AHC, £ per week","2008/09; 2009/10; 2010/11","3-Year average","Asian","ONS 5+2","Mean","335","£",""
"Net income AHC, £ per week","2008/09; 2009/10; 2010/11","3-Year average","Other","ONS 5+2","Mean","369","£",""
"Net income AHC, £ per week","2009/10; 2010/11; 2011/12","3-Year average","All","ONS 5+2","Mean","411","£",""
"Net income AHC, £ per week","2009/10; 2010/11; 2011/12","3-Year average","White All","ONS 5+2","Mean","415","£",""
"Net income AHC, £ per week","2009/10; 2010/11; 2011/12","3-Year average","White British","ONS 5+2","Mean","415","£",""
"Net income AHC, £ per week","2009/10; 2010/11; 2011/12","3-Year average","White Other","ONS 5+2","Mean","392","£",""
"Net income AHC, £ per week","2009/10; 2010/11; 2011/12","3-Year average","Mixed","ONS 5+2","Mean","380","£",""
"Net income AHC, £ per week","2009/10; 2010/11; 2011/12","3-Year average","Black","ONS 5+2","Mean","303","£",""
"Net income AHC, £ per week","2009/10; 2010/11; 2011/12","3-Year average","Asian","ONS 5+2","Mean","340","£",""
"Net income AHC, £ per week","2009/10; 2010/11; 2011/12","3-Year average","Other","ONS 5+2","Mean","365","£",""
"Net income AHC, £ per week","2010/11; 2011/12; 2012/13","3-Year average","All","ONS 5+2","Mean","407","£",""
"Net income AHC, £ per week","2010/11; 2011/12; 2012/13","3-Year average","White All","ONS 5+2","Mean","411","£",""
"Net income AHC, £ per week","2010/11; 2011/12; 2012/13","3-Year average","White British","ONS 5+2","Mean","412","£",""
"Net income AHC, £ per week","2010/11; 2011/12; 2012/13","3-Year average","White Other","ONS 5+2","Mean","376","£",""
"Net income AHC, £ per week","2010/11; 2011/12; 2012/13","3-Year average","Mixed","ONS 5+2","Mean","..","£","Value not available due to small sample size"
"Net income AHC, £ per week","2010/11; 2011/12; 2012/13","3-Year average","Black","ONS 5+2","Mean","283","£",""
"Net income AHC, £ per week","2010/11; 2011/12; 2012/13","3-Year average","Asian","ONS 5+2","Mean","335","£",""
"Net income AHC, £ per week","2010/11; 2011/12; 2012/13","3-Year average","Other","ONS 5+2","Mean","405","£",""
"Net income AHC, £ per week","2011/12; 2012/13; 2013/14","3-Year average","All","ONS 5+2","Mean","407","£",""
"Net income AHC, £ per week","2011/12; 2012/13; 2013/14","3-Year average","White All","ONS 5+2","Mean","410","£",""
"Net income AHC, £ per week","2011/12; 2012/13; 2013/14","3-Year average","White British","ONS 5+2","Mean","411","£",""
"Net income AHC, £ per week","2011/12; 2012/13; 2013/14","3-Year average","White Other","ONS 5+2","Mean","369","£",""
"Net income AHC, £ per week","2011/12; 2012/13; 2013/14","3-Year average","Mixed","ONS 5+2","Mean","..","£","Value not available due to small sample size"
"Net income AHC, £ per week","2011/12; 2012/13; 2013/14","3-Year average","Black","ONS 5+2","Mean","280","£",""
"Net income AHC, £ per week","2011/12; 2012/13; 2013/14","3-Year average","Asian","ONS 5+2","Mean","355","£",""
"Net income AHC, £ per week","2011/12; 2012/13; 2013/14","3-Year average","Other","ONS 5+2","Mean","417","£",""
"Net income AHC, £ per week","2012/13; 2013/14; 2014/15","3-Year average","All","ONS 5+2","Mean","416","£",""
"Net income AHC, £ per week","2012/13; 2013/14; 2014/15","3-Year average","White All","ONS 5+2","Mean","420","£",""
"Net income AHC, £ per week","2012/13; 2013/14; 2014/15","3-Year average","White British","ONS 5+2","Mean","421","£",""
"Net income AHC, £ per week","2012/13; 2013/14; 2014/15","3-Year average","White Other","ONS 5+2","Mean","370","£",""
"Net income AHC, £ per week","2012/13; 2013/14; 2014/15","3-Year average","Mixed","ONS 5+2","Mean","365","£",""
"Net income AHC, £ per week","2012/13; 2013/14; 2014/15","3-Year average","Black","ONS 5+2","Mean","291","£",""
"Net income AHC, £ per week","2012/13; 2013/14; 2014/15","3-Year average","Asian","ONS 5+2","Mean","340","£",""
"Net income AHC, £ per week","2012/13; 2013/14; 2014/15","3-Year average","Other","ONS 5+2","Mean","471","£",""
"Net income AHC, £ per week","2013/14; 2014/15; 2015/16","3-Year average","All","ONS 5+2","Mean","422","£",""
"Net income AHC, £ per week","2013/14; 2014/15; 2015/16","3-Year average","White All","ONS 5+2","Mean","427","£",""
"Net income AHC, £ per week","2013/14; 2014/15; 2015/16","3-Year average","White British","ONS 5+2","Mean","428","£",""
"Net income AHC, £ per week","2013/14; 2014/15; 2015/16","3-Year average","White Other","ONS 5+2","Mean","372","£",""
"Net income AHC, £ per week","2013/14; 2014/15; 2015/16","3-Year average","Mixed","ONS 5+2","Mean","377","£",""
"Net income AHC, £ per week","2013/14; 2014/15; 2015/16","3-Year average","Black","ONS 5+2","Mean","290","£",""
"Net income AHC, £ per week","2013/14; 2014/15; 2015/16","3-Year average","Asian","ONS 5+2","Mean","325","£",""
"Net income AHC, £ per week","2013/14; 2014/15; 2015/16","3-Year average","Other","ONS 5+2","Mean","451","£",""
"Net income AHC, £ per week","2014/15; 2015/16; 2016/17","3-Year average","All","ONS 5+2","Mean","430","£",""
"Net income AHC, £ per week","2014/15; 2015/16; 2016/17","3-Year average","White All","ONS 5+2","Mean","435","£",""
"Net income AHC, £ per week","2014/15; 2015/16; 2016/17","3-Year average","White British","ONS 5+2","Mean","437","£",""
"Net income AHC, £ per week","2014/15; 2015/16; 2016/17","3-Year average","White Other","ONS 5+2","Mean","378","£",""
"Net income AHC, £ per week","2014/15; 2015/16; 2016/17","3-Year average","Mixed","ONS 5+2","Mean","382","£",""
"Net income AHC, £ per week","2014/15; 2015/16; 2016/17","3-Year average","Black","ONS 5+2","Mean","285","£",""
"Net income AHC, £ per week","2014/15; 2015/16; 2016/17","3-Year average","Asian","ONS 5+2","Mean","320","£",""
"Net income AHC, £ per week","2014/15; 2015/16; 2016/17","3-Year average","Other","ONS 5+2","Mean","464","£",""
"Net income AHC, £ per week","2015/16; 2016/17; 2017/18","3-Year average","All","ONS 5+2","Mean","429","£",""
"Net income AHC, £ per week","2015/16; 2016/17; 2017/18","3-Year average","White All","ONS 5+2","Mean","435","£",""
"Net income AHC, £ per week","2015/16; 2016/17; 2017/18","3-Year average","White British","ONS 5+2","Mean","437","£",""
"Net income AHC, £ per week","2015/16; 2016/17; 2017/18","3-Year average","White Other","ONS 5+2","Mean","369","£",""
"Net income AHC, £ per week","2015/16; 2016/17; 2017/18","3-Year average","Mixed","ONS 5+2","Mean","373","£",""
"Net income AHC, £ per week","2015/16; 2016/17; 2017/18","3-Year average","Black","ONS 5+2","Mean","271","£",""
"Net income AHC, £ per week","2015/16; 2016/17; 2017/18","3-Year average","Asian","ONS 5+2","Mean","304","£",""
"Net income AHC, £ per week","2015/16; 2016/17; 2017/18","3-Year average","Other","ONS 5+2","Mean","438","£",""
"Net income AHC, £ per week","2016/17; 2017/18; 2018/19","3-Year average","All","ONS 5+2","Mean","431","£",""
"Net income AHC, £ per week","2016/17; 2017/18; 2018/19","3-Year average","White All","ONS 5+2","Mean","437","£",""
"Net income AHC, £ per week","2016/17; 2017/18; 2018/19","3-Year average","White British","ONS 5+2","Mean","439","£",""
"Net income AHC, £ per week","2016/17; 2017/18; 2018/19","3-Year average","White Other","ONS 5+2","Mean","365","£",""
"Net income AHC, £ per week","2016/17; 2017/18; 2018/19","3-Year average","Mixed","ONS 5+2","Mean","421","£",""
"Net income AHC, £ per week","2016/17; 2017/18; 2018/19","3-Year average","Black","ONS 5+2","Mean","305","£",""
"Net income AHC, £ per week","2016/17; 2017/18; 2018/19","3-Year average","Asian","ONS 5+2","Mean","307","£",""
"Net income AHC, £ per week","2016/17; 2017/18; 2018/19","3-Year average","Other","ONS 5+2","Mean","383","£",""
"Net income AHC, £ per week","2017/18; 2018/19; 2019/20","3-Year average","All","ONS 5+2","Mean","431","£",""
"Net income AHC, £ per week","2017/18; 2018/19; 2019/20","3-Year average","White All","ONS 5+2","Mean","437","£",""
"Net income AHC, £ per week","2017/18; 2018/19; 2019/20","3-Year average","White British","ONS 5+2","Mean","439","£",""
"Net income AHC, £ per week","2017/18; 2018/19; 2019/20","3-Year average","White Other","ONS 5+2","Mean","352","£",""
"Net income AHC, £ per week","2017/18; 2018/19; 2019/20","3-Year average","Mixed","ONS 5+2","Mean","375","£",""
"Net income AHC, £ per week","2017/18; 2018/19; 2019/20","3-Year average","Black","ONS 5+2","Mean","296","£",""
"Net income AHC, £ per week","2017/18; 2018/19; 2019/20","3-Year average","Asian","ONS 5+2","Mean","297","£",""
"Net income AHC, £ per week","2017/18; 2018/19; 2019/20","3-Year average","Other","ONS 5+2","Mean","390","£",""
"Net income AHC, £ per week","2008/09; 2009/10; 2010/11","3-Year average","All","ONS 5+2","Median","312","£",""
"Net income AHC, £ per week","2008/09; 2009/10; 2010/11","3-Year average","White All","ONS 5+2","Median","315","£",""
"Net income AHC, £ per week","2008/09; 2009/10; 2010/11","3-Year average","White British","ONS 5+2","Median","316","£",""
"Net income AHC, £ per week","2008/09; 2009/10; 2010/11","3-Year average","White Other","ONS 5+2","Median","294","£",""
"Net income AHC, £ per week","2008/09; 2009/10; 2010/11","3-Year average","Mixed","ONS 5+2","Median","257","£",""
"Net income AHC, £ per week","2008/09; 2009/10; 2010/11","3-Year average","Black","ONS 5+2","Median","225","£",""
"Net income AHC, £ per week","2008/09; 2009/10; 2010/11","3-Year average","Asian","ONS 5+2","Median","237","£",""
"Net income AHC, £ per week","2008/09; 2009/10; 2010/11","3-Year average","Other","ONS 5+2","Median","268","£",""
"Net income AHC, £ per week","2009/10; 2010/11; 2011/12","3-Year average","All","ONS 5+2","Median","314","£",""
"Net income AHC, £ per week","2009/10; 2010/11; 2011/12","3-Year average","White All","ONS 5+2","Median","317","£",""
"Net income AHC, £ per week","2009/10; 2010/11; 2011/12","3-Year average","White British","ONS 5+2","Median","318","£",""
"Net income AHC, £ per week","2009/10; 2010/11; 2011/12","3-Year average","White Other","ONS 5+2","Median","270","£",""
"Net income AHC, £ per week","2009/10; 2010/11; 2011/12","3-Year average","Mixed","ONS 5+2","Median","292","£",""
"Net income AHC, £ per week","2009/10; 2010/11; 2011/12","3-Year average","Black","ONS 5+2","Median","242","£",""
"Net income AHC, £ per week","2009/10; 2010/11; 2011/12","3-Year average","Asian","ONS 5+2","Median","246","£",""
"Net income AHC, £ per week","2009/10; 2010/11; 2011/12","3-Year average","Other","ONS 5+2","Median","256","£",""
"Net income AHC, £ per week","2010/11; 2011/12; 2012/13","3-Year average","All","ONS 5+2","Median","313","£",""
"Net income AHC, £ per week","2010/11; 2011/12; 2012/13","3-Year average","White All","ONS 5+2","Median","317","£",""
"Net income AHC, £ per week","2010/11; 2011/12; 2012/13","3-Year average","White British","ONS 5+2","Median","318","£",""
"Net income AHC, £ per week","2010/11; 2011/12; 2012/13","3-Year average","White Other","ONS 5+2","Median","254","£",""
"Net income AHC, £ per week","2010/11; 2011/12; 2012/13","3-Year average","Mixed","ONS 5+2","Median","..","£","Value not available due to small sample size"
"Net income AHC, £ per week","2010/11; 2011/12; 2012/13","3-Year average","Black","ONS 5+2","Median","228","£",""
"Net income AHC, £ per week","2010/11; 2011/12; 2012/13","3-Year average","Asian","ONS 5+2","Median","244","£",""
"Net income AHC, £ per week","2010/11; 2011/12; 2012/13","3-Year average","Other","ONS 5+2","Median","257","£",""
"Net income AHC, £ per week","2011/12; 2012/13; 2013/14","3-Year average","All","ONS 5+2","Median","311","£",""
"Net income AHC, £ per week","2011/12; 2012/13; 2013/14","3-Year average","White All","ONS 5+2","Median","315","£",""
"Net income AHC, £ per week","2011/12; 2012/13; 2013/14","3-Year average","White British","ONS 5+2","Median","316","£",""
"Net income AHC, £ per week","2011/12; 2012/13; 2013/14","3-Year average","White Other","ONS 5+2","Median","246","£",""
"Net income AHC, £ per week","2011/12; 2012/13; 2013/14","3-Year average","Mixed","ONS 5+2","Median","..","£","Value not available due to small sample size"
"Net income AHC, £ per week","2011/12; 2012/13; 2013/14","3-Year average","Black","ONS 5+2","Median","239","£",""
"Net income AHC, £ per week","2011/12; 2012/13; 2013/14","3-Year average","Asian","ONS 5+2","Median","254","£",""
"Net income AHC, £ per week","2011/12; 2012/13; 2013/14","3-Year average","Other","ONS 5+2","Median","244","£",""
"Net income AHC, £ per week","2012/13; 2013/14; 2014/15","3-Year average","All","ONS 5+2","Median","316","£",""
"Net income AHC, £ per week","2012/13; 2013/14; 2014/15","3-Year average","White All","ONS 5+2","Median","320","£",""
"Net income AHC, £ per week","2012/13; 2013/14; 2014/15","3-Year average","White British","ONS 5+2","Median","322","£",""
"Net income AHC, £ per week","2012/13; 2013/14; 2014/15","3-Year average","White Other","ONS 5+2","Median","261","£",""
"Net income AHC, £ per week","2012/13; 2013/14; 2014/15","3-Year average","Mixed","ONS 5+2","Median","343","£",""
"Net income AHC, £ per week","2012/13; 2013/14; 2014/15","3-Year average","Black","ONS 5+2","Median","226","£",""
"Net income AHC, £ per week","2012/13; 2013/14; 2014/15","3-Year average","Asian","ONS 5+2","Median","241","£",""
"Net income AHC, £ per week","2012/13; 2013/14; 2014/15","3-Year average","Other","ONS 5+2","Median","262","£",""
"Net income AHC, £ per week","2013/14; 2014/15; 2015/16","3-Year average","All","ONS 5+2","Median","317","£",""
"Net income AHC, £ per week","2013/14; 2014/15; 2015/16","3-Year average","White All","ONS 5+2","Median","322","£",""
"Net income AHC, £ per week","2013/14; 2014/15; 2015/16","3-Year average","White British","ONS 5+2","Median","324","£",""
"Net income AHC, £ per week","2013/14; 2014/15; 2015/16","3-Year average","White Other","ONS 5+2","Median","261","£",""
"Net income AHC, £ per week","2013/14; 2014/15; 2015/16","3-Year average","Mixed","ONS 5+2","Median","337","£",""
"Net income AHC, £ per week","2013/14; 2014/15; 2015/16","3-Year average","Black","ONS 5+2","Median","223","£",""
"Net income AHC, £ per week","2013/14; 2014/15; 2015/16","3-Year average","Asian","ONS 5+2","Median","228","£",""
"Net income AHC, £ per week","2013/14; 2014/15; 2015/16","3-Year average","Other","ONS 5+2","Median","236","£",""
"Net income AHC, £ per week","2014/15; 2015/16; 2016/17","3-Year average","All","ONS 5+2","Median","324","£",""
"Net income AHC, £ per week","2014/15; 2015/16; 2016/17","3-Year average","White All","ONS 5+2","Median","330","£",""
"Net income AHC, £ per week","2014/15; 2015/16; 2016/17","3-Year average","White British","ONS 5+2","Median","332","£",""
"Net income AHC, £ per week","2014/15; 2015/16; 2016/17","3-Year average","White Other","ONS 5+2","Median","262","£",""
"Net income AHC, £ per week","2014/15; 2015/16; 2016/17","3-Year average","Mixed","ONS 5+2","Median","306","£",""
"Net income AHC, £ per week","2014/15; 2015/16; 2016/17","3-Year average","Black","ONS 5+2","Median","207","£",""
"Net income AHC, £ per week","2014/15; 2015/16; 2016/17","3-Year average","Asian","ONS 5+2","Median","229","£",""
"Net income AHC, £ per week","2014/15; 2015/16; 2016/17","3-Year average","Other","ONS 5+2","Median","226","£",""
"Net income AHC, £ per week","2015/16; 2016/17; 2017/18","3-Year average","All","ONS 5+2","Median","323","£",""
"Net income AHC, £ per week","2015/16; 2016/17; 2017/18","3-Year average","White All","ONS 5+2","Median","329","£",""
"Net income AHC, £ per week","2015/16; 2016/17; 2017/18","3-Year average","White British","ONS 5+2","Median","330","£",""
"Net income AHC, £ per week","2015/16; 2016/17; 2017/18","3-Year average","White Other","ONS 5+2","Median","264","£",""
"Net income AHC, £ per week","2015/16; 2016/17; 2017/18","3-Year average","Mixed","ONS 5+2","Median","295","£",""
"Net income AHC, £ per week","2015/16; 2016/17; 2017/18","3-Year average","Black","ONS 5+2","Median","226","£",""
"Net income AHC, £ per week","2015/16; 2016/17; 2017/18","3-Year average","Asian","ONS 5+2","Median","228","£",""
"Net income AHC, £ per week","2015/16; 2016/17; 2017/18","3-Year average","Other","ONS 5+2","Median","222","£",""
"Net income AHC, £ per week","2016/17; 2017/18; 2018/19","3-Year average","All","ONS 5+2","Median","325","£",""
"Net income AHC, £ per week","2016/17; 2017/18; 2018/19","3-Year average","White All","ONS 5+2","Median","331","£",""
"Net income AHC, £ per week","2016/17; 2017/18; 2018/19","3-Year average","White British","ONS 5+2","Median","333","£",""
"Net income AHC, £ per week","2016/17; 2017/18; 2018/19","3-Year average","White Other","ONS 5+2","Median","258","£",""
"Net income AHC, £ per week","2016/17; 2017/18; 2018/19","3-Year average","Mixed","ONS 5+2","Median","245","£",""
"Net income AHC, £ per week","2016/17; 2017/18; 2018/19","3-Year average","Black","ONS 5+2","Median","240","£",""
"Net income AHC, £ per week","2016/17; 2017/18; 2018/19","3-Year average","Asian","ONS 5+2","Median","232","£",""
"Net income AHC, £ per week","2016/17; 2017/18; 2018/19","3-Year average","Other","ONS 5+2","Median","240","£",""
"Net income AHC, £ per week","2017/18; 2018/19; 2019/20","3-Year average","All","ONS 5+2","Median","325","£",""
"Net income AHC, £ per week","2017/18; 2018/19; 2019/20","3-Year average","White All","ONS 5+2","Median","332","£",""
"Net income AHC, £ per week","2017/18; 2018/19; 2019/20","3-Year average","White British","ONS 5+2","Median","334","£",""
"Net income AHC, £ per week","2017/18; 2018/19; 2019/20","3-Year average","White Other","ONS 5+2","Median","253","£",""
"Net income AHC, £ per week","2017/18; 2018/19; 2019/20","3-Year average","Mixed","ONS 5+2","Median","236","£",""
"Net income AHC, £ per week","2017/18; 2018/19; 2019/20","3-Year average","Black","ONS 5+2","Median","245","£",""
"Net income AHC, £ per week","2017/18; 2018/19; 2019/20","3-Year average","Asian","ONS 5+2","Median","228","£",""
"Net income AHC, £ per week","2017/18; 2018/19; 2019/20","3-Year average","Other","ONS 5+2","Median","244","£",""
"Net income BHC, £ per week","2008/09; 2009/10; 2010/11","3-Year average","All","ONS 5+2","Mean","441","£",""
"Net income BHC, £ per week","2008/09; 2009/10; 2010/11","3-Year average","White All","ONS 5+2","Mean","444","£",""
"Net income BHC, £ per week","2008/09; 2009/10; 2010/11","3-Year average","White British","ONS 5+2","Mean","444","£",""
"Net income BHC, £ per week","2008/09; 2009/10; 2010/11","3-Year average","White Other","ONS 5+2","Mean","435","£",""
"Net income BHC, £ per week","2008/09; 2009/10; 2010/11","3-Year average","Mixed","ONS 5+2","Mean","386","£",""
"Net income BHC, £ per week","2008/09; 2009/10; 2010/11","3-Year average","Black","ONS 5+2","Mean","355","£",""
"Net income BHC, £ per week","2008/09; 2009/10; 2010/11","3-Year average","Asian","ONS 5+2","Mean","367","£",""
"Net income BHC, £ per week","2008/09; 2009/10; 2010/11","3-Year average","Other","ONS 5+2","Mean","413","£",""
"Net income BHC, £ per week","2009/10; 2010/11; 2011/12","3-Year average","All","ONS 5+2","Mean","446","£",""
"Net income BHC, £ per week","2009/10; 2010/11; 2011/12","3-Year average","White All","ONS 5+2","Mean","448","£",""
"Net income BHC, £ per week","2009/10; 2010/11; 2011/12","3-Year average","White British","ONS 5+2","Mean","449","£",""
"Net income BHC, £ per week","2009/10; 2010/11; 2011/12","3-Year average","White Other","ONS 5+2","Mean","435","£",""
"Net income BHC, £ per week","2009/10; 2010/11; 2011/12","3-Year average","Mixed","ONS 5+2","Mean","443","£",""
"Net income BHC, £ per week","2009/10; 2010/11; 2011/12","3-Year average","Black","ONS 5+2","Mean","358","£",""
"Net income BHC, £ per week","2009/10; 2010/11; 2011/12","3-Year average","Asian","ONS 5+2","Mean","381","£",""
"Net income BHC, £ per week","2009/10; 2010/11; 2011/12","3-Year average","Other","ONS 5+2","Mean","414","£",""
"Net income BHC, £ per week","2010/11; 2011/12; 2012/13","3-Year average","All","ONS 5+2","Mean","442","£",""
"Net income BHC, £ per week","2010/11; 2011/12; 2012/13","3-Year average","White All","ONS 5+2","Mean","445","£",""
"Net income BHC, £ per week","2010/11; 2011/12; 2012/13","3-Year average","White British","ONS 5+2","Mean","445","£",""
"Net income BHC, £ per week","2010/11; 2011/12; 2012/13","3-Year average","White Other","ONS 5+2","Mean","419","£",""
"Net income BHC, £ per week","2010/11; 2011/12; 2012/13","3-Year average","Mixed","ONS 5+2","Mean","..","£","Value not available due to small sample size"
"Net income BHC, £ per week","2010/11; 2011/12; 2012/13","3-Year average","Black","ONS 5+2","Mean","337","£",""
"Net income BHC, £ per week","2010/11; 2011/12; 2012/13","3-Year average","Asian","ONS 5+2","Mean","378","£",""
"Net income BHC, £ per week","2010/11; 2011/12; 2012/13","3-Year average","Other","ONS 5+2","Mean","449","£",""
"Net income BHC, £ per week","2011/12; 2012/13; 2013/14","3-Year average","All","ONS 5+2","Mean","442","£",""
"Net income BHC, £ per week","2011/12; 2012/13; 2013/14","3-Year average","White All","ONS 5+2","Mean","445","£",""
"Net income BHC, £ per week","2011/12; 2012/13; 2013/14","3-Year average","White British","ONS 5+2","Mean","446","£",""
"Net income BHC, £ per week","2011/12; 2012/13; 2013/14","3-Year average","White Other","ONS 5+2","Mean","411","£",""
"Net income BHC, £ per week","2011/12; 2012/13; 2013/14","3-Year average","Mixed","ONS 5+2","Mean","..","£","Value not available due to small sample size"
"Net income BHC, £ per week","2011/12; 2012/13; 2013/14","3-Year average","Black","ONS 5+2","Mean","338","£",""
"Net income BHC, £ per week","2011/12; 2012/13; 2013/14","3-Year average","Asian","ONS 5+2","Mean","397","£",""
"Net income BHC, £ per week","2011/12; 2012/13; 2013/14","3-Year average","Other","ONS 5+2","Mean","466","£",""
"Net income BHC, £ per week","2012/13; 2013/14; 2014/15","3-Year average","All","ONS 5+2","Mean","451","£",""
"Net income BHC, £ per week","2012/13; 2013/14; 2014/15","3-Year average","White All","ONS 5+2","Mean","454","£",""
"Net income BHC, £ per week","2012/13; 2013/14; 2014/15","3-Year average","White British","ONS 5+2","Mean","455","£",""
"Net income BHC, £ per week","2012/13; 2013/14; 2014/15","3-Year average","White Other","ONS 5+2","Mean","414","£",""
"Net income BHC, £ per week","2012/13; 2013/14; 2014/15","3-Year average","Mixed","ONS 5+2","Mean","404","£",""
"Net income BHC, £ per week","2012/13; 2013/14; 2014/15","3-Year average","Black","ONS 5+2","Mean","351","£",""
"Net income BHC, £ per week","2012/13; 2013/14; 2014/15","3-Year average","Asian","ONS 5+2","Mean","381","£",""
"Net income BHC, £ per week","2012/13; 2013/14; 2014/15","3-Year average","Other","ONS 5+2","Mean","529","£",""
"Net income BHC, £ per week","2013/14; 2014/15; 2015/16","3-Year average","All","ONS 5+2","Mean","457","£",""
"Net income BHC, £ per week","2013/14; 2014/15; 2015/16","3-Year average","White All","ONS 5+2","Mean","461","£",""
"Net income BHC, £ per week","2013/14; 2014/15; 2015/16","3-Year average","White British","ONS 5+2","Mean","462","£",""
"Net income BHC, £ per week","2013/14; 2014/15; 2015/16","3-Year average","White Other","ONS 5+2","Mean","419","£",""
"Net income BHC, £ per week","2013/14; 2014/15; 2015/16","3-Year average","Mixed","ONS 5+2","Mean","432","£",""
"Net income BHC, £ per week","2013/14; 2014/15; 2015/16","3-Year average","Black","ONS 5+2","Mean","351","£",""
"Net income BHC, £ per week","2013/14; 2014/15; 2015/16","3-Year average","Asian","ONS 5+2","Mean","366","£",""
"Net income BHC, £ per week","2013/14; 2014/15; 2015/16","3-Year average","Other","ONS 5+2","Mean","508","£",""
"Net income BHC, £ per week","2014/15; 2015/16; 2016/17","3-Year average","All","ONS 5+2","Mean","465","£",""
"Net income BHC, £ per week","2014/15; 2015/16; 2016/17","3-Year average","White All","ONS 5+2","Mean","469","£",""
"Net income BHC, £ per week","2014/15; 2015/16; 2016/17","3-Year average","White British","ONS 5+2","Mean","470","£",""
"Net income BHC, £ per week","2014/15; 2015/16; 2016/17","3-Year average","White Other","ONS 5+2","Mean","424","£",""
"Net income BHC, £ per week","2014/15; 2015/16; 2016/17","3-Year average","Mixed","ONS 5+2","Mean","446","£",""
"Net income BHC, £ per week","2014/15; 2015/16; 2016/17","3-Year average","Black","ONS 5+2","Mean","353","£",""
"Net income BHC, £ per week","2014/15; 2015/16; 2016/17","3-Year average","Asian","ONS 5+2","Mean","364","£",""
"Net income BHC, £ per week","2014/15; 2015/16; 2016/17","3-Year average","Other","ONS 5+2","Mean","531","£",""
"Net income BHC, £ per week","2015/16; 2016/17; 2017/18","3-Year average","All","ONS 5+2","Mean","465","£",""
"Net income BHC, £ per week","2015/16; 2016/17; 2017/18","3-Year average","White All","ONS 5+2","Mean","470","£",""
"Net income BHC, £ per week","2015/16; 2016/17; 2017/18","3-Year average","White British","ONS 5+2","Mean","471","£",""
"Net income BHC, £ per week","2015/16; 2016/17; 2017/18","3-Year average","White Other","ONS 5+2","Mean","421","£",""
"Net income BHC, £ per week","2015/16; 2016/17; 2017/18","3-Year average","Mixed","ONS 5+2","Mean","429","£",""
"Net income BHC, £ per week","2015/16; 2016/17; 2017/18","3-Year average","Black","ONS 5+2","Mean","337","£",""
"Net income BHC, £ per week","2015/16; 2016/17; 2017/18","3-Year average","Asian","ONS 5+2","Mean","342","£",""
"Net income BHC, £ per week","2015/16; 2016/17; 2017/18","3-Year average","Other","ONS 5+2","Mean","495","£",""
"Net income BHC, £ per week","2016/17; 2017/18; 2018/19","3-Year average","All","ONS 5+2","Mean","467","£",""
"Net income BHC, £ per week","2016/17; 2017/18; 2018/19","3-Year average","White All","ONS 5+2","Mean","472","£",""
"Net income BHC, £ per week","2016/17; 2017/18; 2018/19","3-Year average","White British","ONS 5+2","Mean","473","£",""
"Net income BHC, £ per week","2016/17; 2017/18; 2018/19","3-Year average","White Other","ONS 5+2","Mean","420","£",""
"Net income BHC, £ per week","2016/17; 2017/18; 2018/19","3-Year average","Mixed","ONS 5+2","Mean","480","£",""
"Net income BHC, £ per week","2016/17; 2017/18; 2018/19","3-Year average","Black","ONS 5+2","Mean","370","£",""
"Net income BHC, £ per week","2016/17; 2017/18; 2018/19","3-Year average","Asian","ONS 5+2","Mean","345","£",""
"Net income BHC, £ per week","2016/17; 2017/18; 2018/19","3-Year average","Other","ONS 5+2","Mean","443","£",""
"Net income BHC, £ per week","2017/18; 2018/19; 2019/20","3-Year average","All","ONS 5+2","Mean","467","£",""
"Net income BHC, £ per week","2017/18; 2018/19; 2019/20","3-Year average","White All","ONS 5+2","Mean","473","£",""
"Net income BHC, £ per week","2017/18; 2018/19; 2019/20","3-Year average","White British","ONS 5+2","Mean","475","£",""
"Net income BHC, £ per week","2017/18; 2018/19; 2019/20","3-Year average","White Other","ONS 5+2","Mean","408","£",""
"Net income BHC, £ per week","2017/18; 2018/19; 2019/20","3-Year average","Mixed","ONS 5+2","Mean","436","£",""
"Net income BHC, £ per week","2017/18; 2018/19; 2019/20","3-Year average","Black","ONS 5+2","Mean","354","£",""
"Net income BHC, £ per week","2017/18; 2018/19; 2019/20","3-Year average","Asian","ONS 5+2","Mean","334","£",""
"Net income BHC, £ per week","2017/18; 2018/19; 2019/20","3-Year average","Other","ONS 5+2","Mean","436","£",""
"Net income BHC, £ per week","2008/09; 2009/10; 2010/11","3-Year average","All","ONS 5+2","Median","348","£",""
"Net income BHC, £ per week","2008/09; 2009/10; 2010/11","3-Year average","White All","ONS 5+2","Median","350","£",""
"Net income BHC, £ per week","2008/09; 2009/10; 2010/11","3-Year average","White British","ONS 5+2","Median","350","£",""
"Net income BHC, £ per week","2008/09; 2009/10; 2010/11","3-Year average","White Other","ONS 5+2","Median","333","£",""
"Net income BHC, £ per week","2008/09; 2009/10; 2010/11","3-Year average","Mixed","ONS 5+2","Median","311","£",""
"Net income BHC, £ per week","2008/09; 2009/10; 2010/11","3-Year average","Black","ONS 5+2","Median","281","£",""
"Net income BHC, £ per week","2008/09; 2009/10; 2010/11","3-Year average","Asian","ONS 5+2","Median","270","£",""
"Net income BHC, £ per week","2008/09; 2009/10; 2010/11","3-Year average","Other","ONS 5+2","Median","315","£",""
"Net income BHC, £ per week","2009/10; 2010/11; 2011/12","3-Year average","All","ONS 5+2","Median","351","£",""
"Net income BHC, £ per week","2009/10; 2010/11; 2011/12","3-Year average","White All","ONS 5+2","Median","353","£",""
"Net income BHC, £ per week","2009/10; 2010/11; 2011/12","3-Year average","White British","ONS 5+2","Median","354","£",""
"Net income BHC, £ per week","2009/10; 2010/11; 2011/12","3-Year average","White Other","ONS 5+2","Median","315","£",""
"Net income BHC, £ per week","2009/10; 2010/11; 2011/12","3-Year average","Mixed","ONS 5+2","Median","382","£",""
"Net income BHC, £ per week","2009/10; 2010/11; 2011/12","3-Year average","Black","ONS 5+2","Median","291","£",""
"Net income BHC, £ per week","2009/10; 2010/11; 2011/12","3-Year average","Asian","ONS 5+2","Median","284","£",""
"Net income BHC, £ per week","2009/10; 2010/11; 2011/12","3-Year average","Other","ONS 5+2","Median","308","£",""
"Net income BHC, £ per week","2010/11; 2011/12; 2012/13","3-Year average","All","ONS 5+2","Median","349","£",""
"Net income BHC, £ per week","2010/11; 2011/12; 2012/13","3-Year average","White All","ONS 5+2","Median","352","£",""
"Net income BHC, £ per week","2010/11; 2011/12; 2012/13","3-Year average","White British","ONS 5+2","Median","353","£",""
"Net income BHC, £ per week","2010/11; 2011/12; 2012/13","3-Year average","White Other","ONS 5+2","Median","307","£",""
"Net income BHC, £ per week","2010/11; 2011/12; 2012/13","3-Year average","Mixed","ONS 5+2","Median","..","£","Value not available due to small sample size"
"Net income BHC, £ per week","2010/11; 2011/12; 2012/13","3-Year average","Black","ONS 5+2","Median","278","£",""
"Net income BHC, £ per week","2010/11; 2011/12; 2012/13","3-Year average","Asian","ONS 5+2","Median","277","£",""
"Net income BHC, £ per week","2010/11; 2011/12; 2012/13","3-Year average","Other","ONS 5+2","Median","302","£",""
"Net income BHC, £ per week","2011/12; 2012/13; 2013/14","3-Year average","All","ONS 5+2","Median","347","£",""
"Net income BHC, £ per week","2011/12; 2012/13; 2013/14","3-Year average","White All","ONS 5+2","Median","350","£",""
"Net income BHC, £ per week","2011/12; 2012/13; 2013/14","3-Year average","White British","ONS 5+2","Median","352","£",""
"Net income BHC, £ per week","2011/12; 2012/13; 2013/14","3-Year average","White Other","ONS 5+2","Median","300","£",""
"Net income BHC, £ per week","2011/12; 2012/13; 2013/14","3-Year average","Mixed","ONS 5+2","Median","..","£","Value not available due to small sample size"
"Net income BHC, £ per week","2011/12; 2012/13; 2013/14","3-Year average","Black","ONS 5+2","Median","285","£",""
"Net income BHC, £ per week","2011/12; 2012/13; 2013/14","3-Year average","Asian","ONS 5+2","Median","285","£",""
"Net income BHC, £ per week","2011/12; 2012/13; 2013/14","3-Year average","Other","ONS 5+2","Median","290","£",""
"Net income BHC, £ per week","2012/13; 2013/14; 2014/15","3-Year average","All","ONS 5+2","Median","352","£",""
"Net income BHC, £ per week","2012/13; 2013/14; 2014/15","3-Year average","White All","ONS 5+2","Median","355","£",""
"Net income BHC, £ per week","2012/13; 2013/14; 2014/15","3-Year average","White British","ONS 5+2","Median","356","£",""
"Net income BHC, £ per week","2012/13; 2013/14; 2014/15","3-Year average","White Other","ONS 5+2","Median","323","£",""
"Net income BHC, £ per week","2012/13; 2013/14; 2014/15","3-Year average","Mixed","ONS 5+2","Median","396","£",""
"Net income BHC, £ per week","2012/13; 2013/14; 2014/15","3-Year average","Black","ONS 5+2","Median","282","£",""
"Net income BHC, £ per week","2012/13; 2013/14; 2014/15","3-Year average","Asian","ONS 5+2","Median","275","£",""
"Net income BHC, £ per week","2012/13; 2013/14; 2014/15","3-Year average","Other","ONS 5+2","Median","341","£",""
"Net income BHC, £ per week","2013/14; 2014/15; 2015/16","3-Year average","All","ONS 5+2","Median","356","£",""
"Net income BHC, £ per week","2013/14; 2014/15; 2015/16","3-Year average","White All","ONS 5+2","Median","358","£",""
"Net income BHC, £ per week","2013/14; 2014/15; 2015/16","3-Year average","White British","ONS 5+2","Median","359","£",""
"Net income BHC, £ per week","2013/14; 2014/15; 2015/16","3-Year average","White Other","ONS 5+2","Median","328","£",""
"Net income BHC, £ per week","2013/14; 2014/15; 2015/16","3-Year average","Mixed","ONS 5+2","Median","391","£",""
"Net income BHC, £ per week","2013/14; 2014/15; 2015/16","3-Year average","Black","ONS 5+2","Median","285","£",""
"Net income BHC, £ per week","2013/14; 2014/15; 2015/16","3-Year average","Asian","ONS 5+2","Median","271","£",""
"Net income BHC, £ per week","2013/14; 2014/15; 2015/16","3-Year average","Other","ONS 5+2","Median","310","£",""
"Net income BHC, £ per week","2014/15; 2015/16; 2016/17","3-Year average","All","ONS 5+2","Median","362","£",""
"Net income BHC, £ per week","2014/15; 2015/16; 2016/17","3-Year average","White All","ONS 5+2","Median","366","£",""
"Net income BHC, £ per week","2014/15; 2015/16; 2016/17","3-Year average","White British","ONS 5+2","Median","367","£",""
"Net income BHC, £ per week","2014/15; 2015/16; 2016/17","3-Year average","White Other","ONS 5+2","Median","336","£",""
"Net income BHC, £ per week","2014/15; 2015/16; 2016/17","3-Year average","Mixed","ONS 5+2","Median","362","£",""
"Net income BHC, £ per week","2014/15; 2015/16; 2016/17","3-Year average","Black","ONS 5+2","Median","284","£",""
"Net income BHC, £ per week","2014/15; 2015/16; 2016/17","3-Year average","Asian","ONS 5+2","Median","274","£",""
"Net income BHC, £ per week","2014/15; 2015/16; 2016/17","3-Year average","Other","ONS 5+2","Median","323","£",""
"Net income BHC, £ per week","2015/16; 2016/17; 2017/18","3-Year average","All","ONS 5+2","Median","362","£",""
"Net income BHC, £ per week","2015/16; 2016/17; 2017/18","3-Year average","White All","ONS 5+2","Median","366","£",""
"Net income BHC, £ per week","2015/16; 2016/17; 2017/18","3-Year average","White British","ONS 5+2","Median","368","£",""
"Net income BHC, £ per week","2015/16; 2016/17; 2017/18","3-Year average","White Other","ONS 5+2","Median","333","£",""
"Net income BHC, £ per week","2015/16; 2016/17; 2017/18","3-Year average","Mixed","ONS 5+2","Median","320","£",""
"Net income BHC, £ per week","2015/16; 2016/17; 2017/18","3-Year average","Black","ONS 5+2","Median","288","£",""
"Net income BHC, £ per week","2015/16; 2016/17; 2017/18","3-Year average","Asian","ONS 5+2","Median","270","£",""
"Net income BHC, £ per week","2015/16; 2016/17; 2017/18","3-Year average","Other","ONS 5+2","Median","311","£",""
"Net income BHC, £ per week","2016/17; 2017/18; 2018/19","3-Year average","All","ONS 5+2","Median","363","£",""
"Net income BHC, £ per week","2016/17; 2017/18; 2018/19","3-Year average","White All","ONS 5+2","Median","368","£",""
"Net income BHC, £ per week","2016/17; 2017/18; 2018/19","3-Year average","White British","ONS 5+2","Median","369","£",""
"Net income BHC, £ per week","2016/17; 2017/18; 2018/19","3-Year average","White Other","ONS 5+2","Median","325","£",""
"Net income BHC, £ per week","2016/17; 2017/18; 2018/19","3-Year average","Mixed","ONS 5+2","Median","329","£",""
"Net income BHC, £ per week","2016/17; 2017/18; 2018/19","3-Year average","Black","ONS 5+2","Median","296","£",""
"Net income BHC, £ per week","2016/17; 2017/18; 2018/19","3-Year average","Asian","ONS 5+2","Median","275","£",""
"Net income BHC, £ per week","2016/17; 2017/18; 2018/19","3-Year average","Other","ONS 5+2","Median","321","£",""
"Net income BHC, £ per week","2017/18; 2018/19; 2019/20","3-Year average","All","ONS 5+2","Median","363","£",""
"Net income BHC, £ per week","2017/18; 2018/19; 2019/20","3-Year average","White All","ONS 5+2","Median","369","£",""
"Net income BHC, £ per week","2017/18; 2018/19; 2019/20","3-Year average","White British","ONS 5+2","Median","370","£",""
"Net income BHC, £ per week","2017/18; 2018/19; 2019/20","3-Year average","White Other","ONS 5+2","Median","315","£",""
"Net income BHC, £ per week","2017/18; 2018/19; 2019/20","3-Year average","Mixed","ONS 5+2","Median","327","£",""
"Net income BHC, £ per week","2017/18; 2018/19; 2019/20","3-Year average","Black","ONS 5+2","Median","300","£",""
"Net income BHC, £ per week","2017/18; 2018/19; 2019/20","3-Year average","Asian","ONS 5+2","Median","272","£",""
"Net income BHC, £ per week","2017/18; 2018/19; 2019/20","3-Year average","Other","ONS 5+2","Median","304","£",""
"Sample Sizes","2008/09; 2009/10; 2010/11","3-Year sum","All","ONS 5+2","Count","27,044","",""
"Sample Sizes","2008/09; 2009/10; 2010/11","3-Year sum","White All","ONS 5+2","Count","26,273","",""
"Sample Sizes","2008/09; 2009/10; 2010/11","3-Year sum","White British","ONS 5+2","Count","25,543","",""
"Sample Sizes","2008/09; 2009/10; 2010/11","3-Year sum","White Other","ONS 5+2","Count","730","",""
"Sample Sizes","2008/09; 2009/10; 2010/11","3-Year sum","Mixed","ONS 5+2","Count","60","",""
"Sample Sizes","2008/09; 2009/10; 2010/11","3-Year sum","Black","ONS 5+2","Count","218","",""
"Sample Sizes","2008/09; 2009/10; 2010/11","3-Year sum","Asian","ONS 5+2","Count","383","",""
"Sample Sizes","2008/09; 2009/10; 2010/11","3-Year sum","Other","ONS 5+2","Count","110","",""
"Sample Sizes","2009/10; 2010/11; 2011/12","3-Year sum","All","ONS 5+2","Count","25,319","",""
"Sample Sizes","2009/10; 2010/11; 2011/12","3-Year sum","White All","ONS 5+2","Count","24,527","",""
"Sample Sizes","2009/10; 2010/11; 2011/12","3-Year sum","White British","ONS 5+2","Count","23,889","",""
"Sample Sizes","2009/10; 2010/11; 2011/12","3-Year sum","White Other","ONS 5+2","Count","638","",""
"Sample Sizes","2009/10; 2010/11; 2011/12","3-Year sum","Mixed","ONS 5+2","Count","50","",""
"Sample Sizes","2009/10; 2010/11; 2011/12","3-Year sum","Black","ONS 5+2","Count","212","",""
"Sample Sizes","2009/10; 2010/11; 2011/12","3-Year sum","Asian","ONS 5+2","Count","417","",""
"Sample Sizes","2009/10; 2010/11; 2011/12","3-Year sum","Other","ONS 5+2","Count","113","",""
"Sample Sizes","2010/11; 2011/12; 2012/13","3-Year sum","All","ONS 5+2","Count","23,443","",""
"Sample Sizes","2010/11; 2011/12; 2012/13","3-Year sum","White All","ONS 5+2","Count","22,663","",""
"Sample Sizes","2010/11; 2011/12; 2012/13","3-Year sum","White British","ONS 5+2","Count","22,114","",""
"Sample Sizes","2010/11; 2011/12; 2012/13","3-Year sum","White Other","ONS 5+2","Count","549","",""
"Sample Sizes","2010/11; 2011/12; 2012/13","3-Year sum","Mixed","ONS 5+2","Count","41","",""
"Sample Sizes","2010/11; 2011/12; 2012/13","3-Year sum","Black","ONS 5+2","Count","213","",""
"Sample Sizes","2010/11; 2011/12; 2012/13","3-Year sum","Asian","ONS 5+2","Count","416","",""
"Sample Sizes","2010/11; 2011/12; 2012/13","3-Year sum","Other","ONS 5+2","Count","110","",""
"Sample Sizes","2011/12; 2012/13; 2013/14","3-Year sum","All","ONS 5+2","Count","21,452","",""
"Sample Sizes","2011/12; 2012/13; 2013/14","3-Year sum","White All","ONS 5+2","Count","20,721","",""
"Sample Sizes","2011/12; 2012/13; 2013/14","3-Year sum","White British","ONS 5+2","Count","20,275","",""
"Sample Sizes","2011/12; 2012/13; 2013/14","3-Year sum","White Other","ONS 5+2","Count","446","",""
"Sample Sizes","2011/12; 2012/13; 2013/14","3-Year sum","Mixed","ONS 5+2","Count","43","",""
"Sample Sizes","2011/12; 2012/13; 2013/14","3-Year sum","Black","ONS 5+2","Count","211","",""
"Sample Sizes","2011/12; 2012/13; 2013/14","3-Year sum","Asian","ONS 5+2","Count","388","",""
"Sample Sizes","2011/12; 2012/13; 2013/14","3-Year sum","Other","ONS 5+2","Count","89","",""
"Sample Sizes","2012/13; 2013/14; 2014/15","3-Year sum","All","ONS 5+2","Count","21,120","",""
"Sample Sizes","2012/13; 2013/14; 2014/15","3-Year sum","White All","ONS 5+2","Count","20,391","",""
"Sample Sizes","2012/13; 2013/14; 2014/15","3-Year sum","White British","ONS 5+2","Count","19,963","",""
"Sample Sizes","2012/13; 2013/14; 2014/15","3-Year sum","White Other","ONS 5+2","Count","428","",""
"Sample Sizes","2012/13; 2013/14; 2014/15","3-Year sum","Mixed","ONS 5+2","Count","56","",""
"Sample Sizes","2012/13; 2013/14; 2014/15","3-Year sum","Black","ONS 5+2","Count","223","",""
"Sample Sizes","2012/13; 2013/14; 2014/15","3-Year sum","Asian","ONS 5+2","Count","380","",""
"Sample Sizes","2012/13; 2013/14; 2014/15","3-Year sum","Other","ONS 5+2","Count","70","",""
"Sample Sizes","2013/14; 2014/15; 2015/16","3-Year sum","All","ONS 5+2","Count","20,762","",""
"Sample Sizes","2013/14; 2014/15; 2015/16","3-Year sum","White All","ONS 5+2","Count","20,018","",""
"Sample Sizes","2013/14; 2014/15; 2015/16","3-Year sum","White British","ONS 5+2","Count","19,603","",""
"Sample Sizes","2013/14; 2014/15; 2015/16","3-Year sum","White Other","ONS 5+2","Count","415","",""
"Sample Sizes","2013/14; 2014/15; 2015/16","3-Year sum","Mixed","ONS 5+2","Count","70","",""
"Sample Sizes","2013/14; 2014/15; 2015/16","3-Year sum","Black","ONS 5+2","Count","223","",""
"Sample Sizes","2013/14; 2014/15; 2015/16","3-Year sum","Asian","ONS 5+2","Count","386","",""
"Sample Sizes","2013/14; 2014/15; 2015/16","3-Year sum","Other","ONS 5+2","Count","65","",""
"Sample Sizes","2014/15; 2015/16; 2016/17","3-Year sum","All","ONS 5+2","Count","20,479","",""
"Sample Sizes","2014/15; 2015/16; 2016/17","3-Year sum","White All","ONS 5+2","Count","19,746","",""
"Sample Sizes","2014/15; 2015/16; 2016/17","3-Year sum","White British","ONS 5+2","Count","19,353","",""
"Sample Sizes","2014/15; 2015/16; 2016/17","3-Year sum","White Other","ONS 5+2","Count","393","",""
"Sample Sizes","2014/15; 2015/16; 2016/17","3-Year sum","Mixed","ONS 5+2","Count","65","",""
"Sample Sizes","2014/15; 2015/16; 2016/17","3-Year sum","Black","ONS 5+2","Count","223","",""
"Sample Sizes","2014/15; 2015/16; 2016/17","3-Year sum","Asian","ONS 5+2","Count","384","",""
"Sample Sizes","2014/15; 2015/16; 2016/17","3-Year sum","Other","ONS 5+2","Count","61","",""
"Sample Sizes","2015/16; 2016/17; 2017/18","3-Year sum","All","ONS 5+2","Count","20,492","",""
"Sample Sizes","2015/16; 2016/17; 2017/18","3-Year sum","White All","ONS 5+2","Count","19,762","",""
"Sample Sizes","2015/16; 2016/17; 2017/18","3-Year sum","White British","ONS 5+2","Count","19,357","",""
"Sample Sizes","2015/16; 2016/17; 2017/18","3-Year sum","White Other","ONS 5+2","Count","405","",""
"Sample Sizes","2015/16; 2016/17; 2017/18","3-Year sum","Mixed","ONS 5+2","Count","58","",""
"Sample Sizes","2015/16; 2016/17; 2017/18","3-Year sum","Black","ONS 5+2","Count","217","",""
"Sample Sizes","2015/16; 2016/17; 2017/18","3-Year sum","Asian","ONS 5+2","Count","386","",""
"Sample Sizes","2015/16; 2016/17; 2017/18","3-Year sum","Other","ONS 5+2","Count","69","",""
"Sample Sizes","2016/17; 2017/18; 2018/19","3-Year sum","All","ONS 5+2","Count","20,588","",""
"Sample Sizes","2016/17; 2017/18; 2018/19","3-Year sum","White All","ONS 5+2","Count","19,833","",""
"Sample Sizes","2016/17; 2017/18; 2018/19","3-Year sum","White British","ONS 5+2","Count","19,426","",""
"Sample Sizes","2016/17; 2017/18; 2018/19","3-Year sum","White Other","ONS 5+2","Count","407","",""
"Sample Sizes","2016/17; 2017/18; 2018/19","3-Year sum","Mixed","ONS 5+2","Count","55","",""
"Sample Sizes","2016/17; 2017/18; 2018/19","3-Year sum","Black","ONS 5+2","Count","215","",""
"Sample Sizes","2016/17; 2017/18; 2018/19","3-Year sum","Asian","ONS 5+2","Count","421","",""
"Sample Sizes","2016/17; 2017/18; 2018/19","3-Year sum","Other","ONS 5+2","Count","64","",""
"Sample Sizes","2017/18; 2018/19; 2019/20","3-Year sum","All","ONS 5+2","Count","20,540","",""
"Sample Sizes","2017/18; 2018/19; 2019/20","3-Year sum","White All","ONS 5+2","Count","19,727","",""
"Sample Sizes","2017/18; 2018/19; 2019/20","3-Year sum","White British","ONS 5+2","Count","19,286","",""
"Sample Sizes","2017/18; 2018/19; 2019/20","3-Year sum","White Other","ONS 5+2","Count","441","",""
"Sample Sizes","2017/18; 2018/19; 2019/20","3-Year sum","Mixed","ONS 5+2","Count","57","",""
"Sample Sizes","2017/18; 2018/19; 2019/20","3-Year sum","Black","ONS 5+2","Count","211","",""
"Sample Sizes","2017/18; 2018/19; 2019/20","3-Year sum","Asian","ONS 5+2","Count","464","",""
"Sample Sizes","2017/18; 2018/19; 2019/20","3-Year sum","Other","ONS 5+2","Count","81","",""
"The percentage of pensioner units in receipt","2008/09; 2009/10; 2010/11","3-Year average","All","ONS 5+2","All benefit income (including State Pension)","100","%",""
"The percentage of pensioner units in receipt","2008/09; 2009/10; 2010/11","3-Year average","White All","ONS 5+2","All benefit income (including State Pension)","100","%",""
"The percentage of pensioner units in receipt","2008/09; 2009/10; 2010/11","3-Year average","White British","ONS 5+2","All benefit income (including State Pension)","100","%",""
"The percentage of pensioner units in receipt","2008/09; 2009/10; 2010/11","3-Year average","White Other","ONS 5+2","All benefit income (including State Pension)","99","%",""
"The percentage of pensioner units in receipt","2008/09; 2009/10; 2010/11","3-Year average","Mixed","ONS 5+2","All benefit income (including State Pension)","..","%","Value not available due to small sample size"
"The percentage of pensioner units in receipt","2008/09; 2009/10; 2010/11","3-Year average","Black","ONS 5+2","All benefit income (including State Pension)","100","%",""
"The percentage of pensioner units in receipt","2008/09; 2009/10; 2010/11","3-Year average","Asian","ONS 5+2","All benefit income (including State Pension)","98","%",""
"The percentage of pensioner units in receipt","2008/09; 2009/10; 2010/11","3-Year average","Other","ONS 5+2","All benefit income (including State Pension)","99","%",""
"The percentage of pensioner units in receipt","2009/10; 2010/11; 2011/12","3-Year average","All","ONS 5+2","All benefit income (including State Pension)","100","%",""
"The percentage of pensioner units in receipt","2009/10; 2010/11; 2011/12","3-Year average","White All","ONS 5+2","All benefit income (including State Pension)","100","%",""
"The percentage of pensioner units in receipt","2009/10; 2010/11; 2011/12","3-Year average","White British","ONS 5+2","All benefit income (including State Pension)","100","%",""
"The percentage of pensioner units in receipt","2009/10; 2010/11; 2011/12","3-Year average","White Other","ONS 5+2","All benefit income (including State Pension)","100","%",""
"The percentage of pensioner units in receipt","2009/10; 2010/11; 2011/12","3-Year average","Mixed","ONS 5+2","All benefit income (including State Pension)","..","%","Value not available due to small sample size"
"The percentage of pensioner units in receipt","2009/10; 2010/11; 2011/12","3-Year average","Black","ONS 5+2","All benefit income (including State Pension)","100","%",""
"The percentage of pensioner units in receipt","2009/10; 2010/11; 2011/12","3-Year average","Asian","ONS 5+2","All benefit income (including State Pension)","99","%",""
"The percentage of pensioner units in receipt","2009/10; 2010/11; 2011/12","3-Year average","Other","ONS 5+2","All benefit income (including State Pension)","100","%",""
"The percentage of pensioner units in receipt","2010/11; 2011/12; 2012/13","3-Year average","All","ONS 5+2","All benefit income (including State Pension)","100","%",""
"The percentage of pensioner units in receipt","2010/11; 2011/12; 2012/13","3-Year average","White All","ONS 5+2","All benefit income (including State Pension)","100","%",""
"The percentage of pensioner units in receipt","2010/11; 2011/12; 2012/13","3-Year average","White British","ONS 5+2","All benefit income (including State Pension)","100","%",""
"The percentage of pensioner units in receipt","2010/11; 2011/12; 2012/13","3-Year average","White Other","ONS 5+2","All benefit income (including State Pension)","100","%",""
"The percentage of pensioner units in receipt","2010/11; 2011/12; 2012/13","3-Year average","Mixed","ONS 5+2","All benefit income (including State Pension)","..","%","Value not available due to small sample size"
"The percentage of pensioner units in receipt","2010/11; 2011/12; 2012/13","3-Year average","Black","ONS 5+2","All benefit income (including State Pension)","99","%",""
"The percentage of pensioner units in receipt","2010/11; 2011/12; 2012/13","3-Year average","Asian","ONS 5+2","All benefit income (including State Pension)","100","%",""
"The percentage of pensioner units in receipt","2010/11; 2011/12; 2012/13","3-Year average","Other","ONS 5+2","All benefit income (including State Pension)","100","%",""
"The percentage of pensioner units in receipt","2011/12; 2012/13; 2013/14","3-Year average","All","ONS 5+2","All benefit income (including State Pension)","100","%",""
"The percentage of pensioner units in receipt","2011/12; 2012/13; 2013/14","3-Year average","White All","ONS 5+2","All benefit income (including State Pension)","100","%",""
"The percentage of pensioner units in receipt","2011/12; 2012/13; 2013/14","3-Year average","White British","ONS 5+2","All benefit income (including State Pension)","100","%",""
"The percentage of pensioner units in receipt","2011/12; 2012/13; 2013/14","3-Year average","White Other","ONS 5+2","All benefit income (including State Pension)","100","%",""
"The percentage of pensioner units in receipt","2011/12; 2012/13; 2013/14","3-Year average","Mixed","ONS 5+2","All benefit income (including State Pension)","..","%","Value not available due to small sample size"
"The percentage of pensioner units in receipt","2011/12; 2012/13; 2013/14","3-Year average","Black","ONS 5+2","All benefit income (including State Pension)","100","%",""
"The percentage of pensioner units in receipt","2011/12; 2012/13; 2013/14","3-Year average","Asian","ONS 5+2","All benefit income (including State Pension)","100","%",""
"The percentage of pensioner units in receipt","2011/12; 2012/13; 2013/14","3-Year average","Other","ONS 5+2","All benefit income (including State Pension)","..","%","Value not available due to small sample size"
"The percentage of pensioner units in receipt","2012/13; 2013/14; 2014/15","3-Year average","All","ONS 5+2","All benefit income (including State Pension)","100","%",""
"The percentage of pensioner units in receipt","2012/13; 2013/14; 2014/15","3-Year average","White All","ONS 5+2","All benefit income (including State Pension)","100","%",""
"The percentage of pensioner units in receipt","2012/13; 2013/14; 2014/15","3-Year average","White British","ONS 5+2","All benefit income (including State Pension)","100","%",""
"The percentage of pensioner units in receipt","2012/13; 2013/14; 2014/15","3-Year average","White Other","ONS 5+2","All benefit income (including State Pension)","100","%",""
"The percentage of pensioner units in receipt","2012/13; 2013/14; 2014/15","3-Year average","Mixed","ONS 5+2","All benefit income (including State Pension)","..","%","Value not available due to small sample size"
"The percentage of pensioner units in receipt","2012/13; 2013/14; 2014/15","3-Year average","Black","ONS 5+2","All benefit income (including State Pension)","100","%",""
"The percentage of pensioner units in receipt","2012/13; 2013/14; 2014/15","3-Year average","Asian","ONS 5+2","All benefit income (including State Pension)","100","%",""
"The percentage of pensioner units in receipt","2012/13; 2013/14; 2014/15","3-Year average","Other","ONS 5+2","All benefit income (including State Pension)","..","%","Value not available due to small sample size"
"The percentage of pensioner units in receipt","2013/14; 2014/15; 2015/16","3-Year average","All","ONS 5+2","All benefit income (including State Pension)","100","%",""
"The percentage of pensioner units in receipt","2013/14; 2014/15; 2015/16","3-Year average","White All","ONS 5+2","All benefit income (including State Pension)","100","%",""
"The percentage of pensioner units in receipt","2013/14; 2014/15; 2015/16","3-Year average","White British","ONS 5+2","All benefit income (including State Pension)","100","%",""
"The percentage of pensioner units in receipt","2013/14; 2014/15; 2015/16","3-Year average","White Other","ONS 5+2","All benefit income (including State Pension)","100","%",""
"The percentage of pensioner units in receipt","2013/14; 2014/15; 2015/16","3-Year average","Mixed","ONS 5+2","All benefit income (including State Pension)","..","%","Value not available due to small sample size"
"The percentage of pensioner units in receipt","2013/14; 2014/15; 2015/16","3-Year average","Black","ONS 5+2","All benefit income (including State Pension)","100","%",""
"The percentage of pensioner units in receipt","2013/14; 2014/15; 2015/16","3-Year average","Asian","ONS 5+2","All benefit income (including State Pension)","99","%",""
"The percentage of pensioner units in receipt","2013/14; 2014/15; 2015/16","3-Year average","Other","ONS 5+2","All benefit income (including State Pension)","..","%","Value not available due to small sample size"
"The percentage of pensioner units in receipt","2014/15; 2015/16; 2016/17","3-Year average","All","ONS 5+2","All benefit income (including State Pension)","100","%",""
"The percentage of pensioner units in receipt","2014/15; 2015/16; 2016/17","3-Year average","White All","ONS 5+2","All benefit income (including State Pension)","100","%",""
"The percentage of pensioner units in receipt","2014/15; 2015/16; 2016/17","3-Year average","White British","ONS 5+2","All benefit income (including State Pension)","100","%",""
"The percentage of pensioner units in receipt","2014/15; 2015/16; 2016/17","3-Year average","White Other","ONS 5+2","All benefit income (including State Pension)","99","%",""
"The percentage of pensioner units in receipt","2014/15; 2015/16; 2016/17","3-Year average","Mixed","ONS 5+2","All benefit income (including State Pension)","..","%","Value not available due to small sample size"
"The percentage of pensioner units in receipt","2014/15; 2015/16; 2016/17","3-Year average","Black","ONS 5+2","All benefit income (including State Pension)","100","%",""
"The percentage of pensioner units in receipt","2014/15; 2015/16; 2016/17","3-Year average","Asian","ONS 5+2","All benefit income (including State Pension)","99","%",""
"The percentage of pensioner units in receipt","2014/15; 2015/16; 2016/17","3-Year average","Other","ONS 5+2","All benefit income (including State Pension)","..","%","Value not available due to small sample size"
"The percentage of pensioner units in receipt","2015/16; 2016/17; 2017/18","3-Year average","All","ONS 5+2","All benefit income (including State Pension)","100","%",""
"The percentage of pensioner units in receipt","2015/16; 2016/17; 2017/18","3-Year average","White All","ONS 5+2","All benefit income (including State Pension)","100","%",""
"The percentage of pensioner units in receipt","2015/16; 2016/17; 2017/18","3-Year average","White British","ONS 5+2","All benefit income (including State Pension)","100","%",""
"The percentage of pensioner units in receipt","2015/16; 2016/17; 2017/18","3-Year average","White Other","ONS 5+2","All benefit income (including State Pension)","99","%",""
"The percentage of pensioner units in receipt","2015/16; 2016/17; 2017/18","3-Year average","Mixed","ONS 5+2","All benefit income (including State Pension)","..","%","Value not available due to small sample size"
"The percentage of pensioner units in receipt","2015/16; 2016/17; 2017/18","3-Year average","Black","ONS 5+2","All benefit income (including State Pension)","99","%",""
"The percentage of pensioner units in receipt","2015/16; 2016/17; 2017/18","3-Year average","Asian","ONS 5+2","All benefit income (including State Pension)","99","%",""
"The percentage of pensioner units in receipt","2015/16; 2016/17; 2017/18","3-Year average","Other","ONS 5+2","All benefit income (including State Pension)","..","%","Value not available due to small sample size"
"The percentage of pensioner units in receipt","2016/17; 2017/18; 2018/19","3-Year average","All","ONS 5+2","All benefit income (including State Pension)","100","%",""
"The percentage of pensioner units in receipt","2016/17; 2017/18; 2018/19","3-Year average","White All","ONS 5+2","All benefit income (including State Pension)","100","%",""
"The percentage of pensioner units in receipt","2016/17; 2017/18; 2018/19","3-Year average","White British","ONS 5+2","All benefit income (including State Pension)","100","%",""
"The percentage of pensioner units in receipt","2016/17; 2017/18; 2018/19","3-Year average","White Other","ONS 5+2","All benefit income (including State Pension)","99","%",""
"The percentage of pensioner units in receipt","2016/17; 2017/18; 2018/19","3-Year average","Mixed","ONS 5+2","All benefit income (including State Pension)","..","%","Value not available due to small sample size"
"The percentage of pensioner units in receipt","2016/17; 2017/18; 2018/19","3-Year average","Black","ONS 5+2","All benefit income (including State Pension)","99","%",""
"The percentage of pensioner units in receipt","2016/17; 2017/18; 2018/19","3-Year average","Asian","ONS 5+2","All benefit income (including State Pension)","100","%",""
"The percentage of pensioner units in receipt","2016/17; 2017/18; 2018/19","3-Year average","Other","ONS 5+2","All benefit income (including State Pension)","..","%","Value not available due to small sample size"
"The percentage of pensioner units in receipt","2017/18; 2018/19; 2019/20","3-Year average","All","ONS 5+2","All benefit income (including State Pension)","100","%",""
"The percentage of pensioner units in receipt","2017/18; 2018/19; 2019/20","3-Year average","White All","ONS 5+2","All benefit income (including State Pension)","100","%",""
"The percentage of pensioner units in receipt","2017/18; 2018/19; 2019/20","3-Year average","White British","ONS 5+2","All benefit income (including State Pension)","100","%",""
"The percentage of pensioner units in receipt","2017/18; 2018/19; 2019/20","3-Year average","White Other","ONS 5+2","All benefit income (including State Pension)","99","%",""
"The percentage of pensioner units in receipt","2017/18; 2018/19; 2019/20","3-Year average","Mixed","ONS 5+2","All benefit income (including State Pension)","..","%","Value not available due to small sample size"
"The percentage of pensioner units in receipt","2017/18; 2018/19; 2019/20","3-Year average","Black","ONS 5+2","All benefit income (including State Pension)","100","%",""
"The percentage of pensioner units in receipt","2017/18; 2018/19; 2019/20","3-Year average","Asian","ONS 5+2","All benefit income (including State Pension)","99","%",""
"The percentage of pensioner units in receipt","2017/18; 2018/19; 2019/20","3-Year average","Other","ONS 5+2","All benefit income (including State Pension)","..","%","Value not available due to small sample size"
"The percentage of pensioner units in receipt","2008/09; 2009/10; 2010/11","3-Year average","All","ONS 5+2","Benefit Income of which Disability benefits","23","%",""
"The percentage of pensioner units in receipt","2008/09; 2009/10; 2010/11","3-Year average","White All","ONS 5+2","Benefit Income of which Disability benefits","23","%",""
"The percentage of pensioner units in receipt","2008/09; 2009/10; 2010/11","3-Year average","White British","ONS 5+2","Benefit Income of which Disability benefits","23","%",""
"The percentage of pensioner units in receipt","2008/09; 2009/10; 2010/11","3-Year average","White Other","ONS 5+2","Benefit Income of which Disability benefits","23","%",""
"The percentage of pensioner units in receipt","2008/09; 2009/10; 2010/11","3-Year average","Mixed","ONS 5+2","Benefit Income of which Disability benefits","..","%","Value not available due to small sample size"
"The percentage of pensioner units in receipt","2008/09; 2009/10; 2010/11","3-Year average","Black","ONS 5+2","Benefit Income of which Disability benefits","19","%",""
"The percentage of pensioner units in receipt","2008/09; 2009/10; 2010/11","3-Year average","Asian","ONS 5+2","Benefit Income of which Disability benefits","24","%",""
"The percentage of pensioner units in receipt","2008/09; 2009/10; 2010/11","3-Year average","Other","ONS 5+2","Benefit Income of which Disability benefits","26","%",""
"The percentage of pensioner units in receipt","2009/10; 2010/11; 2011/12","3-Year average","All","ONS 5+2","Benefit Income of which Disability benefits","23","%",""
"The percentage of pensioner units in receipt","2009/10; 2010/11; 2011/12","3-Year average","White All","ONS 5+2","Benefit Income of which Disability benefits","23","%",""
"The percentage of pensioner units in receipt","2009/10; 2010/11; 2011/12","3-Year average","White British","ONS 5+2","Benefit Income of which Disability benefits","23","%",""
"The percentage of pensioner units in receipt","2009/10; 2010/11; 2011/12","3-Year average","White Other","ONS 5+2","Benefit Income of which Disability benefits","22","%",""
"The percentage of pensioner units in receipt","2009/10; 2010/11; 2011/12","3-Year average","Mixed","ONS 5+2","Benefit Income of which Disability benefits","..","%","Value not available due to small sample size"
"The percentage of pensioner units in receipt","2009/10; 2010/11; 2011/12","3-Year average","Black","ONS 5+2","Benefit Income of which Disability benefits","23","%",""
"The percentage of pensioner units in receipt","2009/10; 2010/11; 2011/12","3-Year average","Asian","ONS 5+2","Benefit Income of which Disability benefits","26","%",""
"The percentage of pensioner units in receipt","2009/10; 2010/11; 2011/12","3-Year average","Other","ONS 5+2","Benefit Income of which Disability benefits","19","%",""
"The percentage of pensioner units in receipt","2010/11; 2011/12; 2012/13","3-Year average","All","ONS 5+2","Benefit Income of which Disability benefits","23","%",""
"The percentage of pensioner units in receipt","2010/11; 2011/12; 2012/13","3-Year average","White All","ONS 5+2","Benefit Income of which Disability benefits","23","%",""
"The percentage of pensioner units in receipt","2010/11; 2011/12; 2012/13","3-Year average","White British","ONS 5+2","Benefit Income of which Disability benefits","23","%",""
"The percentage of pensioner units in receipt","2010/11; 2011/12; 2012/13","3-Year average","White Other","ONS 5+2","Benefit Income of which Disability benefits","23","%",""
"The percentage of pensioner units in receipt","2010/11; 2011/12; 2012/13","3-Year average","Mixed","ONS 5+2","Benefit Income of which Disability benefits","..","%","Value not available due to small sample size"
"The percentage of pensioner units in receipt","2010/11; 2011/12; 2012/13","3-Year average","Black","ONS 5+2","Benefit Income of which Disability benefits","24","%",""
"The percentage of pensioner units in receipt","2010/11; 2011/12; 2012/13","3-Year average","Asian","ONS 5+2","Benefit Income of which Disability benefits","26","%",""
"The percentage of pensioner units in receipt","2010/11; 2011/12; 2012/13","3-Year average","Other","ONS 5+2","Benefit Income of which Disability benefits","13","%",""
"The percentage of pensioner units in receipt","2011/12; 2012/13; 2013/14","3-Year average","All","ONS 5+2","Benefit Income of which Disability benefits","22","%",""
"The percentage of pensioner units in receipt","2011/12; 2012/13; 2013/14","3-Year average","White All","ONS 5+2","Benefit Income of which Disability benefits","22","%",""
"The percentage of pensioner units in receipt","2011/12; 2012/13; 2013/14","3-Year average","White British","ONS 5+2","Benefit Income of which Disability benefits","22","%",""
"The percentage of pensioner units in receipt","2011/12; 2012/13; 2013/14","3-Year average","White Other","ONS 5+2","Benefit Income of which Disability benefits","19","%",""
"The percentage of pensioner units in receipt","2011/12; 2012/13; 2013/14","3-Year average","Mixed","ONS 5+2","Benefit Income of which Disability benefits","..","%","Value not available due to small sample size"
"The percentage of pensioner units in receipt","2011/12; 2012/13; 2013/14","3-Year average","Black","ONS 5+2","Benefit Income of which Disability benefits","25","%",""
"The percentage of pensioner units in receipt","2011/12; 2012/13; 2013/14","3-Year average","Asian","ONS 5+2","Benefit Income of which Disability benefits","26","%",""
"The percentage of pensioner units in receipt","2011/12; 2012/13; 2013/14","3-Year average","Other","ONS 5+2","Benefit Income of which Disability benefits","..","%","Value not available due to small sample size"
"The percentage of pensioner units in receipt","2012/13; 2013/14; 2014/15","3-Year average","All","ONS 5+2","Benefit Income of which Disability benefits","21","%",""
"The percentage of pensioner units in receipt","2012/13; 2013/14; 2014/15","3-Year average","White All","ONS 5+2","Benefit Income of which Disability benefits","21","%",""
"The percentage of pensioner units in receipt","2012/13; 2013/14; 2014/15","3-Year average","White British","ONS 5+2","Benefit Income of which Disability benefits","21","%",""
"The percentage of pensioner units in receipt","2012/13; 2013/14; 2014/15","3-Year average","White Other","ONS 5+2","Benefit Income of which Disability benefits","20","%",""
"The percentage of pensioner units in receipt","2012/13; 2013/14; 2014/15","3-Year average","Mixed","ONS 5+2","Benefit Income of which Disability benefits","..","%","Value not available due to small sample size"
"The percentage of pensioner units in receipt","2012/13; 2013/14; 2014/15","3-Year average","Black","ONS 5+2","Benefit Income of which Disability benefits","22","%",""
"The percentage of pensioner units in receipt","2012/13; 2013/14; 2014/15","3-Year average","Asian","ONS 5+2","Benefit Income of which Disability benefits","22","%",""
"The percentage of pensioner units in receipt","2012/13; 2013/14; 2014/15","3-Year average","Other","ONS 5+2","Benefit Income of which Disability benefits","..","%","Value not available due to small sample size"
"The percentage of pensioner units in receipt","2013/14; 2014/15; 2015/16","3-Year average","All","ONS 5+2","Benefit Income of which Disability benefits","20","%",""
"The percentage of pensioner units in receipt","2013/14; 2014/15; 2015/16","3-Year average","White All","ONS 5+2","Benefit Income of which Disability benefits","20","%",""
"The percentage of pensioner units in receipt","2013/14; 2014/15; 2015/16","3-Year average","White British","ONS 5+2","Benefit Income of which Disability benefits","20","%",""
"The percentage of pensioner units in receipt","2013/14; 2014/15; 2015/16","3-Year average","White Other","ONS 5+2","Benefit Income of which Disability benefits","18","%",""
"The percentage of pensioner units in receipt","2013/14; 2014/15; 2015/16","3-Year average","Mixed","ONS 5+2","Benefit Income of which Disability benefits","..","%","Value not available due to small sample size"
"The percentage of pensioner units in receipt","2013/14; 2014/15; 2015/16","3-Year average","Black","ONS 5+2","Benefit Income of which Disability benefits","22","%",""
"The percentage of pensioner units in receipt","2013/14; 2014/15; 2015/16","3-Year average","Asian","ONS 5+2","Benefit Income of which Disability benefits","20","%",""
"The percentage of pensioner units in receipt","2013/14; 2014/15; 2015/16","3-Year average","Other","ONS 5+2","Benefit Income of which Disability benefits","..","%","Value not available due to small sample size"
"The percentage of pensioner units in receipt","2014/15; 2015/16; 2016/17","3-Year average","All","ONS 5+2","Benefit Income of which Disability benefits","20","%",""
"The percentage of pensioner units in receipt","2014/15; 2015/16; 2016/17","3-Year average","White All","ONS 5+2","Benefit Income of which Disability benefits","20","%",""
"The percentage of pensioner units in receipt","2014/15; 2015/16; 2016/17","3-Year average","White British","ONS 5+2","Benefit Income of which Disability benefits","20","%",""
"The percentage of pensioner units in receipt","2014/15; 2015/16; 2016/17","3-Year average","White Other","ONS 5+2","Benefit Income of which Disability benefits","19","%",""
"The percentage of pensioner units in receipt","2014/15; 2015/16; 2016/17","3-Year average","Mixed","ONS 5+2","Benefit Income of which Disability benefits","..","%","Value not available due to small sample size"
"The percentage of pensioner units in receipt","2014/15; 2015/16; 2016/17","3-Year average","Black","ONS 5+2","Benefit Income of which Disability benefits","19","%",""
"The percentage of pensioner units in receipt","2014/15; 2015/16; 2016/17","3-Year average","Asian","ONS 5+2","Benefit Income of which Disability benefits","17","%",""
"The percentage of pensioner units in receipt","2014/15; 2015/16; 2016/17","3-Year average","Other","ONS 5+2","Benefit Income of which Disability benefits","..","%","Value not available due to small sample size"
"The percentage of pensioner units in receipt","2015/16; 2016/17; 2017/18","3-Year average","All","ONS 5+2","Benefit Income of which Disability benefits","20","%",""
"The percentage of pensioner units in receipt","2015/16; 2016/17; 2017/18","3-Year average","White All","ONS 5+2","Benefit Income of which Disability benefits","20","%",""
"The percentage of pensioner units in receipt","2015/16; 2016/17; 2017/18","3-Year average","White British","ONS 5+2","Benefit Income of which Disability benefits","20","%",""
"The percentage of pensioner units in receipt","2015/16; 2016/17; 2017/18","3-Year average","White Other","ONS 5+2","Benefit Income of which Disability benefits","19","%",""
"The percentage of pensioner units in receipt","2015/16; 2016/17; 2017/18","3-Year average","Mixed","ONS 5+2","Benefit Income of which Disability benefits","..","%","Value not available due to small sample size"
"The percentage of pensioner units in receipt","2015/16; 2016/17; 2017/18","3-Year average","Black","ONS 5+2","Benefit Income of which Disability benefits","21","%",""
"The percentage of pensioner units in receipt","2015/16; 2016/17; 2017/18","3-Year average","Asian","ONS 5+2","Benefit Income of which Disability benefits","19","%",""
"The percentage of pensioner units in receipt","2015/16; 2016/17; 2017/18","3-Year average","Other","ONS 5+2","Benefit Income of which Disability benefits","..","%","Value not available due to small sample size"
"The percentage of pensioner units in receipt","2016/17; 2017/18; 2018/19","3-Year average","All","ONS 5+2","Benefit Income of which Disability benefits","20","%",""
"The percentage of pensioner units in receipt","2016/17; 2017/18; 2018/19","3-Year average","White All","ONS 5+2","Benefit Income of which Disability benefits","20","%",""
"The percentage of pensioner units in receipt","2016/17; 2017/18; 2018/19","3-Year average","White British","ONS 5+2","Benefit Income of which Disability benefits","20","%",""
"The percentage of pensioner units in receipt","2016/17; 2017/18; 2018/19","3-Year average","White Other","ONS 5+2","Benefit Income of which Disability benefits","20","%",""
"The percentage of pensioner units in receipt","2016/17; 2017/18; 2018/19","3-Year average","Mixed","ONS 5+2","Benefit Income of which Disability benefits","..","%","Value not available due to small sample size"
"The percentage of pensioner units in receipt","2016/17; 2017/18; 2018/19","3-Year average","Black","ONS 5+2","Benefit Income of which Disability benefits","20","%",""
"The percentage of pensioner units in receipt","2016/17; 2017/18; 2018/19","3-Year average","Asian","ONS 5+2","Benefit Income of which Disability benefits","20","%",""
"The percentage of pensioner units in receipt","2016/17; 2017/18; 2018/19","3-Year average","Other","ONS 5+2","Benefit Income of which Disability benefits","..","%","Value not available due to small sample size"
"The percentage of pensioner units in receipt","2017/18; 2018/19; 2019/20","3-Year average","All","ONS 5+2","Benefit Income of which Disability benefits","20","%",""
"The percentage of pensioner units in receipt","2017/18; 2018/19; 2019/20","3-Year average","White All","ONS 5+2","Benefit Income of which Disability benefits","20","%",""
"The percentage of pensioner units in receipt","2017/18; 2018/19; 2019/20","3-Year average","White British","ONS 5+2","Benefit Income of which Disability benefits","20","%",""
"The percentage of pensioner units in receipt","2017/18; 2018/19; 2019/20","3-Year average","White Other","ONS 5+2","Benefit Income of which Disability benefits","20","%",""
"The percentage of pensioner units in receipt","2017/18; 2018/19; 2019/20","3-Year average","Mixed","ONS 5+2","Benefit Income of which Disability benefits","..","%","Value not available due to small sample size"
"The percentage of pensioner units in receipt","2017/18; 2018/19; 2019/20","3-Year average","Black","ONS 5+2","Benefit Income of which Disability benefits","22","%",""
"The percentage of pensioner units in receipt","2017/18; 2018/19; 2019/20","3-Year average","Asian","ONS 5+2","Benefit Income of which Disability benefits","22","%",""
"The percentage of pensioner units in receipt","2017/18; 2018/19; 2019/20","3-Year average","Other","ONS 5+2","Benefit Income of which Disability benefits","..","%","Value not available due to small sample size"
"The percentage of pensioner units in receipt","2008/09; 2009/10; 2010/11","3-Year average","All","ONS 5+2","Benefit Income of which Income-related benefits","31","%",""
"The percentage of pensioner units in receipt","2008/09; 2009/10; 2010/11","3-Year average","White All","ONS 5+2","Benefit Income of which Income-related benefits","30","%",""
"The percentage of pensioner units in receipt","2008/09; 2009/10; 2010/11","3-Year average","White British","ONS 5+2","Benefit Income of which Income-related benefits","30","%",""
"The percentage of pensioner units in receipt","2008/09; 2009/10; 2010/11","3-Year average","White Other","ONS 5+2","Benefit Income of which Income-related benefits","32","%",""
"The percentage of pensioner units in receipt","2008/09; 2009/10; 2010/11","3-Year average","Mixed","ONS 5+2","Benefit Income of which Income-related benefits","..","%","Value not available due to small sample size"
"The percentage of pensioner units in receipt","2008/09; 2009/10; 2010/11","3-Year average","Black","ONS 5+2","Benefit Income of which Income-related benefits","51","%",""
"The percentage of pensioner units in receipt","2008/09; 2009/10; 2010/11","3-Year average","Asian","ONS 5+2","Benefit Income of which Income-related benefits","45","%",""
"The percentage of pensioner units in receipt","2008/09; 2009/10; 2010/11","3-Year average","Other","ONS 5+2","Benefit Income of which Income-related benefits","32","%",""
"The percentage of pensioner units in receipt","2009/10; 2010/11; 2011/12","3-Year average","All","ONS 5+2","Benefit Income of which Income-related benefits","29","%",""
"The percentage of pensioner units in receipt","2009/10; 2010/11; 2011/12","3-Year average","White All","ONS 5+2","Benefit Income of which Income-related benefits","29","%",""
"The percentage of pensioner units in receipt","2009/10; 2010/11; 2011/12","3-Year average","White British","ONS 5+2","Benefit Income of which Income-related benefits","29","%",""
"The percentage of pensioner units in receipt","2009/10; 2010/11; 2011/12","3-Year average","White Other","ONS 5+2","Benefit Income of which Income-related benefits","34","%",""
"The percentage of pensioner units in receipt","2009/10; 2010/11; 2011/12","3-Year average","Mixed","ONS 5+2","Benefit Income of which Income-related benefits","..","%","Value not available due to small sample size"
"The percentage of pensioner units in receipt","2009/10; 2010/11; 2011/12","3-Year average","Black","ONS 5+2","Benefit Income of which Income-related benefits","51","%",""
"The percentage of pensioner units in receipt","2009/10; 2010/11; 2011/12","3-Year average","Asian","ONS 5+2","Benefit Income of which Income-related benefits","45","%",""
"The percentage of pensioner units in receipt","2009/10; 2010/11; 2011/12","3-Year average","Other","ONS 5+2","Benefit Income of which Income-related benefits","27","%",""
"The percentage of pensioner units in receipt","2010/11; 2011/12; 2012/13","3-Year average","All","ONS 5+2","Benefit Income of which Income-related benefits","29","%",""
"The percentage of pensioner units in receipt","2010/11; 2011/12; 2012/13","3-Year average","White All","ONS 5+2","Benefit Income of which Income-related benefits","28","%",""
"The percentage of pensioner units in receipt","2010/11; 2011/12; 2012/13","3-Year average","White British","ONS 5+2","Benefit Income of which Income-related benefits","28","%",""
"The percentage of pensioner units in receipt","2010/11; 2011/12; 2012/13","3-Year average","White Other","ONS 5+2","Benefit Income of which Income-related benefits","36","%",""
"The percentage of pensioner units in receipt","2010/11; 2011/12; 2012/13","3-Year average","Mixed","ONS 5+2","Benefit Income of which Income-related benefits","..","%","Value not available due to small sample size"
"The percentage of pensioner units in receipt","2010/11; 2011/12; 2012/13","3-Year average","Black","ONS 5+2","Benefit Income of which Income-related benefits","49","%",""
"The percentage of pensioner units in receipt","2010/11; 2011/12; 2012/13","3-Year average","Asian","ONS 5+2","Benefit Income of which Income-related benefits","44","%",""
"The percentage of pensioner units in receipt","2010/11; 2011/12; 2012/13","3-Year average","Other","ONS 5+2","Benefit Income of which Income-related benefits","34","%",""
"The percentage of pensioner units in receipt","2011/12; 2012/13; 2013/14","3-Year average","All","ONS 5+2","Benefit Income of which Income-related benefits","28","%",""
"The percentage of pensioner units in receipt","2011/12; 2012/13; 2013/14","3-Year average","White All","ONS 5+2","Benefit Income of which Income-related benefits","27","%",""
"The percentage of pensioner units in receipt","2011/12; 2012/13; 2013/14","3-Year average","White British","ONS 5+2","Benefit Income of which Income-related benefits","27","%",""
"The percentage of pensioner units in receipt","2011/12; 2012/13; 2013/14","3-Year average","White Other","ONS 5+2","Benefit Income of which Income-related benefits","37","%",""
"The percentage of pensioner units in receipt","2011/12; 2012/13; 2013/14","3-Year average","Mixed","ONS 5+2","Benefit Income of which Income-related benefits","..","%","Value not available due to small sample size"
"The percentage of pensioner units in receipt","2011/12; 2012/13; 2013/14","3-Year average","Black","ONS 5+2","Benefit Income of which Income-related benefits","47","%",""
"The percentage of pensioner units in receipt","2011/12; 2012/13; 2013/14","3-Year average","Asian","ONS 5+2","Benefit Income of which Income-related benefits","41","%",""
"The percentage of pensioner units in receipt","2011/12; 2012/13; 2013/14","3-Year average","Other","ONS 5+2","Benefit Income of which Income-related benefits","..","%","Value not available due to small sample size"
"The percentage of pensioner units in receipt","2012/13; 2013/14; 2014/15","3-Year average","All","ONS 5+2","Benefit Income of which Income-related benefits","27","%",""
"The percentage of pensioner units in receipt","2012/13; 2013/14; 2014/15","3-Year average","White All","ONS 5+2","Benefit Income of which Income-related benefits","26","%",""
"The percentage of pensioner units in receipt","2012/13; 2013/14; 2014/15","3-Year average","White British","ONS 5+2","Benefit Income of which Income-related benefits","26","%",""
"The percentage of pensioner units in receipt","2012/13; 2013/14; 2014/15","3-Year average","White Other","ONS 5+2","Benefit Income of which Income-related benefits","36","%",""
"The percentage of pensioner units in receipt","2012/13; 2013/14; 2014/15","3-Year average","Mixed","ONS 5+2","Benefit Income of which Income-related benefits","..","%","Value not available due to small sample size"
"The percentage of pensioner units in receipt","2012/13; 2013/14; 2014/15","3-Year average","Black","ONS 5+2","Benefit Income of which Income-related benefits","48","%",""
"The percentage of pensioner units in receipt","2012/13; 2013/14; 2014/15","3-Year average","Asian","ONS 5+2","Benefit Income of which Income-related benefits","38","%",""
"The percentage of pensioner units in receipt","2012/13; 2013/14; 2014/15","3-Year average","Other","ONS 5+2","Benefit Income of which Income-related benefits","..","%","Value not available due to small sample size"
"The percentage of pensioner units in receipt","2013/14; 2014/15; 2015/16","3-Year average","All","ONS 5+2","Benefit Income of which Income-related benefits","26","%",""
"The percentage of pensioner units in receipt","2013/14; 2014/15; 2015/16","3-Year average","White All","ONS 5+2","Benefit Income of which Income-related benefits","25","%",""
"The percentage of pensioner units in receipt","2013/14; 2014/15; 2015/16","3-Year average","White British","ONS 5+2","Benefit Income of which Income-related benefits","25","%",""
"The percentage of pensioner units in receipt","2013/14; 2014/15; 2015/16","3-Year average","White Other","ONS 5+2","Benefit Income of which Income-related benefits","34","%",""
"The percentage of pensioner units in receipt","2013/14; 2014/15; 2015/16","3-Year average","Mixed","ONS 5+2","Benefit Income of which Income-related benefits","..","%","Value not available due to small sample size"
"The percentage of pensioner units in receipt","2013/14; 2014/15; 2015/16","3-Year average","Black","ONS 5+2","Benefit Income of which Income-related benefits","44","%",""
"The percentage of pensioner units in receipt","2013/14; 2014/15; 2015/16","3-Year average","Asian","ONS 5+2","Benefit Income of which Income-related benefits","36","%",""
"The percentage of pensioner units in receipt","2013/14; 2014/15; 2015/16","3-Year average","Other","ONS 5+2","Benefit Income of which Income-related benefits","..","%","Value not available due to small sample size"
"The percentage of pensioner units in receipt","2014/15; 2015/16; 2016/17","3-Year average","All","ONS 5+2","Benefit Income of which Income-related benefits","25","%",""
"The percentage of pensioner units in receipt","2014/15; 2015/16; 2016/17","3-Year average","White All","ONS 5+2","Benefit Income of which Income-related benefits","25","%",""
"The percentage of pensioner units in receipt","2014/15; 2015/16; 2016/17","3-Year average","White British","ONS 5+2","Benefit Income of which Income-related benefits","24","%",""
"The percentage of pensioner units in receipt","2014/15; 2015/16; 2016/17","3-Year average","White Other","ONS 5+2","Benefit Income of which Income-related benefits","31","%",""
"The percentage of pensioner units in receipt","2014/15; 2015/16; 2016/17","3-Year average","Mixed","ONS 5+2","Benefit Income of which Income-related benefits","..","%","Value not available due to small sample size"
"The percentage of pensioner units in receipt","2014/15; 2015/16; 2016/17","3-Year average","Black","ONS 5+2","Benefit Income of which Income-related benefits","46","%",""
"The percentage of pensioner units in receipt","2014/15; 2015/16; 2016/17","3-Year average","Asian","ONS 5+2","Benefit Income of which Income-related benefits","33","%",""
"The percentage of pensioner units in receipt","2014/15; 2015/16; 2016/17","3-Year average","Other","ONS 5+2","Benefit Income of which Income-related benefits","..","%","Value not available due to small sample size"
"The percentage of pensioner units in receipt","2015/16; 2016/17; 2017/18","3-Year average","All","ONS 5+2","Benefit Income of which Income-related benefits","24","%",""
"The percentage of pensioner units in receipt","2015/16; 2016/17; 2017/18","3-Year average","White All","ONS 5+2","Benefit Income of which Income-related benefits","24","%",""
"The percentage of pensioner units in receipt","2015/16; 2016/17; 2017/18","3-Year average","White British","ONS 5+2","Benefit Income of which Income-related benefits","24","%",""
"The percentage of pensioner units in receipt","2015/16; 2016/17; 2017/18","3-Year average","White Other","ONS 5+2","Benefit Income of which Income-related benefits","31","%",""
"The percentage of pensioner units in receipt","2015/16; 2016/17; 2017/18","3-Year average","Mixed","ONS 5+2","Benefit Income of which Income-related benefits","..","%","Value not available due to small sample size"
"The percentage of pensioner units in receipt","2015/16; 2016/17; 2017/18","3-Year average","Black","ONS 5+2","Benefit Income of which Income-related benefits","40","%",""
"The percentage of pensioner units in receipt","2015/16; 2016/17; 2017/18","3-Year average","Asian","ONS 5+2","Benefit Income of which Income-related benefits","36","%",""
"The percentage of pensioner units in receipt","2015/16; 2016/17; 2017/18","3-Year average","Other","ONS 5+2","Benefit Income of which Income-related benefits","..","%","Value not available due to small sample size"
"The percentage of pensioner units in receipt","2016/17; 2017/18; 2018/19","3-Year average","All","ONS 5+2","Benefit Income of which Income-related benefits","24","%",""
"The percentage of pensioner units in receipt","2016/17; 2017/18; 2018/19","3-Year average","White All","ONS 5+2","Benefit Income of which Income-related benefits","23","%",""
"The percentage of pensioner units in receipt","2016/17; 2017/18; 2018/19","3-Year average","White British","ONS 5+2","Benefit Income of which Income-related benefits","23","%",""
"The percentage of pensioner units in receipt","2016/17; 2017/18; 2018/19","3-Year average","White Other","ONS 5+2","Benefit Income of which Income-related benefits","31","%",""
"The percentage of pensioner units in receipt","2016/17; 2017/18; 2018/19","3-Year average","Mixed","ONS 5+2","Benefit Income of which Income-related benefits","..","%","Value not available due to small sample size"
"The percentage of pensioner units in receipt","2016/17; 2017/18; 2018/19","3-Year average","Black","ONS 5+2","Benefit Income of which Income-related benefits","42","%",""
"The percentage of pensioner units in receipt","2016/17; 2017/18; 2018/19","3-Year average","Asian","ONS 5+2","Benefit Income of which Income-related benefits","35","%",""
"The percentage of pensioner units in receipt","2016/17; 2017/18; 2018/19","3-Year average","Other","ONS 5+2","Benefit Income of which Income-related benefits","..","%","Value not available due to small sample size"
"The percentage of pensioner units in receipt","2017/18; 2018/19; 2019/20","3-Year average","All","ONS 5+2","Benefit Income of which Income-related benefits","23","%",""
"The percentage of pensioner units in receipt","2017/18; 2018/19; 2019/20","3-Year average","White All","ONS 5+2","Benefit Income of which Income-related benefits","23","%",""
"The percentage of pensioner units in receipt","2017/18; 2018/19; 2019/20","3-Year average","White British","ONS 5+2","Benefit Income of which Income-related benefits","22","%",""
"The percentage of pensioner units in receipt","2017/18; 2018/19; 2019/20","3-Year average","White Other","ONS 5+2","Benefit Income of which Income-related benefits","32","%",""
"The percentage of pensioner units in receipt","2017/18; 2018/19; 2019/20","3-Year average","Mixed","ONS 5+2","Benefit Income of which Income-related benefits","..","%","Value not available due to small sample size"
"The percentage of pensioner units in receipt","2017/18; 2018/19; 2019/20","3-Year average","Black","ONS 5+2","Benefit Income of which Income-related benefits","40","%",""
"The percentage of pensioner units in receipt","2017/18; 2018/19; 2019/20","3-Year average","Asian","ONS 5+2","Benefit Income of which Income-related benefits","37","%",""
"The percentage of pensioner units in receipt","2017/18; 2018/19; 2019/20","3-Year average","Other","ONS 5+2","Benefit Income of which Income-related benefits","..","%","Value not available due to small sample size"
"The percentage of pensioner units in receipt","2008/09; 2009/10; 2010/11","3-Year average","All","ONS 5+2","Benefit Income of which State Pension","96","%",""
"The percentage of pensioner units in receipt","2008/09; 2009/10; 2010/11","3-Year average","White All","ONS 5+2","Benefit Income of which State Pension","96","%",""
"The percentage of pensioner units in receipt","2008/09; 2009/10; 2010/11","3-Year average","White British","ONS 5+2","Benefit Income of which State Pension","96","%",""
"The percentage of pensioner units in receipt","2008/09; 2009/10; 2010/11","3-Year average","White Other","ONS 5+2","Benefit Income of which State Pension","89","%",""
"The percentage of pensioner units in receipt","2008/09; 2009/10; 2010/11","3-Year average","Mixed","ONS 5+2","Benefit Income of which State Pension","..","%","Value not available due to small sample size"
"The percentage of pensioner units in receipt","2008/09; 2009/10; 2010/11","3-Year average","Black","ONS 5+2","Benefit Income of which State Pension","86","%",""
"The percentage of pensioner units in receipt","2008/09; 2009/10; 2010/11","3-Year average","Asian","ONS 5+2","Benefit Income of which State Pension","90","%",""
"The percentage of pensioner units in receipt","2008/09; 2009/10; 2010/11","3-Year average","Other","ONS 5+2","Benefit Income of which State Pension","84","%",""
"The percentage of pensioner units in receipt","2009/10; 2010/11; 2011/12","3-Year average","All","ONS 5+2","Benefit Income of which State Pension","97","%",""
"The percentage of pensioner units in receipt","2009/10; 2010/11; 2011/12","3-Year average","White All","ONS 5+2","Benefit Income of which State Pension","97","%",""
"The percentage of pensioner units in receipt","2009/10; 2010/11; 2011/12","3-Year average","White British","ONS 5+2","Benefit Income of which State Pension","97","%",""
"The percentage of pensioner units in receipt","2009/10; 2010/11; 2011/12","3-Year average","White Other","ONS 5+2","Benefit Income of which State Pension","89","%",""
"The percentage of pensioner units in receipt","2009/10; 2010/11; 2011/12","3-Year average","Mixed","ONS 5+2","Benefit Income of which State Pension","..","%","Value not available due to small sample size"
"The percentage of pensioner units in receipt","2009/10; 2010/11; 2011/12","3-Year average","Black","ONS 5+2","Benefit Income of which State Pension","91","%",""
"The percentage of pensioner units in receipt","2009/10; 2010/11; 2011/12","3-Year average","Asian","ONS 5+2","Benefit Income of which State Pension","90","%",""
"The percentage of pensioner units in receipt","2009/10; 2010/11; 2011/12","3-Year average","Other","ONS 5+2","Benefit Income of which State Pension","88","%",""
"The percentage of pensioner units in receipt","2010/11; 2011/12; 2012/13","3-Year average","All","ONS 5+2","Benefit Income of which State Pension","97","%",""
"The percentage of pensioner units in receipt","2010/11; 2011/12; 2012/13","3-Year average","White All","ONS 5+2","Benefit Income of which State Pension","97","%",""
"The percentage of pensioner units in receipt","2010/11; 2011/12; 2012/13","3-Year average","White British","ONS 5+2","Benefit Income of which State Pension","98","%",""
"The percentage of pensioner units in receipt","2010/11; 2011/12; 2012/13","3-Year average","White Other","ONS 5+2","Benefit Income of which State Pension","87","%",""
"The percentage of pensioner units in receipt","2010/11; 2011/12; 2012/13","3-Year average","Mixed","ONS 5+2","Benefit Income of which State Pension","..","%","Value not available due to small sample size"
"The percentage of pensioner units in receipt","2010/11; 2011/12; 2012/13","3-Year average","Black","ONS 5+2","Benefit Income of which State Pension","88","%",""
"The percentage of pensioner units in receipt","2010/11; 2011/12; 2012/13","3-Year average","Asian","ONS 5+2","Benefit Income of which State Pension","85","%",""
"The percentage of pensioner units in receipt","2010/11; 2011/12; 2012/13","3-Year average","Other","ONS 5+2","Benefit Income of which State Pension","90","%",""
"The percentage of pensioner units in receipt","2011/12; 2012/13; 2013/14","3-Year average","All","ONS 5+2","Benefit Income of which State Pension","97","%",""
"The percentage of pensioner units in receipt","2011/12; 2012/13; 2013/14","3-Year average","White All","ONS 5+2","Benefit Income of which State Pension","98","%",""
"The percentage of pensioner units in receipt","2011/12; 2012/13; 2013/14","3-Year average","White British","ONS 5+2","Benefit Income of which State Pension","98","%",""
"The percentage of pensioner units in receipt","2011/12; 2012/13; 2013/14","3-Year average","White Other","ONS 5+2","Benefit Income of which State Pension","84","%",""
"The percentage of pensioner units in receipt","2011/12; 2012/13; 2013/14","3-Year average","Mixed","ONS 5+2","Benefit Income of which State Pension","..","%","Value not available due to small sample size"
"The percentage of pensioner units in receipt","2011/12; 2012/13; 2013/14","3-Year average","Black","ONS 5+2","Benefit Income of which State Pension","87","%",""
"The percentage of pensioner units in receipt","2011/12; 2012/13; 2013/14","3-Year average","Asian","ONS 5+2","Benefit Income of which State Pension","85","%",""
"The percentage of pensioner units in receipt","2011/12; 2012/13; 2013/14","3-Year average","Other","ONS 5+2","Benefit Income of which State Pension","..","%","Value not available due to small sample size"
"The percentage of pensioner units in receipt","2012/13; 2013/14; 2014/15","3-Year average","All","ONS 5+2","Benefit Income of which State Pension","97","%",""
"The percentage of pensioner units in receipt","2012/13; 2013/14; 2014/15","3-Year average","White All","ONS 5+2","Benefit Income of which State Pension","98","%",""
"The percentage of pensioner units in receipt","2012/13; 2013/14; 2014/15","3-Year average","White British","ONS 5+2","Benefit Income of which State Pension","98","%",""
"The percentage of pensioner units in receipt","2012/13; 2013/14; 2014/15","3-Year average","White Other","ONS 5+2","Benefit Income of which State Pension","86","%",""
"The percentage of pensioner units in receipt","2012/13; 2013/14; 2014/15","3-Year average","Mixed","ONS 5+2","Benefit Income of which State Pension","..","%","Value not available due to small sample size"
"The percentage of pensioner units in receipt","2012/13; 2013/14; 2014/15","3-Year average","Black","ONS 5+2","Benefit Income of which State Pension","86","%",""
"The percentage of pensioner units in receipt","2012/13; 2013/14; 2014/15","3-Year average","Asian","ONS 5+2","Benefit Income of which State Pension","86","%",""
"The percentage of pensioner units in receipt","2012/13; 2013/14; 2014/15","3-Year average","Other","ONS 5+2","Benefit Income of which State Pension","..","%","Value not available due to small sample size"
"The percentage of pensioner units in receipt","2013/14; 2014/15; 2015/16","3-Year average","All","ONS 5+2","Benefit Income of which State Pension","97","%",""
"The percentage of pensioner units in receipt","2013/14; 2014/15; 2015/16","3-Year average","White All","ONS 5+2","Benefit Income of which State Pension","98","%",""
"The percentage of pensioner units in receipt","2013/14; 2014/15; 2015/16","3-Year average","White British","ONS 5+2","Benefit Income of which State Pension","98","%",""
"The percentage of pensioner units in receipt","2013/14; 2014/15; 2015/16","3-Year average","White Other","ONS 5+2","Benefit Income of which State Pension","87","%",""
"The percentage of pensioner units in receipt","2013/14; 2014/15; 2015/16","3-Year average","Mixed","ONS 5+2","Benefit Income of which State Pension","..","%","Value not available due to small sample size"
"The percentage of pensioner units in receipt","2013/14; 2014/15; 2015/16","3-Year average","Black","ONS 5+2","Benefit Income of which State Pension","91","%",""
"The percentage of pensioner units in receipt","2013/14; 2014/15; 2015/16","3-Year average","Asian","ONS 5+2","Benefit Income of which State Pension","89","%",""
"The percentage of pensioner units in receipt","2013/14; 2014/15; 2015/16","3-Year average","Other","ONS 5+2","Benefit Income of which State Pension","..","%","Value not available due to small sample size"
"The percentage of pensioner units in receipt","2014/15; 2015/16; 2016/17","3-Year average","All","ONS 5+2","Benefit Income of which State Pension","97","%",""
"The percentage of pensioner units in receipt","2014/15; 2015/16; 2016/17","3-Year average","White All","ONS 5+2","Benefit Income of which State Pension","98","%",""
"The percentage of pensioner units in receipt","2014/15; 2015/16; 2016/17","3-Year average","White British","ONS 5+2","Benefit Income of which State Pension","98","%",""
"The percentage of pensioner units in receipt","2014/15; 2015/16; 2016/17","3-Year average","White Other","ONS 5+2","Benefit Income of which State Pension","88","%",""
"The percentage of pensioner units in receipt","2014/15; 2015/16; 2016/17","3-Year average","Mixed","ONS 5+2","Benefit Income of which State Pension","..","%","Value not available due to small sample size"
"The percentage of pensioner units in receipt","2014/15; 2015/16; 2016/17","3-Year average","Black","ONS 5+2","Benefit Income of which State Pension","93","%",""
"The percentage of pensioner units in receipt","2014/15; 2015/16; 2016/17","3-Year average","Asian","ONS 5+2","Benefit Income of which State Pension","88","%",""
"The percentage of pensioner units in receipt","2014/15; 2015/16; 2016/17","3-Year average","Other","ONS 5+2","Benefit Income of which State Pension","..","%","Value not available due to small sample size"
"The percentage of pensioner units in receipt","2015/16; 2016/17; 2017/18","3-Year average","All","ONS 5+2","Benefit Income of which State Pension","97","%",""
"The percentage of pensioner units in receipt","2015/16; 2016/17; 2017/18","3-Year average","White All","ONS 5+2","Benefit Income of which State Pension","98","%",""
"The percentage of pensioner units in receipt","2015/16; 2016/17; 2017/18","3-Year average","White British","ONS 5+2","Benefit Income of which State Pension","98","%",""
"The percentage of pensioner units in receipt","2015/16; 2016/17; 2017/18","3-Year average","White Other","ONS 5+2","Benefit Income of which State Pension","87","%",""
"The percentage of pensioner units in receipt","2015/16; 2016/17; 2017/18","3-Year average","Mixed","ONS 5+2","Benefit Income of which State Pension","..","%","Value not available due to small sample size"
"The percentage of pensioner units in receipt","2015/16; 2016/17; 2017/18","3-Year average","Black","ONS 5+2","Benefit Income of which State Pension","94","%",""
"The percentage of pensioner units in receipt","2015/16; 2016/17; 2017/18","3-Year average","Asian","ONS 5+2","Benefit Income of which State Pension","85","%",""
"The percentage of pensioner units in receipt","2015/16; 2016/17; 2017/18","3-Year average","Other","ONS 5+2","Benefit Income of which State Pension","..","%","Value not available due to small sample size"
"The percentage of pensioner units in receipt","2016/17; 2017/18; 2018/19","3-Year average","All","ONS 5+2","Benefit Income of which State Pension","97","%",""
"The percentage of pensioner units in receipt","2016/17; 2017/18; 2018/19","3-Year average","White All","ONS 5+2","Benefit Income of which State Pension","98","%",""
"The percentage of pensioner units in receipt","2016/17; 2017/18; 2018/19","3-Year average","White British","ONS 5+2","Benefit Income of which State Pension","98","%",""
"The percentage of pensioner units in receipt","2016/17; 2017/18; 2018/19","3-Year average","White Other","ONS 5+2","Benefit Income of which State Pension","88","%",""
"The percentage of pensioner units in receipt","2016/17; 2017/18; 2018/19","3-Year average","Mixed","ONS 5+2","Benefit Income of which State Pension","..","%","Value not available due to small sample size"
"The percentage of pensioner units in receipt","2016/17; 2017/18; 2018/19","3-Year average","Black","ONS 5+2","Benefit Income of which State Pension","94","%",""
"The percentage of pensioner units in receipt","2016/17; 2017/18; 2018/19","3-Year average","Asian","ONS 5+2","Benefit Income of which State Pension","86","%",""
"The percentage of pensioner units in receipt","2016/17; 2017/18; 2018/19","3-Year average","Other","ONS 5+2","Benefit Income of which State Pension","..","%","Value not available due to small sample size"
"The percentage of pensioner units in receipt","2017/18; 2018/19; 2019/20","3-Year average","All","ONS 5+2","Benefit Income of which State Pension","97","%",""
"The percentage of pensioner units in receipt","2017/18; 2018/19; 2019/20","3-Year average","White All","ONS 5+2","Benefit Income of which State Pension","98","%",""
"The percentage of pensioner units in receipt","2017/18; 2018/19; 2019/20","3-Year average","White British","ONS 5+2","Benefit Income of which State Pension","98","%",""
"The percentage of pensioner units in receipt","2017/18; 2018/19; 2019/20","3-Year average","White Other","ONS 5+2","Benefit Income of which State Pension","88","%",""
"The percentage of pensioner units in receipt","2017/18; 2018/19; 2019/20","3-Year average","Mixed","ONS 5+2","Benefit Income of which State Pension","..","%","Value not available due to small sample size"
"The percentage of pensioner units in receipt","2017/18; 2018/19; 2019/20","3-Year average","Black","ONS 5+2","Benefit Income of which State Pension","93","%",""
"The percentage of pensioner units in receipt","2017/18; 2018/19; 2019/20","3-Year average","Asian","ONS 5+2","Benefit Income of which State Pension","86","%",""
"The percentage of pensioner units in receipt","2017/18; 2018/19; 2019/20","3-Year average","Other","ONS 5+2","Benefit Income of which State Pension","..","%","Value not available due to small sample size"
"The percentage of pensioner units in receipt","2008/09; 2009/10; 2010/11","3-Year average","All","ONS 5+2","Earnings income","18","%",""
"The percentage of pensioner units in receipt","2008/09; 2009/10; 2010/11","3-Year average","White All","ONS 5+2","Earnings income","18","%",""
"The percentage of pensioner units in receipt","2008/09; 2009/10; 2010/11","3-Year average","White British","ONS 5+2","Earnings income","18","%",""
"The percentage of pensioner units in receipt","2008/09; 2009/10; 2010/11","3-Year average","White Other","ONS 5+2","Earnings income","19","%",""
"The percentage of pensioner units in receipt","2008/09; 2009/10; 2010/11","3-Year average","Mixed","ONS 5+2","Earnings income","..","%","Value not available due to small sample size"
"The percentage of pensioner units in receipt","2008/09; 2009/10; 2010/11","3-Year average","Black","ONS 5+2","Earnings income","16","%",""
"The percentage of pensioner units in receipt","2008/09; 2009/10; 2010/11","3-Year average","Asian","ONS 5+2","Earnings income","17","%",""
"The percentage of pensioner units in receipt","2008/09; 2009/10; 2010/11","3-Year average","Other","ONS 5+2","Earnings income","19","%",""
"The percentage of pensioner units in receipt","2009/10; 2010/11; 2011/12","3-Year average","All","ONS 5+2","Earnings income","19","%",""
"The percentage of pensioner units in receipt","2009/10; 2010/11; 2011/12","3-Year average","White All","ONS 5+2","Earnings income","19","%",""
"The percentage of pensioner units in receipt","2009/10; 2010/11; 2011/12","3-Year average","White British","ONS 5+2","Earnings income","19","%",""
"The percentage of pensioner units in receipt","2009/10; 2010/11; 2011/12","3-Year average","White Other","ONS 5+2","Earnings income","19","%",""
"The percentage of pensioner units in receipt","2009/10; 2010/11; 2011/12","3-Year average","Mixed","ONS 5+2","Earnings income","..","%","Value not available due to small sample size"
"The percentage of pensioner units in receipt","2009/10; 2010/11; 2011/12","3-Year average","Black","ONS 5+2","Earnings income","14","%",""
"The percentage of pensioner units in receipt","2009/10; 2010/11; 2011/12","3-Year average","Asian","ONS 5+2","Earnings income","18","%",""
"The percentage of pensioner units in receipt","2009/10; 2010/11; 2011/12","3-Year average","Other","ONS 5+2","Earnings income","21","%",""
"The percentage of pensioner units in receipt","2010/11; 2011/12; 2012/13","3-Year average","All","ONS 5+2","Earnings income","18","%",""
"The percentage of pensioner units in receipt","2010/11; 2011/12; 2012/13","3-Year average","White All","ONS 5+2","Earnings income","18","%",""
"The percentage of pensioner units in receipt","2010/11; 2011/12; 2012/13","3-Year average","White British","ONS 5+2","Earnings income","18","%",""
"The percentage of pensioner units in receipt","2010/11; 2011/12; 2012/13","3-Year average","White Other","ONS 5+2","Earnings income","18","%",""
"The percentage of pensioner units in receipt","2010/11; 2011/12; 2012/13","3-Year average","Mixed","ONS 5+2","Earnings income","..","%","Value not available due to small sample size"
"The percentage of pensioner units in receipt","2010/11; 2011/12; 2012/13","3-Year average","Black","ONS 5+2","Earnings income","14","%",""
"The percentage of pensioner units in receipt","2010/11; 2011/12; 2012/13","3-Year average","Asian","ONS 5+2","Earnings income","19","%",""
"The percentage of pensioner units in receipt","2010/11; 2011/12; 2012/13","3-Year average","Other","ONS 5+2","Earnings income","22","%",""
"The percentage of pensioner units in receipt","2011/12; 2012/13; 2013/14","3-Year average","All","ONS 5+2","Earnings income","18","%",""
"The percentage of pensioner units in receipt","2011/12; 2012/13; 2013/14","3-Year average","White All","ONS 5+2","Earnings income","18","%",""
"The percentage of pensioner units in receipt","2011/12; 2012/13; 2013/14","3-Year average","White British","ONS 5+2","Earnings income","18","%",""
"The percentage of pensioner units in receipt","2011/12; 2012/13; 2013/14","3-Year average","White Other","ONS 5+2","Earnings income","20","%",""
"The percentage of pensioner units in receipt","2011/12; 2012/13; 2013/14","3-Year average","Mixed","ONS 5+2","Earnings income","..","%","Value not available due to small sample size"
"The percentage of pensioner units in receipt","2011/12; 2012/13; 2013/14","3-Year average","Black","ONS 5+2","Earnings income","16","%",""
"The percentage of pensioner units in receipt","2011/12; 2012/13; 2013/14","3-Year average","Asian","ONS 5+2","Earnings income","21","%",""
"The percentage of pensioner units in receipt","2011/12; 2012/13; 2013/14","3-Year average","Other","ONS 5+2","Earnings income","..","%","Value not available due to small sample size"
"The percentage of pensioner units in receipt","2012/13; 2013/14; 2014/15","3-Year average","All","ONS 5+2","Earnings income","17","%",""
"The percentage of pensioner units in receipt","2012/13; 2013/14; 2014/15","3-Year average","White All","ONS 5+2","Earnings income","17","%",""
"The percentage of pensioner units in receipt","2012/13; 2013/14; 2014/15","3-Year average","White British","ONS 5+2","Earnings income","17","%",""
"The percentage of pensioner units in receipt","2012/13; 2013/14; 2014/15","3-Year average","White Other","ONS 5+2","Earnings income","17","%",""
"The percentage of pensioner units in receipt","2012/13; 2013/14; 2014/15","3-Year average","Mixed","ONS 5+2","Earnings income","..","%","Value not available due to small sample size"
"The percentage of pensioner units in receipt","2012/13; 2013/14; 2014/15","3-Year average","Black","ONS 5+2","Earnings income","17","%",""
"The percentage of pensioner units in receipt","2012/13; 2013/14; 2014/15","3-Year average","Asian","ONS 5+2","Earnings income","20","%",""
"The percentage of pensioner units in receipt","2012/13; 2013/14; 2014/15","3-Year average","Other","ONS 5+2","Earnings income","..","%","Value not available due to small sample size"
"The percentage of pensioner units in receipt","2013/14; 2014/15; 2015/16","3-Year average","All","ONS 5+2","Earnings income","17","%",""
"The percentage of pensioner units in receipt","2013/14; 2014/15; 2015/16","3-Year average","White All","ONS 5+2","Earnings income","17","%",""
"The percentage of pensioner units in receipt","2013/14; 2014/15; 2015/16","3-Year average","White British","ONS 5+2","Earnings income","17","%",""
"The percentage of pensioner units in receipt","2013/14; 2014/15; 2015/16","3-Year average","White Other","ONS 5+2","Earnings income","19","%",""
"The percentage of pensioner units in receipt","2013/14; 2014/15; 2015/16","3-Year average","Mixed","ONS 5+2","Earnings income","..","%","Value not available due to small sample size"
"The percentage of pensioner units in receipt","2013/14; 2014/15; 2015/16","3-Year average","Black","ONS 5+2","Earnings income","16","%",""
"The percentage of pensioner units in receipt","2013/14; 2014/15; 2015/16","3-Year average","Asian","ONS 5+2","Earnings income","17","%",""
"The percentage of pensioner units in receipt","2013/14; 2014/15; 2015/16","3-Year average","Other","ONS 5+2","Earnings income","..","%","Value not available due to small sample size"
"The percentage of pensioner units in receipt","2014/15; 2015/16; 2016/17","3-Year average","All","ONS 5+2","Earnings income","17","%",""
"The percentage of pensioner units in receipt","2014/15; 2015/16; 2016/17","3-Year average","White All","ONS 5+2","Earnings income","17","%",""
"The percentage of pensioner units in receipt","2014/15; 2015/16; 2016/17","3-Year average","White British","ONS 5+2","Earnings income","17","%",""
"The percentage of pensioner units in receipt","2014/15; 2015/16; 2016/17","3-Year average","White Other","ONS 5+2","Earnings income","18","%",""
"The percentage of pensioner units in receipt","2014/15; 2015/16; 2016/17","3-Year average","Mixed","ONS 5+2","Earnings income","..","%","Value not available due to small sample size"
"The percentage of pensioner units in receipt","2014/15; 2015/16; 2016/17","3-Year average","Black","ONS 5+2","Earnings income","18","%",""
"The percentage of pensioner units in receipt","2014/15; 2015/16; 2016/17","3-Year average","Asian","ONS 5+2","Earnings income","18","%",""
"The percentage of pensioner units in receipt","2014/15; 2015/16; 2016/17","3-Year average","Other","ONS 5+2","Earnings income","..","%","Value not available due to small sample size"
"The percentage of pensioner units in receipt","2015/16; 2016/17; 2017/18","3-Year average","All","ONS 5+2","Earnings income","17","%",""
"The percentage of pensioner units in receipt","2015/16; 2016/17; 2017/18","3-Year average","White All","ONS 5+2","Earnings income","17","%",""
"The percentage of pensioner units in receipt","2015/16; 2016/17; 2017/18","3-Year average","White British","ONS 5+2","Earnings income","16","%",""
"The percentage of pensioner units in receipt","2015/16; 2016/17; 2017/18","3-Year average","White Other","ONS 5+2","Earnings income","22","%",""
"The percentage of pensioner units in receipt","2015/16; 2016/17; 2017/18","3-Year average","Mixed","ONS 5+2","Earnings income","..","%","Value not available due to small sample size"
"The percentage of pensioner units in receipt","2015/16; 2016/17; 2017/18","3-Year average","Black","ONS 5+2","Earnings income","21","%",""
"The percentage of pensioner units in receipt","2015/16; 2016/17; 2017/18","3-Year average","Asian","ONS 5+2","Earnings income","15","%",""
"The percentage of pensioner units in receipt","2015/16; 2016/17; 2017/18","3-Year average","Other","ONS 5+2","Earnings income","..","%","Value not available due to small sample size"
"The percentage of pensioner units in receipt","2016/17; 2017/18; 2018/19","3-Year average","All","ONS 5+2","Earnings income","16","%",""
"The percentage of pensioner units in receipt","2016/17; 2017/18; 2018/19","3-Year average","White All","ONS 5+2","Earnings income","16","%",""
"The percentage of pensioner units in receipt","2016/17; 2017/18; 2018/19","3-Year average","White British","ONS 5+2","Earnings income","16","%",""
"The percentage of pensioner units in receipt","2016/17; 2017/18; 2018/19","3-Year average","White Other","ONS 5+2","Earnings income","20","%",""
"The percentage of pensioner units in receipt","2016/17; 2017/18; 2018/19","3-Year average","Mixed","ONS 5+2","Earnings income","..","%","Value not available due to small sample size"
"The percentage of pensioner units in receipt","2016/17; 2017/18; 2018/19","3-Year average","Black","ONS 5+2","Earnings income","23","%",""
"The percentage of pensioner units in receipt","2016/17; 2017/18; 2018/19","3-Year average","Asian","ONS 5+2","Earnings income","17","%",""
"The percentage of pensioner units in receipt","2016/17; 2017/18; 2018/19","3-Year average","Other","ONS 5+2","Earnings income","..","%","Value not available due to small sample size"
"The percentage of pensioner units in receipt","2017/18; 2018/19; 2019/20","3-Year average","All","ONS 5+2","Earnings income","16","%",""
"The percentage of pensioner units in receipt","2017/18; 2018/19; 2019/20","3-Year average","White All","ONS 5+2","Earnings income","16","%",""
"The percentage of pensioner units in receipt","2017/18; 2018/19; 2019/20","3-Year average","White British","ONS 5+2","Earnings income","16","%",""
"The percentage of pensioner units in receipt","2017/18; 2018/19; 2019/20","3-Year average","White Other","ONS 5+2","Earnings income","19","%",""
"The percentage of pensioner units in receipt","2017/18; 2018/19; 2019/20","3-Year average","Mixed","ONS 5+2","Earnings income","..","%","Value not available due to small sample size"
"The percentage of pensioner units in receipt","2017/18; 2018/19; 2019/20","3-Year average","Black","ONS 5+2","Earnings income","21","%",""
"The percentage of pensioner units in receipt","2017/18; 2018/19; 2019/20","3-Year average","Asian","ONS 5+2","Earnings income","13","%",""
"The percentage of pensioner units in receipt","2017/18; 2018/19; 2019/20","3-Year average","Other","ONS 5+2","Earnings income","..","%","Value not available due to small sample size"
"The percentage of pensioner units in receipt","2008/09; 2009/10; 2010/11","3-Year average","All","ONS 5+2","Investment income","69","%",""
"The percentage of pensioner units in receipt","2008/09; 2009/10; 2010/11","3-Year average","White All","ONS 5+2","Investment income","70","%",""
"The percentage of pensioner units in receipt","2008/09; 2009/10; 2010/11","3-Year average","White British","ONS 5+2","Investment income","70","%",""
"The percentage of pensioner units in receipt","2008/09; 2009/10; 2010/11","3-Year average","White Other","ONS 5+2","Investment income","64","%",""
"The percentage of pensioner units in receipt","2008/09; 2009/10; 2010/11","3-Year average","Mixed","ONS 5+2","Investment income","..","%","Value not available due to small sample size"
"The percentage of pensioner units in receipt","2008/09; 2009/10; 2010/11","3-Year average","Black","ONS 5+2","Investment income","42","%",""
"The percentage of pensioner units in receipt","2008/09; 2009/10; 2010/11","3-Year average","Asian","ONS 5+2","Investment income","43","%",""
"The percentage of pensioner units in receipt","2008/09; 2009/10; 2010/11","3-Year average","Other","ONS 5+2","Investment income","60","%",""
"The percentage of pensioner units in receipt","2009/10; 2010/11; 2011/12","3-Year average","All","ONS 5+2","Investment income","68","%",""
"The percentage of pensioner units in receipt","2009/10; 2010/11; 2011/12","3-Year average","White All","ONS 5+2","Investment income","69","%",""
"The percentage of pensioner units in receipt","2009/10; 2010/11; 2011/12","3-Year average","White British","ONS 5+2","Investment income","69","%",""
"The percentage of pensioner units in receipt","2009/10; 2010/11; 2011/12","3-Year average","White Other","ONS 5+2","Investment income","59","%",""
"The percentage of pensioner units in receipt","2009/10; 2010/11; 2011/12","3-Year average","Mixed","ONS 5+2","Investment income","..","%","Value not available due to small sample size"
"The percentage of pensioner units in receipt","2009/10; 2010/11; 2011/12","3-Year average","Black","ONS 5+2","Investment income","38","%",""
"The percentage of pensioner units in receipt","2009/10; 2010/11; 2011/12","3-Year average","Asian","ONS 5+2","Investment income","42","%",""
"The percentage of pensioner units in receipt","2009/10; 2010/11; 2011/12","3-Year average","Other","ONS 5+2","Investment income","59","%",""
"The percentage of pensioner units in receipt","2010/11; 2011/12; 2012/13","3-Year average","All","ONS 5+2","Investment income","65","%",""
"The percentage of pensioner units in receipt","2010/11; 2011/12; 2012/13","3-Year average","White All","ONS 5+2","Investment income","66","%",""
"The percentage of pensioner units in receipt","2010/11; 2011/12; 2012/13","3-Year average","White British","ONS 5+2","Investment income","67","%",""
"The percentage of pensioner units in receipt","2010/11; 2011/12; 2012/13","3-Year average","White Other","ONS 5+2","Investment income","55","%",""
"The percentage of pensioner units in receipt","2010/11; 2011/12; 2012/13","3-Year average","Mixed","ONS 5+2","Investment income","..","%","Value not available due to small sample size"
"The percentage of pensioner units in receipt","2010/11; 2011/12; 2012/13","3-Year average","Black","ONS 5+2","Investment income","27","%",""
"The percentage of pensioner units in receipt","2010/11; 2011/12; 2012/13","3-Year average","Asian","ONS 5+2","Investment income","39","%",""
"The percentage of pensioner units in receipt","2010/11; 2011/12; 2012/13","3-Year average","Other","ONS 5+2","Investment income","54","%",""
"The percentage of pensioner units in receipt","2011/12; 2012/13; 2013/14","3-Year average","All","ONS 5+2","Investment income","64","%",""
"The percentage of pensioner units in receipt","2011/12; 2012/13; 2013/14","3-Year average","White All","ONS 5+2","Investment income","65","%",""
"The percentage of pensioner units in receipt","2011/12; 2012/13; 2013/14","3-Year average","White British","ONS 5+2","Investment income","65","%",""
"The percentage of pensioner units in receipt","2011/12; 2012/13; 2013/14","3-Year average","White Other","ONS 5+2","Investment income","56","%",""
"The percentage of pensioner units in receipt","2011/12; 2012/13; 2013/14","3-Year average","Mixed","ONS 5+2","Investment income","..","%","Value not available due to small sample size"
"The percentage of pensioner units in receipt","2011/12; 2012/13; 2013/14","3-Year average","Black","ONS 5+2","Investment income","27","%",""
"The percentage of pensioner units in receipt","2011/12; 2012/13; 2013/14","3-Year average","Asian","ONS 5+2","Investment income","42","%",""
"The percentage of pensioner units in receipt","2011/12; 2012/13; 2013/14","3-Year average","Other","ONS 5+2","Investment income","..","%","Value not available due to small sample size"
"The percentage of pensioner units in receipt","2012/13; 2013/14; 2014/15","3-Year average","All","ONS 5+2","Investment income","63","%",""
"The percentage of pensioner units in receipt","2012/13; 2013/14; 2014/15","3-Year average","White All","ONS 5+2","Investment income","65","%",""
"The percentage of pensioner units in receipt","2012/13; 2013/14; 2014/15","3-Year average","White British","ONS 5+2","Investment income","65","%",""
"The percentage of pensioner units in receipt","2012/13; 2013/14; 2014/15","3-Year average","White Other","ONS 5+2","Investment income","59","%",""
"The percentage of pensioner units in receipt","2012/13; 2013/14; 2014/15","3-Year average","Mixed","ONS 5+2","Investment income","..","%","Value not available due to small sample size"
"The percentage of pensioner units in receipt","2012/13; 2013/14; 2014/15","3-Year average","Black","ONS 5+2","Investment income","29","%",""
"The percentage of pensioner units in receipt","2012/13; 2013/14; 2014/15","3-Year average","Asian","ONS 5+2","Investment income","41","%",""
"The percentage of pensioner units in receipt","2012/13; 2013/14; 2014/15","3-Year average","Other","ONS 5+2","Investment income","..","%","Value not available due to small sample size"
"The percentage of pensioner units in receipt","2013/14; 2014/15; 2015/16","3-Year average","All","ONS 5+2","Investment income","64","%",""
"The percentage of pensioner units in receipt","2013/14; 2014/15; 2015/16","3-Year average","White All","ONS 5+2","Investment income","65","%",""
"The percentage of pensioner units in receipt","2013/14; 2014/15; 2015/16","3-Year average","White British","ONS 5+2","Investment income","65","%",""
"The percentage of pensioner units in receipt","2013/14; 2014/15; 2015/16","3-Year average","White Other","ONS 5+2","Investment income","60","%",""
"The percentage of pensioner units in receipt","2013/14; 2014/15; 2015/16","3-Year average","Mixed","ONS 5+2","Investment income","..","%","Value not available due to small sample size"
"The percentage of pensioner units in receipt","2013/14; 2014/15; 2015/16","3-Year average","Black","ONS 5+2","Investment income","31","%",""
"The percentage of pensioner units in receipt","2013/14; 2014/15; 2015/16","3-Year average","Asian","ONS 5+2","Investment income","39","%",""
"The percentage of pensioner units in receipt","2013/14; 2014/15; 2015/16","3-Year average","Other","ONS 5+2","Investment income","..","%","Value not available due to small sample size"
"The percentage of pensioner units in receipt","2014/15; 2015/16; 2016/17","3-Year average","All","ONS 5+2","Investment income","63","%",""
"The percentage of pensioner units in receipt","2014/15; 2015/16; 2016/17","3-Year average","White All","ONS 5+2","Investment income","64","%",""
"The percentage of pensioner units in receipt","2014/15; 2015/16; 2016/17","3-Year average","White British","ONS 5+2","Investment income","65","%",""
"The percentage of pensioner units in receipt","2014/15; 2015/16; 2016/17","3-Year average","White Other","ONS 5+2","Investment income","57","%",""
"The percentage of pensioner units in receipt","2014/15; 2015/16; 2016/17","3-Year average","Mixed","ONS 5+2","Investment income","..","%","Value not available due to small sample size"
"The percentage of pensioner units in receipt","2014/15; 2015/16; 2016/17","3-Year average","Black","ONS 5+2","Investment income","29","%",""
"The percentage of pensioner units in receipt","2014/15; 2015/16; 2016/17","3-Year average","Asian","ONS 5+2","Investment income","35","%",""
"The percentage of pensioner units in receipt","2014/15; 2015/16; 2016/17","3-Year average","Other","ONS 5+2","Investment income","..","%","Value not available due to small sample size"
"The percentage of pensioner units in receipt","2015/16; 2016/17; 2017/18","3-Year average","All","ONS 5+2","Investment income","62","%",""
"The percentage of pensioner units in receipt","2015/16; 2016/17; 2017/18","3-Year average","White All","ONS 5+2","Investment income","63","%",""
"The percentage of pensioner units in receipt","2015/16; 2016/17; 2017/18","3-Year average","White British","ONS 5+2","Investment income","63","%",""
"The percentage of pensioner units in receipt","2015/16; 2016/17; 2017/18","3-Year average","White Other","ONS 5+2","Investment income","53","%",""
"The percentage of pensioner units in receipt","2015/16; 2016/17; 2017/18","3-Year average","Mixed","ONS 5+2","Investment income","..","%","Value not available due to small sample size"
"The percentage of pensioner units in receipt","2015/16; 2016/17; 2017/18","3-Year average","Black","ONS 5+2","Investment income","28","%",""
"The percentage of pensioner units in receipt","2015/16; 2016/17; 2017/18","3-Year average","Asian","ONS 5+2","Investment income","32","%",""
"The percentage of pensioner units in receipt","2015/16; 2016/17; 2017/18","3-Year average","Other","ONS 5+2","Investment income","..","%","Value not available due to small sample size"
"The percentage of pensioner units in receipt","2016/17; 2017/18; 2018/19","3-Year average","All","ONS 5+2","Investment income","61","%",""
"The percentage of pensioner units in receipt","2016/17; 2017/18; 2018/19","3-Year average","White All","ONS 5+2","Investment income","62","%",""
"The percentage of pensioner units in receipt","2016/17; 2017/18; 2018/19","3-Year average","White British","ONS 5+2","Investment income","63","%",""
"The percentage of pensioner units in receipt","2016/17; 2017/18; 2018/19","3-Year average","White Other","ONS 5+2","Investment income","49","%",""
"The percentage of pensioner units in receipt","2016/17; 2017/18; 2018/19","3-Year average","Mixed","ONS 5+2","Investment income","..","%","Value not available due to small sample size"
"The percentage of pensioner units in receipt","2016/17; 2017/18; 2018/19","3-Year average","Black","ONS 5+2","Investment income","26","%",""
"The percentage of pensioner units in receipt","2016/17; 2017/18; 2018/19","3-Year average","Asian","ONS 5+2","Investment income","34","%",""
"The percentage of pensioner units in receipt","2016/17; 2017/18; 2018/19","3-Year average","Other","ONS 5+2","Investment income","..","%","Value not available due to small sample size"
"The percentage of pensioner units in receipt","2017/18; 2018/19; 2019/20","3-Year average","All","ONS 5+2","Investment income","61","%",""
"The percentage of pensioner units in receipt","2017/18; 2018/19; 2019/20","3-Year average","White All","ONS 5+2","Investment income","63","%",""
"The percentage of pensioner units in receipt","2017/18; 2018/19; 2019/20","3-Year average","White British","ONS 5+2","Investment income","63","%",""
"The percentage of pensioner units in receipt","2017/18; 2018/19; 2019/20","3-Year average","White Other","ONS 5+2","Investment income","48","%",""
"The percentage of pensioner units in receipt","2017/18; 2018/19; 2019/20","3-Year average","Mixed","ONS 5+2","Investment income","..","%","Value not available due to small sample size"
"The percentage of pensioner units in receipt","2017/18; 2018/19; 2019/20","3-Year average","Black","ONS 5+2","Investment income","27","%",""
"The percentage of pensioner units in receipt","2017/18; 2018/19; 2019/20","3-Year average","Asian","ONS 5+2","Investment income","35","%",""
"The percentage of pensioner units in receipt","2017/18; 2018/19; 2019/20","3-Year average","Other","ONS 5+2","Investment income","..","%","Value not available due to small sample size"
"The percentage of pensioner units in receipt","2008/09; 2009/10; 2010/11","3-Year average","All","ONS 5+2","Occupational pension income","60","%",""
"The percentage of pensioner units in receipt","2008/09; 2009/10; 2010/11","3-Year average","White All","ONS 5+2","Occupational pension income","61","%",""
"The percentage of pensioner units in receipt","2008/09; 2009/10; 2010/11","3-Year average","White British","ONS 5+2","Occupational pension income","61","%",""
"The percentage of pensioner units in receipt","2008/09; 2009/10; 2010/11","3-Year average","White Other","ONS 5+2","Occupational pension income","52","%",""
"The percentage of pensioner units in receipt","2008/09; 2009/10; 2010/11","3-Year average","Mixed","ONS 5+2","Occupational pension income","..","%","Value not available due to small sample size"
"The percentage of pensioner units in receipt","2008/09; 2009/10; 2010/11","3-Year average","Black","ONS 5+2","Occupational pension income","46","%",""
"The percentage of pensioner units in receipt","2008/09; 2009/10; 2010/11","3-Year average","Asian","ONS 5+2","Occupational pension income","32","%",""
"The percentage of pensioner units in receipt","2008/09; 2009/10; 2010/11","3-Year average","Other","ONS 5+2","Occupational pension income","42","%",""
"The percentage of pensioner units in receipt","2009/10; 2010/11; 2011/12","3-Year average","All","ONS 5+2","Occupational pension income","61","%",""
"The percentage of pensioner units in receipt","2009/10; 2010/11; 2011/12","3-Year average","White All","ONS 5+2","Occupational pension income","62","%",""
"The percentage of pensioner units in receipt","2009/10; 2010/11; 2011/12","3-Year average","White British","ONS 5+2","Occupational pension income","62","%",""
"The percentage of pensioner units in receipt","2009/10; 2010/11; 2011/12","3-Year average","White Other","ONS 5+2","Occupational pension income","48","%",""
"The percentage of pensioner units in receipt","2009/10; 2010/11; 2011/12","3-Year average","Mixed","ONS 5+2","Occupational pension income","..","%","Value not available due to small sample size"
"The percentage of pensioner units in receipt","2009/10; 2010/11; 2011/12","3-Year average","Black","ONS 5+2","Occupational pension income","46","%",""
"The percentage of pensioner units in receipt","2009/10; 2010/11; 2011/12","3-Year average","Asian","ONS 5+2","Occupational pension income","30","%",""
"The percentage of pensioner units in receipt","2009/10; 2010/11; 2011/12","3-Year average","Other","ONS 5+2","Occupational pension income","44","%",""
"The percentage of pensioner units in receipt","2010/11; 2011/12; 2012/13","3-Year average","All","ONS 5+2","Occupational pension income","61","%",""
"The percentage of pensioner units in receipt","2010/11; 2011/12; 2012/13","3-Year average","White All","ONS 5+2","Occupational pension income","62","%",""
"The percentage of pensioner units in receipt","2010/11; 2011/12; 2012/13","3-Year average","White British","ONS 5+2","Occupational pension income","63","%",""
"The percentage of pensioner units in receipt","2010/11; 2011/12; 2012/13","3-Year average","White Other","ONS 5+2","Occupational pension income","46","%",""
"The percentage of pensioner units in receipt","2010/11; 2011/12; 2012/13","3-Year average","Mixed","ONS 5+2","Occupational pension income","..","%","Value not available due to small sample size"
"The percentage of pensioner units in receipt","2010/11; 2011/12; 2012/13","3-Year average","Black","ONS 5+2","Occupational pension income","45","%",""
"The percentage of pensioner units in receipt","2010/11; 2011/12; 2012/13","3-Year average","Asian","ONS 5+2","Occupational pension income","32","%",""
"The percentage of pensioner units in receipt","2010/11; 2011/12; 2012/13","3-Year average","Other","ONS 5+2","Occupational pension income","40","%",""
"The percentage of pensioner units in receipt","2011/12; 2012/13; 2013/14","3-Year average","All","ONS 5+2","Occupational pension income","62","%",""
"The percentage of pensioner units in receipt","2011/12; 2012/13; 2013/14","3-Year average","White All","ONS 5+2","Occupational pension income","63","%",""
"The percentage of pensioner units in receipt","2011/12; 2012/13; 2013/14","3-Year average","White British","ONS 5+2","Occupational pension income","63","%",""
"The percentage of pensioner units in receipt","2011/12; 2012/13; 2013/14","3-Year average","White Other","ONS 5+2","Occupational pension income","42","%",""
"The percentage of pensioner units in receipt","2011/12; 2012/13; 2013/14","3-Year average","Mixed","ONS 5+2","Occupational pension income","..","%","Value not available due to small sample size"
"The percentage of pensioner units in receipt","2011/12; 2012/13; 2013/14","3-Year average","Black","ONS 5+2","Occupational pension income","45","%",""
"The percentage of pensioner units in receipt","2011/12; 2012/13; 2013/14","3-Year average","Asian","ONS 5+2","Occupational pension income","34","%",""
"The percentage of pensioner units in receipt","2011/12; 2012/13; 2013/14","3-Year average","Other","ONS 5+2","Occupational pension income","..","%","Value not available due to small sample size"
"The percentage of pensioner units in receipt","2012/13; 2013/14; 2014/15","3-Year average","All","ONS 5+2","Occupational pension income","62","%",""
"The percentage of pensioner units in receipt","2012/13; 2013/14; 2014/15","3-Year average","White All","ONS 5+2","Occupational pension income","63","%",""
"The percentage of pensioner units in receipt","2012/13; 2013/14; 2014/15","3-Year average","White British","ONS 5+2","Occupational pension income","64","%",""
"The percentage of pensioner units in receipt","2012/13; 2013/14; 2014/15","3-Year average","White Other","ONS 5+2","Occupational pension income","47","%",""
"The percentage of pensioner units in receipt","2012/13; 2013/14; 2014/15","3-Year average","Mixed","ONS 5+2","Occupational pension income","..","%","Value not available due to small sample size"
"The percentage of pensioner units in receipt","2012/13; 2013/14; 2014/15","3-Year average","Black","ONS 5+2","Occupational pension income","46","%",""
"The percentage of pensioner units in receipt","2012/13; 2013/14; 2014/15","3-Year average","Asian","ONS 5+2","Occupational pension income","36","%",""
"The percentage of pensioner units in receipt","2012/13; 2013/14; 2014/15","3-Year average","Other","ONS 5+2","Occupational pension income","..","%","Value not available due to small sample size"
"The percentage of pensioner units in receipt","2013/14; 2014/15; 2015/16","3-Year average","All","ONS 5+2","Occupational pension income","62","%",""
"The percentage of pensioner units in receipt","2013/14; 2014/15; 2015/16","3-Year average","White All","ONS 5+2","Occupational pension income","63","%",""
"The percentage of pensioner units in receipt","2013/14; 2014/15; 2015/16","3-Year average","White British","ONS 5+2","Occupational pension income","64","%",""
"The percentage of pensioner units in receipt","2013/14; 2014/15; 2015/16","3-Year average","White Other","ONS 5+2","Occupational pension income","49","%",""
"The percentage of pensioner units in receipt","2013/14; 2014/15; 2015/16","3-Year average","Mixed","ONS 5+2","Occupational pension income","..","%","Value not available due to small sample size"
"The percentage of pensioner units in receipt","2013/14; 2014/15; 2015/16","3-Year average","Black","ONS 5+2","Occupational pension income","48","%",""
"The percentage of pensioner units in receipt","2013/14; 2014/15; 2015/16","3-Year average","Asian","ONS 5+2","Occupational pension income","34","%",""
"The percentage of pensioner units in receipt","2013/14; 2014/15; 2015/16","3-Year average","Other","ONS 5+2","Occupational pension income","..","%","Value not available due to small sample size"
"The percentage of pensioner units in receipt","2014/15; 2015/16; 2016/17","3-Year average","All","ONS 5+2","Occupational pension income","62","%",""
"The percentage of pensioner units in receipt","2014/15; 2015/16; 2016/17","3-Year average","White All","ONS 5+2","Occupational pension income","63","%",""
"The percentage of pensioner units in receipt","2014/15; 2015/16; 2016/17","3-Year average","White British","ONS 5+2","Occupational pension income","64","%",""
"The percentage of pensioner units in receipt","2014/15; 2015/16; 2016/17","3-Year average","White Other","ONS 5+2","Occupational pension income","47","%",""
"The percentage of pensioner units in receipt","2014/15; 2015/16; 2016/17","3-Year average","Mixed","ONS 5+2","Occupational pension income","..","%","Value not available due to small sample size"
"The percentage of pensioner units in receipt","2014/15; 2015/16; 2016/17","3-Year average","Black","ONS 5+2","Occupational pension income","43","%",""
"The percentage of pensioner units in receipt","2014/15; 2015/16; 2016/17","3-Year average","Asian","ONS 5+2","Occupational pension income","34","%",""
"The percentage of pensioner units in receipt","2014/15; 2015/16; 2016/17","3-Year average","Other","ONS 5+2","Occupational pension income","..","%","Value not available due to small sample size"
"The percentage of pensioner units in receipt","2015/16; 2016/17; 2017/18","3-Year average","All","ONS 5+2","Occupational pension income","61","%",""
"The percentage of pensioner units in receipt","2015/16; 2016/17; 2017/18","3-Year average","White All","ONS 5+2","Occupational pension income","62","%",""
"The percentage of pensioner units in receipt","2015/16; 2016/17; 2017/18","3-Year average","White British","ONS 5+2","Occupational pension income","62","%",""
"The percentage of pensioner units in receipt","2015/16; 2016/17; 2017/18","3-Year average","White Other","ONS 5+2","Occupational pension income","42","%",""
"The percentage of pensioner units in receipt","2015/16; 2016/17; 2017/18","3-Year average","Mixed","ONS 5+2","Occupational pension income","..","%","Value not available due to small sample size"
"The percentage of pensioner units in receipt","2015/16; 2016/17; 2017/18","3-Year average","Black","ONS 5+2","Occupational pension income","42","%",""
"The percentage of pensioner units in receipt","2015/16; 2016/17; 2017/18","3-Year average","Asian","ONS 5+2","Occupational pension income","31","%",""
"The percentage of pensioner units in receipt","2015/16; 2016/17; 2017/18","3-Year average","Other","ONS 5+2","Occupational pension income","..","%","Value not available due to small sample size"
"The percentage of pensioner units in receipt","2016/17; 2017/18; 2018/19","3-Year average","All","ONS 5+2","Occupational pension income","60","%",""
"The percentage of pensioner units in receipt","2016/17; 2017/18; 2018/19","3-Year average","White All","ONS 5+2","Occupational pension income","61","%",""
"The percentage of pensioner units in receipt","2016/17; 2017/18; 2018/19","3-Year average","White British","ONS 5+2","Occupational pension income","62","%",""
"The percentage of pensioner units in receipt","2016/17; 2017/18; 2018/19","3-Year average","White Other","ONS 5+2","Occupational pension income","42","%",""
"The percentage of pensioner units in receipt","2016/17; 2017/18; 2018/19","3-Year average","Mixed","ONS 5+2","Occupational pension income","..","%","Value not available due to small sample size"
"The percentage of pensioner units in receipt","2016/17; 2017/18; 2018/19","3-Year average","Black","ONS 5+2","Occupational pension income","41","%",""
"The percentage of pensioner units in receipt","2016/17; 2017/18; 2018/19","3-Year average","Asian","ONS 5+2","Occupational pension income","30","%",""
"The percentage of pensioner units in receipt","2016/17; 2017/18; 2018/19","3-Year average","Other","ONS 5+2","Occupational pension income","..","%","Value not available due to small sample size"
"The percentage of pensioner units in receipt","2017/18; 2018/19; 2019/20","3-Year average","All","ONS 5+2","Occupational pension income","60","%",""
"The percentage of pensioner units in receipt","2017/18; 2018/19; 2019/20","3-Year average","White All","ONS 5+2","Occupational pension income","61","%",""
"The percentage of pensioner units in receipt","2017/18; 2018/19; 2019/20","3-Year average","White British","ONS 5+2","Occupational pension income","62","%",""
"The percentage of pensioner units in receipt","2017/18; 2018/19; 2019/20","3-Year average","White Other","ONS 5+2","Occupational pension income","44","%",""
"The percentage of pensioner units in receipt","2017/18; 2018/19; 2019/20","3-Year average","Mixed","ONS 5+2","Occupational pension income","..","%","Value not available due to small sample size"
"The percentage of pensioner units in receipt","2017/18; 2018/19; 2019/20","3-Year average","Black","ONS 5+2","Occupational pension income","44","%",""
"The percentage of pensioner units in receipt","2017/18; 2018/19; 2019/20","3-Year average","Asian","ONS 5+2","Occupational pension income","29","%",""
"The percentage of pensioner units in receipt","2017/18; 2018/19; 2019/20","3-Year average","Other","ONS 5+2","Occupational pension income","..","%","Value not available due to small sample size"
"Gross income, £ per week","2008/09; 2009/10; 2010/11","3-Year average","White Other","ONS 5+2","Benefit Income of which Income-related benefits","35","£",""
"Gross income, £ per week","2009/10; 2010/11; 2011/12","3-Year average","White Other","ONS 5+2","Benefit Income of which Income-related benefits","36","£",""
"Gross income, £ per week","2010/11; 2011/12; 2012/13","3-Year average","White Other","ONS 5+2","Benefit Income of which Income-related benefits","39","£",""
"Gross income, £ per week","2011/12; 2012/13; 2013/14","3-Year average","White Other","ONS 5+2","Benefit Income of which Income-related benefits","40","£",""
"Gross income, £ per week","2012/13; 2013/14; 2014/15","3-Year average","White Other","ONS 5+2","Benefit Income of which Income-related benefits","41","£",""
"Gross income, £ per week","2013/14; 2014/15; 2015/16","3-Year average","White Other","ONS 5+2","Benefit Income of which Income-related benefits","39","£",""
"Gross income, £ per week","2014/15; 2015/16; 2016/17","3-Year average","White Other","ONS 5+2","Benefit Income of which Income-related benefits","37","£",""
"Gross income, £ per week","2015/16; 2016/17; 2017/18","3-Year average","White Other","ONS 5+2","Benefit Income of which Income-related benefits","38","£",""
"Gross income, £ per week","2016/17; 2017/18; 2018/19","3-Year average","White Other","ONS 5+2","Benefit Income of which Income-related benefits","39","£",""
"Gross income, £ per week","2017/18; 2018/19; 2019/20","3-Year average","White Other","ONS 5+2","Benefit Income of which Income-related benefits","41","£",""
"The percentage of pensioner units in receipt","2008/09; 2009/10; 2010/11","3-Year average","Other","ONS 5+2","Other income","40","%",""
"The percentage of pensioner units in receipt","2009/10; 2010/11; 2011/12","3-Year average","Other","ONS 5+2","Other income","35","%",""
"The percentage of pensioner units in receipt","2010/11; 2011/12; 2012/13","3-Year average","Other","ONS 5+2","Other income","31","%",""
"The percentage of pensioner units in receipt","2011/12; 2012/13; 2013/14","3-Year average","Other","ONS 5+2","Other income","..","%","Value not available due to small sample size"
"The percentage of pensioner units in receipt","2012/13; 2013/14; 2014/15","3-Year average","Other","ONS 5+2","Other income","..","%","Value not available due to small sample size"
"The percentage of pensioner units in receipt","2013/14; 2014/15; 2015/16","3-Year average","Other","ONS 5+2","Other income","..","%","Value not available due to small sample size"
"The percentage of pensioner units in receipt","2014/15; 2015/16; 2016/17","3-Year average","Other","ONS 5+2","Other income","..","%","Value not available due to small sample size"
"The percentage of pensioner units in receipt","2015/16; 2016/17; 2017/18","3-Year average","Other","ONS 5+2","Other income","..","%","Value not available due to small sample size"
"The percentage of pensioner units in receipt","2016/17; 2017/18; 2018/19","3-Year average","Other","ONS 5+2","Other income","..","%","Value not available due to small sample size"
"The percentage of pensioner units in receipt","2017/18; 2018/19; 2019/20","3-Year average","Other","ONS 5+2","Other income","..","%","Value not available due to small sample size"
"Gross income, £ per week","2008/09; 2009/10; 2010/11","3-Year average","White Other","ONS 5+2","Benefit Income of which State Pension","157","£",""
"Gross income, £ per week","2009/10; 2010/11; 2011/12","3-Year average","White Other","ONS 5+2","Benefit Income of which State Pension","151","£",""
"Gross income, £ per week","2010/11; 2011/12; 2012/13","3-Year average","White Other","ONS 5+2","Benefit Income of which State Pension","149","£",""
"Gross income, £ per week","2011/12; 2012/13; 2013/14","3-Year average","White Other","ONS 5+2","Benefit Income of which State Pension","149","£",""
"Gross income, £ per week","2012/13; 2013/14; 2014/15","3-Year average","White Other","ONS 5+2","Benefit Income of which State Pension","156","£",""
"Gross income, £ per week","2013/14; 2014/15; 2015/16","3-Year average","White Other","ONS 5+2","Benefit Income of which State Pension","153","£",""
"Gross income, £ per week","2014/15; 2015/16; 2016/17","3-Year average","White Other","ONS 5+2","Benefit Income of which State Pension","151","£",""
"Gross income, £ per week","2015/16; 2016/17; 2017/18","3-Year average","White Other","ONS 5+2","Benefit Income of which State Pension","152","£",""
"Gross income, £ per week","2016/17; 2017/18; 2018/19","3-Year average","White Other","ONS 5+2","Benefit Income of which State Pension","153","£",""
"Gross income, £ per week","2017/18; 2018/19; 2019/20","3-Year average","White Other","ONS 5+2","Benefit Income of which State Pension","155","£",""
"The percentage of pensioner units in receipt","2008/09; 2009/10; 2010/11","3-Year average","White All","ONS 5+2","Other income","45","%",""
"The percentage of pensioner units in receipt","2009/10; 2010/11; 2011/12","3-Year average","White All","ONS 5+2","Other income","45","%",""
"The percentage of pensioner units in receipt","2010/11; 2011/12; 2012/13","3-Year average","White All","ONS 5+2","Other income","46","%",""
"The percentage of pensioner units in receipt","2011/12; 2012/13; 2013/14","3-Year average","White All","ONS 5+2","Other income","46","%",""
"The percentage of pensioner units in receipt","2012/13; 2013/14; 2014/15","3-Year average","White All","ONS 5+2","Other income","46","%",""
"The percentage of pensioner units in receipt","2013/14; 2014/15; 2015/16","3-Year average","White All","ONS 5+2","Other income","46","%",""
"The percentage of pensioner units in receipt","2014/15; 2015/16; 2016/17","3-Year average","White All","ONS 5+2","Other income","47","%",""
"The percentage of pensioner units in receipt","2015/16; 2016/17; 2017/18","3-Year average","White All","ONS 5+2","Other income","47","%",""
"The percentage of pensioner units in receipt","2016/17; 2017/18; 2018/19","3-Year average","White All","ONS 5+2","Other income","48","%",""
"The percentage of pensioner units in receipt","2017/18; 2018/19; 2019/20","3-Year average","White All","ONS 5+2","Other income","48","%",""
"Gross income, £ per week","2008/09; 2009/10; 2010/11","3-Year average","White Other","ONS 5+2","Earnings income","107","£",""
"Gross income, £ per week","2009/10; 2010/11; 2011/12","3-Year average","White Other","ONS 5+2","Earnings income","110","£",""
"Gross income, £ per week","2010/11; 2011/12; 2012/13","3-Year average","White Other","ONS 5+2","Earnings income","99","£",""
"Gross income, £ per week","2011/12; 2012/13; 2013/14","3-Year average","White Other","ONS 5+2","Earnings income","105","£",""
"Gross income, £ per week","2012/13; 2013/14; 2014/15","3-Year average","White Other","ONS 5+2","Earnings income","93","£",""
"Gross income, £ per week","2013/14; 2014/15; 2015/16","3-Year average","White Other","ONS 5+2","Earnings income","106","£",""
"Gross income, £ per week","2014/15; 2015/16; 2016/17","3-Year average","White Other","ONS 5+2","Earnings income","114","£",""
"Gross income, £ per week","2015/16; 2016/17; 2017/18","3-Year average","White Other","ONS 5+2","Earnings income","129","£",""
"Gross income, £ per week","2016/17; 2017/18; 2018/19","3-Year average","White Other","ONS 5+2","Earnings income","116","£",""
"Gross income, £ per week","2017/18; 2018/19; 2019/20","3-Year average","White Other","ONS 5+2","Earnings income","107","£",""
"The percentage of pensioner units in receipt","2008/09; 2009/10; 2010/11","3-Year average","White British","ONS 5+2","Other income","45","%",""
"The percentage of pensioner units in receipt","2009/10; 2010/11; 2011/12","3-Year average","White British","ONS 5+2","Other income","45","%",""
"The percentage of pensioner units in receipt","2010/11; 2011/12; 2012/13","3-Year average","White British","ONS 5+2","Other income","46","%",""
"The percentage of pensioner units in receipt","2011/12; 2012/13; 2013/14","3-Year average","White British","ONS 5+2","Other income","46","%",""
"The percentage of pensioner units in receipt","2012/13; 2013/14; 2014/15","3-Year average","White British","ONS 5+2","Other income","46","%",""
"The percentage of pensioner units in receipt","2013/14; 2014/15; 2015/16","3-Year average","White British","ONS 5+2","Other income","46","%",""
"The percentage of pensioner units in receipt","2014/15; 2015/16; 2016/17","3-Year average","White British","ONS 5+2","Other income","47","%",""
"The percentage of pensioner units in receipt","2015/16; 2016/17; 2017/18","3-Year average","White British","ONS 5+2","Other income","47","%",""
"The percentage of pensioner units in receipt","2016/17; 2017/18; 2018/19","3-Year average","White British","ONS 5+2","Other income","48","%",""
"The percentage of pensioner units in receipt","2017/18; 2018/19; 2019/20","3-Year average","White British","ONS 5+2","Other income","48","%",""
"Gross income, £ per week","2008/09; 2009/10; 2010/11","3-Year average","White Other","ONS 5+2","Gross income","523","£",""
"Gross income, £ per week","2009/10; 2010/11; 2011/12","3-Year average","White Other","ONS 5+2","Gross income","529","£",""
"Gross income, £ per week","2010/11; 2011/12; 2012/13","3-Year average","White Other","ONS 5+2","Gross income","508","£",""
"Gross income, £ per week","2011/12; 2012/13; 2013/14","3-Year average","White Other","ONS 5+2","Gross income","499","£",""
"Gross income, £ per week","2012/13; 2013/14; 2014/15","3-Year average","White Other","ONS 5+2","Gross income","494","£",""
"Gross income, £ per week","2013/14; 2014/15; 2015/16","3-Year average","White Other","ONS 5+2","Gross income","498","£",""
"Gross income, £ per week","2014/15; 2015/16; 2016/17","3-Year average","White Other","ONS 5+2","Gross income","507","£",""
"Gross income, £ per week","2015/16; 2016/17; 2017/18","3-Year average","White Other","ONS 5+2","Gross income","499","£",""
"Gross income, £ per week","2016/17; 2017/18; 2018/19","3-Year average","White Other","ONS 5+2","Gross income","496","£",""
"Gross income, £ per week","2017/18; 2018/19; 2019/20","3-Year average","White Other","ONS 5+2","Gross income","481","£",""
"The percentage of pensioner units in receipt","2008/09; 2009/10; 2010/11","3-Year average","White Other","ONS 5+2","Other income","44","%",""
"The percentage of pensioner units in receipt","2009/10; 2010/11; 2011/12","3-Year average","White Other","ONS 5+2","Other income","46","%",""
"The percentage of pensioner units in receipt","2010/11; 2011/12; 2012/13","3-Year average","White Other","ONS 5+2","Other income","46","%",""
"The percentage of pensioner units in receipt","2011/12; 2012/13; 2013/14","3-Year average","White Other","ONS 5+2","Other income","45","%",""
"The percentage of pensioner units in receipt","2012/13; 2013/14; 2014/15","3-Year average","White Other","ONS 5+2","Other income","44","%",""
"The percentage of pensioner units in receipt","2013/14; 2014/15; 2015/16","3-Year average","White Other","ONS 5+2","Other income","44","%",""
"The percentage of pensioner units in receipt","2014/15; 2015/16; 2016/17","3-Year average","White Other","ONS 5+2","Other income","43","%",""
"The percentage of pensioner units in receipt","2015/16; 2016/17; 2017/18","3-Year average","White Other","ONS 5+2","Other income","42","%",""
"The percentage of pensioner units in receipt","2016/17; 2017/18; 2018/19","3-Year average","White Other","ONS 5+2","Other income","45","%",""
"The percentage of pensioner units in receipt","2017/18; 2018/19; 2019/20","3-Year average","White Other","ONS 5+2","Other income","47","%",""
"Gross income, £ per week","2008/09; 2009/10; 2010/11","3-Year average","White Other","ONS 5+2","Investment income","56","£",""
"Gross income, £ per week","2009/10; 2010/11; 2011/12","3-Year average","White Other","ONS 5+2","Investment income","58","£",""
"Gross income, £ per week","2010/11; 2011/12; 2012/13","3-Year average","White Other","ONS 5+2","Investment income","55","£",""
"Gross income, £ per week","2011/12; 2012/13; 2013/14","3-Year average","White Other","ONS 5+2","Investment income","52","£",""
"Gross income, £ per week","2012/13; 2013/14; 2014/15","3-Year average","White Other","ONS 5+2","Investment income","48","£",""
"Gross income, £ per week","2013/14; 2014/15; 2015/16","3-Year average","White Other","ONS 5+2","Investment income","46","£",""
"Gross income, £ per week","2014/15; 2015/16; 2016/17","3-Year average","White Other","ONS 5+2","Investment income","46","£",""
"Gross income, £ per week","2015/16; 2016/17; 2017/18","3-Year average","White Other","ONS 5+2","Investment income","33","£",""
"Gross income, £ per week","2016/17; 2017/18; 2018/19","3-Year average","White Other","ONS 5+2","Investment income","32","£",""
"Gross income, £ per week","2017/18; 2018/19; 2019/20","3-Year average","White Other","ONS 5+2","Investment income","35","£",""
"The percentage of pensioner units in receipt","2008/09; 2009/10; 2010/11","3-Year average","Other","ONS 5+2","Personal pension income","14","%",""
"The percentage of pensioner units in receipt","2009/10; 2010/11; 2011/12","3-Year average","Other","ONS 5+2","Personal pension income","18","%",""
"The percentage of pensioner units in receipt","2010/11; 2011/12; 2012/13","3-Year average","Other","ONS 5+2","Personal pension income","15","%",""
"The percentage of pensioner units in receipt","2011/12; 2012/13; 2013/14","3-Year average","Other","ONS 5+2","Personal pension income","..","%","Value not available due to small sample size"
"The percentage of pensioner units in receipt","2012/13; 2013/14; 2014/15","3-Year average","Other","ONS 5+2","Personal pension income","..","%","Value not available due to small sample size"
"The percentage of pensioner units in receipt","2013/14; 2014/15; 2015/16","3-Year average","Other","ONS 5+2","Personal pension income","..","%","Value not available due to small sample size"
"The percentage of pensioner units in receipt","2014/15; 2015/16; 2016/17","3-Year average","Other","ONS 5+2","Personal pension income","..","%","Value not available due to small sample size"
"The percentage of pensioner units in receipt","2015/16; 2016/17; 2017/18","3-Year average","Other","ONS 5+2","Personal pension income","..","%","Value not available due to small sample size"
"The percentage of pensioner units in receipt","2016/17; 2017/18; 2018/19","3-Year average","Other","ONS 5+2","Personal pension income","..","%","Value not available due to small sample size"
"The percentage of pensioner units in receipt","2017/18; 2018/19; 2019/20","3-Year average","Other","ONS 5+2","Personal pension income","..","%","Value not available due to small sample size"
"Gross income, £ per week","2008/09; 2009/10; 2010/11","3-Year average","White Other","ONS 5+2","Occupational pension income","121","£",""
"Gross income, £ per week","2009/10; 2010/11; 2011/12","3-Year average","White Other","ONS 5+2","Occupational pension income","126","£",""
"Gross income, £ per week","2010/11; 2011/12; 2012/13","3-Year average","White Other","ONS 5+2","Occupational pension income","115","£",""
"Gross income, £ per week","2011/12; 2012/13; 2013/14","3-Year average","White Other","ONS 5+2","Occupational pension income","105","£",""
"Gross income, £ per week","2012/13; 2013/14; 2014/15","3-Year average","White Other","ONS 5+2","Occupational pension income","108","£",""
"Gross income, £ per week","2013/14; 2014/15; 2015/16","3-Year average","White Other","ONS 5+2","Occupational pension income","111","£",""
"Gross income, £ per week","2014/15; 2015/16; 2016/17","3-Year average","White Other","ONS 5+2","Occupational pension income","109","£",""
"Gross income, £ per week","2015/16; 2016/17; 2017/18","3-Year average","White Other","ONS 5+2","Occupational pension income","102","£",""
"Gross income, £ per week","2016/17; 2017/18; 2018/19","3-Year average","White Other","ONS 5+2","Occupational pension income","106","£",""
"Gross income, £ per week","2017/18; 2018/19; 2019/20","3-Year average","White Other","ONS 5+2","Occupational pension income","101","£",""
"The percentage of pensioner units in receipt","2008/09; 2009/10; 2010/11","3-Year average","White All","ONS 5+2","Personal pension income","16","%",""
"The percentage of pensioner units in receipt","2009/10; 2010/11; 2011/12","3-Year average","White All","ONS 5+2","Personal pension income","17","%",""
"The percentage of pensioner units in receipt","2010/11; 2011/12; 2012/13","3-Year average","White All","ONS 5+2","Personal pension income","17","%",""
"The percentage of pensioner units in receipt","2011/12; 2012/13; 2013/14","3-Year average","White All","ONS 5+2","Personal pension income","18","%",""
"The percentage of pensioner units in receipt","2012/13; 2013/14; 2014/15","3-Year average","White All","ONS 5+2","Personal pension income","19","%",""
"The percentage of pensioner units in receipt","2013/14; 2014/15; 2015/16","3-Year average","White All","ONS 5+2","Personal pension income","19","%",""
"The percentage of pensioner units in receipt","2014/15; 2015/16; 2016/17","3-Year average","White All","ONS 5+2","Personal pension income","19","%",""
"The percentage of pensioner units in receipt","2015/16; 2016/17; 2017/18","3-Year average","White All","ONS 5+2","Personal pension income","18","%",""
"The percentage of pensioner units in receipt","2016/17; 2017/18; 2018/19","3-Year average","White All","ONS 5+2","Personal pension income","18","%",""
"The percentage of pensioner units in receipt","2017/18; 2018/19; 2019/20","3-Year average","White All","ONS 5+2","Personal pension income","17","%",""
"Gross income, £ per week","2008/09; 2009/10; 2010/11","3-Year average","White Other","ONS 5+2","Other income ","4","£",""
"Gross income, £ per week","2009/10; 2010/11; 2011/12","3-Year average","White Other","ONS 5+2","Other income ","8","£",""
"Gross income, £ per week","2010/11; 2011/12; 2012/13","3-Year average","White Other","ONS 5+2","Other income ","7","£",""
"Gross income, £ per week","2011/12; 2012/13; 2013/14","3-Year average","White Other","ONS 5+2","Other income ","6","£",""
"Gross income, £ per week","2012/13; 2013/14; 2014/15","3-Year average","White Other","ONS 5+2","Other income ","4","£",""
"Gross income, £ per week","2013/14; 2014/15; 2015/16","3-Year average","White Other","ONS 5+2","Other income ","4","£",""
"Gross income, £ per week","2014/15; 2015/16; 2016/17","3-Year average","White Other","ONS 5+2","Other income ","6","£",""
"Gross income, £ per week","2015/16; 2016/17; 2017/18","3-Year average","White Other","ONS 5+2","Other income ","5","£",""
"Gross income, £ per week","2016/17; 2017/18; 2018/19","3-Year average","White Other","ONS 5+2","Other income ","5","£",""
"Gross income, £ per week","2017/18; 2018/19; 2019/20","3-Year average","White Other","ONS 5+2","Other income ","3","£",""
"The percentage of pensioner units in receipt","2008/09; 2009/10; 2010/11","3-Year average","White British","ONS 5+2","Personal pension income","16","%",""
"The percentage of pensioner units in receipt","2009/10; 2010/11; 2011/12","3-Year average","White British","ONS 5+2","Personal pension income","17","%",""
"The percentage of pensioner units in receipt","2010/11; 2011/12; 2012/13","3-Year average","White British","ONS 5+2","Personal pension income","17","%",""
"The percentage of pensioner units in receipt","2011/12; 2012/13; 2013/14","3-Year average","White British","ONS 5+2","Personal pension income","18","%",""
"The percentage of pensioner units in receipt","2012/13; 2013/14; 2014/15","3-Year average","White British","ONS 5+2","Personal pension income","19","%",""
"The percentage of pensioner units in receipt","2013/14; 2014/15; 2015/16","3-Year average","White British","ONS 5+2","Personal pension income","19","%",""
"The percentage of pensioner units in receipt","2014/15; 2015/16; 2016/17","3-Year average","White British","ONS 5+2","Personal pension income","19","%",""
"The percentage of pensioner units in receipt","2015/16; 2016/17; 2017/18","3-Year average","White British","ONS 5+2","Personal pension income","18","%",""
"The percentage of pensioner units in receipt","2016/17; 2017/18; 2018/19","3-Year average","White British","ONS 5+2","Personal pension income","18","%",""
"The percentage of pensioner units in receipt","2017/18; 2018/19; 2019/20","3-Year average","White British","ONS 5+2","Personal pension income","18","%",""
"Gross income, £ per week","2008/09; 2009/10; 2010/11","3-Year average","White Other","ONS 5+2","Personal pension income","12","£",""
"Gross income, £ per week","2009/10; 2010/11; 2011/12","3-Year average","White Other","ONS 5+2","Personal pension income","12","£",""
"Gross income, £ per week","2010/11; 2011/12; 2012/13","3-Year average","White Other","ONS 5+2","Personal pension income","17","£",""
"Gross income, £ per week","2011/12; 2012/13; 2013/14","3-Year average","White Other","ONS 5+2","Personal pension income","19","£",""
"Gross income, £ per week","2012/13; 2013/14; 2014/15","3-Year average","White Other","ONS 5+2","Personal pension income","22","£",""
"Gross income, £ per week","2013/14; 2014/15; 2015/16","3-Year average","White Other","ONS 5+2","Personal pension income","19","£",""
"Gross income, £ per week","2014/15; 2015/16; 2016/17","3-Year average","White Other","ONS 5+2","Personal pension income","20","£",""
"Gross income, £ per week","2015/16; 2016/17; 2017/18","3-Year average","White Other","ONS 5+2","Personal pension income","17","£",""
"Gross income, £ per week","2016/17; 2017/18; 2018/19","3-Year average","White Other","ONS 5+2","Personal pension income","19","£",""
"Gross income, £ per week","2017/18; 2018/19; 2019/20","3-Year average","White Other","ONS 5+2","Personal pension income","15","£",""
"The percentage of pensioner units in receipt","2008/09; 2009/10; 2010/11","3-Year average","White Other","ONS 5+2","Personal pension income","13","%",""
"The percentage of pensioner units in receipt","2009/10; 2010/11; 2011/12","3-Year average","White Other","ONS 5+2","Personal pension income","12","%",""
"The percentage of pensioner units in receipt","2010/11; 2011/12; 2012/13","3-Year average","White Other","ONS 5+2","Personal pension income","13","%",""
"The percentage of pensioner units in receipt","2011/12; 2012/13; 2013/14","3-Year average","White Other","ONS 5+2","Personal pension income","14","%",""
"The percentage of pensioner units in receipt","2012/13; 2013/14; 2014/15","3-Year average","White Other","ONS 5+2","Personal pension income","14","%",""
"The percentage of pensioner units in receipt","2013/14; 2014/15; 2015/16","3-Year average","White Other","ONS 5+2","Personal pension income","13","%",""
"The percentage of pensioner units in receipt","2014/15; 2015/16; 2016/17","3-Year average","White Other","ONS 5+2","Personal pension income","13","%",""
"The percentage of pensioner units in receipt","2015/16; 2016/17; 2017/18","3-Year average","White Other","ONS 5+2","Personal pension income","13","%",""
"The percentage of pensioner units in receipt","2016/17; 2017/18; 2018/19","3-Year average","White Other","ONS 5+2","Personal pension income","13","%",""
"The percentage of pensioner units in receipt","2017/18; 2018/19; 2019/20","3-Year average","White Other","ONS 5+2","Personal pension income","12","%",""
"Total Population Figures","2008/09; 2009/10; 2010/11","3-Year average","All","ONS 5+2","Count","8,600,000","",""
"Total Population Figures","2008/09; 2009/10; 2010/11","3-Year average","White All","ONS 5+2","Count","8,300,000","",""
"Total Population Figures","2008/09; 2009/10; 2010/11","3-Year average","White British","ONS 5+2","Count","8,000,000","",""
"Total Population Figures","2008/09; 2009/10; 2010/11","3-Year average","White Other","ONS 5+2","Count","200,000","",""
"Total Population Figures","2008/09; 2009/10; 2010/11","3-Year average","Mixed","ONS 5+2","Count"," - ","","Less than 50,000 in the UK population"
"Total Population Figures","2008/09; 2009/10; 2010/11","3-Year average","Black","ONS 5+2","Count","100,000","",""
"Total Population Figures","2008/09; 2009/10; 2010/11","3-Year average","Asian","ONS 5+2","Count","200,000","",""
"Total Population Figures","2008/09; 2009/10; 2010/11","3-Year average","Other","ONS 5+2","Count"," - ","","Less than 50,000 in the UK population"
"Total Population Figures","2009/10; 2010/11; 2011/12","3-Year average","All","ONS 5+2","Count","8,600,000","",""
"Total Population Figures","2009/10; 2010/11; 2011/12","3-Year average","White All","ONS 5+2","Count","8,300,000","",""
"Total Population Figures","2009/10; 2010/11; 2011/12","3-Year average","White British","ONS 5+2","Count","8,000,000","",""
"Total Population Figures","2009/10; 2010/11; 2011/12","3-Year average","White Other","ONS 5+2","Count","200,000","",""
"Total Population Figures","2009/10; 2010/11; 2011/12","3-Year average","Mixed","ONS 5+2","Count"," - ","","Less than 50,000 in the UK population"
"Total Population Figures","2009/10; 2010/11; 2011/12","3-Year average","Black","ONS 5+2","Count","100,000","",""
"Total Population Figures","2009/10; 2010/11; 2011/12","3-Year average","Asian","ONS 5+2","Count","200,000","",""
"Total Population Figures","2009/10; 2010/11; 2011/12","3-Year average","Other","ONS 5+2","Count"," - ","","Less than 50,000 in the UK population"
"Total Population Figures","2010/11; 2011/12; 2012/13","3-Year average","All","ONS 5+2","Count","8,700,000","",""
"Total Population Figures","2010/11; 2011/12; 2012/13","3-Year average","White All","ONS 5+2","Count","8,300,000","",""
"Total Population Figures","2010/11; 2011/12; 2012/13","3-Year average","White British","ONS 5+2","Count","8,000,000","",""
"Total Population Figures","2010/11; 2011/12; 2012/13","3-Year average","White Other","ONS 5+2","Count","200,000","",""
"Total Population Figures","2010/11; 2011/12; 2012/13","3-Year average","Mixed","ONS 5+2","Count"," - ","","Less than 50,000 in the UK population"
"Total Population Figures","2010/11; 2011/12; 2012/13","3-Year average","Black","ONS 5+2","Count","100,000","",""
"Total Population Figures","2010/11; 2011/12; 2012/13","3-Year average","Asian","ONS 5+2","Count","200,000","",""
"Total Population Figures","2010/11; 2011/12; 2012/13","3-Year average","Other","ONS 5+2","Count","100,000","",""
"Total Population Figures","2011/12; 2012/13; 2013/14","3-Year average","All","ONS 5+2","Count","8,700,000","",""
"Total Population Figures","2011/12; 2012/13; 2013/14","3-Year average","White All","ONS 5+2","Count","8,300,000","",""
"Total Population Figures","2011/12; 2012/13; 2013/14","3-Year average","White British","ONS 5+2","Count","8,100,000","",""
"Total Population Figures","2011/12; 2012/13; 2013/14","3-Year average","White Other","ONS 5+2","Count","200,000","",""
"Total Population Figures","2011/12; 2012/13; 2013/14","3-Year average","Mixed","ONS 5+2","Count"," - ","","Less than 50,000 in the UK population"
"Total Population Figures","2011/12; 2012/13; 2013/14","3-Year average","Black","ONS 5+2","Count","100,000","",""
"Total Population Figures","2011/12; 2012/13; 2013/14","3-Year average","Asian","ONS 5+2","Count","200,000","",""
"Total Population Figures","2011/12; 2012/13; 2013/14","3-Year average","Other","ONS 5+2","Count"," - ","","Less than 50,000 in the UK population"
"Total Population Figures","2012/13; 2013/14; 2014/15","3-Year average","All","ONS 5+2","Count","8,700,000","",""
"Total Population Figures","2012/13; 2013/14; 2014/15","3-Year average","White All","ONS 5+2","Count","8,300,000","",""
"Total Population Figures","2012/13; 2013/14; 2014/15","3-Year average","White British","ONS 5+2","Count","8,100,000","",""
"Total Population Figures","2012/13; 2013/14; 2014/15","3-Year average","White Other","ONS 5+2","Count","200,000","",""
"Total Population Figures","2012/13; 2013/14; 2014/15","3-Year average","Mixed","ONS 5+2","Count"," - ","","Less than 50,000 in the UK population"
"Total Population Figures","2012/13; 2013/14; 2014/15","3-Year average","Black","ONS 5+2","Count","100,000","",""
"Total Population Figures","2012/13; 2013/14; 2014/15","3-Year average","Asian","ONS 5+2","Count","200,000","",""
"Total Population Figures","2012/13; 2013/14; 2014/15","3-Year average","Other","ONS 5+2","Count"," - ","","Less than 50,000 in the UK population"
"Total Population Figures","2013/14; 2014/15; 2015/16","3-Year average","All","ONS 5+2","Count","8,700,000","",""
"Total Population Figures","2013/14; 2014/15; 2015/16","3-Year average","White All","ONS 5+2","Count","8,300,000","",""
"Total Population Figures","2013/14; 2014/15; 2015/16","3-Year average","White British","ONS 5+2","Count","8,100,000","",""
"Total Population Figures","2013/14; 2014/15; 2015/16","3-Year average","White Other","ONS 5+2","Count","200,000","",""
"Total Population Figures","2013/14; 2014/15; 2015/16","3-Year average","Mixed","ONS 5+2","Count"," - ","","Less than 50,000 in the UK population"
"Total Population Figures","2013/14; 2014/15; 2015/16","3-Year average","Black","ONS 5+2","Count","100,000","",""
"Total Population Figures","2013/14; 2014/15; 2015/16","3-Year average","Asian","ONS 5+2","Count","200,000","",""
"Total Population Figures","2013/14; 2014/15; 2015/16","3-Year average","Other","ONS 5+2","Count"," - ","","Less than 50,000 in the UK population"
"Total Population Figures","2014/15; 2015/16; 2016/17","3-Year average","All","ONS 5+2","Count","8,700,000","",""
"Total Population Figures","2014/15; 2015/16; 2016/17","3-Year average","White All","ONS 5+2","Count","8,300,000","",""
"Total Population Figures","2014/15; 2015/16; 2016/17","3-Year average","White British","ONS 5+2","Count","8,100,000","",""
"Total Population Figures","2014/15; 2015/16; 2016/17","3-Year average","White Other","ONS 5+2","Count","200,000","",""
"Total Population Figures","2014/15; 2015/16; 2016/17","3-Year average","Mixed","ONS 5+2","Count"," - ","","Less than 50,000 in the UK population"
"Total Population Figures","2014/15; 2015/16; 2016/17","3-Year average","Black","ONS 5+2","Count","100,000","",""
"Total Population Figures","2014/15; 2015/16; 2016/17","3-Year average","Asian","ONS 5+2","Count","200,000","",""
"Total Population Figures","2014/15; 2015/16; 2016/17","3-Year average","Other","ONS 5+2","Count"," - ","","Less than 50,000 in the UK population"
"Total Population Figures","2015/16; 2016/17; 2017/18","3-Year average","All","ONS 5+2","Count","8,700,000","",""
"Total Population Figures","2015/16; 2016/17; 2017/18","3-Year average","White All","ONS 5+2","Count","8,300,000","",""
"Total Population Figures","2015/16; 2016/17; 2017/18","3-Year average","White British","ONS 5+2","Count","8,100,000","",""
"Total Population Figures","2015/16; 2016/17; 2017/18","3-Year average","White Other","ONS 5+2","Count","200,000","",""
"Total Population Figures","2015/16; 2016/17; 2017/18","3-Year average","Mixed","ONS 5+2","Count"," - ","","Less than 50,000 in the UK population"
"Total Population Figures","2015/16; 2016/17; 2017/18","3-Year average","Black","ONS 5+2","Count","100,000","",""
"Total Population Figures","2015/16; 2016/17; 2017/18","3-Year average","Asian","ONS 5+2","Count","200,000","",""
"Total Population Figures","2015/16; 2016/17; 2017/18","3-Year average","Other","ONS 5+2","Count"," - ","","Less than 50,000 in the UK population"
"Total Population Figures","2016/17; 2017/18; 2018/19","3-Year average","All","ONS 5+2","Count","8,700,000","",""
"Total Population Figures","2016/17; 2017/18; 2018/19","3-Year average","White All","ONS 5+2","Count","8,300,000","",""
"Total Population Figures","2016/17; 2017/18; 2018/19","3-Year average","White British","ONS 5+2","Count","8,100,000","",""
"Total Population Figures","2016/17; 2017/18; 2018/19","3-Year average","White Other","ONS 5+2","Count","200,000","",""
"Total Population Figures","2016/17; 2017/18; 2018/19","3-Year average","Mixed","ONS 5+2","Count"," - ","","Less than 50,000 in the UK population"
"Total Population Figures","2016/17; 2017/18; 2018/19","3-Year average","Black","ONS 5+2","Count","100,000","",""
"Total Population Figures","2016/17; 2017/18; 2018/19","3-Year average","Asian","ONS 5+2","Count","200,000","",""
"Total Population Figures","2016/17; 2017/18; 2018/19","3-Year average","Other","ONS 5+2","Count"," - ","","Less than 50,000 in the UK population"
"Total Population Figures","2017/18; 2018/19; 2019/20","3-Year average","All","ONS 5+2","Count","8,700,000","",""
"Total Population Figures","2017/18; 2018/19; 2019/20","3-Year average","White All","ONS 5+2","Count","8,200,000","",""
"Total Population Figures","2017/18; 2018/19; 2019/20","3-Year average","White British","ONS 5+2","Count","8,000,000","",""
"Total Population Figures","2017/18; 2018/19; 2019/20","3-Year average","White Other","ONS 5+2","Count","200,000","",""
"Total Population Figures","2017/18; 2018/19; 2019/20","3-Year average","Mixed","ONS 5+2","Count"," - ","","Less than 50,000 in the UK population"
"Total Population Figures","2017/18; 2018/19; 2019/20","3-Year average","Black","ONS 5+2","Count","100,000","",""
"Total Population Figures","2017/18; 2018/19; 2019/20","3-Year average","Asian","ONS 5+2","Count","300,000","",""
"Total Population Figures","2017/18; 2018/19; 2019/20","3-Year average","Other","ONS 5+2","Count"," - ","","Less than 50,000 in the UK population"
