"Measure","Measure_type","Ethnicity","Ethnicity_type","Time","Time_Type","Region","Age","Age_Type","Sex","Disability","Value","confidence_interval","Numerator","denominator","samp_size"
"Inactive","Percentage of individuals inactive","All","All","Jan14-Dec14","year","All","16-24","16-64","All","All","38.7","0.6","2739800","7071600","28692"
"Inactive","Percentage of individuals inactive","All","All","Jan14-Dec14","year","All","16-24","16-64","All","Disabled","51.3","1.8","378800","737900","3048"
"Inactive","Percentage of individuals inactive","All","All","Jan14-Dec14","year","All","16-24","16-64","All","Non-disabled","37","0.6","2327800","6285400","25438"
"Inactive","Percentage of individuals inactive","All","All","Jan14-Dec14","year","All","16-24","16-64","All","unknown","68.8","6.3","33300","48400","206"
"Inactive","Percentage of individuals inactive","All","All","Jan14-Dec14","year","All","16-24","16-64","Female","All","40.6","0.8","1414200","3480200","14434"
"Inactive","Percentage of individuals inactive","All","All","Jan14-Dec14","year","All","16-24","16-64","Female","Disabled","49.1","2.4","191800","390500","1617"
"Inactive","Percentage of individuals inactive","All","All","Jan14-Dec14","year","All","16-24","16-64","Female","Non-disabled","39.3","0.8","1203600","3064800","12707"
"Inactive","Percentage of individuals inactive","All","All","Jan14-Dec14","year","All","16-24","16-64","Female","unknown","75.3","8.1","18800","24900","110"
"Inactive","Percentage of individuals inactive","All","All","Jan14-Dec14","year","All","16-24","16-64","Male","All","36.9","0.8","1325600","3591400","14258"
"Inactive","Percentage of individuals inactive","All","All","Jan14-Dec14","year","All","16-24","16-64","Male","Disabled","53.8","2.6","186900","347400","1431"
"Inactive","Percentage of individuals inactive","All","All","Jan14-Dec14","year","All","16-24","16-64","Male","Non-disabled","34.9","0.8","1124200","3220600","12731"
"Inactive","Percentage of individuals inactive","All","All","Jan14-Dec14","year","All","16-24","16-64","Male","unknown","61.9","9.7","14500","23400","96"
"Inactive","Percentage of individuals inactive","All","All","Jan14-Dec14","year","All","25-49","16-64","All","All","14","0.2","2936200","21013700","95413"
"Inactive","Percentage of individuals inactive","All","All","Jan14-Dec14","year","All","25-49","16-64","All","Disabled","38.7","0.8","1183000","3053400","14590"
"Inactive","Percentage of individuals inactive","All","All","Jan14-Dec14","year","All","25-49","16-64","All","Non-disabled","9.7","0.2","1722000","17837900","80230"
"Inactive","Percentage of individuals inactive","All","All","Jan14-Dec14","year","All","25-49","16-64","All","unknown","25.5","3.5","31200","122400","593"
"Inactive","Percentage of individuals inactive","All","All","Jan14-Dec14","year","All","25-49","16-64","Female","All","20.4","0.4","2171100","10622100","50955"
"Inactive","Percentage of individuals inactive","All","All","Jan14-Dec14","year","All","25-49","16-64","Female","Disabled","41.1","1","711500","1732500","8594"
"Inactive","Percentage of individuals inactive","All","All","Jan14-Dec14","year","All","25-49","16-64","Female","Non-disabled","16.3","0.4","1438800","8823500","42025"
"Inactive","Percentage of individuals inactive","All","All","Jan14-Dec14","year","All","25-49","16-64","Female","unknown","31.3","5","20700","66100","336"
"Inactive","Percentage of individuals inactive","All","All","Jan14-Dec14","year","All","25-49","16-64","Male","All","7.4","0.2","765100","10391600","44458"
"Inactive","Percentage of individuals inactive","All","All","Jan14-Dec14","year","All","25-49","16-64","Male","Disabled","35.7","1.2","471500","1320900","5996"
"Inactive","Percentage of individuals inactive","All","All","Jan14-Dec14","year","All","25-49","16-64","Male","Non-disabled","3.1","0.2","283200","9014400","38205"
"Inactive","Percentage of individuals inactive","All","All","Jan14-Dec14","year","All","25-49","16-64","Male","unknown","18.6","4.8","10500","56300","257"
"Inactive","Percentage of individuals inactive","All","All","Jan14-Dec14","year","All","50-64","16-64","All","All","28.8","0.4","3281700","11405400","62914"
"Inactive","Percentage of individuals inactive","All","All","Jan14-Dec14","year","All","50-64","16-64","All","Disabled","55.4","0.7","1679100","3029600","17263"
"Inactive","Percentage of individuals inactive","All","All","Jan14-Dec14","year","All","50-64","16-64","All","Non-disabled","19","0.4","1575400","8294600","45176"
"Inactive","Percentage of individuals inactive","All","All","Jan14-Dec14","year","All","50-64","16-64","All","unknown","33.7","4.2","27300","81100","475"
"Inactive","Percentage of individuals inactive","All","All","Jan14-Dec14","year","All","50-64","16-64","Female","All","34.7","0.5","2009800","5799500","32972"
"Inactive","Percentage of individuals inactive","All","All","Jan14-Dec14","year","All","50-64","16-64","Female","Disabled","58.7","1","960600","1636800","9586"
"Inactive","Percentage of individuals inactive","All","All","Jan14-Dec14","year","All","50-64","16-64","Female","Non-disabled","25.1","0.6","1032100","4115800","23110"
"Inactive","Percentage of individuals inactive","All","All","Jan14-Dec14","year","All","50-64","16-64","Female","unknown","36.6","5.7","17100","46800","276"
"Inactive","Percentage of individuals inactive","All","All","Jan14-Dec14","year","All","50-64","16-64","Male","All","22.7","0.5","1271900","5605900","29942"
"Inactive","Percentage of individuals inactive","All","All","Jan14-Dec14","year","All","50-64","16-64","Male","Disabled","51.6","1.1","718400","1392800","7677"
"Inactive","Percentage of individuals inactive","All","All","Jan14-Dec14","year","All","50-64","16-64","Male","Non-disabled","13","0.4","543300","4178800","22066"
"Inactive","Percentage of individuals inactive","All","All","Jan14-Dec14","year","All","50-64","16-64","Male","unknown","29.6","6.3","10200","34300","199"
"Inactive","Percentage of individuals inactive","All","All","Jan14-Dec14","year","All","All","16-64","All","All","22.7","0.2","8957700","39490700","187019"
"Inactive","Percentage of individuals inactive","All","All","Jan14-Dec14","year","All","All","16-64","All","Disabled","47.5","0.5","3240800","6821000","34901"
"Inactive","Percentage of individuals inactive","All","All","Jan14-Dec14","year","All","All","16-64","All","Non-disabled","17.4","0.2","5625200","32417900","150844"
"Inactive","Percentage of individuals inactive","All","All","Jan14-Dec14","year","All","All","16-64","All","unknown","36.4","2.6","91700","251800","1274"
"Inactive","Percentage of individuals inactive","All","All","Jan14-Dec14","year","All","All","16-64","Female","All","28.1","0.3","5595100","19901800","98361"
"Inactive","Percentage of individuals inactive","All","All","Jan14-Dec14","year","All","All","16-64","Female","Disabled","49.6","0.7","1864000","3759800","19797"
"Inactive","Percentage of individuals inactive","All","All","Jan14-Dec14","year","All","All","16-64","Female","Non-disabled","23","0.3","3674500","16004100","77842"
"Inactive","Percentage of individuals inactive","All","All","Jan14-Dec14","year","All","All","16-64","Female","unknown","41.1","3.6","56600","137900","722"
"Inactive","Percentage of individuals inactive","All","All","Jan14-Dec14","year","All","All","16-64","Male","All","17.2","0.2","3362600","19588900","88658"
"Inactive","Percentage of individuals inactive","All","All","Jan14-Dec14","year","All","All","16-64","Male","Disabled","45","0.8","1376800","3061100","15104"
"Inactive","Percentage of individuals inactive","All","All","Jan14-Dec14","year","All","All","16-64","Male","Non-disabled","11.9","0.2","1950600","16413800","73002"
"Inactive","Percentage of individuals inactive","All","All","Jan14-Dec14","year","All","All","16-64","Male","unknown","30.8","3.9","35100","114000","552"
"Inactive","Percentage of individuals inactive","All","All","Jan14-Dec14","year","East Midlands","All","16-64","All","All","22","0.8","636700","2895400","9463"
"Inactive","Percentage of individuals inactive","All","All","Jan14-Dec14","year","East Midlands","All","16-64","All","Disabled","45.6","2.3","238400","522400","1733"
"Inactive","Percentage of individuals inactive","All","All","Jan14-Dec14","year","East Midlands","All","16-64","All","Non-disabled","16.7","0.8","393200","2357000","7675"
"Inactive","Percentage of individuals inactive","All","All","Jan14-Dec14","year","East Midlands","All","16-64","All","unknown","31.6","12.3","5100","16100","55"
"Inactive","Percentage of individuals inactive","All","All","Jan14-Dec14","year","East of England","All","16-64","All","All","20","0.7","741500","3699500","12012"
"Inactive","Percentage of individuals inactive","All","All","Jan14-Dec14","year","East of England","All","16-64","All","Disabled","40.5","2.1","241600","597300","2030"
"Inactive","Percentage of individuals inactive","All","All","Jan14-Dec14","year","East of England","All","16-64","All","Non-disabled","16","0.7","492200","3079500","9904"
"Inactive","Percentage of individuals inactive","All","All","Jan14-Dec14","year","East of England","All","16-64","All","unknown","33.8","10.5","7700","22700","78"
"Inactive","Percentage of individuals inactive","All","All","Jan14-Dec14","year","London","All","16-64","All","All","23.2","0.6","1345900","5789600","17947"
"Inactive","Percentage of individuals inactive","All","All","Jan14-Dec14","year","London","All","16-64","All","Disabled","46.3","1.8","390900","843900","2809"
"Inactive","Percentage of individuals inactive","All","All","Jan14-Dec14","year","London","All","16-64","All","Non-disabled","19.1","0.6","935800","4898000","14978"
"Inactive","Percentage of individuals inactive","All","All","Jan14-Dec14","year","London","All","16-64","All","unknown","40.3","7.6","19200","47700","160"
"Inactive","Percentage of individuals inactive","All","All","Jan14-Dec14","year","North East","All","16-64","All","All","25.1","0.8","414500","1651100","12767"
"Inactive","Percentage of individuals inactive","All","All","Jan14-Dec14","year","North East","All","16-64","All","Disabled","51.6","1.9","180900","350500","2791"
"Inactive","Percentage of individuals inactive","All","All","Jan14-Dec14","year","North East","All","16-64","All","Non-disabled","17.7","0.8","228700","1291800","9898"
"Inactive","Percentage of individuals inactive","All","All","Jan14-Dec14","year","North East","All","16-64","All","unknown","55.6","11","4900","8800","78"
"Inactive","Percentage of individuals inactive","All","All","Jan14-Dec14","year","North West","All","16-64","All","All","25.3","0.6","1135000","4478200","23093"
"Inactive","Percentage of individuals inactive","All","All","Jan14-Dec14","year","North West","All","16-64","All","Disabled","54.9","1.4","490200","892800","4891"
"Inactive","Percentage of individuals inactive","All","All","Jan14-Dec14","year","North West","All","16-64","All","Non-disabled","17.9","0.6","636700","3559600","18063"
"Inactive","Percentage of individuals inactive","All","All","Jan14-Dec14","year","North West","All","16-64","All","unknown","31.7","7.7","8200","25700","139"
"Inactive","Percentage of individuals inactive","All","All","Jan14-Dec14","year","Scotland","All","16-64","All","All","22.5","0.5","769300","3414600","24566"
"Inactive","Percentage of individuals inactive","All","All","Jan14-Dec14","year","Scotland","All","16-64","All","Disabled","52","1.5","315200","606500","4504"
"Inactive","Percentage of individuals inactive","All","All","Jan14-Dec14","year","Scotland","All","16-64","All","Non-disabled","16.1","0.5","448500","2788900","19910"
"Inactive","Percentage of individuals inactive","All","All","Jan14-Dec14","year","Scotland","All","16-64","All","unknown","29.1","7.2","5600","19200","152"
"Inactive","Percentage of individuals inactive","All","All","Jan14-Dec14","year","South East","All","16-64","All","All","20.3","0.5","1109600","5470900","22615"
"Inactive","Percentage of individuals inactive","All","All","Jan14-Dec14","year","South East","All","16-64","All","Disabled","40.5","1.6","333500","823000","3547"
"Inactive","Percentage of individuals inactive","All","All","Jan14-Dec14","year","South East","All","16-64","All","Non-disabled","16.6","0.5","765500","4612800","18913"
"Inactive","Percentage of individuals inactive","All","All","Jan14-Dec14","year","South East","All","16-64","All","unknown","30.2","7.2","10600","35100","155"
"Inactive","Percentage of individuals inactive","All","All","Jan14-Dec14","year","South West","All","16-64","All","All","19.8","0.6","649400","3280900","14772"
"Inactive","Percentage of individuals inactive","All","All","Jan14-Dec14","year","South West","All","16-64","All","Disabled","41.4","1.9","225600","545000","2610"
"Inactive","Percentage of individuals inactive","All","All","Jan14-Dec14","year","South West","All","16-64","All","Non-disabled","15.3","0.6","416000","2715100","12057"
"Inactive","Percentage of individuals inactive","All","All","Jan14-Dec14","year","South West","All","16-64","All","unknown","37.3","9.2","7700","20700","105"
"Inactive","Percentage of individuals inactive","All","All","Jan14-Dec14","year","Wales","All","16-64","All","All","25.3","0.6","483700","1909300","20398"
"Inactive","Percentage of individuals inactive","All","All","Jan14-Dec14","year","Wales","All","16-64","All","Disabled","50.7","1.5","199600","393800","4454"
"Inactive","Percentage of individuals inactive","All","All","Jan14-Dec14","year","Wales","All","16-64","All","Non-disabled","18.6","0.6","278700","1501100","15780"
"Inactive","Percentage of individuals inactive","All","All","Jan14-Dec14","year","Wales","All","16-64","All","unknown","37.1","7.4","5400","14500","164"
"Inactive","Percentage of individuals inactive","All","All","Jan14-Dec14","year","West Midlands","All","16-64","All","All","24.8","0.7","876900","3539900","14257"
"Inactive","Percentage of individuals inactive","All","All","Jan14-Dec14","year","West Midlands","All","16-64","All","Disabled","50.6","1.9","321900","636200","2692"
"Inactive","Percentage of individuals inactive","All","All","Jan14-Dec14","year","West Midlands","All","16-64","All","Non-disabled","18.9","0.7","546200","2883700","11486"
"Inactive","Percentage of individuals inactive","All","All","Jan14-Dec14","year","West Midlands","All","16-64","All","unknown","43.5","10.9","8700","20000","79"
"Inactive","Percentage of individuals inactive","All","All","Jan14-Dec14","year","Yorkshire and The Humber","All","16-64","All","All","23.7","0.7","795200","3361300","15129"
"Inactive","Percentage of individuals inactive","All","All","Jan14-Dec14","year","Yorkshire and The Humber","All","16-64","All","Disabled","49.7","1.8","302900","609600","2840"
"Inactive","Percentage of individuals inactive","All","All","Jan14-Dec14","year","Yorkshire and The Humber","All","16-64","All","Non-disabled","17.7","0.7","483600","2730500","12180"
"Inactive","Percentage of individuals inactive","All","All","Jan14-Dec14","year","Yorkshire and The Humber","All","16-64","All","unknown","41.1","9.2","8700","21200","109"
"Inactive","Percentage of individuals inactive","Asian","ONS 2011 5+1","Jan14-Dec14","year","All","16-24","16-64","All","All","59.5","3.3","344700","579600","2087"
"Inactive","Percentage of individuals inactive","Asian","ONS 2011 5+1","Jan14-Dec14","year","All","16-24","16-64","All","Disabled","66.3","12.2","27600","41600","145"
"Inactive","Percentage of individuals inactive","Asian","ONS 2011 5+1","Jan14-Dec14","year","All","16-24","16-64","All","Non-disabled","58.8","3.5","314800","535300","1932"
"Inactive","Percentage of individuals inactive","Asian","ONS 2011 5+1","Jan14-Dec14","year","All","16-24","16-64","All","unknown","!","!","!","!","!"
"Inactive","Percentage of individuals inactive","Asian","ONS 2011 5+1","Jan14-Dec14","year","All","16-24","16-64","Female","All","60.8","4.8","169200","278300","1011"
"Inactive","Percentage of individuals inactive","Asian","ONS 2011 5+1","Jan14-Dec14","year","All","16-24","16-64","Female","Disabled","!","!","!","!","!"
"Inactive","Percentage of individuals inactive","Asian","ONS 2011 5+1","Jan14-Dec14","year","All","16-24","16-64","Female","Non-disabled","60.7","5","153800","253300","925"
"Inactive","Percentage of individuals inactive","Asian","ONS 2011 5+1","Jan14-Dec14","year","All","16-24","16-64","Female","unknown","!","!","!","!","!"
"Inactive","Percentage of individuals inactive","Asian","ONS 2011 5+1","Jan14-Dec14","year","All","16-24","16-64","Male","All","58.2","4.7","175500","301300","1076"
"Inactive","Percentage of individuals inactive","Asian","ONS 2011 5+1","Jan14-Dec14","year","All","16-24","16-64","Male","Disabled","!","!","!","!","!"
"Inactive","Percentage of individuals inactive","Asian","ONS 2011 5+1","Jan14-Dec14","year","All","16-24","16-64","Male","Non-disabled","57.1","4.8","161000","282000","1007"
"Inactive","Percentage of individuals inactive","Asian","ONS 2011 5+1","Jan14-Dec14","year","All","16-24","16-64","Male","unknown","!","!","!","!","!"
"Inactive","Percentage of individuals inactive","Asian","ONS 2011 5+1","Jan14-Dec14","year","All","25-49","16-64","All","All","22.8","1.5","429000","1881700","7687"
"Inactive","Percentage of individuals inactive","Asian","ONS 2011 5+1","Jan14-Dec14","year","All","25-49","16-64","All","Disabled","41.8","4.9","97500","232900","985"
"Inactive","Percentage of individuals inactive","Asian","ONS 2011 5+1","Jan14-Dec14","year","All","25-49","16-64","All","Non-disabled","20.1","1.5","329400","1640100","6660"
"Inactive","Percentage of individuals inactive","Asian","ONS 2011 5+1","Jan14-Dec14","year","All","25-49","16-64","All","unknown","!","!","!","!","!"
"Inactive","Percentage of individuals inactive","Asian","ONS 2011 5+1","Jan14-Dec14","year","All","25-49","16-64","Female","All","38.2","2.4","358800","939900","4084"
"Inactive","Percentage of individuals inactive","Asian","ONS 2011 5+1","Jan14-Dec14","year","All","25-49","16-64","Female","Disabled","55.1","6.5","72600","131600","568"
"Inactive","Percentage of individuals inactive","Asian","ONS 2011 5+1","Jan14-Dec14","year","All","25-49","16-64","Female","Non-disabled","35.4","2.5","285000","804700","3497"
"Inactive","Percentage of individuals inactive","Asian","ONS 2011 5+1","Jan14-Dec14","year","All","25-49","16-64","Female","unknown","!","!","!","!","!"
"Inactive","Percentage of individuals inactive","Asian","ONS 2011 5+1","Jan14-Dec14","year","All","25-49","16-64","Male","All","7.5","1.4","70200","941800","3603"
"Inactive","Percentage of individuals inactive","Asian","ONS 2011 5+1","Jan14-Dec14","year","All","25-49","16-64","Male","Disabled","24.6","6.5","24900","101400","417"
"Inactive","Percentage of individuals inactive","Asian","ONS 2011 5+1","Jan14-Dec14","year","All","25-49","16-64","Male","Non-disabled","5.3","1.2","44400","835500","3163"
"Inactive","Percentage of individuals inactive","Asian","ONS 2011 5+1","Jan14-Dec14","year","All","25-49","16-64","Male","unknown","!","!","!","!","!"
"Inactive","Percentage of individuals inactive","Asian","ONS 2011 5+1","Jan14-Dec14","year","All","50-64","16-64","All","All","36.1","3.2","169500","470000","2143"
"Inactive","Percentage of individuals inactive","Asian","ONS 2011 5+1","Jan14-Dec14","year","All","50-64","16-64","All","Disabled","63","5.5","100300","159300","729"
"Inactive","Percentage of individuals inactive","Asian","ONS 2011 5+1","Jan14-Dec14","year","All","50-64","16-64","All","Non-disabled","21.8","3.4","67100","307400","1397"
"Inactive","Percentage of individuals inactive","Asian","ONS 2011 5+1","Jan14-Dec14","year","All","50-64","16-64","All","unknown","!","!","!","!","!"
"Inactive","Percentage of individuals inactive","Asian","ONS 2011 5+1","Jan14-Dec14","year","All","50-64","16-64","Female","All","49.5","4.7","114600","231500","1080"
"Inactive","Percentage of individuals inactive","Asian","ONS 2011 5+1","Jan14-Dec14","year","All","50-64","16-64","Female","Disabled","71.6","6.8","64100","89400","417"
"Inactive","Percentage of individuals inactive","Asian","ONS 2011 5+1","Jan14-Dec14","year","All","50-64","16-64","Female","Non-disabled","35","5.8","49100","140100","653"
"Inactive","Percentage of individuals inactive","Asian","ONS 2011 5+1","Jan14-Dec14","year","All","50-64","16-64","Female","unknown","!","!","!","!","!"
"Inactive","Percentage of individuals inactive","Asian","ONS 2011 5+1","Jan14-Dec14","year","All","50-64","16-64","Male","All","23","4","54900","238500","1063"
"Inactive","Percentage of individuals inactive","Asian","ONS 2011 5+1","Jan14-Dec14","year","All","50-64","16-64","Male","Disabled","51.9","8.8","36300","69900","312"
"Inactive","Percentage of individuals inactive","Asian","ONS 2011 5+1","Jan14-Dec14","year","All","50-64","16-64","Male","Non-disabled","10.8","3.5","18100","167300","744"
"Inactive","Percentage of individuals inactive","Asian","ONS 2011 5+1","Jan14-Dec14","year","All","50-64","16-64","Male","unknown","!","!","!","!","!"
"Inactive","Percentage of individuals inactive","Asian","ONS 2011 5+1","Jan14-Dec14","year","All","All","16-64","All","All","32.2","1.3","943200","2931300","11917"
"Inactive","Percentage of individuals inactive","Asian","ONS 2011 5+1","Jan14-Dec14","year","All","All","16-64","All","Disabled","51.9","3.6","225400","433900","1859"
"Inactive","Percentage of individuals inactive","Asian","ONS 2011 5+1","Jan14-Dec14","year","All","All","16-64","All","Non-disabled","28.6","1.4","711300","2482900","9989"
"Inactive","Percentage of individuals inactive","Asian","ONS 2011 5+1","Jan14-Dec14","year","All","All","16-64","All","unknown","!","!","!","!","!"
"Inactive","Percentage of individuals inactive","Asian","ONS 2011 5+1","Jan14-Dec14","year","All","All","16-64","Female","All","44.3","2","642600","1449700","6175"
"Inactive","Percentage of individuals inactive","Asian","ONS 2011 5+1","Jan14-Dec14","year","All","All","16-64","Female","Disabled","61.7","4.6","150900","244500","1065"
"Inactive","Percentage of individuals inactive","Asian","ONS 2011 5+1","Jan14-Dec14","year","All","All","16-64","Female","Non-disabled","40.7","2.1","487900","1198100","5075"
"Inactive","Percentage of individuals inactive","Asian","ONS 2011 5+1","Jan14-Dec14","year","All","All","16-64","Female","unknown","!","!","!","!","!"
"Inactive","Percentage of individuals inactive","Asian","ONS 2011 5+1","Jan14-Dec14","year","All","All","16-64","Male","All","20.3","1.6","300600","1481600","5742"
"Inactive","Percentage of individuals inactive","Asian","ONS 2011 5+1","Jan14-Dec14","year","All","All","16-64","Male","Disabled","39.3","5.4","74500","189300","794"
"Inactive","Percentage of individuals inactive","Asian","ONS 2011 5+1","Jan14-Dec14","year","All","All","16-64","Male","Non-disabled","17.4","1.7","223400","1284800","4914"
"Inactive","Percentage of individuals inactive","Asian","ONS 2011 5+1","Jan14-Dec14","year","All","All","16-64","Male","unknown","!","!","!","!","!"
"Inactive","Percentage of individuals inactive","Asian","ONS 2011 5+1","Jan14-Dec14","year","East Midlands","All","16-64","All","All","30","4.9","55100","183400","829"
"Inactive","Percentage of individuals inactive","Asian","ONS 2011 5+1","Jan14-Dec14","year","East Midlands","All","16-64","All","Disabled","47","12.9","14100","30000","144"
"Inactive","Percentage of individuals inactive","Asian","ONS 2011 5+1","Jan14-Dec14","year","East Midlands","All","16-64","All","Non-disabled","26.5","5.2","40400","152400","681"
"Inactive","Percentage of individuals inactive","Asian","ONS 2011 5+1","Jan14-Dec14","year","East Midlands","All","16-64","All","unknown","!","!","!","!","!"
"Inactive","Percentage of individuals inactive","Asian","ONS 2011 5+1","Jan14-Dec14","year","East of England","All","16-64","All","All","29.1","5","53700","184700","780"
"Inactive","Percentage of individuals inactive","Asian","ONS 2011 5+1","Jan14-Dec14","year","East of England","All","16-64","All","Disabled","42.5","13.6","10800","25300","127"
"Inactive","Percentage of individuals inactive","Asian","ONS 2011 5+1","Jan14-Dec14","year","East of England","All","16-64","All","Non-disabled","26.9","5.4","42700","158500","649"
"Inactive","Percentage of individuals inactive","Asian","ONS 2011 5+1","Jan14-Dec14","year","East of England","All","16-64","All","unknown","!","!","!","!","!"
"Inactive","Percentage of individuals inactive","Asian","ONS 2011 5+1","Jan14-Dec14","year","London","All","16-64","All","All","30","2.5","309100","1029600","3150"
"Inactive","Percentage of individuals inactive","Asian","ONS 2011 5+1","Jan14-Dec14","year","London","All","16-64","All","Disabled","48.9","6.9","73500","150300","502"
"Inactive","Percentage of individuals inactive","Asian","ONS 2011 5+1","Jan14-Dec14","year","London","All","16-64","All","Non-disabled","26.6","2.7","232000","872900","2626"
"Inactive","Percentage of individuals inactive","Asian","ONS 2011 5+1","Jan14-Dec14","year","London","All","16-64","All","unknown","!","!","!","!","!"
"Inactive","Percentage of individuals inactive","Asian","ONS 2011 5+1","Jan14-Dec14","year","North East","All","16-64","All","All","35.5","7.7","16500","46500","373"
"Inactive","Percentage of individuals inactive","Asian","ONS 2011 5+1","Jan14-Dec14","year","North East","All","16-64","All","Disabled","!","!","!","!","!"
"Inactive","Percentage of individuals inactive","Asian","ONS 2011 5+1","Jan14-Dec14","year","North East","All","16-64","All","Non-disabled","33.2","8.1","13700","41100","324"
"Inactive","Percentage of individuals inactive","Asian","ONS 2011 5+1","Jan14-Dec14","year","North East","All","16-64","All","unknown","!","!","!","!","!"
"Inactive","Percentage of individuals inactive","Asian","ONS 2011 5+1","Jan14-Dec14","year","North West","All","16-64","All","All","36.9","3.7","109100","295300","1672"
"Inactive","Percentage of individuals inactive","Asian","ONS 2011 5+1","Jan14-Dec14","year","North West","All","16-64","All","Disabled","60.4","8.8","30900","51100","293"
"Inactive","Percentage of individuals inactive","Asian","ONS 2011 5+1","Jan14-Dec14","year","North West","All","16-64","All","Non-disabled","31.9","3.9","77400","242300","1367"
"Inactive","Percentage of individuals inactive","Asian","ONS 2011 5+1","Jan14-Dec14","year","North West","All","16-64","All","unknown","!","!","!","!","!"
"Inactive","Percentage of individuals inactive","Asian","ONS 2011 5+1","Jan14-Dec14","year","Scotland","All","16-64","All","All","31.5","7.3","27700","87900","390"
"Inactive","Percentage of individuals inactive","Asian","ONS 2011 5+1","Jan14-Dec14","year","Scotland","All","16-64","All","Disabled","!","!","!","!","!"
"Inactive","Percentage of individuals inactive","Asian","ONS 2011 5+1","Jan14-Dec14","year","Scotland","All","16-64","All","Non-disabled","26.7","7.5","20000","75000","334"
"Inactive","Percentage of individuals inactive","Asian","ONS 2011 5+1","Jan14-Dec14","year","Scotland","All","16-64","All","unknown","!","!","!","!","!"
"Inactive","Percentage of individuals inactive","Asian","ONS 2011 5+1","Jan14-Dec14","year","South East","All","16-64","All","All","28.6","3.5","87900","307700","1604"
"Inactive","Percentage of individuals inactive","Asian","ONS 2011 5+1","Jan14-Dec14","year","South East","All","16-64","All","Disabled","44.1","10.9","14300","32500","199"
"Inactive","Percentage of individuals inactive","Asian","ONS 2011 5+1","Jan14-Dec14","year","South East","All","16-64","All","Non-disabled","26.7","3.7","73200","273800","1397"
"Inactive","Percentage of individuals inactive","Asian","ONS 2011 5+1","Jan14-Dec14","year","South East","All","16-64","All","unknown","!","!","!","!","!"
"Inactive","Percentage of individuals inactive","Asian","ONS 2011 5+1","Jan14-Dec14","year","South West","All","16-64","All","All","23.3","7","18900","80800","354"
"Inactive","Percentage of individuals inactive","Asian","ONS 2011 5+1","Jan14-Dec14","year","South West","All","16-64","All","Disabled","!","!","!","!","!"
"Inactive","Percentage of individuals inactive","Asian","ONS 2011 5+1","Jan14-Dec14","year","South West","All","16-64","All","Non-disabled","23","7.3","17200","74800","322"
"Inactive","Percentage of individuals inactive","Asian","ONS 2011 5+1","Jan14-Dec14","year","South West","All","16-64","All","unknown","!","!","!","!","!"
"Inactive","Percentage of individuals inactive","Asian","ONS 2011 5+1","Jan14-Dec14","year","Wales","All","16-64","All","All","36.3","8.4","13300","36600","318"
"Inactive","Percentage of individuals inactive","Asian","ONS 2011 5+1","Jan14-Dec14","year","Wales","All","16-64","All","Disabled","!","!","!","!","!"
"Inactive","Percentage of individuals inactive","Asian","ONS 2011 5+1","Jan14-Dec14","year","Wales","All","16-64","All","Non-disabled","34.3","8.8","11000","31900","277"
"Inactive","Percentage of individuals inactive","Asian","ONS 2011 5+1","Jan14-Dec14","year","Wales","All","16-64","All","unknown","!","!","!","!","!"
"Inactive","Percentage of individuals inactive","Asian","ONS 2011 5+1","Jan14-Dec14","year","West Midlands","All","16-64","All","All","35.5","3.7","153900","433700","1566"
"Inactive","Percentage of individuals inactive","Asian","ONS 2011 5+1","Jan14-Dec14","year","West Midlands","All","16-64","All","Disabled","55.9","9.5","40800","73000","264"
"Inactive","Percentage of individuals inactive","Asian","ONS 2011 5+1","Jan14-Dec14","year","West Midlands","All","16-64","All","Non-disabled","31.3","4","112600","359500","1296"
"Inactive","Percentage of individuals inactive","Asian","ONS 2011 5+1","Jan14-Dec14","year","West Midlands","All","16-64","All","unknown","!","!","!","!","!"
"Inactive","Percentage of individuals inactive","Asian","ONS 2011 5+1","Jan14-Dec14","year","Yorkshire and The Humber","All","16-64","All","All","40","5.1","98000","245000","881"
"Inactive","Percentage of individuals inactive","Asian","ONS 2011 5+1","Jan14-Dec14","year","Yorkshire and The Humber","All","16-64","All","Disabled","60.2","11.9","26500","44000","163"
"Inactive","Percentage of individuals inactive","Asian","ONS 2011 5+1","Jan14-Dec14","year","Yorkshire and The Humber","All","16-64","All","Non-disabled","35.5","5.5","71200","200500","716"
"Inactive","Percentage of individuals inactive","Asian","ONS 2011 5+1","Jan14-Dec14","year","Yorkshire and The Humber","All","16-64","All","unknown","!","!","!","!","!"
"Inactive","Percentage of individuals inactive","Black","ONS 2011 5+1","Jan14-Dec14","year","All","16-24","16-64","All","All","54.2","5.2","142600","263200","894"
"Inactive","Percentage of individuals inactive","Black","ONS 2011 5+1","Jan14-Dec14","year","All","16-24","16-64","All","Disabled","!","!","!","!","!"
"Inactive","Percentage of individuals inactive","Black","ONS 2011 5+1","Jan14-Dec14","year","All","16-24","16-64","All","Non-disabled","53.2","5.4","128200","241200","813"
"Inactive","Percentage of individuals inactive","Black","ONS 2011 5+1","Jan14-Dec14","year","All","16-24","16-64","All","unknown","!","!","!","!","!"
"Inactive","Percentage of individuals inactive","Black","ONS 2011 5+1","Jan14-Dec14","year","All","16-24","16-64","Female","All","56.5","7.3","75300","133400","446"
"Inactive","Percentage of individuals inactive","Black","ONS 2011 5+1","Jan14-Dec14","year","All","16-24","16-64","Female","Disabled","!","!","!","!","!"
"Inactive","Percentage of individuals inactive","Black","ONS 2011 5+1","Jan14-Dec14","year","All","16-24","16-64","Female","Non-disabled","55.5","7.7","67600","121800","404"
"Inactive","Percentage of individuals inactive","Black","ONS 2011 5+1","Jan14-Dec14","year","All","16-24","16-64","Female","unknown","!","!","!","!","!"
"Inactive","Percentage of individuals inactive","Black","ONS 2011 5+1","Jan14-Dec14","year","All","16-24","16-64","Male","All","51.8","7.3","67300","129800","448"
"Inactive","Percentage of individuals inactive","Black","ONS 2011 5+1","Jan14-Dec14","year","All","16-24","16-64","Male","Disabled","!","!","!","!","!"
"Inactive","Percentage of individuals inactive","Black","ONS 2011 5+1","Jan14-Dec14","year","All","16-24","16-64","Male","Non-disabled","50.8","7.7","60600","119400","409"
"Inactive","Percentage of individuals inactive","Black","ONS 2011 5+1","Jan14-Dec14","year","All","16-24","16-64","Male","unknown","!","!","!","!","!"
"Inactive","Percentage of individuals inactive","Black","ONS 2011 5+1","Jan14-Dec14","year","All","25-49","16-64","All","All","19.1","2.4","135100","706700","2648"
"Inactive","Percentage of individuals inactive","Black","ONS 2011 5+1","Jan14-Dec14","year","All","25-49","16-64","All","Disabled","43.7","8.4","39000","89200","331"
"Inactive","Percentage of individuals inactive","Black","ONS 2011 5+1","Jan14-Dec14","year","All","25-49","16-64","All","Non-disabled","15.4","2.3","93600","609300","2285"
"Inactive","Percentage of individuals inactive","Black","ONS 2011 5+1","Jan14-Dec14","year","All","25-49","16-64","All","unknown","!","!","!","!","!"
"Inactive","Percentage of individuals inactive","Black","ONS 2011 5+1","Jan14-Dec14","year","All","25-49","16-64","Female","All","24.4","3.3","97400","400100","1581"
"Inactive","Percentage of individuals inactive","Black","ONS 2011 5+1","Jan14-Dec14","year","All","25-49","16-64","Female","Disabled","41.4","10.2","24700","59800","224"
"Inactive","Percentage of individuals inactive","Black","ONS 2011 5+1","Jan14-Dec14","year","All","25-49","16-64","Female","Non-disabled","21.2","3.5","70900","334700","1335"
"Inactive","Percentage of individuals inactive","Black","ONS 2011 5+1","Jan14-Dec14","year","All","25-49","16-64","Female","unknown","!","!","!","!","!"
"Inactive","Percentage of individuals inactive","Black","ONS 2011 5+1","Jan14-Dec14","year","All","25-49","16-64","Male","All","12.3","3.1","37700","306600","1067"
"Inactive","Percentage of individuals inactive","Black","ONS 2011 5+1","Jan14-Dec14","year","All","25-49","16-64","Male","Disabled","48.4","15","14300","29400","107"
"Inactive","Percentage of individuals inactive","Black","ONS 2011 5+1","Jan14-Dec14","year","All","25-49","16-64","Male","Non-disabled","8.3","2.8","22700","274600","950"
"Inactive","Percentage of individuals inactive","Black","ONS 2011 5+1","Jan14-Dec14","year","All","25-49","16-64","Male","unknown","!","!","!","!","!"
"Inactive","Percentage of individuals inactive","Black","ONS 2011 5+1","Jan14-Dec14","year","All","50-64","16-64","All","All","22.4","4.2","53500","239300","961"
"Inactive","Percentage of individuals inactive","Black","ONS 2011 5+1","Jan14-Dec14","year","All","50-64","16-64","All","Disabled","51","9.6","33000","64800","260"
"Inactive","Percentage of individuals inactive","Black","ONS 2011 5+1","Jan14-Dec14","year","All","50-64","16-64","All","Non-disabled","11.3","3.7","19400","170800","686"
"Inactive","Percentage of individuals inactive","Black","ONS 2011 5+1","Jan14-Dec14","year","All","50-64","16-64","All","unknown","!","!","!","!","!"
"Inactive","Percentage of individuals inactive","Black","ONS 2011 5+1","Jan14-Dec14","year","All","50-64","16-64","Female","All","23.5","5.6","32000","135900","554"
"Inactive","Percentage of individuals inactive","Black","ONS 2011 5+1","Jan14-Dec14","year","All","50-64","16-64","Female","Disabled","45.9","12.1","18100","39500","164"
"Inactive","Percentage of individuals inactive","Black","ONS 2011 5+1","Jan14-Dec14","year","All","50-64","16-64","Female","Non-disabled","13.8","5.5","13000","94400","381"
"Inactive","Percentage of individuals inactive","Black","ONS 2011 5+1","Jan14-Dec14","year","All","50-64","16-64","Female","unknown","!","!","!","!","!"
"Inactive","Percentage of individuals inactive","Black","ONS 2011 5+1","Jan14-Dec14","year","All","50-64","16-64","Male","All","20.8","6.2","21500","103400","407"
"Inactive","Percentage of individuals inactive","Black","ONS 2011 5+1","Jan14-Dec14","year","All","50-64","16-64","Male","Disabled","!","!","!","!","!"
"Inactive","Percentage of individuals inactive","Black","ONS 2011 5+1","Jan14-Dec14","year","All","50-64","16-64","Male","Non-disabled","8.3","4.9","6300","76400","305"
"Inactive","Percentage of individuals inactive","Black","ONS 2011 5+1","Jan14-Dec14","year","All","50-64","16-64","Male","unknown","!","!","!","!","!"
"Inactive","Percentage of individuals inactive","Black","ONS 2011 5+1","Jan14-Dec14","year","All","All","16-64","All","All","27.4","2.1","331200","1209200","4503"
"Inactive","Percentage of individuals inactive","Black","ONS 2011 5+1","Jan14-Dec14","year","All","All","16-64","All","Disabled","48.6","6","84500","173900","664"
"Inactive","Percentage of individuals inactive","Black","ONS 2011 5+1","Jan14-Dec14","year","All","All","16-64","All","Non-disabled","23.6","2.1","241200","1021300","3784"
"Inactive","Percentage of individuals inactive","Black","ONS 2011 5+1","Jan14-Dec14","year","All","All","16-64","All","unknown","!","!","!","!","!"
"Inactive","Percentage of individuals inactive","Black","ONS 2011 5+1","Jan14-Dec14","year","All","All","16-64","Female","All","30.6","2.8","204800","669400","2581"
"Inactive","Percentage of individuals inactive","Black","ONS 2011 5+1","Jan14-Dec14","year","All","All","16-64","Female","Disabled","45.1","7.5","49500","109700","426"
"Inactive","Percentage of individuals inactive","Black","ONS 2011 5+1","Jan14-Dec14","year","All","All","16-64","Female","Non-disabled","27.5","3","151500","550900","2120"
"Inactive","Percentage of individuals inactive","Black","ONS 2011 5+1","Jan14-Dec14","year","All","All","16-64","Female","unknown","!","!","!","!","!"
"Inactive","Percentage of individuals inactive","Black","ONS 2011 5+1","Jan14-Dec14","year","All","All","16-64","Male","All","23.4","3","126500","539800","1922"
"Inactive","Percentage of individuals inactive","Black","ONS 2011 5+1","Jan14-Dec14","year","All","All","16-64","Male","Disabled","54.5","10","35000","64200","238"
"Inactive","Percentage of individuals inactive","Black","ONS 2011 5+1","Jan14-Dec14","year","All","All","16-64","Male","Non-disabled","19.1","3","89700","470400","1664"
"Inactive","Percentage of individuals inactive","Black","ONS 2011 5+1","Jan14-Dec14","year","All","All","16-64","Male","unknown","!","!","!","!","!"
"Inactive","Percentage of individuals inactive","Black","ONS 2011 5+1","Jan14-Dec14","year","East Midlands","All","16-64","All","All","27.7","8.9","14700","52900","241"
"Inactive","Percentage of individuals inactive","Black","ONS 2011 5+1","Jan14-Dec14","year","East Midlands","All","16-64","All","Disabled","!","!","!","!","!"
"Inactive","Percentage of individuals inactive","Black","ONS 2011 5+1","Jan14-Dec14","year","East Midlands","All","16-64","All","Non-disabled","23.4","9.5","10100","43100","192"
"Inactive","Percentage of individuals inactive","Black","ONS 2011 5+1","Jan14-Dec14","year","East Midlands","All","16-64","All","unknown","!","!","!","!","!"
"Inactive","Percentage of individuals inactive","Black","ONS 2011 5+1","Jan14-Dec14","year","East of England","All","16-64","All","All","22.7","6.7","18500","81300","374"
"Inactive","Percentage of individuals inactive","Black","ONS 2011 5+1","Jan14-Dec14","year","East of England","All","16-64","All","Disabled","!","!","!","!","!"
"Inactive","Percentage of individuals inactive","Black","ONS 2011 5+1","Jan14-Dec14","year","East of England","All","16-64","All","Non-disabled","20.9","6.9","15300","73400","333"
"Inactive","Percentage of individuals inactive","Black","ONS 2011 5+1","Jan14-Dec14","year","East of England","All","16-64","All","unknown","!","!","!","!","!"
"Inactive","Percentage of individuals inactive","Black","ONS 2011 5+1","Jan14-Dec14","year","London","All","16-64","All","All","27","3","180400","669200","2088"
"Inactive","Percentage of individuals inactive","Black","ONS 2011 5+1","Jan14-Dec14","year","London","All","16-64","All","Disabled","47.3","8.2","50000","105700","356"
"Inactive","Percentage of individuals inactive","Black","ONS 2011 5+1","Jan14-Dec14","year","London","All","16-64","All","Non-disabled","22.9","3.2","127000","553800","1698"
"Inactive","Percentage of individuals inactive","Black","ONS 2011 5+1","Jan14-Dec14","year","London","All","16-64","All","unknown","!","!","!","!","!"
"Inactive","Percentage of individuals inactive","Black","ONS 2011 5+1","Jan14-Dec14","year","North East","All","16-64","All","All","!","!","!","!","!"
"Inactive","Percentage of individuals inactive","Black","ONS 2011 5+1","Jan14-Dec14","year","North East","All","16-64","All","Disabled","!","!","!","!","!"
"Inactive","Percentage of individuals inactive","Black","ONS 2011 5+1","Jan14-Dec14","year","North East","All","16-64","All","Non-disabled","!","!","!","!","!"
"Inactive","Percentage of individuals inactive","Black","ONS 2011 5+1","Jan14-Dec14","year","North East","All","16-64","All","unknown","!","!","!","!","!"
"Inactive","Percentage of individuals inactive","Black","ONS 2011 5+1","Jan14-Dec14","year","North West","All","16-64","All","All","26","7.3","19500","75200","348"
"Inactive","Percentage of individuals inactive","Black","ONS 2011 5+1","Jan14-Dec14","year","North West","All","16-64","All","Disabled","!","!","!","!","!"
"Inactive","Percentage of individuals inactive","Black","ONS 2011 5+1","Jan14-Dec14","year","North West","All","16-64","All","Non-disabled","22.3","7.3","14800","66300","308"
"Inactive","Percentage of individuals inactive","Black","ONS 2011 5+1","Jan14-Dec14","year","North West","All","16-64","All","unknown","!","!","!","!","!"
"Inactive","Percentage of individuals inactive","Black","ONS 2011 5+1","Jan14-Dec14","year","Scotland","All","16-64","All","All","!","!","!","!","!"
"Inactive","Percentage of individuals inactive","Black","ONS 2011 5+1","Jan14-Dec14","year","Scotland","All","16-64","All","Disabled","!","!","!","!","!"
"Inactive","Percentage of individuals inactive","Black","ONS 2011 5+1","Jan14-Dec14","year","Scotland","All","16-64","All","Non-disabled","!","!","!","!","!"
"Inactive","Percentage of individuals inactive","Black","ONS 2011 5+1","Jan14-Dec14","year","Scotland","All","16-64","All","unknown","!","!","!","!","!"
"Inactive","Percentage of individuals inactive","Black","ONS 2011 5+1","Jan14-Dec14","year","South East","All","16-64","All","All","27.2","6.7","21800","80100","426"
"Inactive","Percentage of individuals inactive","Black","ONS 2011 5+1","Jan14-Dec14","year","South East","All","16-64","All","Disabled","!","!","!","!","!"
"Inactive","Percentage of individuals inactive","Black","ONS 2011 5+1","Jan14-Dec14","year","South East","All","16-64","All","Non-disabled","25.2","6.9","18200","72000","376"
"Inactive","Percentage of individuals inactive","Black","ONS 2011 5+1","Jan14-Dec14","year","South East","All","16-64","All","unknown","!","!","!","!","!"
"Inactive","Percentage of individuals inactive","Black","ONS 2011 5+1","Jan14-Dec14","year","South West","All","16-64","All","All","25.7","10.9","9900","38400","153"
"Inactive","Percentage of individuals inactive","Black","ONS 2011 5+1","Jan14-Dec14","year","South West","All","16-64","All","Disabled","!","!","!","!","!"
"Inactive","Percentage of individuals inactive","Black","ONS 2011 5+1","Jan14-Dec14","year","South West","All","16-64","All","Non-disabled","24.1","11.5","8200","33900","132"
"Inactive","Percentage of individuals inactive","Black","ONS 2011 5+1","Jan14-Dec14","year","South West","All","16-64","All","unknown","!","!","!","!","!"
"Inactive","Percentage of individuals inactive","Black","ONS 2011 5+1","Jan14-Dec14","year","Wales","All","16-64","All","All","47.2","15.4","8400","17900","101"
"Inactive","Percentage of individuals inactive","Black","ONS 2011 5+1","Jan14-Dec14","year","Wales","All","16-64","All","Disabled","!","!","!","!","!"
"Inactive","Percentage of individuals inactive","Black","ONS 2011 5+1","Jan14-Dec14","year","Wales","All","16-64","All","Non-disabled","!","!","!","!","!"
"Inactive","Percentage of individuals inactive","Black","ONS 2011 5+1","Jan14-Dec14","year","Wales","All","16-64","All","unknown","!","!","!","!","!"
"Inactive","Percentage of individuals inactive","Black","ONS 2011 5+1","Jan14-Dec14","year","West Midlands","All","16-64","All","All","30.7","6.9","34700","113100","423"
"Inactive","Percentage of individuals inactive","Black","ONS 2011 5+1","Jan14-Dec14","year","West Midlands","All","16-64","All","Disabled","!","!","!","!","!"
"Inactive","Percentage of individuals inactive","Black","ONS 2011 5+1","Jan14-Dec14","year","West Midlands","All","16-64","All","Non-disabled","26.3","7.3","24400","92800","349"
"Inactive","Percentage of individuals inactive","Black","ONS 2011 5+1","Jan14-Dec14","year","West Midlands","All","16-64","All","unknown","!","!","!","!","!"
"Inactive","Percentage of individuals inactive","Black","ONS 2011 5+1","Jan14-Dec14","year","Yorkshire and The Humber","All","16-64","All","All","27","10.2","14100","52300","181"
"Inactive","Percentage of individuals inactive","Black","ONS 2011 5+1","Jan14-Dec14","year","Yorkshire and The Humber","All","16-64","All","Disabled","!","!","!","!","!"
"Inactive","Percentage of individuals inactive","Black","ONS 2011 5+1","Jan14-Dec14","year","Yorkshire and The Humber","All","16-64","All","Non-disabled","19.5","9.8","8600","44100","155"
"Inactive","Percentage of individuals inactive","Black","ONS 2011 5+1","Jan14-Dec14","year","Yorkshire and The Humber","All","16-64","All","unknown","!","!","!","!","!"
"Inactive","Percentage of individuals inactive","Indian","Detailed","Jan14-Dec14","year","All","16-24","16-64","All","All","58.2","6.1","99000","170100","628"
"Inactive","Percentage of individuals inactive","Indian","Detailed","Jan14-Dec14","year","All","16-24","16-64","All","Disabled","!","!","!","!","!"
"Inactive","Percentage of individuals inactive","Indian","Detailed","Jan14-Dec14","year","All","16-24","16-64","All","Non-disabled","57.3","6.3","91300","159400","592"
"Inactive","Percentage of individuals inactive","Indian","Detailed","Jan14-Dec14","year","All","16-24","16-64","All","unknown","!","!","!","!","!"
"Inactive","Percentage of individuals inactive","Indian","Detailed","Jan14-Dec14","year","All","16-24","16-64","Female","All","56.1","8.8","45400","81000","302"
"Inactive","Percentage of individuals inactive","Indian","Detailed","Jan14-Dec14","year","All","16-24","16-64","Female","Disabled","!","!","!","!","!"
"Inactive","Percentage of individuals inactive","Indian","Detailed","Jan14-Dec14","year","All","16-24","16-64","Female","Non-disabled","54.8","9.2","40800","74500","281"
"Inactive","Percentage of individuals inactive","Indian","Detailed","Jan14-Dec14","year","All","16-24","16-64","Female","unknown","!","!","!","!","!"
"Inactive","Percentage of individuals inactive","Indian","Detailed","Jan14-Dec14","year","All","16-24","16-64","Male","All","60.1","8.4","53600","89200","326"
"Inactive","Percentage of individuals inactive","Indian","Detailed","Jan14-Dec14","year","All","16-24","16-64","Male","Disabled","!","!","!","!","!"
"Inactive","Percentage of individuals inactive","Indian","Detailed","Jan14-Dec14","year","All","16-24","16-64","Male","Non-disabled","59.5","8.6","50500","84900","311"
"Inactive","Percentage of individuals inactive","Indian","Detailed","Jan14-Dec14","year","All","16-24","16-64","Male","unknown","!","!","!","!","!"
"Inactive","Percentage of individuals inactive","Indian","Detailed","Jan14-Dec14","year","All","25-49","16-64","All","All","14.4","2","102700","714200","2974"
"Inactive","Percentage of individuals inactive","Indian","Detailed","Jan14-Dec14","year","All","25-49","16-64","All","Disabled","31.7","8.4","22400","70500","294"
"Inactive","Percentage of individuals inactive","Indian","Detailed","Jan14-Dec14","year","All","25-49","16-64","All","Non-disabled","12.5","2","80400","641400","2666"
"Inactive","Percentage of individuals inactive","Indian","Detailed","Jan14-Dec14","year","All","25-49","16-64","All","unknown","!","!","!","!","!"
"Inactive","Percentage of individuals inactive","Indian","Detailed","Jan14-Dec14","year","All","25-49","16-64","Female","All","24.1","3.4","84100","348900","1525"
"Inactive","Percentage of individuals inactive","Indian","Detailed","Jan14-Dec14","year","All","25-49","16-64","Female","Disabled","39.7","12","15300","38600","159"
"Inactive","Percentage of individuals inactive","Indian","Detailed","Jan14-Dec14","year","All","25-49","16-64","Female","Non-disabled","22.2","3.5","68700","309700","1362"
"Inactive","Percentage of individuals inactive","Indian","Detailed","Jan14-Dec14","year","All","25-49","16-64","Female","unknown","!","!","!","!","!"
"Inactive","Percentage of individuals inactive","Indian","Detailed","Jan14-Dec14","year","All","25-49","16-64","Male","All","5.1","1.8","18700","365300","1449"
"Inactive","Percentage of individuals inactive","Indian","Detailed","Jan14-Dec14","year","All","25-49","16-64","Male","Disabled","22.1","11.1","7100","32000","135"
"Inactive","Percentage of individuals inactive","Indian","Detailed","Jan14-Dec14","year","All","25-49","16-64","Male","Non-disabled","3.5","1.6","11600","331700","1304"
"Inactive","Percentage of individuals inactive","Indian","Detailed","Jan14-Dec14","year","All","25-49","16-64","Male","unknown","!","!","!","!","!"
"Inactive","Percentage of individuals inactive","Indian","Detailed","Jan14-Dec14","year","All","50-64","16-64","All","All","30","4.4","66200","220800","1025"
"Inactive","Percentage of individuals inactive","Indian","Detailed","Jan14-Dec14","year","All","50-64","16-64","All","Disabled","56.7","8.6","38600","68100","320"
"Inactive","Percentage of individuals inactive","Indian","Detailed","Jan14-Dec14","year","All","50-64","16-64","All","Non-disabled","17.7","4.5","26900","151600","698"
"Inactive","Percentage of individuals inactive","Indian","Detailed","Jan14-Dec14","year","All","50-64","16-64","All","unknown","!","!","!","!","!"
"Inactive","Percentage of individuals inactive","Indian","Detailed","Jan14-Dec14","year","All","50-64","16-64","Female","All","41","6.8","43400","105900","503"
"Inactive","Percentage of individuals inactive","Indian","Detailed","Jan14-Dec14","year","All","50-64","16-64","Female","Disabled","63.3","10.8","24700","39100","190"
"Inactive","Percentage of individuals inactive","Indian","Detailed","Jan14-Dec14","year","All","50-64","16-64","Female","Non-disabled","27.5","7.9","18200","66300","309"
"Inactive","Percentage of individuals inactive","Indian","Detailed","Jan14-Dec14","year","All","50-64","16-64","Female","unknown","!","!","!","!","!"
"Inactive","Percentage of individuals inactive","Indian","Detailed","Jan14-Dec14","year","All","50-64","16-64","Male","All","19.8","5.4","22800","114900","522"
"Inactive","Percentage of individuals inactive","Indian","Detailed","Jan14-Dec14","year","All","50-64","16-64","Male","Disabled","47.8","13.6","13800","29000","130"
"Inactive","Percentage of individuals inactive","Indian","Detailed","Jan14-Dec14","year","All","50-64","16-64","Male","Non-disabled","10.1","4.7","8600","85400","389"
"Inactive","Percentage of individuals inactive","Indian","Detailed","Jan14-Dec14","year","All","50-64","16-64","Male","unknown","!","!","!","!","!"
"Inactive","Percentage of individuals inactive","Indian","Detailed","Jan14-Dec14","year","All","All","16-64","All","All","24.2","2","267900","1105100","4627"
"Inactive","Percentage of individuals inactive","Indian","Detailed","Jan14-Dec14","year","All","All","16-64","All","Disabled","45.7","6.1","67900","148600","647"
"Inactive","Percentage of individuals inactive","Indian","Detailed","Jan14-Dec14","year","All","All","16-64","All","Non-disabled","20.8","2","198500","952400","3956"
"Inactive","Percentage of individuals inactive","Indian","Detailed","Jan14-Dec14","year","All","All","16-64","All","unknown","!","!","!","!","!"
"Inactive","Percentage of individuals inactive","Indian","Detailed","Jan14-Dec14","year","All","All","16-64","Female","All","32.3","3","172800","535700","2330"
"Inactive","Percentage of individuals inactive","Indian","Detailed","Jan14-Dec14","year","All","All","16-64","Female","Disabled","53","8","44600","84200","370"
"Inactive","Percentage of individuals inactive","Indian","Detailed","Jan14-Dec14","year","All","All","16-64","Female","Non-disabled","28.4","3.2","127800","450400","1952"
"Inactive","Percentage of individuals inactive","Indian","Detailed","Jan14-Dec14","year","All","All","16-64","Female","unknown","!","!","!","!","!"
"Inactive","Percentage of individuals inactive","Indian","Detailed","Jan14-Dec14","year","All","All","16-64","Male","All","16.7","2.4","95100","569300","2297"
"Inactive","Percentage of individuals inactive","Indian","Detailed","Jan14-Dec14","year","All","All","16-64","Male","Disabled","36.1","8.9","23300","64500","277"
"Inactive","Percentage of individuals inactive","Indian","Detailed","Jan14-Dec14","year","All","All","16-64","Male","Non-disabled","14.1","2.4","70800","502000","2004"
"Inactive","Percentage of individuals inactive","Indian","Detailed","Jan14-Dec14","year","All","All","16-64","Male","unknown","!","!","!","!","!"
"Inactive","Percentage of individuals inactive","Indian","Detailed","Jan14-Dec14","year","East Midlands","All","16-64","All","All","25.3","5.8","29100","114700","544"
"Inactive","Percentage of individuals inactive","Indian","Detailed","Jan14-Dec14","year","East Midlands","All","16-64","All","Disabled","!","!","!","!","!"
"Inactive","Percentage of individuals inactive","Indian","Detailed","Jan14-Dec14","year","East Midlands","All","16-64","All","Non-disabled","20.8","5.9","19900","95600","449"
"Inactive","Percentage of individuals inactive","Indian","Detailed","Jan14-Dec14","year","East Midlands","All","16-64","All","unknown","!","!","!","!","!"
"Inactive","Percentage of individuals inactive","Indian","Detailed","Jan14-Dec14","year","East of England","All","16-64","All","All","23.3","8.2","16300","69900","253"
"Inactive","Percentage of individuals inactive","Indian","Detailed","Jan14-Dec14","year","East of England","All","16-64","All","Disabled","!","!","!","!","!"
"Inactive","Percentage of individuals inactive","Indian","Detailed","Jan14-Dec14","year","East of England","All","16-64","All","Non-disabled","21.9","8.7","13500","61700","217"
"Inactive","Percentage of individuals inactive","Indian","Detailed","Jan14-Dec14","year","East of England","All","16-64","All","unknown","!","!","!","!","!"
"Inactive","Percentage of individuals inactive","Indian","Detailed","Jan14-Dec14","year","London","All","16-64","All","All","23.9","3.7","101600","424600","1294"
"Inactive","Percentage of individuals inactive","Indian","Detailed","Jan14-Dec14","year","London","All","16-64","All","Disabled","43.1","11.3","24300","56300","183"
"Inactive","Percentage of individuals inactive","Indian","Detailed","Jan14-Dec14","year","London","All","16-64","All","Non-disabled","20.9","3.8","76800","367300","1107"
"Inactive","Percentage of individuals inactive","Indian","Detailed","Jan14-Dec14","year","London","All","16-64","All","unknown","!","!","!","!","!"
"Inactive","Percentage of individuals inactive","Indian","Detailed","Jan14-Dec14","year","North East","All","16-64","All","All","!","!","!","!","!"
"Inactive","Percentage of individuals inactive","Indian","Detailed","Jan14-Dec14","year","North East","All","16-64","All","Disabled","!","!","!","!","!"
"Inactive","Percentage of individuals inactive","Indian","Detailed","Jan14-Dec14","year","North East","All","16-64","All","Non-disabled","!","!","!","!","!"
"Inactive","Percentage of individuals inactive","Indian","Detailed","Jan14-Dec14","year","North East","All","16-64","All","unknown","!","!","!","!","!"
"Inactive","Percentage of individuals inactive","Indian","Detailed","Jan14-Dec14","year","North West","All","16-64","All","All","27.7","6.5","20800","74900","458"
"Inactive","Percentage of individuals inactive","Indian","Detailed","Jan14-Dec14","year","North West","All","16-64","All","Disabled","!","!","!","!","!"
"Inactive","Percentage of individuals inactive","Indian","Detailed","Jan14-Dec14","year","North West","All","16-64","All","Non-disabled","22.7","6.6","14600","64500","389"
"Inactive","Percentage of individuals inactive","Indian","Detailed","Jan14-Dec14","year","North West","All","16-64","All","unknown","!","!","!","!","!"
"Inactive","Percentage of individuals inactive","Indian","Detailed","Jan14-Dec14","year","Scotland","All","16-64","All","All","17.6","10.7","4400","25000","122"
"Inactive","Percentage of individuals inactive","Indian","Detailed","Jan14-Dec14","year","Scotland","All","16-64","All","Disabled","!","!","!","!","!"
"Inactive","Percentage of individuals inactive","Indian","Detailed","Jan14-Dec14","year","Scotland","All","16-64","All","Non-disabled","13.5","9.9","3100","22900","114"
"Inactive","Percentage of individuals inactive","Indian","Detailed","Jan14-Dec14","year","Scotland","All","16-64","All","unknown","!","!","!","!","!"
"Inactive","Percentage of individuals inactive","Indian","Detailed","Jan14-Dec14","year","South East","All","16-64","All","All","18.9","4.8","20000","105800","639"
"Inactive","Percentage of individuals inactive","Indian","Detailed","Jan14-Dec14","year","South East","All","16-64","All","Disabled","!","!","!","!","!"
"Inactive","Percentage of individuals inactive","Indian","Detailed","Jan14-Dec14","year","South East","All","16-64","All","Non-disabled","17.3","4.9","16200","93400","562"
"Inactive","Percentage of individuals inactive","Indian","Detailed","Jan14-Dec14","year","South East","All","16-64","All","unknown","!","!","!","!","!"
"Inactive","Percentage of individuals inactive","Indian","Detailed","Jan14-Dec14","year","South West","All","16-64","All","All","14.7","9.5","4500","30600","132"
"Inactive","Percentage of individuals inactive","Indian","Detailed","Jan14-Dec14","year","South West","All","16-64","All","Disabled","!","!","!","!","!"
"Inactive","Percentage of individuals inactive","Indian","Detailed","Jan14-Dec14","year","South West","All","16-64","All","Non-disabled","14.9","10.1","4200","28200","119"
"Inactive","Percentage of individuals inactive","Indian","Detailed","Jan14-Dec14","year","South West","All","16-64","All","unknown","!","!","!","!","!"
"Inactive","Percentage of individuals inactive","Indian","Detailed","Jan14-Dec14","year","Wales","All","16-64","All","All","!","!","!","!","!"
"Inactive","Percentage of individuals inactive","Indian","Detailed","Jan14-Dec14","year","Wales","All","16-64","All","Disabled","!","!","!","!","!"
"Inactive","Percentage of individuals inactive","Indian","Detailed","Jan14-Dec14","year","Wales","All","16-64","All","Non-disabled","!","!","!","!","!"
"Inactive","Percentage of individuals inactive","Indian","Detailed","Jan14-Dec14","year","Wales","All","16-64","All","unknown","!","!","!","!","!"
"Inactive","Percentage of individuals inactive","Indian","Detailed","Jan14-Dec14","year","West Midlands","All","16-64","All","All","26.2","4.8","48400","184400","797"
"Inactive","Percentage of individuals inactive","Indian","Detailed","Jan14-Dec14","year","West Midlands","All","16-64","All","Disabled","52.4","13.4","16000","30500","133"
"Inactive","Percentage of individuals inactive","Indian","Detailed","Jan14-Dec14","year","West Midlands","All","16-64","All","Non-disabled","20.9","4.9","32000","153200","659"
"Inactive","Percentage of individuals inactive","Indian","Detailed","Jan14-Dec14","year","West Midlands","All","16-64","All","unknown","!","!","!","!","!"
"Inactive","Percentage of individuals inactive","Indian","Detailed","Jan14-Dec14","year","Yorkshire and The Humber","All","16-64","All","All","33.1","10.5","17100","51700","193"
"Inactive","Percentage of individuals inactive","Indian","Detailed","Jan14-Dec14","year","Yorkshire and The Humber","All","16-64","All","Disabled","!","!","!","!","!"
"Inactive","Percentage of individuals inactive","Indian","Detailed","Jan14-Dec14","year","Yorkshire and The Humber","All","16-64","All","Non-disabled","29.7","11","13100","44300","164"
"Inactive","Percentage of individuals inactive","Indian","Detailed","Jan14-Dec14","year","Yorkshire and The Humber","All","16-64","All","unknown","!","!","!","!","!"
"Inactive","Percentage of individuals inactive","Mixed","ONS 2011 5+1","Jan14-Dec14","year","All","16-24","16-64","All","All","43","6.1","75100","174600","630"
"Inactive","Percentage of individuals inactive","Mixed","ONS 2011 5+1","Jan14-Dec14","year","All","16-24","16-64","All","Disabled","!","!","!","!","!"
"Inactive","Percentage of individuals inactive","Mixed","ONS 2011 5+1","Jan14-Dec14","year","All","16-24","16-64","All","Non-disabled","41.9","6.6","62900","150200","542"
"Inactive","Percentage of individuals inactive","Mixed","ONS 2011 5+1","Jan14-Dec14","year","All","16-24","16-64","All","unknown","!","!","!","!","!"
"Inactive","Percentage of individuals inactive","Mixed","ONS 2011 5+1","Jan14-Dec14","year","All","16-24","16-64","Female","All","46.5","8.5","43200","92900","334"
"Inactive","Percentage of individuals inactive","Mixed","ONS 2011 5+1","Jan14-Dec14","year","All","16-24","16-64","Female","Disabled","!","!","!","!","!"
"Inactive","Percentage of individuals inactive","Mixed","ONS 2011 5+1","Jan14-Dec14","year","All","16-24","16-64","Female","Non-disabled","46.8","9.1","37200","79500","288"
"Inactive","Percentage of individuals inactive","Mixed","ONS 2011 5+1","Jan14-Dec14","year","All","16-24","16-64","Female","unknown","!","!","!","!","!"
"Inactive","Percentage of individuals inactive","Mixed","ONS 2011 5+1","Jan14-Dec14","year","All","16-24","16-64","Male","All","39","8.8","31900","81700","296"
"Inactive","Percentage of individuals inactive","Mixed","ONS 2011 5+1","Jan14-Dec14","year","All","16-24","16-64","Male","Disabled","!","!","!","!","!"
"Inactive","Percentage of individuals inactive","Mixed","ONS 2011 5+1","Jan14-Dec14","year","All","16-24","16-64","Male","Non-disabled","36.3","9.3","25700","70700","254"
"Inactive","Percentage of individuals inactive","Mixed","ONS 2011 5+1","Jan14-Dec14","year","All","16-24","16-64","Male","unknown","!","!","!","!","!"
"Inactive","Percentage of individuals inactive","Mixed","ONS 2011 5+1","Jan14-Dec14","year","All","25-49","16-64","All","All","17","3.9","38900","229200","900"
"Inactive","Percentage of individuals inactive","Mixed","ONS 2011 5+1","Jan14-Dec14","year","All","25-49","16-64","All","Disabled","45.9","12.2","18100","39300","160"
"Inactive","Percentage of individuals inactive","Mixed","ONS 2011 5+1","Jan14-Dec14","year","All","25-49","16-64","All","Non-disabled","10.9","3.6","20400","188300","735"
"Inactive","Percentage of individuals inactive","Mixed","ONS 2011 5+1","Jan14-Dec14","year","All","25-49","16-64","All","unknown","!","!","!","!","!"
"Inactive","Percentage of individuals inactive","Mixed","ONS 2011 5+1","Jan14-Dec14","year","All","25-49","16-64","Female","All","23.2","5.8","27800","119900","507"
"Inactive","Percentage of individuals inactive","Mixed","ONS 2011 5+1","Jan14-Dec14","year","All","25-49","16-64","Female","Disabled","!","!","!","!","!"
"Inactive","Percentage of individuals inactive","Mixed","ONS 2011 5+1","Jan14-Dec14","year","All","25-49","16-64","Female","Non-disabled","17.5","5.9","17300","98500","405"
"Inactive","Percentage of individuals inactive","Mixed","ONS 2011 5+1","Jan14-Dec14","year","All","25-49","16-64","Female","unknown","!","!","!","!","!"
"Inactive","Percentage of individuals inactive","Mixed","ONS 2011 5+1","Jan14-Dec14","year","All","25-49","16-64","Male","All","10.2","4.7","11200","109300","393"
"Inactive","Percentage of individuals inactive","Mixed","ONS 2011 5+1","Jan14-Dec14","year","All","25-49","16-64","Male","Disabled","!","!","!","!","!"
"Inactive","Percentage of individuals inactive","Mixed","ONS 2011 5+1","Jan14-Dec14","year","All","25-49","16-64","Male","Non-disabled","3.5","3.2","3200","89800","330"
"Inactive","Percentage of individuals inactive","Mixed","ONS 2011 5+1","Jan14-Dec14","year","All","25-49","16-64","Male","unknown","!","!","!","!","!"
"Inactive","Percentage of individuals inactive","Mixed","ONS 2011 5+1","Jan14-Dec14","year","All","50-64","16-64","All","All","24.1","8.5","12100","50000","241"
"Inactive","Percentage of individuals inactive","Mixed","ONS 2011 5+1","Jan14-Dec14","year","All","50-64","16-64","All","Disabled","!","!","!","!","!"
"Inactive","Percentage of individuals inactive","Mixed","ONS 2011 5+1","Jan14-Dec14","year","All","50-64","16-64","All","Non-disabled","13.5","7.9","4900","36500","178"
"Inactive","Percentage of individuals inactive","Mixed","ONS 2011 5+1","Jan14-Dec14","year","All","50-64","16-64","All","unknown","!","!","!","!","!"
"Inactive","Percentage of individuals inactive","Mixed","ONS 2011 5+1","Jan14-Dec14","year","All","50-64","16-64","Female","All","29.9","12.8","7700","25800","123"
"Inactive","Percentage of individuals inactive","Mixed","ONS 2011 5+1","Jan14-Dec14","year","All","50-64","16-64","Female","Disabled","!","!","!","!","!"
"Inactive","Percentage of individuals inactive","Mixed","ONS 2011 5+1","Jan14-Dec14","year","All","50-64","16-64","Female","Non-disabled","!","!","!","!","!"
"Inactive","Percentage of individuals inactive","Mixed","ONS 2011 5+1","Jan14-Dec14","year","All","50-64","16-64","Female","unknown","!","!","!","!","!"
"Inactive","Percentage of individuals inactive","Mixed","ONS 2011 5+1","Jan14-Dec14","year","All","50-64","16-64","Male","All","17.9","10.9","4300","24200","118"
"Inactive","Percentage of individuals inactive","Mixed","ONS 2011 5+1","Jan14-Dec14","year","All","50-64","16-64","Male","Disabled","!","!","!","!","!"
"Inactive","Percentage of individuals inactive","Mixed","ONS 2011 5+1","Jan14-Dec14","year","All","50-64","16-64","Male","Non-disabled","!","!","!","!","!"
"Inactive","Percentage of individuals inactive","Mixed","ONS 2011 5+1","Jan14-Dec14","year","All","50-64","16-64","Male","unknown","!","!","!","!","!"
"Inactive","Percentage of individuals inactive","Mixed","ONS 2011 5+1","Jan14-Dec14","year","All","All","16-64","All","All","27.8","3.3","126100","453800","1771"
"Inactive","Percentage of individuals inactive","Mixed","ONS 2011 5+1","Jan14-Dec14","year","All","All","16-64","All","Disabled","48.5","8.9","36700","75700","304"
"Inactive","Percentage of individuals inactive","Mixed","ONS 2011 5+1","Jan14-Dec14","year","All","All","16-64","All","Non-disabled","23.5","3.4","88300","375100","1455"
"Inactive","Percentage of individuals inactive","Mixed","ONS 2011 5+1","Jan14-Dec14","year","All","All","16-64","All","unknown","!","!","!","!","!"
"Inactive","Percentage of individuals inactive","Mixed","ONS 2011 5+1","Jan14-Dec14","year","All","All","16-64","Female","All","33","4.7","78700","238600","964"
"Inactive","Percentage of individuals inactive","Mixed","ONS 2011 5+1","Jan14-Dec14","year","All","All","16-64","Female","Disabled","49.8","11.6","20700","41600","179"
"Inactive","Percentage of individuals inactive","Mixed","ONS 2011 5+1","Jan14-Dec14","year","All","All","16-64","Female","Non-disabled","29.3","5.1","57300","195200","777"
"Inactive","Percentage of individuals inactive","Mixed","ONS 2011 5+1","Jan14-Dec14","year","All","All","16-64","Female","unknown","!","!","!","!","!"
"Inactive","Percentage of individuals inactive","Mixed","ONS 2011 5+1","Jan14-Dec14","year","All","All","16-64","Male","All","22","4.5","47400","215200","807"
"Inactive","Percentage of individuals inactive","Mixed","ONS 2011 5+1","Jan14-Dec14","year","All","All","16-64","Male","Disabled","46.9","13.8","16000","34100","125"
"Inactive","Percentage of individuals inactive","Mixed","ONS 2011 5+1","Jan14-Dec14","year","All","All","16-64","Male","Non-disabled","17.2","4.5","31000","179900","678"
"Inactive","Percentage of individuals inactive","Mixed","ONS 2011 5+1","Jan14-Dec14","year","All","All","16-64","Male","unknown","!","!","!","!","!"
"Inactive","Percentage of individuals inactive","Mixed","ONS 2011 5+1","Jan14-Dec14","year","East Midlands","All","16-64","All","All","24.2","13.1","6800","28300","102"
"Inactive","Percentage of individuals inactive","Mixed","ONS 2011 5+1","Jan14-Dec14","year","East Midlands","All","16-64","All","Disabled","!","!","!","!","!"
"Inactive","Percentage of individuals inactive","Mixed","ONS 2011 5+1","Jan14-Dec14","year","East Midlands","All","16-64","All","Non-disabled","!","!","!","!","!"
"Inactive","Percentage of individuals inactive","Mixed","ONS 2011 5+1","Jan14-Dec14","year","East Midlands","All","16-64","All","unknown","!","!","!","!","!"
"Inactive","Percentage of individuals inactive","Mixed","ONS 2011 5+1","Jan14-Dec14","year","East of England","All","16-64","All","All","23.3","11.1","9100","39200","140"
"Inactive","Percentage of individuals inactive","Mixed","ONS 2011 5+1","Jan14-Dec14","year","East of England","All","16-64","All","Disabled","!","!","!","!","!"
"Inactive","Percentage of individuals inactive","Mixed","ONS 2011 5+1","Jan14-Dec14","year","East of England","All","16-64","All","Non-disabled","19.9","11.3","6700","33500","120"
"Inactive","Percentage of individuals inactive","Mixed","ONS 2011 5+1","Jan14-Dec14","year","East of England","All","16-64","All","unknown","!","!","!","!","!"
"Inactive","Percentage of individuals inactive","Mixed","ONS 2011 5+1","Jan14-Dec14","year","London","All","16-64","All","All","31.1","6.7","47800","153600","463"
"Inactive","Percentage of individuals inactive","Mixed","ONS 2011 5+1","Jan14-Dec14","year","London","All","16-64","All","Disabled","!","!","!","!","!"
"Inactive","Percentage of individuals inactive","Mixed","ONS 2011 5+1","Jan14-Dec14","year","London","All","16-64","All","Non-disabled","27","7.1","33600","124700","377"
"Inactive","Percentage of individuals inactive","Mixed","ONS 2011 5+1","Jan14-Dec14","year","London","All","16-64","All","unknown","!","!","!","!","!"
"Inactive","Percentage of individuals inactive","Mixed","ONS 2011 5+1","Jan14-Dec14","year","North East","All","16-64","All","All","!","!","!","!","!"
"Inactive","Percentage of individuals inactive","Mixed","ONS 2011 5+1","Jan14-Dec14","year","North East","All","16-64","All","Disabled","!","!","!","!","!"
"Inactive","Percentage of individuals inactive","Mixed","ONS 2011 5+1","Jan14-Dec14","year","North East","All","16-64","All","Non-disabled","!","!","!","!","!"
"Inactive","Percentage of individuals inactive","Mixed","ONS 2011 5+1","Jan14-Dec14","year","North East","All","16-64","All","unknown","!","!","!","!","!"
"Inactive","Percentage of individuals inactive","Mixed","ONS 2011 5+1","Jan14-Dec14","year","North West","All","16-64","All","All","28.1","10","11700","41500","192"
"Inactive","Percentage of individuals inactive","Mixed","ONS 2011 5+1","Jan14-Dec14","year","North West","All","16-64","All","Disabled","!","!","!","!","!"
"Inactive","Percentage of individuals inactive","Mixed","ONS 2011 5+1","Jan14-Dec14","year","North West","All","16-64","All","Non-disabled","21.5","10.5","7100","32900","148"
"Inactive","Percentage of individuals inactive","Mixed","ONS 2011 5+1","Jan14-Dec14","year","North West","All","16-64","All","unknown","!","!","!","!","!"
"Inactive","Percentage of individuals inactive","Mixed","ONS 2011 5+1","Jan14-Dec14","year","Scotland","All","16-64","All","All","!","!","!","!","!"
"Inactive","Percentage of individuals inactive","Mixed","ONS 2011 5+1","Jan14-Dec14","year","Scotland","All","16-64","All","Disabled","!","!","!","!","!"
"Inactive","Percentage of individuals inactive","Mixed","ONS 2011 5+1","Jan14-Dec14","year","Scotland","All","16-64","All","Non-disabled","!","!","!","!","!"
"Inactive","Percentage of individuals inactive","Mixed","ONS 2011 5+1","Jan14-Dec14","year","Scotland","All","16-64","All","unknown","!","!","!","!","!"
"Inactive","Percentage of individuals inactive","Mixed","ONS 2011 5+1","Jan14-Dec14","year","South East","All","16-64","All","All","21.7","7.5","14000","64700","288"
"Inactive","Percentage of individuals inactive","Mixed","ONS 2011 5+1","Jan14-Dec14","year","South East","All","16-64","All","Disabled","!","!","!","!","!"
"Inactive","Percentage of individuals inactive","Mixed","ONS 2011 5+1","Jan14-Dec14","year","South East","All","16-64","All","Non-disabled","19.4","7.9","10600","54800","242"
"Inactive","Percentage of individuals inactive","Mixed","ONS 2011 5+1","Jan14-Dec14","year","South East","All","16-64","All","unknown","!","!","!","!","!"
"Inactive","Percentage of individuals inactive","Mixed","ONS 2011 5+1","Jan14-Dec14","year","South West","All","16-64","All","All","28.1","13.9","6200","22100","101"
"Inactive","Percentage of individuals inactive","Mixed","ONS 2011 5+1","Jan14-Dec14","year","South West","All","16-64","All","Disabled","!","!","!","!","!"
"Inactive","Percentage of individuals inactive","Mixed","ONS 2011 5+1","Jan14-Dec14","year","South West","All","16-64","All","Non-disabled","!","!","!","!","!"
"Inactive","Percentage of individuals inactive","Mixed","ONS 2011 5+1","Jan14-Dec14","year","South West","All","16-64","All","unknown","!","!","!","!","!"
"Inactive","Percentage of individuals inactive","Mixed","ONS 2011 5+1","Jan14-Dec14","year","Wales","All","16-64","All","All","!","!","!","!","!"
"Inactive","Percentage of individuals inactive","Mixed","ONS 2011 5+1","Jan14-Dec14","year","Wales","All","16-64","All","Disabled","!","!","!","!","!"
"Inactive","Percentage of individuals inactive","Mixed","ONS 2011 5+1","Jan14-Dec14","year","Wales","All","16-64","All","Non-disabled","!","!","!","!","!"
"Inactive","Percentage of individuals inactive","Mixed","ONS 2011 5+1","Jan14-Dec14","year","Wales","All","16-64","All","unknown","!","!","!","!","!"
"Inactive","Percentage of individuals inactive","Mixed","ONS 2011 5+1","Jan14-Dec14","year","West Midlands","All","16-64","All","All","31.8","12.2","12400","39100","140"
"Inactive","Percentage of individuals inactive","Mixed","ONS 2011 5+1","Jan14-Dec14","year","West Midlands","All","16-64","All","Disabled","!","!","!","!","!"
"Inactive","Percentage of individuals inactive","Mixed","ONS 2011 5+1","Jan14-Dec14","year","West Midlands","All","16-64","All","Non-disabled","28.1","12.7","9700","34600","121"
"Inactive","Percentage of individuals inactive","Mixed","ONS 2011 5+1","Jan14-Dec14","year","West Midlands","All","16-64","All","unknown","!","!","!","!","!"
"Inactive","Percentage of individuals inactive","Mixed","ONS 2011 5+1","Jan14-Dec14","year","Yorkshire and The Humber","All","16-64","All","All","27.6","12.1","10300","37200","131"
"Inactive","Percentage of individuals inactive","Mixed","ONS 2011 5+1","Jan14-Dec14","year","Yorkshire and The Humber","All","16-64","All","Disabled","!","!","!","!","!"
"Inactive","Percentage of individuals inactive","Mixed","ONS 2011 5+1","Jan14-Dec14","year","Yorkshire and The Humber","All","16-64","All","Non-disabled","21.3","12.6","5900","27500","101"
"Inactive","Percentage of individuals inactive","Mixed","ONS 2011 5+1","Jan14-Dec14","year","Yorkshire and The Humber","All","16-64","All","unknown","!","!","!","!","!"
"Inactive","Percentage of individuals inactive","Other","ONS 2011 5+1","Jan14-Dec14","year","All","16-24","16-64","All","All","64.5","6.8","85700","132900","469"
"Inactive","Percentage of individuals inactive","Other","ONS 2011 5+1","Jan14-Dec14","year","All","16-24","16-64","All","Disabled","!","!","!","!","!"
"Inactive","Percentage of individuals inactive","Other","ONS 2011 5+1","Jan14-Dec14","year","All","16-24","16-64","All","Non-disabled","63.8","7.1","78600","123200","435"
"Inactive","Percentage of individuals inactive","Other","ONS 2011 5+1","Jan14-Dec14","year","All","16-24","16-64","All","unknown","!","!","!","!","!"
"Inactive","Percentage of individuals inactive","Other","ONS 2011 5+1","Jan14-Dec14","year","All","16-24","16-64","Female","All","65.3","10.4","37500","57400","201"
"Inactive","Percentage of individuals inactive","Other","ONS 2011 5+1","Jan14-Dec14","year","All","16-24","16-64","Female","Disabled","!","!","!","!","!"
"Inactive","Percentage of individuals inactive","Other","ONS 2011 5+1","Jan14-Dec14","year","All","16-24","16-64","Female","Non-disabled","64.6","10.9","33800","52300","183"
"Inactive","Percentage of individuals inactive","Other","ONS 2011 5+1","Jan14-Dec14","year","All","16-24","16-64","Female","unknown","!","!","!","!","!"
"Inactive","Percentage of individuals inactive","Other","ONS 2011 5+1","Jan14-Dec14","year","All","16-24","16-64","Male","All","63.9","9.1","48200","75500","268"
"Inactive","Percentage of individuals inactive","Other","ONS 2011 5+1","Jan14-Dec14","year","All","16-24","16-64","Male","Disabled","!","!","!","!","!"
"Inactive","Percentage of individuals inactive","Other","ONS 2011 5+1","Jan14-Dec14","year","All","16-24","16-64","Male","Non-disabled","63.2","9.4","44900","71000","252"
"Inactive","Percentage of individuals inactive","Other","ONS 2011 5+1","Jan14-Dec14","year","All","16-24","16-64","Male","unknown","!","!","!","!","!"
"Inactive","Percentage of individuals inactive","Other","ONS 2011 5+1","Jan14-Dec14","year","All","25-49","16-64","All","All","28.8","3.3","137300","476500","1837"
"Inactive","Percentage of individuals inactive","Other","ONS 2011 5+1","Jan14-Dec14","year","All","25-49","16-64","All","Disabled","48.1","9.4","36200","75300","271"
"Inactive","Percentage of individuals inactive","Other","ONS 2011 5+1","Jan14-Dec14","year","All","25-49","16-64","All","Non-disabled","25.1","3.4","99800","397600","1548"
"Inactive","Percentage of individuals inactive","Other","ONS 2011 5+1","Jan14-Dec14","year","All","25-49","16-64","All","unknown","!","!","!","!","!"
"Inactive","Percentage of individuals inactive","Other","ONS 2011 5+1","Jan14-Dec14","year","All","25-49","16-64","Female","All","42.5","4.9","101800","239300","985"
"Inactive","Percentage of individuals inactive","Other","ONS 2011 5+1","Jan14-Dec14","year","All","25-49","16-64","Female","Disabled","57.6","12.7","21800","37800","146"
"Inactive","Percentage of individuals inactive","Other","ONS 2011 5+1","Jan14-Dec14","year","All","25-49","16-64","Female","Non-disabled","39.6","5.3","79200","200000","831"
"Inactive","Percentage of individuals inactive","Other","ONS 2011 5+1","Jan14-Dec14","year","All","25-49","16-64","Female","unknown","!","!","!","!","!"
"Inactive","Percentage of individuals inactive","Other","ONS 2011 5+1","Jan14-Dec14","year","All","25-49","16-64","Male","All","15","3.8","35500","237200","852"
"Inactive","Percentage of individuals inactive","Other","ONS 2011 5+1","Jan14-Dec14","year","All","25-49","16-64","Male","Disabled","38.4","13.5","14400","37500","125"
"Inactive","Percentage of individuals inactive","Other","ONS 2011 5+1","Jan14-Dec14","year","All","25-49","16-64","Male","Non-disabled","10.4","3.5","20500","197600","717"
"Inactive","Percentage of individuals inactive","Other","ONS 2011 5+1","Jan14-Dec14","year","All","25-49","16-64","Male","unknown","!","!","!","!","!"
"Inactive","Percentage of individuals inactive","Other","ONS 2011 5+1","Jan14-Dec14","year","All","50-64","16-64","All","All","36.2","6.5","41300","114300","523"
"Inactive","Percentage of individuals inactive","Other","ONS 2011 5+1","Jan14-Dec14","year","All","50-64","16-64","All","Disabled","63.4","11.4","25600","40500","171"
"Inactive","Percentage of individuals inactive","Other","ONS 2011 5+1","Jan14-Dec14","year","All","50-64","16-64","All","Non-disabled","20.8","6.8","15200","72900","346"
"Inactive","Percentage of individuals inactive","Other","ONS 2011 5+1","Jan14-Dec14","year","All","50-64","16-64","All","unknown","!","!","!","!","!"
"Inactive","Percentage of individuals inactive","Other","ONS 2011 5+1","Jan14-Dec14","year","All","50-64","16-64","Female","All","47.1","9.6","26300","55800","257"
"Inactive","Percentage of individuals inactive","Other","ONS 2011 5+1","Jan14-Dec14","year","All","50-64","16-64","Female","Disabled","!","!","!","!","!"
"Inactive","Percentage of individuals inactive","Other","ONS 2011 5+1","Jan14-Dec14","year","All","50-64","16-64","Female","Non-disabled","35.8","11.4","12000","33700","169"
"Inactive","Percentage of individuals inactive","Other","ONS 2011 5+1","Jan14-Dec14","year","All","50-64","16-64","Female","unknown","!","!","!","!","!"
"Inactive","Percentage of individuals inactive","Other","ONS 2011 5+1","Jan14-Dec14","year","All","50-64","16-64","Male","All","25.7","8.3","15100","58500","266"
"Inactive","Percentage of individuals inactive","Other","ONS 2011 5+1","Jan14-Dec14","year","All","50-64","16-64","Male","Disabled","!","!","!","!","!"
"Inactive","Percentage of individuals inactive","Other","ONS 2011 5+1","Jan14-Dec14","year","All","50-64","16-64","Male","Non-disabled","8","6.3","3100","39200","177"
"Inactive","Percentage of individuals inactive","Other","ONS 2011 5+1","Jan14-Dec14","year","All","50-64","16-64","Male","unknown","!","!","!","!","!"
"Inactive","Percentage of individuals inactive","Other","ONS 2011 5+1","Jan14-Dec14","year","All","All","16-64","All","All","36.5","2.8","264400","723700","2829"
"Inactive","Percentage of individuals inactive","Other","ONS 2011 5+1","Jan14-Dec14","year","All","All","16-64","All","Disabled","54.4","7.1","67500","124100","471"
"Inactive","Percentage of individuals inactive","Other","ONS 2011 5+1","Jan14-Dec14","year","All","All","16-64","All","Non-disabled","32.6","3","193600","593700","2329"
"Inactive","Percentage of individuals inactive","Other","ONS 2011 5+1","Jan14-Dec14","year","All","All","16-64","All","unknown","!","!","!","!","!"
"Inactive","Percentage of individuals inactive","Other","ONS 2011 5+1","Jan14-Dec14","year","All","All","16-64","Female","All","47","4.1","165600","352500","1443"
"Inactive","Percentage of individuals inactive","Other","ONS 2011 5+1","Jan14-Dec14","year","All","All","16-64","Female","Disabled","61.1","9.6","39100","64000","247"
"Inactive","Percentage of individuals inactive","Other","ONS 2011 5+1","Jan14-Dec14","year","All","All","16-64","Female","Non-disabled","43.7","4.5","125000","286000","1183"
"Inactive","Percentage of individuals inactive","Other","ONS 2011 5+1","Jan14-Dec14","year","All","All","16-64","Female","unknown","!","!","!","!","!"
"Inactive","Percentage of individuals inactive","Other","ONS 2011 5+1","Jan14-Dec14","year","All","All","16-64","Male","All","26.6","3.7","98800","371200","1386"
"Inactive","Percentage of individuals inactive","Other","ONS 2011 5+1","Jan14-Dec14","year","All","All","16-64","Male","Disabled","47.3","10.3","28400","60000","224"
"Inactive","Percentage of individuals inactive","Other","ONS 2011 5+1","Jan14-Dec14","year","All","All","16-64","Male","Non-disabled","22.3","3.8","68500","307700","1146"
"Inactive","Percentage of individuals inactive","Other","ONS 2011 5+1","Jan14-Dec14","year","All","All","16-64","Male","unknown","!","!","!","!","!"
"Inactive","Percentage of individuals inactive","Other","ONS 2011 5+1","Jan14-Dec14","year","East Midlands","All","16-64","All","All","43.3","13.3","13300","30700","133"
"Inactive","Percentage of individuals inactive","Other","ONS 2011 5+1","Jan14-Dec14","year","East Midlands","All","16-64","All","Disabled","!","!","!","!","!"
"Inactive","Percentage of individuals inactive","Other","ONS 2011 5+1","Jan14-Dec14","year","East Midlands","All","16-64","All","Non-disabled","41.1","14.3","10800","26200","114"
"Inactive","Percentage of individuals inactive","Other","ONS 2011 5+1","Jan14-Dec14","year","East Midlands","All","16-64","All","unknown","!","!","!","!","!"
"Inactive","Percentage of individuals inactive","Other","ONS 2011 5+1","Jan14-Dec14","year","East of England","All","16-64","All","All","34.6","11.9","12500","36200","153"
"Inactive","Percentage of individuals inactive","Other","ONS 2011 5+1","Jan14-Dec14","year","East of England","All","16-64","All","Disabled","!","!","!","!","!"
"Inactive","Percentage of individuals inactive","Other","ONS 2011 5+1","Jan14-Dec14","year","East of England","All","16-64","All","Non-disabled","33.1","12.5","10300","31100","136"
"Inactive","Percentage of individuals inactive","Other","ONS 2011 5+1","Jan14-Dec14","year","East of England","All","16-64","All","unknown","!","!","!","!","!"
"Inactive","Percentage of individuals inactive","Other","ONS 2011 5+1","Jan14-Dec14","year","London","All","16-64","All","All","34.8","4.1","133800","384200","1273"
"Inactive","Percentage of individuals inactive","Other","ONS 2011 5+1","Jan14-Dec14","year","London","All","16-64","All","Disabled","60.3","9.6","43800","72600","251"
"Inactive","Percentage of individuals inactive","Other","ONS 2011 5+1","Jan14-Dec14","year","London","All","16-64","All","Non-disabled","28.5","4.4","87900","308500","1011"
"Inactive","Percentage of individuals inactive","Other","ONS 2011 5+1","Jan14-Dec14","year","London","All","16-64","All","unknown","!","!","!","!","!"
"Inactive","Percentage of individuals inactive","Other","ONS 2011 5+1","Jan14-Dec14","year","North East","All","16-64","All","All","!","!","!","!","!"
"Inactive","Percentage of individuals inactive","Other","ONS 2011 5+1","Jan14-Dec14","year","North East","All","16-64","All","Disabled","!","!","!","!","!"
"Inactive","Percentage of individuals inactive","Other","ONS 2011 5+1","Jan14-Dec14","year","North East","All","16-64","All","Non-disabled","!","!","!","!","!"
"Inactive","Percentage of individuals inactive","Other","ONS 2011 5+1","Jan14-Dec14","year","North East","All","16-64","All","unknown","!","!","!","!","!"
"Inactive","Percentage of individuals inactive","Other","ONS 2011 5+1","Jan14-Dec14","year","North West","All","16-64","All","All","39.5","10.3","16800","42500","218"
"Inactive","Percentage of individuals inactive","Other","ONS 2011 5+1","Jan14-Dec14","year","North West","All","16-64","All","Disabled","!","!","!","!","!"
"Inactive","Percentage of individuals inactive","Other","ONS 2011 5+1","Jan14-Dec14","year","North West","All","16-64","All","Non-disabled","36.2","11.2","12400","34100","177"
"Inactive","Percentage of individuals inactive","Other","ONS 2011 5+1","Jan14-Dec14","year","North West","All","16-64","All","unknown","!","!","!","!","!"
"Inactive","Percentage of individuals inactive","Other","ONS 2011 5+1","Jan14-Dec14","year","Scotland","All","16-64","All","All","39.7","13.5","10700","27000","125"
"Inactive","Percentage of individuals inactive","Other","ONS 2011 5+1","Jan14-Dec14","year","Scotland","All","16-64","All","Disabled","!","!","!","!","!"
"Inactive","Percentage of individuals inactive","Other","ONS 2011 5+1","Jan14-Dec14","year","Scotland","All","16-64","All","Non-disabled","41.4","14.4","9900","23900","112"
"Inactive","Percentage of individuals inactive","Other","ONS 2011 5+1","Jan14-Dec14","year","Scotland","All","16-64","All","unknown","!","!","!","!","!"
"Inactive","Percentage of individuals inactive","Other","ONS 2011 5+1","Jan14-Dec14","year","South East","All","16-64","All","All","33.2","8.7","21500","64800","279"
"Inactive","Percentage of individuals inactive","Other","ONS 2011 5+1","Jan14-Dec14","year","South East","All","16-64","All","Disabled","!","!","!","!","!"
"Inactive","Percentage of individuals inactive","Other","ONS 2011 5+1","Jan14-Dec14","year","South East","All","16-64","All","Non-disabled","33.9","9.4","18800","55400","245"
"Inactive","Percentage of individuals inactive","Other","ONS 2011 5+1","Jan14-Dec14","year","South East","All","16-64","All","unknown","!","!","!","!","!"
"Inactive","Percentage of individuals inactive","Other","ONS 2011 5+1","Jan14-Dec14","year","South West","All","16-64","All","All","32.9","12.1","10300","31400","144"
"Inactive","Percentage of individuals inactive","Other","ONS 2011 5+1","Jan14-Dec14","year","South West","All","16-64","All","Disabled","!","!","!","!","!"
"Inactive","Percentage of individuals inactive","Other","ONS 2011 5+1","Jan14-Dec14","year","South West","All","16-64","All","Non-disabled","33.4","12.9","9200","27700","128"
"Inactive","Percentage of individuals inactive","Other","ONS 2011 5+1","Jan14-Dec14","year","South West","All","16-64","All","unknown","!","!","!","!","!"
"Inactive","Percentage of individuals inactive","Other","ONS 2011 5+1","Jan14-Dec14","year","Wales","All","16-64","All","All","40.4","13.5","5900","14600","127"
"Inactive","Percentage of individuals inactive","Other","ONS 2011 5+1","Jan14-Dec14","year","Wales","All","16-64","All","Disabled","!","!","!","!","!"
"Inactive","Percentage of individuals inactive","Other","ONS 2011 5+1","Jan14-Dec14","year","Wales","All","16-64","All","Non-disabled","41.5","15.3","4900","11900","100"
"Inactive","Percentage of individuals inactive","Other","ONS 2011 5+1","Jan14-Dec14","year","Wales","All","16-64","All","unknown","!","!","!","!","!"
"Inactive","Percentage of individuals inactive","Other","ONS 2011 5+1","Jan14-Dec14","year","West Midlands","All","16-64","All","All","44.9","12.5","19100","42400","153"
"Inactive","Percentage of individuals inactive","Other","ONS 2011 5+1","Jan14-Dec14","year","West Midlands","All","16-64","All","Disabled","!","!","!","!","!"
"Inactive","Percentage of individuals inactive","Other","ONS 2011 5+1","Jan14-Dec14","year","West Midlands","All","16-64","All","Non-disabled","43.1","13.7","14900","34700","126"
"Inactive","Percentage of individuals inactive","Other","ONS 2011 5+1","Jan14-Dec14","year","West Midlands","All","16-64","All","unknown","!","!","!","!","!"
"Inactive","Percentage of individuals inactive","Other","ONS 2011 5+1","Jan14-Dec14","year","Yorkshire and The Humber","All","16-64","All","All","38.6","12.2","15700","40600","152"
"Inactive","Percentage of individuals inactive","Other","ONS 2011 5+1","Jan14-Dec14","year","Yorkshire and The Humber","All","16-64","All","Disabled","!","!","!","!","!"
"Inactive","Percentage of individuals inactive","Other","ONS 2011 5+1","Jan14-Dec14","year","Yorkshire and The Humber","All","16-64","All","Non-disabled","33.2","13.4","10700","32200","119"
"Inactive","Percentage of individuals inactive","Other","ONS 2011 5+1","Jan14-Dec14","year","Yorkshire and The Humber","All","16-64","All","unknown","!","!","!","!","!"
"Inactive","Percentage of individuals inactive","Other Asian","Detailed","Jan14-Dec14","year","All","16-24","16-64","All","All","68.6","6.2","108100","157500","535"
"Inactive","Percentage of individuals inactive","Other Asian","Detailed","Jan14-Dec14","year","All","16-24","16-64","All","Disabled","!","!","!","!","!"
"Inactive","Percentage of individuals inactive","Other Asian","Detailed","Jan14-Dec14","year","All","16-24","16-64","All","Non-disabled","68.7","6.4","103700","150900","510"
"Inactive","Percentage of individuals inactive","Other Asian","Detailed","Jan14-Dec14","year","All","16-24","16-64","All","unknown","!","!","!","!","!"
"Inactive","Percentage of individuals inactive","Other Asian","Detailed","Jan14-Dec14","year","All","16-24","16-64","Female","All","72.2","8.4","56500","78300","273"
"Inactive","Percentage of individuals inactive","Other Asian","Detailed","Jan14-Dec14","year","All","16-24","16-64","Female","Disabled","!","!","!","!","!"
"Inactive","Percentage of individuals inactive","Other Asian","Detailed","Jan14-Dec14","year","All","16-24","16-64","Female","Non-disabled","72.6","8.6","54200","74600","259"
"Inactive","Percentage of individuals inactive","Other Asian","Detailed","Jan14-Dec14","year","All","16-24","16-64","Female","unknown","!","!","!","!","!"
"Inactive","Percentage of individuals inactive","Other Asian","Detailed","Jan14-Dec14","year","All","16-24","16-64","Male","All","65.1","9.1","51500","79200","262"
"Inactive","Percentage of individuals inactive","Other Asian","Detailed","Jan14-Dec14","year","All","16-24","16-64","Male","Disabled","!","!","!","!","!"
"Inactive","Percentage of individuals inactive","Other Asian","Detailed","Jan14-Dec14","year","All","16-24","16-64","Male","Non-disabled","64.9","9.3","49500","76300","251"
"Inactive","Percentage of individuals inactive","Other Asian","Detailed","Jan14-Dec14","year","All","16-24","16-64","Male","unknown","!","!","!","!","!"
"Inactive","Percentage of individuals inactive","Other Asian","Detailed","Jan14-Dec14","year","All","25-49","16-64","All","All","20.7","3","90300","436000","1715"
"Inactive","Percentage of individuals inactive","Other Asian","Detailed","Jan14-Dec14","year","All","25-49","16-64","All","Disabled","31.9","10.7","14500","45300","181"
"Inactive","Percentage of individuals inactive","Other Asian","Detailed","Jan14-Dec14","year","All","25-49","16-64","All","Non-disabled","19.4","3.1","75300","388100","1522"
"Inactive","Percentage of individuals inactive","Other Asian","Detailed","Jan14-Dec14","year","All","25-49","16-64","All","unknown","!","!","!","!","!"
"Inactive","Percentage of individuals inactive","Other Asian","Detailed","Jan14-Dec14","year","All","25-49","16-64","Female","All","28.5","4.4","68900","241500","1008"
"Inactive","Percentage of individuals inactive","Other Asian","Detailed","Jan14-Dec14","year","All","25-49","16-64","Female","Disabled","35.4","14.4","9300","26200","105"
"Inactive","Percentage of individuals inactive","Other Asian","Detailed","Jan14-Dec14","year","All","25-49","16-64","Female","Non-disabled","27.8","4.6","59300","213800","896"
"Inactive","Percentage of individuals inactive","Other Asian","Detailed","Jan14-Dec14","year","All","25-49","16-64","Female","unknown","!","!","!","!","!"
"Inactive","Percentage of individuals inactive","Other Asian","Detailed","Jan14-Dec14","year","All","25-49","16-64","Male","All","11","3.6","21300","194400","707"
"Inactive","Percentage of individuals inactive","Other Asian","Detailed","Jan14-Dec14","year","All","25-49","16-64","Male","Disabled","!","!","!","!","!"
"Inactive","Percentage of individuals inactive","Other Asian","Detailed","Jan14-Dec14","year","All","25-49","16-64","Male","Non-disabled","9.2","3.6","16000","174300","626"
"Inactive","Percentage of individuals inactive","Other Asian","Detailed","Jan14-Dec14","year","All","25-49","16-64","Male","unknown","!","!","!","!","!"
"Inactive","Percentage of individuals inactive","Other Asian","Detailed","Jan14-Dec14","year","All","50-64","16-64","All","All","28.6","6.1","34500","120700","526"
"Inactive","Percentage of individuals inactive","Other Asian","Detailed","Jan14-Dec14","year","All","50-64","16-64","All","Disabled","55.1","13.4","16400","29700","133"
"Inactive","Percentage of individuals inactive","Other Asian","Detailed","Jan14-Dec14","year","All","50-64","16-64","All","Non-disabled","19.8","6.3","17800","90200","389"
"Inactive","Percentage of individuals inactive","Other Asian","Detailed","Jan14-Dec14","year","All","50-64","16-64","All","unknown","!","!","!","!","!"
"Inactive","Percentage of individuals inactive","Other Asian","Detailed","Jan14-Dec14","year","All","50-64","16-64","Female","All","35.3","8.5","24300","68900","301"
"Inactive","Percentage of individuals inactive","Other Asian","Detailed","Jan14-Dec14","year","All","50-64","16-64","Female","Disabled","!","!","!","!","!"
"Inactive","Percentage of individuals inactive","Other Asian","Detailed","Jan14-Dec14","year","All","50-64","16-64","Female","Non-disabled","27.4","9.4","13600","49600","217"
"Inactive","Percentage of individuals inactive","Other Asian","Detailed","Jan14-Dec14","year","All","50-64","16-64","Female","unknown","!","!","!","!","!"
"Inactive","Percentage of individuals inactive","Other Asian","Detailed","Jan14-Dec14","year","All","50-64","16-64","Male","All","19.6","8.2","10200","51800","225"
"Inactive","Percentage of individuals inactive","Other Asian","Detailed","Jan14-Dec14","year","All","50-64","16-64","Male","Disabled","!","!","!","!","!"
"Inactive","Percentage of individuals inactive","Other Asian","Detailed","Jan14-Dec14","year","All","50-64","16-64","Male","Non-disabled","10.5","7.2","4300","40600","172"
"Inactive","Percentage of individuals inactive","Other Asian","Detailed","Jan14-Dec14","year","All","50-64","16-64","Male","unknown","!","!","!","!","!"
"Inactive","Percentage of individuals inactive","Other Asian","Detailed","Jan14-Dec14","year","All","All","16-64","All","All","32.6","2.8","232800","714200","2776"
"Inactive","Percentage of individuals inactive","Other Asian","Detailed","Jan14-Dec14","year","All","All","16-64","All","Disabled","42.5","8.3","34300","80700","337"
"Inactive","Percentage of individuals inactive","Other Asian","Detailed","Jan14-Dec14","year","All","All","16-64","All","Non-disabled","31.3","2.9","196900","629200","2421"
"Inactive","Percentage of individuals inactive","Other Asian","Detailed","Jan14-Dec14","year","All","All","16-64","All","unknown","!","!","!","!","!"
"Inactive","Percentage of individuals inactive","Other Asian","Detailed","Jan14-Dec14","year","All","All","16-64","Female","All","38.5","3.8","149800","388700","1582"
"Inactive","Percentage of individuals inactive","Other Asian","Detailed","Jan14-Dec14","year","All","All","16-64","Female","Disabled","45.3","10.9","21900","48300","200"
"Inactive","Percentage of individuals inactive","Other Asian","Detailed","Jan14-Dec14","year","All","All","16-64","Female","Non-disabled","37.6","4","127100","338000","1372"
"Inactive","Percentage of individuals inactive","Other Asian","Detailed","Jan14-Dec14","year","All","All","16-64","Female","unknown","!","!","!","!","!"
"Inactive","Percentage of individuals inactive","Other Asian","Detailed","Jan14-Dec14","year","All","All","16-64","Male","All","25.5","3.9","83100","325400","1194"
"Inactive","Percentage of individuals inactive","Other Asian","Detailed","Jan14-Dec14","year","All","All","16-64","Male","Disabled","38.3","12.9","12400","32300","137"
"Inactive","Percentage of individuals inactive","Other Asian","Detailed","Jan14-Dec14","year","All","All","16-64","Male","Non-disabled","24","4.1","69800","291200","1049"
"Inactive","Percentage of individuals inactive","Other Asian","Detailed","Jan14-Dec14","year","All","All","16-64","Male","unknown","!","!","!","!","!"
"Inactive","Percentage of individuals inactive","Other Asian","Detailed","Jan14-Dec14","year","East Midlands","All","16-64","All","All","40.7","13.6","14100","34700","125"
"Inactive","Percentage of individuals inactive","Other Asian","Detailed","Jan14-Dec14","year","East Midlands","All","16-64","All","Disabled","!","!","!","!","!"
"Inactive","Percentage of individuals inactive","Other Asian","Detailed","Jan14-Dec14","year","East Midlands","All","16-64","All","Non-disabled","40.8","15.1","11700","28500","102"
"Inactive","Percentage of individuals inactive","Other Asian","Detailed","Jan14-Dec14","year","East Midlands","All","16-64","All","unknown","!","!","!","!","!"
"Inactive","Percentage of individuals inactive","Other Asian","Detailed","Jan14-Dec14","year","East of England","All","16-64","All","All","26.9","9.9","16000","59500","193"
"Inactive","Percentage of individuals inactive","Other Asian","Detailed","Jan14-Dec14","year","East of England","All","16-64","All","Disabled","!","!","!","!","!"
"Inactive","Percentage of individuals inactive","Other Asian","Detailed","Jan14-Dec14","year","East of England","All","16-64","All","Non-disabled","27","10.6","14400","53400","169"
"Inactive","Percentage of individuals inactive","Other Asian","Detailed","Jan14-Dec14","year","East of England","All","16-64","All","unknown","!","!","!","!","!"
"Inactive","Percentage of individuals inactive","Other Asian","Detailed","Jan14-Dec14","year","London","All","16-64","All","All","30.3","4.8","82100","270600","870"
"Inactive","Percentage of individuals inactive","Other Asian","Detailed","Jan14-Dec14","year","London","All","16-64","All","Disabled","43.8","12.8","18300","41800","145"
"Inactive","Percentage of individuals inactive","Other Asian","Detailed","Jan14-Dec14","year","London","All","16-64","All","Non-disabled","27.7","5.2","62700","226500","717"
"Inactive","Percentage of individuals inactive","Other Asian","Detailed","Jan14-Dec14","year","London","All","16-64","All","unknown","!","!","!","!","!"
"Inactive","Percentage of individuals inactive","Other Asian","Detailed","Jan14-Dec14","year","North East","All","16-64","All","All","45.9","14","7700","16700","121"
"Inactive","Percentage of individuals inactive","Other Asian","Detailed","Jan14-Dec14","year","North East","All","16-64","All","Disabled","!","!","!","!","!"
"Inactive","Percentage of individuals inactive","Other Asian","Detailed","Jan14-Dec14","year","North East","All","16-64","All","Non-disabled","44.9","14.8","6900","15300","109"
"Inactive","Percentage of individuals inactive","Other Asian","Detailed","Jan14-Dec14","year","North East","All","16-64","All","unknown","!","!","!","!","!"
"Inactive","Percentage of individuals inactive","Other Asian","Detailed","Jan14-Dec14","year","North West","All","16-64","All","All","33.7","9.6","16100","47700","231"
"Inactive","Percentage of individuals inactive","Other Asian","Detailed","Jan14-Dec14","year","North West","All","16-64","All","Disabled","!","!","!","!","!"
"Inactive","Percentage of individuals inactive","Other Asian","Detailed","Jan14-Dec14","year","North West","All","16-64","All","Non-disabled","31.4","10.1","13400","42800","203"
"Inactive","Percentage of individuals inactive","Other Asian","Detailed","Jan14-Dec14","year","North West","All","16-64","All","unknown","!","!","!","!","!"
"Inactive","Percentage of individuals inactive","Other Asian","Detailed","Jan14-Dec14","year","Scotland","All","16-64","All","All","31.2","12.7","8600","27500","127"
"Inactive","Percentage of individuals inactive","Other Asian","Detailed","Jan14-Dec14","year","Scotland","All","16-64","All","Disabled","!","!","!","!","!"
"Inactive","Percentage of individuals inactive","Other Asian","Detailed","Jan14-Dec14","year","Scotland","All","16-64","All","Non-disabled","31.7","13.7","8000","25300","111"
"Inactive","Percentage of individuals inactive","Other Asian","Detailed","Jan14-Dec14","year","Scotland","All","16-64","All","unknown","!","!","!","!","!"
"Inactive","Percentage of individuals inactive","Other Asian","Detailed","Jan14-Dec14","year","South East","All","16-64","All","All","30.5","6.5","35500","116600","475"
"Inactive","Percentage of individuals inactive","Other Asian","Detailed","Jan14-Dec14","year","South East","All","16-64","All","Disabled","!","!","!","!","!"
"Inactive","Percentage of individuals inactive","Other Asian","Detailed","Jan14-Dec14","year","South East","All","16-64","All","Non-disabled","29.1","6.7","31600","108300","436"
"Inactive","Percentage of individuals inactive","Other Asian","Detailed","Jan14-Dec14","year","South East","All","16-64","All","unknown","!","!","!","!","!"
"Inactive","Percentage of individuals inactive","Other Asian","Detailed","Jan14-Dec14","year","South West","All","16-64","All","All","30.5","11","11400","37200","168"
"Inactive","Percentage of individuals inactive","Other Asian","Detailed","Jan14-Dec14","year","South West","All","16-64","All","Disabled","!","!","!","!","!"
"Inactive","Percentage of individuals inactive","Other Asian","Detailed","Jan14-Dec14","year","South West","All","16-64","All","Non-disabled","30.7","11.5","10600","34700","155"
"Inactive","Percentage of individuals inactive","Other Asian","Detailed","Jan14-Dec14","year","South West","All","16-64","All","unknown","!","!","!","!","!"
"Inactive","Percentage of individuals inactive","Other Asian","Detailed","Jan14-Dec14","year","Wales","All","16-64","All","All","37.9","12.9","5400","14400","136"
"Inactive","Percentage of individuals inactive","Other Asian","Detailed","Jan14-Dec14","year","Wales","All","16-64","All","Disabled","!","!","!","!","!"
"Inactive","Percentage of individuals inactive","Other Asian","Detailed","Jan14-Dec14","year","Wales","All","16-64","All","Non-disabled","38.8","13.7","5100","13100","122"
"Inactive","Percentage of individuals inactive","Other Asian","Detailed","Jan14-Dec14","year","Wales","All","16-64","All","unknown","!","!","!","!","!"
"Inactive","Percentage of individuals inactive","Other Asian","Detailed","Jan14-Dec14","year","West Midlands","All","16-64","All","All","39.9","11.1","20200","50600","186"
"Inactive","Percentage of individuals inactive","Other Asian","Detailed","Jan14-Dec14","year","West Midlands","All","16-64","All","Disabled","!","!","!","!","!"
"Inactive","Percentage of individuals inactive","Other Asian","Detailed","Jan14-Dec14","year","West Midlands","All","16-64","All","Non-disabled","40.1","11.8","18400","45800","165"
"Inactive","Percentage of individuals inactive","Other Asian","Detailed","Jan14-Dec14","year","West Midlands","All","16-64","All","unknown","!","!","!","!","!"
"Inactive","Percentage of individuals inactive","Other Asian","Detailed","Jan14-Dec14","year","Yorkshire and The Humber","All","16-64","All","All","40.8","12.7","15800","38800","144"
"Inactive","Percentage of individuals inactive","Other Asian","Detailed","Jan14-Dec14","year","Yorkshire and The Humber","All","16-64","All","Disabled","!","!","!","!","!"
"Inactive","Percentage of individuals inactive","Other Asian","Detailed","Jan14-Dec14","year","Yorkshire and The Humber","All","16-64","All","Non-disabled","39.5","13.2","14100","35600","132"
"Inactive","Percentage of individuals inactive","Other Asian","Detailed","Jan14-Dec14","year","Yorkshire and The Humber","All","16-64","All","unknown","!","!","!","!","!"
"Inactive","Percentage of individuals inactive","Other than White","White and other","Jan14-Dec14","year","All","16-24","16-64","All","All","56.3","2.4","648200","1150300","4080"
"Inactive","Percentage of individuals inactive","Other than White","White and other","Jan14-Dec14","year","All","16-24","16-64","All","Disabled","61.3","8.3","57300","93500","331"
"Inactive","Percentage of individuals inactive","Other than White","White and other","Jan14-Dec14","year","All","16-24","16-64","All","Non-disabled","55.7","2.5","584500","1050000","3722"
"Inactive","Percentage of individuals inactive","Other than White","White and other","Jan14-Dec14","year","All","16-24","16-64","All","unknown","!","!","!","!","!"
"Inactive","Percentage of individuals inactive","Other than White","White and other","Jan14-Dec14","year","All","16-24","16-64","Female","All","57.9","3.4","325300","562000","1992"
"Inactive","Percentage of individuals inactive","Other than White","White and other","Jan14-Dec14","year","All","16-24","16-64","Female","Disabled","57.3","11.5","29400","51300","176"
"Inactive","Percentage of individuals inactive","Other than White","White and other","Jan14-Dec14","year","All","16-24","16-64","Female","Non-disabled","57.7","3.6","292300","506900","1800"
"Inactive","Percentage of individuals inactive","Other than White","White and other","Jan14-Dec14","year","All","16-24","16-64","Female","unknown","!","!","!","!","!"
"Inactive","Percentage of individuals inactive","Other than White","White and other","Jan14-Dec14","year","All","16-24","16-64","Male","All","54.9","3.4","322900","588300","2088"
"Inactive","Percentage of individuals inactive","Other than White","White and other","Jan14-Dec14","year","All","16-24","16-64","Male","Disabled","66","11.8","27900","42200","155"
"Inactive","Percentage of individuals inactive","Other than White","White and other","Jan14-Dec14","year","All","16-24","16-64","Male","Non-disabled","53.8","3.5","292200","543000","1922"
"Inactive","Percentage of individuals inactive","Other than White","White and other","Jan14-Dec14","year","All","16-24","16-64","Male","unknown","!","!","!","!","!"
"Inactive","Percentage of individuals inactive","Other than White","White and other","Jan14-Dec14","year","All","25-49","16-64","All","All","22.5","1.1","740400","3294000","13072"
"Inactive","Percentage of individuals inactive","Other than White","White and other","Jan14-Dec14","year","All","25-49","16-64","All","Disabled","43.7","3.7","190700","436800","1747"
"Inactive","Percentage of individuals inactive","Other than White","White and other","Jan14-Dec14","year","All","25-49","16-64","All","Non-disabled","19.2","1.2","543300","2835400","11228"
"Inactive","Percentage of individuals inactive","Other than White","White and other","Jan14-Dec14","year","All","25-49","16-64","All","unknown","29.1","14.3","6400","21900","97"
"Inactive","Percentage of individuals inactive","Other than White","White and other","Jan14-Dec14","year","All","25-49","16-64","Female","All","34.5","1.7","585800","1699200","7157"
"Inactive","Percentage of individuals inactive","Other than White","White and other","Jan14-Dec14","year","All","25-49","16-64","Female","Disabled","51.8","4.8","129600","250000","1037"
"Inactive","Percentage of individuals inactive","Other than White","White and other","Jan14-Dec14","year","All","25-49","16-64","Female","Non-disabled","31.5","1.8","452400","1437900","6068"
"Inactive","Percentage of individuals inactive","Other than White","White and other","Jan14-Dec14","year","All","25-49","16-64","Female","unknown","33.2","20.2","3800","11300","52"
"Inactive","Percentage of individuals inactive","Other than White","White and other","Jan14-Dec14","year","All","25-49","16-64","Male","All","9.7","1.2","154600","1594900","5915"
"Inactive","Percentage of individuals inactive","Other than White","White and other","Jan14-Dec14","year","All","25-49","16-64","Male","Disabled","32.7","5.5","61100","186800","710"
"Inactive","Percentage of individuals inactive","Other than White","White and other","Jan14-Dec14","year","All","25-49","16-64","Male","Non-disabled","6.5","1.1","90800","1397500","5160"
"Inactive","Percentage of individuals inactive","Other than White","White and other","Jan14-Dec14","year","All","25-49","16-64","Male","unknown","24.8","19.9","2600","10500","45"
"Inactive","Percentage of individuals inactive","Other than White","White and other","Jan14-Dec14","year","All","50-64","16-64","All","All","31.6","2.3","276400","873600","3868"
"Inactive","Percentage of individuals inactive","Other than White","White and other","Jan14-Dec14","year","All","50-64","16-64","All","Disabled","59.9","4.3","166200","277300","1220"
"Inactive","Percentage of individuals inactive","Other than White","White and other","Jan14-Dec14","year","All","50-64","16-64","All","Non-disabled","18.1","2.3","106600","587700","2607"
"Inactive","Percentage of individuals inactive","Other than White","White and other","Jan14-Dec14","year","All","50-64","16-64","All","unknown","42.5","23.9","3700","8600","41"
"Inactive","Percentage of individuals inactive","Other than White","White and other","Jan14-Dec14","year","All","50-64","16-64","Female","All","40.2","3.4","180600","449000","2014"
"Inactive","Percentage of individuals inactive","Other than White","White and other","Jan14-Dec14","year","All","50-64","16-64","Female","Disabled","63.8","5.6","101200","158700","704"
"Inactive","Percentage of individuals inactive","Other than White","White and other","Jan14-Dec14","year","All","50-64","16-64","Female","Non-disabled","27","3.8","77000","285400","1287"
"Inactive","Percentage of individuals inactive","Other than White","White and other","Jan14-Dec14","year","All","50-64","16-64","Female","unknown","!","!","!","!","!"
"Inactive","Percentage of individuals inactive","Other than White","White and other","Jan14-Dec14","year","All","50-64","16-64","Male","All","22.6","3","95800","424600","1854"
"Inactive","Percentage of individuals inactive","Other than White","White and other","Jan14-Dec14","year","All","50-64","16-64","Male","Disabled","54.7","6.8","64900","118600","516"
"Inactive","Percentage of individuals inactive","Other than White","White and other","Jan14-Dec14","year","All","50-64","16-64","Male","Non-disabled","9.8","2.5","29600","302300","1320"
"Inactive","Percentage of individuals inactive","Other than White","White and other","Jan14-Dec14","year","All","50-64","16-64","Male","unknown","!","!","!","!","!"
"Inactive","Percentage of individuals inactive","Other than White","White and other","Jan14-Dec14","year","All","All","16-64","All","All","31.3","1","1664900","5318000","21020"
"Inactive","Percentage of individuals inactive","Other than White","White and other","Jan14-Dec14","year","All","All","16-64","All","Disabled","51.3","2.7","414100","807500","3298"
"Inactive","Percentage of individuals inactive","Other than White","White and other","Jan14-Dec14","year","All","All","16-64","All","Non-disabled","27.6","1","1234300","4473000","17557"
"Inactive","Percentage of individuals inactive","Other than White","White and other","Jan14-Dec14","year","All","All","16-64","All","unknown","44","12","16500","37400","165"
"Inactive","Percentage of individuals inactive","Other than White","White and other","Jan14-Dec14","year","All","All","16-64","Female","All","40.3","1.4","1091700","2710200","11163"
"Inactive","Percentage of individuals inactive","Other than White","White and other","Jan14-Dec14","year","All","All","16-64","Female","Disabled","56.6","3.5","260200","459900","1917"
"Inactive","Percentage of individuals inactive","Other than White","White and other","Jan14-Dec14","year","All","All","16-64","Female","Non-disabled","36.8","1.6","821700","2230200","9155"
"Inactive","Percentage of individuals inactive","Other than White","White and other","Jan14-Dec14","year","All","All","16-64","Female","unknown","48.4","16.2","9700","20100","91"
"Inactive","Percentage of individuals inactive","Other than White","White and other","Jan14-Dec14","year","All","All","16-64","Male","All","22","1.3","573300","2607700","9857"
"Inactive","Percentage of individuals inactive","Other than White","White and other","Jan14-Dec14","year","All","All","16-64","Male","Disabled","44.3","4.1","153900","347600","1381"
"Inactive","Percentage of individuals inactive","Other than White","White and other","Jan14-Dec14","year","All","All","16-64","Male","Non-disabled","18.4","1.3","412600","2242800","8402"
"Inactive","Percentage of individuals inactive","Other than White","White and other","Jan14-Dec14","year","All","All","16-64","Male","unknown","38.9","17.6","6700","17300","74"
"Inactive","Percentage of individuals inactive","Other than White","White and other","Jan14-Dec14","year","East Midlands","All","16-64","All","All","30.4","3.9","89900","295300","1305"
"Inactive","Percentage of individuals inactive","Other than White","White and other","Jan14-Dec14","year","East Midlands","All","16-64","All","Disabled","48","10.4","22800","47400","223"
"Inactive","Percentage of individuals inactive","Other than White","White and other","Jan14-Dec14","year","East Midlands","All","16-64","All","Non-disabled","27","4.2","66300","246000","1073"
"Inactive","Percentage of individuals inactive","Other than White","White and other","Jan14-Dec14","year","East Midlands","All","16-64","All","unknown","!","!","!","!","!"
"Inactive","Percentage of individuals inactive","Other than White","White and other","Jan14-Dec14","year","East of England","All","16-64","All","All","27.5","3.6","93800","341400","1447"
"Inactive","Percentage of individuals inactive","Other than White","White and other","Jan14-Dec14","year","East of England","All","16-64","All","Disabled","42.5","10.8","18300","43200","201"
"Inactive","Percentage of individuals inactive","Other than White","White and other","Jan14-Dec14","year","East of England","All","16-64","All","Non-disabled","25.3","3.8","74900","296600","1238"
"Inactive","Percentage of individuals inactive","Other than White","White and other","Jan14-Dec14","year","East of England","All","16-64","All","unknown","!","!","!","!","!"
"Inactive","Percentage of individuals inactive","Other than White","White and other","Jan14-Dec14","year","London","All","16-64","All","All","30","1.7","671100","2236600","6974"
"Inactive","Percentage of individuals inactive","Other than White","White and other","Jan14-Dec14","year","London","All","16-64","All","Disabled","50.9","4.5","181100","355700","1190"
"Inactive","Percentage of individuals inactive","Other than White","White and other","Jan14-Dec14","year","London","All","16-64","All","Non-disabled","25.8","1.8","480600","1860000","5712"
"Inactive","Percentage of individuals inactive","Other than White","White and other","Jan14-Dec14","year","London","All","16-64","All","unknown","45.2","18.2","9500","20900","72"
"Inactive","Percentage of individuals inactive","Other than White","White and other","Jan14-Dec14","year","North East","All","16-64","All","All","36.3","6.2","25600","70700","570"
"Inactive","Percentage of individuals inactive","Other than White","White and other","Jan14-Dec14","year","North East","All","16-64","All","Disabled","60.6","18.2","4900","8100","69"
"Inactive","Percentage of individuals inactive","Other than White","White and other","Jan14-Dec14","year","North East","All","16-64","All","Non-disabled","33","6.5","20600","62300","498"
"Inactive","Percentage of individuals inactive","Other than White","White and other","Jan14-Dec14","year","North East","All","16-64","All","unknown","!","!","!","!","!"
"Inactive","Percentage of individuals inactive","Other than White","White and other","Jan14-Dec14","year","North West","All","16-64","All","All","34.6","3","157000","454500","2430"
"Inactive","Percentage of individuals inactive","Other than White","White and other","Jan14-Dec14","year","North West","All","16-64","All","Disabled","58.2","7.5","44200","76000","413"
"Inactive","Percentage of individuals inactive","Other than White","White and other","Jan14-Dec14","year","North West","All","16-64","All","Non-disabled","29.7","3.2","111500","375600","2000"
"Inactive","Percentage of individuals inactive","Other than White","White and other","Jan14-Dec14","year","North West","All","16-64","All","unknown","!","!","!","!","!"
"Inactive","Percentage of individuals inactive","Other than White","White and other","Jan14-Dec14","year","Scotland","All","16-64","All","All","32.6","5.6","48000","147200","680"
"Inactive","Percentage of individuals inactive","Other than White","White and other","Jan14-Dec14","year","Scotland","All","16-64","All","Disabled","56","17","10300","18400","82"
"Inactive","Percentage of individuals inactive","Other than White","White and other","Jan14-Dec14","year","Scotland","All","16-64","All","Non-disabled","29.4","5.8","37800","128400","594"
"Inactive","Percentage of individuals inactive","Other than White","White and other","Jan14-Dec14","year","Scotland","All","16-64","All","unknown","!","!","!","!","!"
"Inactive","Percentage of individuals inactive","Other than White","White and other","Jan14-Dec14","year","South East","All","16-64","All","All","28.1","2.7","145200","517300","2597"
"Inactive","Percentage of individuals inactive","Other than White","White and other","Jan14-Dec14","year","South East","All","16-64","All","Disabled","39.9","8.4","23500","59000","325"
"Inactive","Percentage of individuals inactive","Other than White","White and other","Jan14-Dec14","year","South East","All","16-64","All","Non-disabled","26.5","2.9","120800","456000","2260"
"Inactive","Percentage of individuals inactive","Other than White","White and other","Jan14-Dec14","year","South East","All","16-64","All","unknown","!","!","!","!","!"
"Inactive","Percentage of individuals inactive","Other than White","White and other","Jan14-Dec14","year","South West","All","16-64","All","All","26.2","5","45300","172800","752"
"Inactive","Percentage of individuals inactive","Other than White","White and other","Jan14-Dec14","year","South West","All","16-64","All","Disabled","38.6","17","6200","16200","79"
"Inactive","Percentage of individuals inactive","Other than White","White and other","Jan14-Dec14","year","South West","All","16-64","All","Non-disabled","25.1","5.2","39100","155600","668"
"Inactive","Percentage of individuals inactive","Other than White","White and other","Jan14-Dec14","year","South West","All","16-64","All","unknown","!","!","!","!","!"
"Inactive","Percentage of individuals inactive","Other than White","White and other","Jan14-Dec14","year","Wales","All","16-64","All","All","39","6","30700","78700","638"
"Inactive","Percentage of individuals inactive","Other than White","White and other","Jan14-Dec14","year","Wales","All","16-64","All","Disabled","53.7","16","5800","10700","93"
"Inactive","Percentage of individuals inactive","Other than White","White and other","Jan14-Dec14","year","Wales","All","16-64","All","Non-disabled","37.1","6.5","24800","66700","531"
"Inactive","Percentage of individuals inactive","Other than White","White and other","Jan14-Dec14","year","Wales","All","16-64","All","unknown","!","!","!","!","!"
"Inactive","Percentage of individuals inactive","Other than White","White and other","Jan14-Dec14","year","West Midlands","All","16-64","All","All","35","3.1","220100","628300","2282"
"Inactive","Percentage of individuals inactive","Other than White","White and other","Jan14-Dec14","year","West Midlands","All","16-64","All","Disabled","54.6","7.9","56900","104300","380"
"Inactive","Percentage of individuals inactive","Other than White","White and other","Jan14-Dec14","year","West Midlands","All","16-64","All","Non-disabled","31","3.3","161700","521600","1892"
"Inactive","Percentage of individuals inactive","Other than White","White and other","Jan14-Dec14","year","West Midlands","All","16-64","All","unknown","!","!","!","!","!"
"Inactive","Percentage of individuals inactive","Other than White","White and other","Jan14-Dec14","year","Yorkshire and The Humber","All","16-64","All","All","36.8","4.1","138000","375100","1345"
"Inactive","Percentage of individuals inactive","Other than White","White and other","Jan14-Dec14","year","Yorkshire and The Humber","All","16-64","All","Disabled","58.5","9.8","40100","68500","243"
"Inactive","Percentage of individuals inactive","Other than White","White and other","Jan14-Dec14","year","Yorkshire and The Humber","All","16-64","All","Non-disabled","31.6","4.4","96300","304300","1091"
"Inactive","Percentage of individuals inactive","Other than White","White and other","Jan14-Dec14","year","Yorkshire and The Humber","All","16-64","All","unknown","!","!","!","!","!"
"Inactive","Percentage of individuals inactive","Pakistani/Bangladeshi","Detailed","Jan14-Dec14","year","All","16-24","16-64","All","All","54.6","5.1","137700","251900","924"
"Inactive","Percentage of individuals inactive","Pakistani/Bangladeshi","Detailed","Jan14-Dec14","year","All","16-24","16-64","All","Disabled","!","!","!","!","!"
"Inactive","Percentage of individuals inactive","Pakistani/Bangladeshi","Detailed","Jan14-Dec14","year","All","16-24","16-64","All","Non-disabled","53.2","5.4","119700","225000","830"
"Inactive","Percentage of individuals inactive","Pakistani/Bangladeshi","Detailed","Jan14-Dec14","year","All","16-24","16-64","All","unknown","!","!","!","!","!"
"Inactive","Percentage of individuals inactive","Pakistani/Bangladeshi","Detailed","Jan14-Dec14","year","All","16-24","16-64","Female","All","56.5","7.4","67300","119100","436"
"Inactive","Percentage of individuals inactive","Pakistani/Bangladeshi","Detailed","Jan14-Dec14","year","All","16-24","16-64","Female","Disabled","!","!","!","!","!"
"Inactive","Percentage of individuals inactive","Pakistani/Bangladeshi","Detailed","Jan14-Dec14","year","All","16-24","16-64","Female","Non-disabled","56.4","7.8","58800","104300","385"
"Inactive","Percentage of individuals inactive","Pakistani/Bangladeshi","Detailed","Jan14-Dec14","year","All","16-24","16-64","Female","unknown","!","!","!","!","!"
"Inactive","Percentage of individuals inactive","Pakistani/Bangladeshi","Detailed","Jan14-Dec14","year","All","16-24","16-64","Male","All","52.9","7","70400","132900","488"
"Inactive","Percentage of individuals inactive","Pakistani/Bangladeshi","Detailed","Jan14-Dec14","year","All","16-24","16-64","Male","Disabled","!","!","!","!","!"
"Inactive","Percentage of individuals inactive","Pakistani/Bangladeshi","Detailed","Jan14-Dec14","year","All","16-24","16-64","Male","Non-disabled","50.4","7.3","60900","120800","445"
"Inactive","Percentage of individuals inactive","Pakistani/Bangladeshi","Detailed","Jan14-Dec14","year","All","16-24","16-64","Male","unknown","!","!","!","!","!"
"Inactive","Percentage of individuals inactive","Pakistani/Bangladeshi","Detailed","Jan14-Dec14","year","All","25-49","16-64","All","All","32.3","2.6","235900","731500","2998"
"Inactive","Percentage of individuals inactive","Pakistani/Bangladeshi","Detailed","Jan14-Dec14","year","All","25-49","16-64","All","Disabled","51.7","6.9","60600","117200","510"
"Inactive","Percentage of individuals inactive","Pakistani/Bangladeshi","Detailed","Jan14-Dec14","year","All","25-49","16-64","All","Non-disabled","28.5","2.8","173700","610700","2472"
"Inactive","Percentage of individuals inactive","Pakistani/Bangladeshi","Detailed","Jan14-Dec14","year","All","25-49","16-64","All","unknown","!","!","!","!","!"
"Inactive","Percentage of individuals inactive","Pakistani/Bangladeshi","Detailed","Jan14-Dec14","year","All","25-49","16-64","Female","All","58.9","3.9","205800","349500","1551"
"Inactive","Percentage of individuals inactive","Pakistani/Bangladeshi","Detailed","Jan14-Dec14","year","All","25-49","16-64","Female","Disabled","71.8","8","48000","66900","304"
"Inactive","Percentage of individuals inactive","Pakistani/Bangladeshi","Detailed","Jan14-Dec14","year","All","25-49","16-64","Female","Non-disabled","55.8","4.4","157000","281100","1239"
"Inactive","Percentage of individuals inactive","Pakistani/Bangladeshi","Detailed","Jan14-Dec14","year","All","25-49","16-64","Female","unknown","!","!","!","!","!"
"Inactive","Percentage of individuals inactive","Pakistani/Bangladeshi","Detailed","Jan14-Dec14","year","All","25-49","16-64","Male","All","7.9","2.2","30100","382000","1447"
"Inactive","Percentage of individuals inactive","Pakistani/Bangladeshi","Detailed","Jan14-Dec14","year","All","25-49","16-64","Male","Disabled","25.1","9.4","12600","50300","206"
"Inactive","Percentage of individuals inactive","Pakistani/Bangladeshi","Detailed","Jan14-Dec14","year","All","25-49","16-64","Male","Non-disabled","5.1","1.9","16800","329500","1233"
"Inactive","Percentage of individuals inactive","Pakistani/Bangladeshi","Detailed","Jan14-Dec14","year","All","25-49","16-64","Male","unknown","!","!","!","!","!"
"Inactive","Percentage of individuals inactive","Pakistani/Bangladeshi","Detailed","Jan14-Dec14","year","All","50-64","16-64","All","All","53.6","6.3","68900","128500","592"
"Inactive","Percentage of individuals inactive","Pakistani/Bangladeshi","Detailed","Jan14-Dec14","year","All","50-64","16-64","All","Disabled","73.7","8.2","45400","61500","276"
"Inactive","Percentage of individuals inactive","Pakistani/Bangladeshi","Detailed","Jan14-Dec14","year","All","50-64","16-64","All","Non-disabled","34.2","8.3","22400","65600","310"
"Inactive","Percentage of individuals inactive","Pakistani/Bangladeshi","Detailed","Jan14-Dec14","year","All","50-64","16-64","All","unknown","!","!","!","!","!"
"Inactive","Percentage of individuals inactive","Pakistani/Bangladeshi","Detailed","Jan14-Dec14","year","All","50-64","16-64","Female","All","82.7","7","46900","56700","276"
"Inactive","Percentage of individuals inactive","Pakistani/Bangladeshi","Detailed","Jan14-Dec14","year","All","50-64","16-64","Female","Disabled","91","7.4","28600","31400","145"
"Inactive","Percentage of individuals inactive","Pakistani/Bangladeshi","Detailed","Jan14-Dec14","year","All","50-64","16-64","Female","Non-disabled","71.3","12.4","17300","24200","127"
"Inactive","Percentage of individuals inactive","Pakistani/Bangladeshi","Detailed","Jan14-Dec14","year","All","50-64","16-64","Female","unknown","!","!","!","!","!"
"Inactive","Percentage of individuals inactive","Pakistani/Bangladeshi","Detailed","Jan14-Dec14","year","All","50-64","16-64","Male","All","30.6","8","22000","71900","316"
"Inactive","Percentage of individuals inactive","Pakistani/Bangladeshi","Detailed","Jan14-Dec14","year","All","50-64","16-64","Male","Disabled","55.8","13.4","16800","30100","131"
"Inactive","Percentage of individuals inactive","Pakistani/Bangladeshi","Detailed","Jan14-Dec14","year","All","50-64","16-64","Male","Non-disabled","12.5","7.6","5200","41300","183"
"Inactive","Percentage of individuals inactive","Pakistani/Bangladeshi","Detailed","Jan14-Dec14","year","All","50-64","16-64","Male","unknown","!","!","!","!","!"
"Inactive","Percentage of individuals inactive","Pakistani/Bangladeshi","Detailed","Jan14-Dec14","year","All","All","16-64","All","All","39.8","2.3","442500","1112000","4514"
"Inactive","Percentage of individuals inactive","Pakistani/Bangladeshi","Detailed","Jan14-Dec14","year","All","All","16-64","All","Disabled","60.2","5.1","123200","204600","875"
"Inactive","Percentage of individuals inactive","Pakistani/Bangladeshi","Detailed","Jan14-Dec14","year","All","All","16-64","All","Non-disabled","35","2.5","315900","901300","3612"
"Inactive","Percentage of individuals inactive","Pakistani/Bangladeshi","Detailed","Jan14-Dec14","year","All","All","16-64","All","unknown","!","!","!","!","!"
"Inactive","Percentage of individuals inactive","Pakistani/Bangladeshi","Detailed","Jan14-Dec14","year","All","All","16-64","Female","All","60.9","3.2","320000","525200","2263"
"Inactive","Percentage of individuals inactive","Pakistani/Bangladeshi","Detailed","Jan14-Dec14","year","All","All","16-64","Female","Disabled","75.3","6","84400","112100","495"
"Inactive","Percentage of individuals inactive","Pakistani/Bangladeshi","Detailed","Jan14-Dec14","year","All","All","16-64","Female","Non-disabled","56.9","3.7","233000","409600","1751"
"Inactive","Percentage of individuals inactive","Pakistani/Bangladeshi","Detailed","Jan14-Dec14","year","All","All","16-64","Female","unknown","!","!","!","!","!"
"Inactive","Percentage of individuals inactive","Pakistani/Bangladeshi","Detailed","Jan14-Dec14","year","All","All","16-64","Male","All","20.9","2.7","122500","586800","2251"
"Inactive","Percentage of individuals inactive","Pakistani/Bangladeshi","Detailed","Jan14-Dec14","year","All","All","16-64","Male","Disabled","42","7.8","38800","92500","380"
"Inactive","Percentage of individuals inactive","Pakistani/Bangladeshi","Detailed","Jan14-Dec14","year","All","All","16-64","Male","Non-disabled","16.9","2.7","82900","491600","1861"
"Inactive","Percentage of individuals inactive","Pakistani/Bangladeshi","Detailed","Jan14-Dec14","year","All","All","16-64","Male","unknown","!","!","!","!","!"
"Inactive","Percentage of individuals inactive","Pakistani/Bangladeshi","Detailed","Jan14-Dec14","year","East Midlands","All","16-64","All","All","35.1","11.7","12000","34100","160"
"Inactive","Percentage of individuals inactive","Pakistani/Bangladeshi","Detailed","Jan14-Dec14","year","East Midlands","All","16-64","All","Disabled","!","!","!","!","!"
"Inactive","Percentage of individuals inactive","Pakistani/Bangladeshi","Detailed","Jan14-Dec14","year","East Midlands","All","16-64","All","Non-disabled","31.2","12.6","8800","28300","130"
"Inactive","Percentage of individuals inactive","Pakistani/Bangladeshi","Detailed","Jan14-Dec14","year","East Midlands","All","16-64","All","unknown","!","!","!","!","!"
"Inactive","Percentage of individuals inactive","Pakistani/Bangladeshi","Detailed","Jan14-Dec14","year","East of England","All","16-64","All","All","38.7","8.3","21400","55300","334"
"Inactive","Percentage of individuals inactive","Pakistani/Bangladeshi","Detailed","Jan14-Dec14","year","East of England","All","16-64","All","Disabled","!","!","!","!","!"
"Inactive","Percentage of individuals inactive","Pakistani/Bangladeshi","Detailed","Jan14-Dec14","year","East of England","All","16-64","All","Non-disabled","33.8","9","14700","43500","263"
"Inactive","Percentage of individuals inactive","Pakistani/Bangladeshi","Detailed","Jan14-Dec14","year","East of England","All","16-64","All","unknown","!","!","!","!","!"
"Inactive","Percentage of individuals inactive","Pakistani/Bangladeshi","Detailed","Jan14-Dec14","year","London","All","16-64","All","All","37.5","4.8","125500","334400","986"
"Inactive","Percentage of individuals inactive","Pakistani/Bangladeshi","Detailed","Jan14-Dec14","year","London","All","16-64","All","Disabled","59.3","11.5","31000","52200","174"
"Inactive","Percentage of individuals inactive","Pakistani/Bangladeshi","Detailed","Jan14-Dec14","year","London","All","16-64","All","Non-disabled","33.1","5.1","92500","279200","802"
"Inactive","Percentage of individuals inactive","Pakistani/Bangladeshi","Detailed","Jan14-Dec14","year","London","All","16-64","All","unknown","!","!","!","!","!"
"Inactive","Percentage of individuals inactive","Pakistani/Bangladeshi","Detailed","Jan14-Dec14","year","North East","All","16-64","All","All","33.4","11.8","5700","17100","154"
"Inactive","Percentage of individuals inactive","Pakistani/Bangladeshi","Detailed","Jan14-Dec14","year","North East","All","16-64","All","Disabled","!","!","!","!","!"
"Inactive","Percentage of individuals inactive","Pakistani/Bangladeshi","Detailed","Jan14-Dec14","year","North East","All","16-64","All","Non-disabled","29.3","12.5","4200","14400","128"
"Inactive","Percentage of individuals inactive","Pakistani/Bangladeshi","Detailed","Jan14-Dec14","year","North East","All","16-64","All","unknown","!","!","!","!","!"
"Inactive","Percentage of individuals inactive","Pakistani/Bangladeshi","Detailed","Jan14-Dec14","year","North West","All","16-64","All","All","41.8","4.9","72300","172800","983"
"Inactive","Percentage of individuals inactive","Pakistani/Bangladeshi","Detailed","Jan14-Dec14","year","North West","All","16-64","All","Disabled","61.1","10.7","22300","36500","200"
"Inactive","Percentage of individuals inactive","Pakistani/Bangladeshi","Detailed","Jan14-Dec14","year","North West","All","16-64","All","Non-disabled","36.5","5.4","49300","134900","775"
"Inactive","Percentage of individuals inactive","Pakistani/Bangladeshi","Detailed","Jan14-Dec14","year","North West","All","16-64","All","unknown","!","!","!","!","!"
"Inactive","Percentage of individuals inactive","Pakistani/Bangladeshi","Detailed","Jan14-Dec14","year","Scotland","All","16-64","All","All","41.6","12.9","14700","35400","141"
"Inactive","Percentage of individuals inactive","Pakistani/Bangladeshi","Detailed","Jan14-Dec14","year","Scotland","All","16-64","All","Disabled","!","!","!","!","!"
"Inactive","Percentage of individuals inactive","Pakistani/Bangladeshi","Detailed","Jan14-Dec14","year","Scotland","All","16-64","All","Non-disabled","33.3","14","8900","26900","109"
"Inactive","Percentage of individuals inactive","Pakistani/Bangladeshi","Detailed","Jan14-Dec14","year","Scotland","All","16-64","All","unknown","!","!","!","!","!"
"Inactive","Percentage of individuals inactive","Pakistani/Bangladeshi","Detailed","Jan14-Dec14","year","South East","All","16-64","All","All","38","6.8","32400","85300","490"
"Inactive","Percentage of individuals inactive","Pakistani/Bangladeshi","Detailed","Jan14-Dec14","year","South East","All","16-64","All","Disabled","!","!","!","!","!"
"Inactive","Percentage of individuals inactive","Pakistani/Bangladeshi","Detailed","Jan14-Dec14","year","South East","All","16-64","All","Non-disabled","35.3","7.4","25500","72100","399"
"Inactive","Percentage of individuals inactive","Pakistani/Bangladeshi","Detailed","Jan14-Dec14","year","South East","All","16-64","All","unknown","!","!","!","!","!"
"Inactive","Percentage of individuals inactive","Pakistani/Bangladeshi","Detailed","Jan14-Dec14","year","South West","All","16-64","All","All","!","!","!","!","!"
"Inactive","Percentage of individuals inactive","Pakistani/Bangladeshi","Detailed","Jan14-Dec14","year","South West","All","16-64","All","Disabled","!","!","!","!","!"
"Inactive","Percentage of individuals inactive","Pakistani/Bangladeshi","Detailed","Jan14-Dec14","year","South West","All","16-64","All","Non-disabled","!","!","!","!","!"
"Inactive","Percentage of individuals inactive","Pakistani/Bangladeshi","Detailed","Jan14-Dec14","year","South West","All","16-64","All","unknown","!","!","!","!","!"
"Inactive","Percentage of individuals inactive","Pakistani/Bangladeshi","Detailed","Jan14-Dec14","year","Wales","All","16-64","All","All","!","!","!","!","!"
"Inactive","Percentage of individuals inactive","Pakistani/Bangladeshi","Detailed","Jan14-Dec14","year","Wales","All","16-64","All","Disabled","!","!","!","!","!"
"Inactive","Percentage of individuals inactive","Pakistani/Bangladeshi","Detailed","Jan14-Dec14","year","Wales","All","16-64","All","Non-disabled","!","!","!","!","!"
"Inactive","Percentage of individuals inactive","Pakistani/Bangladeshi","Detailed","Jan14-Dec14","year","Wales","All","16-64","All","unknown","!","!","!","!","!"
"Inactive","Percentage of individuals inactive","Pakistani/Bangladeshi","Detailed","Jan14-Dec14","year","West Midlands","All","16-64","All","All","42.9","6.3","85300","198700","583"
"Inactive","Percentage of individuals inactive","Pakistani/Bangladeshi","Detailed","Jan14-Dec14","year","West Midlands","All","16-64","All","Disabled","61.2","14.4","23100","37700","110"
"Inactive","Percentage of individuals inactive","Pakistani/Bangladeshi","Detailed","Jan14-Dec14","year","West Midlands","All","16-64","All","Non-disabled","38.8","6.9","62300","160500","472"
"Inactive","Percentage of individuals inactive","Pakistani/Bangladeshi","Detailed","Jan14-Dec14","year","West Midlands","All","16-64","All","unknown","!","!","!","!","!"
"Inactive","Percentage of individuals inactive","Pakistani/Bangladeshi","Detailed","Jan14-Dec14","year","Yorkshire and The Humber","All","16-64","All","All","42.1","6.6","65100","154600","544"
"Inactive","Percentage of individuals inactive","Pakistani/Bangladeshi","Detailed","Jan14-Dec14","year","Yorkshire and The Humber","All","16-64","All","Disabled","62.2","13.5","21100","34000","124"
"Inactive","Percentage of individuals inactive","Pakistani/Bangladeshi","Detailed","Jan14-Dec14","year","Yorkshire and The Humber","All","16-64","All","Non-disabled","36.5","7.3","44000","120600","420"
"Inactive","Percentage of individuals inactive","Pakistani/Bangladeshi","Detailed","Jan14-Dec14","year","Yorkshire and The Humber","All","16-64","All","unknown","!","!","!","!","!"
"Inactive","Percentage of individuals inactive","Unknown","ONS 2011 5+1","Jan14-Dec14","year","All","16-24","16-64","All","All","!","!","!","!","!"
"Inactive","Percentage of individuals inactive","Unknown","ONS 2011 5+1","Jan14-Dec14","year","All","16-24","16-64","All","Disabled","!","!","!","!","!"
"Inactive","Percentage of individuals inactive","Unknown","ONS 2011 5+1","Jan14-Dec14","year","All","16-24","16-64","All","Non-disabled","!","!","!","!","!"
"Inactive","Percentage of individuals inactive","Unknown","ONS 2011 5+1","Jan14-Dec14","year","All","16-24","16-64","All","unknown","!","!","!","!","!"
"Inactive","Percentage of individuals inactive","Unknown","ONS 2011 5+1","Jan14-Dec14","year","All","16-24","16-64","Female","All","!","!","!","!","!"
"Inactive","Percentage of individuals inactive","Unknown","ONS 2011 5+1","Jan14-Dec14","year","All","16-24","16-64","Female","Disabled","!","!","!","!","!"
"Inactive","Percentage of individuals inactive","Unknown","ONS 2011 5+1","Jan14-Dec14","year","All","16-24","16-64","Female","Non-disabled","!","!","!","!","!"
"Inactive","Percentage of individuals inactive","Unknown","ONS 2011 5+1","Jan14-Dec14","year","All","16-24","16-64","Female","unknown","!","!","!","!","!"
"Inactive","Percentage of individuals inactive","Unknown","ONS 2011 5+1","Jan14-Dec14","year","All","16-24","16-64","Male","All","!","!","!","!","!"
"Inactive","Percentage of individuals inactive","Unknown","ONS 2011 5+1","Jan14-Dec14","year","All","16-24","16-64","Male","Disabled","!","!","!","!","!"
"Inactive","Percentage of individuals inactive","Unknown","ONS 2011 5+1","Jan14-Dec14","year","All","16-24","16-64","Male","Non-disabled","!","!","!","!","!"
"Inactive","Percentage of individuals inactive","Unknown","ONS 2011 5+1","Jan14-Dec14","year","All","16-24","16-64","Male","unknown","!","!","!","!","!"
"Inactive","Percentage of individuals inactive","Unknown","ONS 2011 5+1","Jan14-Dec14","year","All","25-49","16-64","All","All","13.5","8.6","5000","37100","153"
"Inactive","Percentage of individuals inactive","Unknown","ONS 2011 5+1","Jan14-Dec14","year","All","25-49","16-64","All","Disabled","!","!","!","!","!"
"Inactive","Percentage of individuals inactive","Unknown","ONS 2011 5+1","Jan14-Dec14","year","All","25-49","16-64","All","Non-disabled","9","8","2600","29300","124"
"Inactive","Percentage of individuals inactive","Unknown","ONS 2011 5+1","Jan14-Dec14","year","All","25-49","16-64","All","unknown","!","!","!","!","!"
"Inactive","Percentage of individuals inactive","Unknown","ONS 2011 5+1","Jan14-Dec14","year","All","25-49","16-64","Female","All","!","!","!","!","!"
"Inactive","Percentage of individuals inactive","Unknown","ONS 2011 5+1","Jan14-Dec14","year","All","25-49","16-64","Female","Disabled","!","!","!","!","!"
"Inactive","Percentage of individuals inactive","Unknown","ONS 2011 5+1","Jan14-Dec14","year","All","25-49","16-64","Female","Non-disabled","!","!","!","!","!"
"Inactive","Percentage of individuals inactive","Unknown","ONS 2011 5+1","Jan14-Dec14","year","All","25-49","16-64","Female","unknown","!","!","!","!","!"
"Inactive","Percentage of individuals inactive","Unknown","ONS 2011 5+1","Jan14-Dec14","year","All","25-49","16-64","Male","All","!","!","!","!","!"
"Inactive","Percentage of individuals inactive","Unknown","ONS 2011 5+1","Jan14-Dec14","year","All","25-49","16-64","Male","Disabled","!","!","!","!","!"
"Inactive","Percentage of individuals inactive","Unknown","ONS 2011 5+1","Jan14-Dec14","year","All","25-49","16-64","Male","Non-disabled","!","!","!","!","!"
"Inactive","Percentage of individuals inactive","Unknown","ONS 2011 5+1","Jan14-Dec14","year","All","25-49","16-64","Male","unknown","!","!","!","!","!"
"Inactive","Percentage of individuals inactive","Unknown","ONS 2011 5+1","Jan14-Dec14","year","All","50-64","16-64","All","All","22.9","12.3","4300","18900","112"
"Inactive","Percentage of individuals inactive","Unknown","ONS 2011 5+1","Jan14-Dec14","year","All","50-64","16-64","All","Disabled","!","!","!","!","!"
"Inactive","Percentage of individuals inactive","Unknown","ONS 2011 5+1","Jan14-Dec14","year","All","50-64","16-64","All","Non-disabled","!","!","!","!","!"
"Inactive","Percentage of individuals inactive","Unknown","ONS 2011 5+1","Jan14-Dec14","year","All","50-64","16-64","All","unknown","!","!","!","!","!"
"Inactive","Percentage of individuals inactive","Unknown","ONS 2011 5+1","Jan14-Dec14","year","All","50-64","16-64","Female","All","!","!","!","!","!"
"Inactive","Percentage of individuals inactive","Unknown","ONS 2011 5+1","Jan14-Dec14","year","All","50-64","16-64","Female","Disabled","!","!","!","!","!"
"Inactive","Percentage of individuals inactive","Unknown","ONS 2011 5+1","Jan14-Dec14","year","All","50-64","16-64","Female","Non-disabled","!","!","!","!","!"
"Inactive","Percentage of individuals inactive","Unknown","ONS 2011 5+1","Jan14-Dec14","year","All","50-64","16-64","Female","unknown","!","!","!","!","!"
"Inactive","Percentage of individuals inactive","Unknown","ONS 2011 5+1","Jan14-Dec14","year","All","50-64","16-64","Male","All","!","!","!","!","!"
"Inactive","Percentage of individuals inactive","Unknown","ONS 2011 5+1","Jan14-Dec14","year","All","50-64","16-64","Male","Disabled","!","!","!","!","!"
"Inactive","Percentage of individuals inactive","Unknown","ONS 2011 5+1","Jan14-Dec14","year","All","50-64","16-64","Male","Non-disabled","!","!","!","!","!"
"Inactive","Percentage of individuals inactive","Unknown","ONS 2011 5+1","Jan14-Dec14","year","All","50-64","16-64","Male","unknown","!","!","!","!","!"
"Inactive","Percentage of individuals inactive","Unknown","ONS 2011 5+1","Jan14-Dec14","year","All","All","16-64","All","All","26.7","7.5","19700","73800","334"
"Inactive","Percentage of individuals inactive","Unknown","ONS 2011 5+1","Jan14-Dec14","year","All","All","16-64","All","Disabled","!","!","!","!","!"
"Inactive","Percentage of individuals inactive","Unknown","ONS 2011 5+1","Jan14-Dec14","year","All","All","16-64","All","Non-disabled","24.2","8.1","14300","59200","269"
"Inactive","Percentage of individuals inactive","Unknown","ONS 2011 5+1","Jan14-Dec14","year","All","All","16-64","All","unknown","!","!","!","!","!"
"Inactive","Percentage of individuals inactive","Unknown","ONS 2011 5+1","Jan14-Dec14","year","All","All","16-64","Female","All","31.4","10.5","12300","39300","189"
"Inactive","Percentage of individuals inactive","Unknown","ONS 2011 5+1","Jan14-Dec14","year","All","All","16-64","Female","Disabled","!","!","!","!","!"
"Inactive","Percentage of individuals inactive","Unknown","ONS 2011 5+1","Jan14-Dec14","year","All","All","16-64","Female","Non-disabled","27.3","11.3","8700","31700","150"
"Inactive","Percentage of individuals inactive","Unknown","ONS 2011 5+1","Jan14-Dec14","year","All","All","16-64","Female","unknown","!","!","!","!","!"
"Inactive","Percentage of individuals inactive","Unknown","ONS 2011 5+1","Jan14-Dec14","year","All","All","16-64","Male","All","21.4","10.5","7400","34500","145"
"Inactive","Percentage of individuals inactive","Unknown","ONS 2011 5+1","Jan14-Dec14","year","All","All","16-64","Male","Disabled","!","!","!","!","!"
"Inactive","Percentage of individuals inactive","Unknown","ONS 2011 5+1","Jan14-Dec14","year","All","All","16-64","Male","Non-disabled","20.5","11.5","5600","27400","119"
"Inactive","Percentage of individuals inactive","Unknown","ONS 2011 5+1","Jan14-Dec14","year","All","All","16-64","Male","unknown","!","!","!","!","!"
"Inactive","Percentage of individuals inactive","Unknown","ONS 2011 5+1","Jan14-Dec14","year","East Midlands","All","16-64","All","All","!","!","!","!","!"
"Inactive","Percentage of individuals inactive","Unknown","ONS 2011 5+1","Jan14-Dec14","year","East Midlands","All","16-64","All","Disabled","!","!","!","!","!"
"Inactive","Percentage of individuals inactive","Unknown","ONS 2011 5+1","Jan14-Dec14","year","East Midlands","All","16-64","All","Non-disabled","!","!","!","!","!"
"Inactive","Percentage of individuals inactive","Unknown","ONS 2011 5+1","Jan14-Dec14","year","East Midlands","All","16-64","All","unknown","!","!","!","!","!"
"Inactive","Percentage of individuals inactive","Unknown","ONS 2011 5+1","Jan14-Dec14","year","East of England","All","16-64","All","All","!","!","!","!","!"
"Inactive","Percentage of individuals inactive","Unknown","ONS 2011 5+1","Jan14-Dec14","year","East of England","All","16-64","All","Disabled","!","!","!","!","!"
"Inactive","Percentage of individuals inactive","Unknown","ONS 2011 5+1","Jan14-Dec14","year","East of England","All","16-64","All","Non-disabled","!","!","!","!","!"
"Inactive","Percentage of individuals inactive","Unknown","ONS 2011 5+1","Jan14-Dec14","year","East of England","All","16-64","All","unknown","!","!","!","!","!"
"Inactive","Percentage of individuals inactive","Unknown","ONS 2011 5+1","Jan14-Dec14","year","London","All","16-64","All","All","!","!","!","!","!"
"Inactive","Percentage of individuals inactive","Unknown","ONS 2011 5+1","Jan14-Dec14","year","London","All","16-64","All","Disabled","!","!","!","!","!"
"Inactive","Percentage of individuals inactive","Unknown","ONS 2011 5+1","Jan14-Dec14","year","London","All","16-64","All","Non-disabled","!","!","!","!","!"
"Inactive","Percentage of individuals inactive","Unknown","ONS 2011 5+1","Jan14-Dec14","year","London","All","16-64","All","unknown","!","!","!","!","!"
"Inactive","Percentage of individuals inactive","Unknown","ONS 2011 5+1","Jan14-Dec14","year","North East","All","16-64","All","All","!","!","!","!","!"
"Inactive","Percentage of individuals inactive","Unknown","ONS 2011 5+1","Jan14-Dec14","year","North East","All","16-64","All","Disabled","!","!","!","!","!"
"Inactive","Percentage of individuals inactive","Unknown","ONS 2011 5+1","Jan14-Dec14","year","North East","All","16-64","All","Non-disabled","!","!","!","!","!"
"Inactive","Percentage of individuals inactive","Unknown","ONS 2011 5+1","Jan14-Dec14","year","North East","All","16-64","All","unknown","!","!","!","!","!"
"Inactive","Percentage of individuals inactive","Unknown","ONS 2011 5+1","Jan14-Dec14","year","North West","All","16-64","All","All","!","!","!","!","!"
"Inactive","Percentage of individuals inactive","Unknown","ONS 2011 5+1","Jan14-Dec14","year","North West","All","16-64","All","Disabled","!","!","!","!","!"
"Inactive","Percentage of individuals inactive","Unknown","ONS 2011 5+1","Jan14-Dec14","year","North West","All","16-64","All","Non-disabled","!","!","!","!","!"
"Inactive","Percentage of individuals inactive","Unknown","ONS 2011 5+1","Jan14-Dec14","year","North West","All","16-64","All","unknown","!","!","!","!","!"
"Inactive","Percentage of individuals inactive","Unknown","ONS 2011 5+1","Jan14-Dec14","year","Scotland","All","16-64","All","All","25.6","11.2","6300","24700","145"
"Inactive","Percentage of individuals inactive","Unknown","ONS 2011 5+1","Jan14-Dec14","year","Scotland","All","16-64","All","Disabled","!","!","!","!","!"
"Inactive","Percentage of individuals inactive","Unknown","ONS 2011 5+1","Jan14-Dec14","year","Scotland","All","16-64","All","Non-disabled","19.4","11.1","4000","20700","121"
"Inactive","Percentage of individuals inactive","Unknown","ONS 2011 5+1","Jan14-Dec14","year","Scotland","All","16-64","All","unknown","!","!","!","!","!"
"Inactive","Percentage of individuals inactive","Unknown","ONS 2011 5+1","Jan14-Dec14","year","South East","All","16-64","All","All","!","!","!","!","!"
"Inactive","Percentage of individuals inactive","Unknown","ONS 2011 5+1","Jan14-Dec14","year","South East","All","16-64","All","Disabled","!","!","!","!","!"
"Inactive","Percentage of individuals inactive","Unknown","ONS 2011 5+1","Jan14-Dec14","year","South East","All","16-64","All","Non-disabled","!","!","!","!","!"
"Inactive","Percentage of individuals inactive","Unknown","ONS 2011 5+1","Jan14-Dec14","year","South East","All","16-64","All","unknown","!","!","!","!","!"
"Inactive","Percentage of individuals inactive","Unknown","ONS 2011 5+1","Jan14-Dec14","year","South West","All","16-64","All","All","!","!","!","!","!"
"Inactive","Percentage of individuals inactive","Unknown","ONS 2011 5+1","Jan14-Dec14","year","South West","All","16-64","All","Disabled","!","!","!","!","!"
"Inactive","Percentage of individuals inactive","Unknown","ONS 2011 5+1","Jan14-Dec14","year","South West","All","16-64","All","Non-disabled","!","!","!","!","!"
"Inactive","Percentage of individuals inactive","Unknown","ONS 2011 5+1","Jan14-Dec14","year","South West","All","16-64","All","unknown","!","!","!","!","!"
"Inactive","Percentage of individuals inactive","Unknown","ONS 2011 5+1","Jan14-Dec14","year","Wales","All","16-64","All","All","!","!","!","!","!"
"Inactive","Percentage of individuals inactive","Unknown","ONS 2011 5+1","Jan14-Dec14","year","Wales","All","16-64","All","Disabled","!","!","!","!","!"
"Inactive","Percentage of individuals inactive","Unknown","ONS 2011 5+1","Jan14-Dec14","year","Wales","All","16-64","All","Non-disabled","!","!","!","!","!"
"Inactive","Percentage of individuals inactive","Unknown","ONS 2011 5+1","Jan14-Dec14","year","Wales","All","16-64","All","unknown","!","!","!","!","!"
"Inactive","Percentage of individuals inactive","Unknown","ONS 2011 5+1","Jan14-Dec14","year","West Midlands","All","16-64","All","All","!","!","!","!","!"
"Inactive","Percentage of individuals inactive","Unknown","ONS 2011 5+1","Jan14-Dec14","year","West Midlands","All","16-64","All","Disabled","!","!","!","!","!"
"Inactive","Percentage of individuals inactive","Unknown","ONS 2011 5+1","Jan14-Dec14","year","West Midlands","All","16-64","All","Non-disabled","!","!","!","!","!"
"Inactive","Percentage of individuals inactive","Unknown","ONS 2011 5+1","Jan14-Dec14","year","West Midlands","All","16-64","All","unknown","!","!","!","!","!"
"Inactive","Percentage of individuals inactive","Unknown","ONS 2011 5+1","Jan14-Dec14","year","Yorkshire and The Humber","All","16-64","All","All","!","!","!","!","!"
"Inactive","Percentage of individuals inactive","Unknown","ONS 2011 5+1","Jan14-Dec14","year","Yorkshire and The Humber","All","16-64","All","Disabled","!","!","!","!","!"
"Inactive","Percentage of individuals inactive","Unknown","ONS 2011 5+1","Jan14-Dec14","year","Yorkshire and The Humber","All","16-64","All","Non-disabled","!","!","!","!","!"
"Inactive","Percentage of individuals inactive","Unknown","ONS 2011 5+1","Jan14-Dec14","year","Yorkshire and The Humber","All","16-64","All","unknown","!","!","!","!","!"
"Inactive","Percentage of individuals inactive","White","ONS 2011 5+1","Jan14-Dec14","year","All","16-24","16-64","All","All","35.3","0.9","2081300","5903500","24543"
"Inactive","Percentage of individuals inactive","White","ONS 2011 5+1","Jan14-Dec14","year","All","16-24","16-64","All","Disabled","49.9","3","321200","644000","2715"
"Inactive","Percentage of individuals inactive","White","ONS 2011 5+1","Jan14-Dec14","year","All","16-24","16-64","All","Non-disabled","33.2","1","1733500","5218300","21651"
"Inactive","Percentage of individuals inactive","White","ONS 2011 5+1","Jan14-Dec14","year","All","16-24","16-64","All","unknown","64.6","11.1","26600","41200","177"
"Inactive","Percentage of individuals inactive","White","ONS 2011 5+1","Jan14-Dec14","year","All","16-24","16-64","Female","All","37.2","1.3","1082700","2908900","12403"
"Inactive","Percentage of individuals inactive","White","ONS 2011 5+1","Jan14-Dec14","year","All","16-24","16-64","Female","Disabled","47.9","4.1","162500","339200","1440"
"Inactive","Percentage of individuals inactive","White","ONS 2011 5+1","Jan14-Dec14","year","All","16-24","16-64","Female","Non-disabled","35.5","1.4","905200","2548800","10870"
"Inactive","Percentage of individuals inactive","White","ONS 2011 5+1","Jan14-Dec14","year","All","16-24","16-64","Female","unknown","71.9","14.4","15100","21000","93"
"Inactive","Percentage of individuals inactive","White","ONS 2011 5+1","Jan14-Dec14","year","All","16-24","16-64","Male","All","33.3","1.3","998600","2994500","12140"
"Inactive","Percentage of individuals inactive","White","ONS 2011 5+1","Jan14-Dec14","year","All","16-24","16-64","Male","Disabled","52.1","4.3","158700","304900","1275"
"Inactive","Percentage of individuals inactive","White","ONS 2011 5+1","Jan14-Dec14","year","All","16-24","16-64","Male","Non-disabled","31","1.4","828300","2669500","10781"
"Inactive","Percentage of individuals inactive","White","ONS 2011 5+1","Jan14-Dec14","year","All","16-24","16-64","Male","unknown","57","16.7","11500","20200","84"
"Inactive","Percentage of individuals inactive","White","ONS 2011 5+1","Jan14-Dec14","year","All","25-49","16-64","All","All","12.4","0.4","2190800","17682600","82188"
"Inactive","Percentage of individuals inactive","White","ONS 2011 5+1","Jan14-Dec14","year","All","25-49","16-64","All","Disabled","37.9","1.3","990200","2610900","12820"
"Inactive","Percentage of individuals inactive","White","ONS 2011 5+1","Jan14-Dec14","year","All","25-49","16-64","All","Non-disabled","7.9","0.3","1176100","14973200","68878"
"Inactive","Percentage of individuals inactive","White","ONS 2011 5+1","Jan14-Dec14","year","All","25-49","16-64","All","unknown","24.9","6","24500","98500","490"
"Inactive","Percentage of individuals inactive","White","ONS 2011 5+1","Jan14-Dec14","year","All","25-49","16-64","Female","All","17.8","0.6","1581400","8903600","43714"
"Inactive","Percentage of individuals inactive","White","ONS 2011 5+1","Jan14-Dec14","year","All","25-49","16-64","Female","Disabled","39.2","1.7","580400","1479000","7544"
"Inactive","Percentage of individuals inactive","White","ONS 2011 5+1","Jan14-Dec14","year","All","25-49","16-64","Female","Non-disabled","13.4","0.6","984400","7370400","35889"
"Inactive","Percentage of individuals inactive","White","ONS 2011 5+1","Jan14-Dec14","year","All","25-49","16-64","Female","unknown","30.7","8.5","16600","54100","281"
"Inactive","Percentage of individuals inactive","White","ONS 2011 5+1","Jan14-Dec14","year","All","25-49","16-64","Male","All","6.9","0.4","609400","8779000","38474"
"Inactive","Percentage of individuals inactive","White","ONS 2011 5+1","Jan14-Dec14","year","All","25-49","16-64","Male","Disabled","36.2","2","409800","1131900","5276"
"Inactive","Percentage of individuals inactive","White","ONS 2011 5+1","Jan14-Dec14","year","All","25-49","16-64","Male","Non-disabled","2.5","0.3","191700","7602800","32989"
"Inactive","Percentage of individuals inactive","White","ONS 2011 5+1","Jan14-Dec14","year","All","25-49","16-64","Male","unknown","17.7","8.2","7900","44400","209"
"Inactive","Percentage of individuals inactive","White","ONS 2011 5+1","Jan14-Dec14","year","All","50-64","16-64","All","All","28.5","0.6","3001000","10512900","58934"
"Inactive","Percentage of individuals inactive","White","ONS 2011 5+1","Jan14-Dec14","year","All","50-64","16-64","All","Disabled","55","1.2","1510900","2748200","16018"
"Inactive","Percentage of individuals inactive","White","ONS 2011 5+1","Jan14-Dec14","year","All","50-64","16-64","All","Non-disabled","19.1","0.6","1466900","7694300","42489"
"Inactive","Percentage of individuals inactive","White","ONS 2011 5+1","Jan14-Dec14","year","All","50-64","16-64","All","unknown","33","7","23300","70500","427"
"Inactive","Percentage of individuals inactive","White","ONS 2011 5+1","Jan14-Dec14","year","All","50-64","16-64","Female","All","34.2","0.8","1827000","5339800","30892"
"Inactive","Percentage of individuals inactive","White","ONS 2011 5+1","Jan14-Dec14","year","All","50-64","16-64","Female","Disabled","58.1","1.6","858000","1475900","8864"
"Inactive","Percentage of individuals inactive","White","ONS 2011 5+1","Jan14-Dec14","year","All","50-64","16-64","Female","Non-disabled","25","0.9","954600","3823000","21778"
"Inactive","Percentage of individuals inactive","White","ONS 2011 5+1","Jan14-Dec14","year","All","50-64","16-64","Female","unknown","35.2","9.4","14400","40900","250"
"Inactive","Percentage of individuals inactive","White","ONS 2011 5+1","Jan14-Dec14","year","All","50-64","16-64","Male","All","22.7","0.8","1174000","5173100","28042"
"Inactive","Percentage of individuals inactive","White","ONS 2011 5+1","Jan14-Dec14","year","All","50-64","16-64","Male","Disabled","51.3","1.8","652800","1272300","7154"
"Inactive","Percentage of individuals inactive","White","ONS 2011 5+1","Jan14-Dec14","year","All","50-64","16-64","Male","Non-disabled","13.2","0.7","512300","3871300","20711"
"Inactive","Percentage of individuals inactive","White","ONS 2011 5+1","Jan14-Dec14","year","All","50-64","16-64","Male","unknown","30","10.7","8900","29500","177"
"Inactive","Percentage of individuals inactive","White","ONS 2011 5+1","Jan14-Dec14","year","All","All","16-64","All","All","21.3","0.3","7273100","34099000","165665"
"Inactive","Percentage of individuals inactive","White","ONS 2011 5+1","Jan14-Dec14","year","All","All","16-64","All","Disabled","47","0.9","2822300","6003100","31553"
"Inactive","Percentage of individuals inactive","White","ONS 2011 5+1","Jan14-Dec14","year","All","All","16-64","All","Non-disabled","15.7","0.3","4376500","27885700","133018"
"Inactive","Percentage of individuals inactive","White","ONS 2011 5+1","Jan14-Dec14","year","All","All","16-64","All","unknown","35.4","4.5","74300","210100","1094"
"Inactive","Percentage of individuals inactive","White","ONS 2011 5+1","Jan14-Dec14","year","All","All","16-64","Female","All","26.2","0.5","4491100","17152300","87009"
"Inactive","Percentage of individuals inactive","White","ONS 2011 5+1","Jan14-Dec14","year","All","All","16-64","Female","Disabled","48.6","1.2","1600900","3294100","17848"
"Inactive","Percentage of individuals inactive","White","ONS 2011 5+1","Jan14-Dec14","year","All","All","16-64","Female","Non-disabled","20.7","0.5","2844100","13742200","68537"
"Inactive","Percentage of individuals inactive","White","ONS 2011 5+1","Jan14-Dec14","year","All","All","16-64","Female","unknown","39.7","6.1","46100","116000","624"
"Inactive","Percentage of individuals inactive","White","ONS 2011 5+1","Jan14-Dec14","year","All","All","16-64","Male","All","16.4","0.4","2782000","16946600","78656"
"Inactive","Percentage of individuals inactive","White","ONS 2011 5+1","Jan14-Dec14","year","All","All","16-64","Male","Disabled","45.1","1.3","1221400","2709000","13705"
"Inactive","Percentage of individuals inactive","White","ONS 2011 5+1","Jan14-Dec14","year","All","All","16-64","Male","Non-disabled","10.8","0.4","1532400","14143500","64481"
"Inactive","Percentage of individuals inactive","White","ONS 2011 5+1","Jan14-Dec14","year","All","All","16-64","Male","unknown","30","6.5","28200","94100","470"
"Inactive","Percentage of individuals inactive","White","ONS 2011 5+1","Jan14-Dec14","year","East Midlands","All","16-64","All","All","21","1.4","544600","2595700","8137"
"Inactive","Percentage of individuals inactive","White","ONS 2011 5+1","Jan14-Dec14","year","East Midlands","All","16-64","All","Disabled","45.4","4","215300","474500","1507"
"Inactive","Percentage of individuals inactive","White","ONS 2011 5+1","Jan14-Dec14","year","East Midlands","All","16-64","All","Non-disabled","15.4","1.4","325100","2107100","6584"
"Inactive","Percentage of individuals inactive","White","ONS 2011 5+1","Jan14-Dec14","year","East Midlands","All","16-64","All","unknown","29.9","20.9","4200","14200","46"
"Inactive","Percentage of individuals inactive","White","ONS 2011 5+1","Jan14-Dec14","year","East of England","All","16-64","All","All","19.3","1.2","646200","3353800","10550"
"Inactive","Percentage of individuals inactive","White","ONS 2011 5+1","Jan14-Dec14","year","East of England","All","16-64","All","Disabled","40.3","3.6","223300","553400","1827"
"Inactive","Percentage of individuals inactive","White","ONS 2011 5+1","Jan14-Dec14","year","East of England","All","16-64","All","Non-disabled","15","1.2","416300","2779900","8655"
"Inactive","Percentage of individuals inactive","White","ONS 2011 5+1","Jan14-Dec14","year","East of England","All","16-64","All","unknown","32.3","17.6","6600","20600","68"
"Inactive","Percentage of individuals inactive","White","ONS 2011 5+1","Jan14-Dec14","year","London","All","16-64","All","All","19","1.2","672300","3540100","10937"
"Inactive","Percentage of individuals inactive","White","ONS 2011 5+1","Jan14-Dec14","year","London","All","16-64","All","Disabled","43","3.8","209400","486800","1614"
"Inactive","Percentage of individuals inactive","White","ONS 2011 5+1","Jan14-Dec14","year","London","All","16-64","All","Non-disabled","15","1.1","453200","3027700","9238"
"Inactive","Percentage of individuals inactive","White","ONS 2011 5+1","Jan14-Dec14","year","London","All","16-64","All","unknown","38.1","16.3","9700","25600","85"
"Inactive","Percentage of individuals inactive","White","ONS 2011 5+1","Jan14-Dec14","year","North East","All","16-64","All","All","24.6","1.2","388400","1579200","12186"
"Inactive","Percentage of individuals inactive","White","ONS 2011 5+1","Jan14-Dec14","year","North East","All","16-64","All","Disabled","51.4","3","175900","342200","2720"
"Inactive","Percentage of individuals inactive","White","ONS 2011 5+1","Jan14-Dec14","year","North East","All","16-64","All","Non-disabled","16.9","1.2","207700","1228500","9391"
"Inactive","Percentage of individuals inactive","White","ONS 2011 5+1","Jan14-Dec14","year","North East","All","16-64","All","unknown","55.8","17.8","4800","8600","75"
"Inactive","Percentage of individuals inactive","White","ONS 2011 5+1","Jan14-Dec14","year","North West","All","16-64","All","All","24.3","0.9","977700","4019000","20641"
"Inactive","Percentage of individuals inactive","White","ONS 2011 5+1","Jan14-Dec14","year","North West","All","16-64","All","Disabled","54.6","2.3","445800","816400","4476"
"Inactive","Percentage of individuals inactive","White","ONS 2011 5+1","Jan14-Dec14","year","North West","All","16-64","All","Non-disabled","16.5","0.9","525000","3180300","16045"
"Inactive","Percentage of individuals inactive","White","ONS 2011 5+1","Jan14-Dec14","year","North West","All","16-64","All","unknown","30.9","13.1","6900","22300","120"
"Inactive","Percentage of individuals inactive","White","ONS 2011 5+1","Jan14-Dec14","year","Scotland","All","16-64","All","All","22","0.8","715000","3242700","23741"
"Inactive","Percentage of individuals inactive","White","ONS 2011 5+1","Jan14-Dec14","year","Scotland","All","16-64","All","Disabled","51.8","2.3","302800","584300","4400"
"Inactive","Percentage of individuals inactive","White","ONS 2011 5+1","Jan14-Dec14","year","Scotland","All","16-64","All","Non-disabled","15.4","0.8","406700","2639700","19195"
"Inactive","Percentage of individuals inactive","White","ONS 2011 5+1","Jan14-Dec14","year","Scotland","All","16-64","All","unknown","29.6","11.7","5500","18600","146"
"Inactive","Percentage of individuals inactive","White","ONS 2011 5+1","Jan14-Dec14","year","South East","All","16-64","All","All","19.5","0.9","962000","4945000","19988"
"Inactive","Percentage of individuals inactive","White","ONS 2011 5+1","Jan14-Dec14","year","South East","All","16-64","All","Disabled","40.6","2.7","309400","762000","3215"
"Inactive","Percentage of individuals inactive","White","ONS 2011 5+1","Jan14-Dec14","year","South East","All","16-64","All","Non-disabled","15.5","0.9","642900","4150700","16632"
"Inactive","Percentage of individuals inactive","White","ONS 2011 5+1","Jan14-Dec14","year","South East","All","16-64","All","unknown","30.2","12","9700","32300","141"
"Inactive","Percentage of individuals inactive","White","ONS 2011 5+1","Jan14-Dec14","year","South West","All","16-64","All","All","19.4","1","602700","3104900","14006"
"Inactive","Percentage of individuals inactive","White","ONS 2011 5+1","Jan14-Dec14","year","South West","All","16-64","All","Disabled","41.5","3","219300","528500","2529"
"Inactive","Percentage of individuals inactive","White","ONS 2011 5+1","Jan14-Dec14","year","South West","All","16-64","All","Non-disabled","14.7","1","375600","2556600","11377"
"Inactive","Percentage of individuals inactive","White","ONS 2011 5+1","Jan14-Dec14","year","South West","All","16-64","All","unknown","39.1","15.1","7700","19800","100"
"Inactive","Percentage of individuals inactive","White","ONS 2011 5+1","Jan14-Dec14","year","Wales","All","16-64","All","All","24.7","1","452500","1829000","19745"
"Inactive","Percentage of individuals inactive","White","ONS 2011 5+1","Jan14-Dec14","year","Wales","All","16-64","All","Disabled","50.6","2.3","193800","382800","4358"
"Inactive","Percentage of individuals inactive","White","ONS 2011 5+1","Jan14-Dec14","year","Wales","All","16-64","All","Non-disabled","17.7","1","253600","1433100","15237"
"Inactive","Percentage of individuals inactive","White","ONS 2011 5+1","Jan14-Dec14","year","Wales","All","16-64","All","unknown","39.2","12.3","5100","13100","150"
"Inactive","Percentage of individuals inactive","White","ONS 2011 5+1","Jan14-Dec14","year","West Midlands","All","16-64","All","All","22.5","1.2","655500","2907400","11964"
"Inactive","Percentage of individuals inactive","White","ONS 2011 5+1","Jan14-Dec14","year","West Midlands","All","16-64","All","Disabled","49.8","3.2","264500","531400","2311"
"Inactive","Percentage of individuals inactive","White","ONS 2011 5+1","Jan14-Dec14","year","West Midlands","All","16-64","All","Non-disabled","16.3","1.2","383900","2359500","9587"
"Inactive","Percentage of individuals inactive","White","ONS 2011 5+1","Jan14-Dec14","year","West Midlands","All","16-64","All","unknown","43","18.9","7100","16500","66"
"Inactive","Percentage of individuals inactive","White","ONS 2011 5+1","Jan14-Dec14","year","Yorkshire and The Humber","All","16-64","All","All","22","1.1","656200","2982300","13770"
"Inactive","Percentage of individuals inactive","White","ONS 2011 5+1","Jan14-Dec14","year","Yorkshire and The Humber","All","16-64","All","Disabled","48.6","3","262800","540800","2596"
"Inactive","Percentage of individuals inactive","White","ONS 2011 5+1","Jan14-Dec14","year","Yorkshire and The Humber","All","16-64","All","Non-disabled","16","1.1","386500","2422700","11077"
"Inactive","Percentage of individuals inactive","White","ONS 2011 5+1","Jan14-Dec14","year","Yorkshire and The Humber","All","16-64","All","unknown","36.5","15.1","6800","18700","97"
"Inactive","Percentage of individuals inactive","White British","Detailed","Jan14-Dec14","year","All","16-24","16-64","All","All","34.9","1","1941300","5564700","23354"
"Inactive","Percentage of individuals inactive","White British","Detailed","Jan14-Dec14","year","All","16-24","16-64","All","Disabled","49.8","3","309700","622100","2640"
"Inactive","Percentage of individuals inactive","White British","Detailed","Jan14-Dec14","year","All","16-24","16-64","All","Non-disabled","32.7","1","1605600","4902900","20543"
"Inactive","Percentage of individuals inactive","White British","Detailed","Jan14-Dec14","year","All","16-24","16-64","All","unknown","65.6","11.2","26000","39700","171"
"Inactive","Percentage of individuals inactive","White British","Detailed","Jan14-Dec14","year","All","16-24","16-64","Female","All","36.9","1.4","1005900","2724500","11753"
"Inactive","Percentage of individuals inactive","White British","Detailed","Jan14-Dec14","year","All","16-24","16-64","Female","Disabled","48.1","4.1","156800","326100","1394"
"Inactive","Percentage of individuals inactive","White British","Detailed","Jan14-Dec14","year","All","16-24","16-64","Female","Non-disabled","35.1","1.5","834400","2377800","10269"
"Inactive","Percentage of individuals inactive","White British","Detailed","Jan14-Dec14","year","All","16-24","16-64","Female","unknown","!","!","!","!","!"
"Inactive","Percentage of individuals inactive","White British","Detailed","Jan14-Dec14","year","All","16-24","16-64","Male","All","32.9","1.4","935400","2840200","11601"
"Inactive","Percentage of individuals inactive","White British","Detailed","Jan14-Dec14","year","All","16-24","16-64","Male","Disabled","51.6","4.4","152900","296000","1246"
"Inactive","Percentage of individuals inactive","White British","Detailed","Jan14-Dec14","year","All","16-24","16-64","Male","Non-disabled","30.5","1.4","771200","2525100","10274"
"Inactive","Percentage of individuals inactive","White British","Detailed","Jan14-Dec14","year","All","16-24","16-64","Male","unknown","!","!","!","!","!"
"Inactive","Percentage of individuals inactive","White British","Detailed","Jan14-Dec14","year","All","25-49","16-64","All","All","12.3","0.4","1948900","15821000","74918"
"Inactive","Percentage of individuals inactive","White British","Detailed","Jan14-Dec14","year","All","25-49","16-64","All","Disabled","38.4","1.4","945400","2460100","12188"
"Inactive","Percentage of individuals inactive","White British","Detailed","Jan14-Dec14","year","All","25-49","16-64","All","Non-disabled","7.4","0.3","982100","13272800","62283"
"Inactive","Percentage of individuals inactive","White British","Detailed","Jan14-Dec14","year","All","25-49","16-64","All","unknown","24.4","6.3","21400","88000","447"
"Inactive","Percentage of individuals inactive","White British","Detailed","Jan14-Dec14","year","All","25-49","16-64","Female","All","17.4","0.6","1379600","7936000","39705"
"Inactive","Percentage of individuals inactive","White British","Detailed","Jan14-Dec14","year","All","25-49","16-64","Female","Disabled","39.6","1.8","550700","1390000","7150"
"Inactive","Percentage of individuals inactive","White British","Detailed","Jan14-Dec14","year","All","25-49","16-64","Female","Non-disabled","12.5","0.6","814200","6498400","32303"
"Inactive","Percentage of individuals inactive","White British","Detailed","Jan14-Dec14","year","All","25-49","16-64","Female","unknown","30.9","9","14700","47500","252"
"Inactive","Percentage of individuals inactive","White British","Detailed","Jan14-Dec14","year","All","25-49","16-64","Male","All","7.2","0.4","569400","7885000","35213"
"Inactive","Percentage of individuals inactive","White British","Detailed","Jan14-Dec14","year","All","25-49","16-64","Male","Disabled","36.9","2.1","394700","1070100","5038"
"Inactive","Percentage of individuals inactive","White British","Detailed","Jan14-Dec14","year","All","25-49","16-64","Male","Non-disabled","2.5","0.3","167900","6774400","29980"
"Inactive","Percentage of individuals inactive","White British","Detailed","Jan14-Dec14","year","All","25-49","16-64","Male","unknown","16.7","8.3","6800","40500","195"
"Inactive","Percentage of individuals inactive","White British","Detailed","Jan14-Dec14","year","All","50-64","16-64","All","All","28.7","0.6","2906900","10139400","57113"
"Inactive","Percentage of individuals inactive","White British","Detailed","Jan14-Dec14","year","All","50-64","16-64","All","Disabled","55.1","1.2","1466700","2660700","15588"
"Inactive","Percentage of individuals inactive","White British","Detailed","Jan14-Dec14","year","All","50-64","16-64","All","Non-disabled","19.1","0.6","1417400","7409400","41105"
"Inactive","Percentage of individuals inactive","White British","Detailed","Jan14-Dec14","year","All","50-64","16-64","All","unknown","32.9","7.1","22800","69400","420"
"Inactive","Percentage of individuals inactive","White British","Detailed","Jan14-Dec14","year","All","50-64","16-64","Female","All","34.4","0.9","1764300","5134600","29858"
"Inactive","Percentage of individuals inactive","White British","Detailed","Jan14-Dec14","year","All","50-64","16-64","Female","Disabled","58.2","1.6","831000","1427700","8617"
"Inactive","Percentage of individuals inactive","White British","Detailed","Jan14-Dec14","year","All","50-64","16-64","Female","Non-disabled","25.1","0.9","919300","3666600","20995"
"Inactive","Percentage of individuals inactive","White British","Detailed","Jan14-Dec14","year","All","50-64","16-64","Female","unknown","34.6","9.4","13900","40300","246"
"Inactive","Percentage of individuals inactive","White British","Detailed","Jan14-Dec14","year","All","50-64","16-64","Male","All","22.8","0.8","1142600","5004800","27255"
"Inactive","Percentage of individuals inactive","White British","Detailed","Jan14-Dec14","year","All","50-64","16-64","Male","Disabled","51.6","1.9","635700","1232900","6971"
"Inactive","Percentage of individuals inactive","White British","Detailed","Jan14-Dec14","year","All","50-64","16-64","Male","Non-disabled","13.3","0.7","498100","3742800","20110"
"Inactive","Percentage of individuals inactive","White British","Detailed","Jan14-Dec14","year","All","50-64","16-64","Male","unknown","30.4","10.8","8900","29100","174"
"Inactive","Percentage of individuals inactive","White British","Detailed","Jan14-Dec14","year","All","All","16-64","All","All","21.6","0.3","6797100","31525100","155385"
"Inactive","Percentage of individuals inactive","White British","Detailed","Jan14-Dec14","year","All","All","16-64","All","Disabled","47.4","0.9","2721700","5742900","30416"
"Inactive","Percentage of individuals inactive","White British","Detailed","Jan14-Dec14","year","All","All","16-64","All","Non-disabled","15.7","0.3","4005100","25585100","123931"
"Inactive","Percentage of individuals inactive","White British","Detailed","Jan14-Dec14","year","All","All","16-64","All","unknown","35.7","4.6","70300","197100","1038"
"Inactive","Percentage of individuals inactive","White British","Detailed","Jan14-Dec14","year","All","All","16-64","Female","All","26.3","0.5","4149700","15795100","81316"
"Inactive","Percentage of individuals inactive","White British","Detailed","Jan14-Dec14","year","All","All","16-64","Female","Disabled","48.9","1.2","1538500","3143800","17161"
"Inactive","Percentage of individuals inactive","White British","Detailed","Jan14-Dec14","year","All","All","16-64","Female","Non-disabled","20.5","0.5","2567900","12542900","63567"
"Inactive","Percentage of individuals inactive","White British","Detailed","Jan14-Dec14","year","All","All","16-64","Female","unknown","40","6.3","43300","108400","588"
"Inactive","Percentage of individuals inactive","White British","Detailed","Jan14-Dec14","year","All","All","16-64","Male","All","16.8","0.4","2647400","15730000","74069"
"Inactive","Percentage of individuals inactive","White British","Detailed","Jan14-Dec14","year","All","All","16-64","Male","Disabled","45.5","1.3","1183200","2599100","13255"
"Inactive","Percentage of individuals inactive","White British","Detailed","Jan14-Dec14","year","All","All","16-64","Male","Non-disabled","11","0.4","1437200","13042200","60364"
"Inactive","Percentage of individuals inactive","White British","Detailed","Jan14-Dec14","year","All","All","16-64","Male","unknown","30.4","6.7","26900","88700","450"
"Inactive","Percentage of individuals inactive","White British","Detailed","Jan14-Dec14","year","East Midlands","All","16-64","All","All","20.8","1.4","508900","2441100","7593"
"Inactive","Percentage of individuals inactive","White British","Detailed","Jan14-Dec14","year","East Midlands","All","16-64","All","Disabled","45.5","4.1","206800","454700","1439"
"Inactive","Percentage of individuals inactive","White British","Detailed","Jan14-Dec14","year","East Midlands","All","16-64","All","Non-disabled","15.1","1.4","298400","1973500","6111"
"Inactive","Percentage of individuals inactive","White British","Detailed","Jan14-Dec14","year","East Midlands","All","16-64","All","unknown","!","!","!","!","!"
"Inactive","Percentage of individuals inactive","White British","Detailed","Jan14-Dec14","year","East of England","All","16-64","All","All","19.4","1.2","603700","3115500","9715"
"Inactive","Percentage of individuals inactive","White British","Detailed","Jan14-Dec14","year","East of England","All","16-64","All","Disabled","40.6","3.7","214900","528600","1733"
"Inactive","Percentage of individuals inactive","White British","Detailed","Jan14-Dec14","year","East of England","All","16-64","All","Non-disabled","14.9","1.2","382600","2567100","7919"
"Inactive","Percentage of individuals inactive","White British","Detailed","Jan14-Dec14","year","East of England","All","16-64","All","unknown","!","!","!","!","!"
"Inactive","Percentage of individuals inactive","White British","Detailed","Jan14-Dec14","year","London","All","16-64","All","All","19.2","1.4","492500","2563000","7995"
"Inactive","Percentage of individuals inactive","White British","Detailed","Jan14-Dec14","year","London","All","16-64","All","Disabled","44","4.3","172300","392000","1296"
"Inactive","Percentage of individuals inactive","White British","Detailed","Jan14-Dec14","year","London","All","16-64","All","Non-disabled","14.5","1.3","312200","2152100","6633"
"Inactive","Percentage of individuals inactive","White British","Detailed","Jan14-Dec14","year","London","All","16-64","All","unknown","!","!","!","!","!"
"Inactive","Percentage of individuals inactive","White British","Detailed","Jan14-Dec14","year","North East","All","16-64","All","All","24.7","1.2","381900","1546300","11947"
"Inactive","Percentage of individuals inactive","White British","Detailed","Jan14-Dec14","year","North East","All","16-64","All","Disabled","51.4","3","173600","337600","2688"
"Inactive","Percentage of individuals inactive","White British","Detailed","Jan14-Dec14","year","North East","All","16-64","All","Non-disabled","17","1.2","203600","1200200","9185"
"Inactive","Percentage of individuals inactive","White British","Detailed","Jan14-Dec14","year","North East","All","16-64","All","unknown","!","!","!","!","!"
"Inactive","Percentage of individuals inactive","White British","Detailed","Jan14-Dec14","year","North West","All","16-64","All","All","24.4","0.9","942100","3854600","19860"
"Inactive","Percentage of individuals inactive","White British","Detailed","Jan14-Dec14","year","North West","All","16-64","All","Disabled","54.7","2.3","435600","796600","4366"
"Inactive","Percentage of individuals inactive","White British","Detailed","Jan14-Dec14","year","North West","All","16-64","All","Non-disabled","16.5","0.9","499500","3035700","15374"
"Inactive","Percentage of individuals inactive","White British","Detailed","Jan14-Dec14","year","North West","All","16-64","All","unknown","30.9","13.1","6900","22300","120"
"Inactive","Percentage of individuals inactive","White British","Detailed","Jan14-Dec14","year","Scotland","All","16-64","All","All","22.3","0.9","684800","3068100","22753"
"Inactive","Percentage of individuals inactive","White British","Detailed","Jan14-Dec14","year","Scotland","All","16-64","All","Disabled","52.2","2.4","297500","569500","4299"
"Inactive","Percentage of individuals inactive","White British","Detailed","Jan14-Dec14","year","Scotland","All","16-64","All","Non-disabled","15.4","0.8","381800","2480500","18313"
"Inactive","Percentage of individuals inactive","White British","Detailed","Jan14-Dec14","year","Scotland","All","16-64","All","unknown","30.1","12","5400","18100","141"
"Inactive","Percentage of individuals inactive","White British","Detailed","Jan14-Dec14","year","South East","All","16-64","All","All","19.7","0.9","906700","4601800","18396"
"Inactive","Percentage of individuals inactive","White British","Detailed","Jan14-Dec14","year","South East","All","16-64","All","Disabled","41.2","2.8","301200","730500","3059"
"Inactive","Percentage of individuals inactive","White British","Detailed","Jan14-Dec14","year","South East","All","16-64","All","Non-disabled","15.5","0.9","596000","3840300","15206"
"Inactive","Percentage of individuals inactive","White British","Detailed","Jan14-Dec14","year","South East","All","16-64","All","unknown","30.8","12.5","9500","31000","131"
"Inactive","Percentage of individuals inactive","White British","Detailed","Jan14-Dec14","year","South West","All","16-64","All","All","19.5","1.1","574200","2939000","13322"
"Inactive","Percentage of individuals inactive","White British","Detailed","Jan14-Dec14","year","South West","All","16-64","All","Disabled","41.4","3.1","211300","510300","2459"
"Inactive","Percentage of individuals inactive","White British","Detailed","Jan14-Dec14","year","South West","All","16-64","All","Non-disabled","14.8","1.1","355800","2410000","10769"
"Inactive","Percentage of individuals inactive","White British","Detailed","Jan14-Dec14","year","South West","All","16-64","All","unknown","!","!","!","!","!"
"Inactive","Percentage of individuals inactive","White British","Detailed","Jan14-Dec14","year","Wales","All","16-64","All","All","24.9","1","441100","1772400","19214"
"Inactive","Percentage of individuals inactive","White British","Detailed","Jan14-Dec14","year","Wales","All","16-64","All","Disabled","51","2.4","191500","375800","4290"
"Inactive","Percentage of individuals inactive","White British","Detailed","Jan14-Dec14","year","Wales","All","16-64","All","Non-disabled","17.7","1","244500","1383900","14777"
"Inactive","Percentage of individuals inactive","White British","Detailed","Jan14-Dec14","year","Wales","All","16-64","All","unknown","40.2","12.5","5100","12800","147"
"Inactive","Percentage of individuals inactive","White British","Detailed","Jan14-Dec14","year","West Midlands","All","16-64","All","All","22.7","1.2","627400","2761500","11380"
"Inactive","Percentage of individuals inactive","White British","Detailed","Jan14-Dec14","year","West Midlands","All","16-64","All","Disabled","49.9","3.3","258200","517600","2247"
"Inactive","Percentage of individuals inactive","White British","Detailed","Jan14-Dec14","year","West Midlands","All","16-64","All","Non-disabled","16.3","1.2","362100","2227500","9068"
"Inactive","Percentage of individuals inactive","White British","Detailed","Jan14-Dec14","year","West Midlands","All","16-64","All","unknown","!","!","!","!","!"
"Inactive","Percentage of individuals inactive","White British","Detailed","Jan14-Dec14","year","Yorkshire and The Humber","All","16-64","All","All","22.1","1.1","633800","2862000","13210"
"Inactive","Percentage of individuals inactive","White British","Detailed","Jan14-Dec14","year","Yorkshire and The Humber","All","16-64","All","Disabled","48.9","3.1","258900","529700","2540"
"Inactive","Percentage of individuals inactive","White British","Detailed","Jan14-Dec14","year","Yorkshire and The Humber","All","16-64","All","Non-disabled","15.9","1.1","368400","2314400","10576"
"Inactive","Percentage of individuals inactive","White British","Detailed","Jan14-Dec14","year","Yorkshire and The Humber","All","16-64","All","unknown","!","!","!","!","!"
"Inactive","Percentage of individuals inactive","White Other","Detailed","Jan14-Dec14","year","All","16-24","16-64","All","All","41.3","4.4","140000","338800","1189"
"Inactive","Percentage of individuals inactive","White Other","Detailed","Jan14-Dec14","year","All","16-24","16-64","All","Disabled","!","!","!","!","!"
"Inactive","Percentage of individuals inactive","White Other","Detailed","Jan14-Dec14","year","All","16-24","16-64","All","Non-disabled","40.6","4.6","128000","315400","1108"
"Inactive","Percentage of individuals inactive","White Other","Detailed","Jan14-Dec14","year","All","16-24","16-64","All","unknown","!","!","!","!","!"
"Inactive","Percentage of individuals inactive","White Other","Detailed","Jan14-Dec14","year","All","16-24","16-64","Female","All","41.7","6","76900","184400","650"
"Inactive","Percentage of individuals inactive","White Other","Detailed","Jan14-Dec14","year","All","16-24","16-64","Female","Disabled","!","!","!","!","!"
"Inactive","Percentage of individuals inactive","White Other","Detailed","Jan14-Dec14","year","All","16-24","16-64","Female","Non-disabled","41.4","6.2","70800","171000","601"
"Inactive","Percentage of individuals inactive","White Other","Detailed","Jan14-Dec14","year","All","16-24","16-64","Female","unknown","!","!","!","!","!"
"Inactive","Percentage of individuals inactive","White Other","Detailed","Jan14-Dec14","year","All","16-24","16-64","Male","All","40.9","6.6","63200","154300","539"
"Inactive","Percentage of individuals inactive","White Other","Detailed","Jan14-Dec14","year","All","16-24","16-64","Male","Disabled","!","!","!","!","!"
"Inactive","Percentage of individuals inactive","White Other","Detailed","Jan14-Dec14","year","All","16-24","16-64","Male","Non-disabled","39.6","6.7","57100","144400","507"
"Inactive","Percentage of individuals inactive","White Other","Detailed","Jan14-Dec14","year","All","16-24","16-64","Male","unknown","!","!","!","!","!"
"Inactive","Percentage of individuals inactive","White Other","Detailed","Jan14-Dec14","year","All","25-49","16-64","All","All","13","1.2","241900","1861600","7270"
"Inactive","Percentage of individuals inactive","White Other","Detailed","Jan14-Dec14","year","All","25-49","16-64","All","Disabled","29.7","5.6","44800","150800","632"
"Inactive","Percentage of individuals inactive","White Other","Detailed","Jan14-Dec14","year","All","25-49","16-64","All","Non-disabled","11.4","1.2","194000","1700300","6595"
"Inactive","Percentage of individuals inactive","White Other","Detailed","Jan14-Dec14","year","All","25-49","16-64","All","unknown","!","!","!","!","!"
"Inactive","Percentage of individuals inactive","White Other","Detailed","Jan14-Dec14","year","All","25-49","16-64","Female","All","20.9","2","201800","967600","4009"
"Inactive","Percentage of individuals inactive","White Other","Detailed","Jan14-Dec14","year","All","25-49","16-64","Female","Disabled","33.4","7.4","29700","89000","394"
"Inactive","Percentage of individuals inactive","White Other","Detailed","Jan14-Dec14","year","All","25-49","16-64","Female","Non-disabled","19.5","2","170200","872000","3586"
"Inactive","Percentage of individuals inactive","White Other","Detailed","Jan14-Dec14","year","All","25-49","16-64","Female","unknown","!","!","!","!","!"
"Inactive","Percentage of individuals inactive","White Other","Detailed","Jan14-Dec14","year","All","25-49","16-64","Male","All","4.5","1.1","40000","894000","3261"
"Inactive","Percentage of individuals inactive","White Other","Detailed","Jan14-Dec14","year","All","25-49","16-64","Male","Disabled","24.5","8.6","15100","61700","238"
"Inactive","Percentage of individuals inactive","White Other","Detailed","Jan14-Dec14","year","All","25-49","16-64","Male","Non-disabled","2.9","0.9","23900","828400","3009"
"Inactive","Percentage of individuals inactive","White Other","Detailed","Jan14-Dec14","year","All","25-49","16-64","Male","unknown","!","!","!","!","!"
"Inactive","Percentage of individuals inactive","White Other","Detailed","Jan14-Dec14","year","All","50-64","16-64","All","All","25.2","3.2","94100","373500","1821"
"Inactive","Percentage of individuals inactive","White Other","Detailed","Jan14-Dec14","year","All","50-64","16-64","All","Disabled","50.5","7.5","44200","87500","430"
"Inactive","Percentage of individuals inactive","White Other","Detailed","Jan14-Dec14","year","All","50-64","16-64","All","Non-disabled","17.4","3.2","49500","284900","1384"
"Inactive","Percentage of individuals inactive","White Other","Detailed","Jan14-Dec14","year","All","50-64","16-64","All","unknown","!","!","!","!","!"
"Inactive","Percentage of individuals inactive","White Other","Detailed","Jan14-Dec14","year","All","50-64","16-64","Female","All","30.6","4.4","62700","205200","1034"
"Inactive","Percentage of individuals inactive","White Other","Detailed","Jan14-Dec14","year","All","50-64","16-64","Female","Disabled","56.1","9.8","27000","48100","247"
"Inactive","Percentage of individuals inactive","White Other","Detailed","Jan14-Dec14","year","All","50-64","16-64","Female","Non-disabled","22.5","4.6","35300","156400","783"
"Inactive","Percentage of individuals inactive","White Other","Detailed","Jan14-Dec14","year","All","50-64","16-64","Female","unknown","!","!","!","!","!"
"Inactive","Percentage of individuals inactive","White Other","Detailed","Jan14-Dec14","year","All","50-64","16-64","Male","All","18.7","4.3","31400","168300","787"
"Inactive","Percentage of individuals inactive","White Other","Detailed","Jan14-Dec14","year","All","50-64","16-64","Male","Disabled","43.6","11.4","17200","39400","183"
"Inactive","Percentage of individuals inactive","White Other","Detailed","Jan14-Dec14","year","All","50-64","16-64","Male","Non-disabled","11.1","4","14200","128500","601"
"Inactive","Percentage of individuals inactive","White Other","Detailed","Jan14-Dec14","year","All","50-64","16-64","Male","unknown","!","!","!","!","!"
"Inactive","Percentage of individuals inactive","White Other","Detailed","Jan14-Dec14","year","All","All","16-64","All","All","18.5","1.2","476000","2573800","10280"
"Inactive","Percentage of individuals inactive","White Other","Detailed","Jan14-Dec14","year","All","All","16-64","All","Disabled","38.6","4.5","100500","260200","1137"
"Inactive","Percentage of individuals inactive","White Other","Detailed","Jan14-Dec14","year","All","All","16-64","All","Non-disabled","16.1","1.2","371500","2300600","9087"
"Inactive","Percentage of individuals inactive","White Other","Detailed","Jan14-Dec14","year","All","All","16-64","All","unknown","!","!","!","!","!"
"Inactive","Percentage of individuals inactive","White Other","Detailed","Jan14-Dec14","year","All","All","16-64","Female","All","25.2","1.8","341400","1357300","5693"
"Inactive","Percentage of individuals inactive","White Other","Detailed","Jan14-Dec14","year","All","All","16-64","Female","Disabled","41.5","5.8","62400","150300","687"
"Inactive","Percentage of individuals inactive","White Other","Detailed","Jan14-Dec14","year","All","All","16-64","Female","Non-disabled","23","1.8","276300","1199300","4970"
"Inactive","Percentage of individuals inactive","White Other","Detailed","Jan14-Dec14","year","All","All","16-64","Female","unknown","!","!","!","!","!"
"Inactive","Percentage of individuals inactive","White Other","Detailed","Jan14-Dec14","year","All","All","16-64","Male","All","11.1","1.4","134600","1216600","4587"
"Inactive","Percentage of individuals inactive","White Other","Detailed","Jan14-Dec14","year","All","All","16-64","Male","Disabled","34.7","6.9","38100","109900","450"
"Inactive","Percentage of individuals inactive","White Other","Detailed","Jan14-Dec14","year","All","All","16-64","Male","Non-disabled","8.6","1.4","95200","1101300","4117"
"Inactive","Percentage of individuals inactive","White Other","Detailed","Jan14-Dec14","year","All","All","16-64","Male","unknown","!","!","!","!","!"
"Inactive","Percentage of individuals inactive","White Other","Detailed","Jan14-Dec14","year","East Midlands","All","16-64","All","All","23.1","5.6","35700","154700","544"
"Inactive","Percentage of individuals inactive","White Other","Detailed","Jan14-Dec14","year","East Midlands","All","16-64","All","Disabled","!","!","!","!","!"
"Inactive","Percentage of individuals inactive","White Other","Detailed","Jan14-Dec14","year","East Midlands","All","16-64","All","Non-disabled","20","5.7","26700","133600","473"
"Inactive","Percentage of individuals inactive","White Other","Detailed","Jan14-Dec14","year","East Midlands","All","16-64","All","unknown","!","!","!","!","!"
"Inactive","Percentage of individuals inactive","White Other","Detailed","Jan14-Dec14","year","East of England","All","16-64","All","All","17.8","4.1","42500","238300","835"
"Inactive","Percentage of individuals inactive","White Other","Detailed","Jan14-Dec14","year","East of England","All","16-64","All","Disabled","!","!","!","!","!"
"Inactive","Percentage of individuals inactive","White Other","Detailed","Jan14-Dec14","year","East of England","All","16-64","All","Non-disabled","15.8","4.2","33700","212700","736"
"Inactive","Percentage of individuals inactive","White Other","Detailed","Jan14-Dec14","year","East of England","All","16-64","All","unknown","!","!","!","!","!"
"Inactive","Percentage of individuals inactive","White Other","Detailed","Jan14-Dec14","year","London","All","16-64","All","All","18.4","2.2","179800","977100","2942"
"Inactive","Percentage of individuals inactive","White Other","Detailed","Jan14-Dec14","year","London","All","16-64","All","Disabled","39.1","8.5","37100","94800","318"
"Inactive","Percentage of individuals inactive","White Other","Detailed","Jan14-Dec14","year","London","All","16-64","All","Non-disabled","16.1","2.2","140900","875600","2605"
"Inactive","Percentage of individuals inactive","White Other","Detailed","Jan14-Dec14","year","London","All","16-64","All","unknown","!","!","!","!","!"
"Inactive","Percentage of individuals inactive","White Other","Detailed","Jan14-Dec14","year","North East","All","16-64","All","All","19.8","8","6500","32900","239"
"Inactive","Percentage of individuals inactive","White Other","Detailed","Jan14-Dec14","year","North East","All","16-64","All","Disabled","!","!","!","!","!"
"Inactive","Percentage of individuals inactive","White Other","Detailed","Jan14-Dec14","year","North East","All","16-64","All","Non-disabled","14.5","7.6","4100","28200","206"
"Inactive","Percentage of individuals inactive","White Other","Detailed","Jan14-Dec14","year","North East","All","16-64","All","unknown","!","!","!","!","!"
"Inactive","Percentage of individuals inactive","White Other","Detailed","Jan14-Dec14","year","North West","All","16-64","All","All","21.7","4.6","35600","164400","781"
"Inactive","Percentage of individuals inactive","White Other","Detailed","Jan14-Dec14","year","North West","All","16-64","All","Disabled","51.3","14.8","10200","19800","110"
"Inactive","Percentage of individuals inactive","White Other","Detailed","Jan14-Dec14","year","North West","All","16-64","All","Non-disabled","17.6","4.6","25500","144600","671"
"Inactive","Percentage of individuals inactive","White Other","Detailed","Jan14-Dec14","year","North West","All","16-64","All","unknown","!","!","!","!","!"
"Inactive","Percentage of individuals inactive","White Other","Detailed","Jan14-Dec14","year","Scotland","All","16-64","All","All","17.3","3.7","30200","174600","988"
"Inactive","Percentage of individuals inactive","White Other","Detailed","Jan14-Dec14","year","Scotland","All","16-64","All","Disabled","35.7","14.8","5300","14800","101"
"Inactive","Percentage of individuals inactive","White Other","Detailed","Jan14-Dec14","year","Scotland","All","16-64","All","Non-disabled","15.6","3.8","24800","159300","882"
"Inactive","Percentage of individuals inactive","White Other","Detailed","Jan14-Dec14","year","Scotland","All","16-64","All","unknown","!","!","!","!","!"
"Inactive","Percentage of individuals inactive","White Other","Detailed","Jan14-Dec14","year","South East","All","16-64","All","All","16.1","2.9","55200","343200","1592"
"Inactive","Percentage of individuals inactive","White Other","Detailed","Jan14-Dec14","year","South East","All","16-64","All","Disabled","26.1","10.9","8200","31500","156"
"Inactive","Percentage of individuals inactive","White Other","Detailed","Jan14-Dec14","year","South East","All","16-64","All","Non-disabled","15.1","2.9","46800","310500","1426"
"Inactive","Percentage of individuals inactive","White Other","Detailed","Jan14-Dec14","year","South East","All","16-64","All","unknown","!","!","!","!","!"
"Inactive","Percentage of individuals inactive","White Other","Detailed","Jan14-Dec14","year","South West","All","16-64","All","All","17.2","4.5","28500","165900","684"
"Inactive","Percentage of individuals inactive","White Other","Detailed","Jan14-Dec14","year","South West","All","16-64","All","Disabled","!","!","!","!","!"
"Inactive","Percentage of individuals inactive","White Other","Detailed","Jan14-Dec14","year","South West","All","16-64","All","Non-disabled","13.6","4.3","19900","146600","608"
"Inactive","Percentage of individuals inactive","White Other","Detailed","Jan14-Dec14","year","South West","All","16-64","All","unknown","!","!","!","!","!"
"Inactive","Percentage of individuals inactive","White Other","Detailed","Jan14-Dec14","year","Wales","All","16-64","All","All","20.1","5.4","11400","56600","531"
"Inactive","Percentage of individuals inactive","White Other","Detailed","Jan14-Dec14","year","Wales","All","16-64","All","Disabled","!","!","!","!","!"
"Inactive","Percentage of individuals inactive","White Other","Detailed","Jan14-Dec14","year","Wales","All","16-64","All","Non-disabled","18.5","5.6","9100","49200","460"
"Inactive","Percentage of individuals inactive","White Other","Detailed","Jan14-Dec14","year","Wales","All","16-64","All","unknown","!","!","!","!","!"
"Inactive","Percentage of individuals inactive","White Other","Detailed","Jan14-Dec14","year","West Midlands","All","16-64","All","All","19.3","5.1","28200","145900","584"
"Inactive","Percentage of individuals inactive","White Other","Detailed","Jan14-Dec14","year","West Midlands","All","16-64","All","Disabled","!","!","!","!","!"
"Inactive","Percentage of individuals inactive","White Other","Detailed","Jan14-Dec14","year","West Midlands","All","16-64","All","Non-disabled","16.5","5.1","21800","132000","519"
"Inactive","Percentage of individuals inactive","White Other","Detailed","Jan14-Dec14","year","West Midlands","All","16-64","All","unknown","!","!","!","!","!"
"Inactive","Percentage of individuals inactive","White Other","Detailed","Jan14-Dec14","year","Yorkshire and The Humber","All","16-64","All","All","18.6","5.1","22400","120200","560"
"Inactive","Percentage of individuals inactive","White Other","Detailed","Jan14-Dec14","year","Yorkshire and The Humber","All","16-64","All","Disabled","!","!","!","!","!"
"Inactive","Percentage of individuals inactive","White Other","Detailed","Jan14-Dec14","year","Yorkshire and The Humber","All","16-64","All","Non-disabled","16.7","5.2","18100","108300","501"
"Inactive","Percentage of individuals inactive","White Other","Detailed","Jan14-Dec14","year","Yorkshire and The Humber","All","16-64","All","unknown","!","!","!","!","!"
"Inactive","Percentage of individuals inactive","All","All","Jan15-Dec15","year","All","16-24","16-64","All","All","37.3","0.6","2629100","7047000","27310"
"Inactive","Percentage of individuals inactive","All","All","Jan15-Dec15","year","All","16-24","16-64","All","Disabled","50.4","1.7","411800","817700","3174"
"Inactive","Percentage of individuals inactive","All","All","Jan15-Dec15","year","All","16-24","16-64","All","Non-disabled","35.4","0.6","2186600","6181200","23949"
"Inactive","Percentage of individuals inactive","All","All","Jan15-Dec15","year","All","16-24","16-64","All","unknown","64","6.9","30800","48100","187"
"Inactive","Percentage of individuals inactive","All","All","Jan15-Dec15","year","All","16-24","16-64","Female","All","38.9","0.8","1349200","3464800","13720"
"Inactive","Percentage of individuals inactive","All","All","Jan15-Dec15","year","All","16-24","16-64","Female","Disabled","47.8","2.4","209700","439000","1729"
"Inactive","Percentage of individuals inactive","All","All","Jan15-Dec15","year","All","16-24","16-64","Female","Non-disabled","37.5","0.9","1125100","3002400","11894"
"Inactive","Percentage of individuals inactive","All","All","Jan15-Dec15","year","All","16-24","16-64","Female","unknown","61.6","9.7","14400","23500","97"
"Inactive","Percentage of individuals inactive","All","All","Jan15-Dec15","year","All","16-24","16-64","Male","All","35.7","0.8","1279900","3582200","13590"
"Inactive","Percentage of individuals inactive","All","All","Jan15-Dec15","year","All","16-24","16-64","Male","Disabled","53.4","2.6","202100","378700","1445"
"Inactive","Percentage of individuals inactive","All","All","Jan15-Dec15","year","All","16-24","16-64","Male","Non-disabled","33.4","0.8","1061500","3178900","12055"
"Inactive","Percentage of individuals inactive","All","All","Jan15-Dec15","year","All","16-24","16-64","Male","unknown","66.3","9.8","16300","24600","90"
"Inactive","Percentage of individuals inactive","All","All","Jan15-Dec15","year","All","25-49","16-64","All","All","14","0.2","2950000","21039100","91900"
"Inactive","Percentage of individuals inactive","All","All","Jan15-Dec15","year","All","25-49","16-64","All","Disabled","38.6","0.8","1226500","3178400","14581"
"Inactive","Percentage of individuals inactive","All","All","Jan15-Dec15","year","All","25-49","16-64","All","Non-disabled","9.5","0.2","1686200","17725100","76721"
"Inactive","Percentage of individuals inactive","All","All","Jan15-Dec15","year","All","25-49","16-64","All","unknown","27.5","3.6","37300","135500","598"
"Inactive","Percentage of individuals inactive","All","All","Jan15-Dec15","year","All","25-49","16-64","Female","All","20.4","0.4","2167200","10622800","49037"
"Inactive","Percentage of individuals inactive","All","All","Jan15-Dec15","year","All","25-49","16-64","Female","Disabled","42.1","1","762500","1810000","8675"
"Inactive","Percentage of individuals inactive","All","All","Jan15-Dec15","year","All","25-49","16-64","Female","Non-disabled","15.8","0.4","1380700","8733000","39997"
"Inactive","Percentage of individuals inactive","All","All","Jan15-Dec15","year","All","25-49","16-64","Female","unknown","30.1","4.7","24000","79800","365"
"Inactive","Percentage of individuals inactive","All","All","Jan15-Dec15","year","All","25-49","16-64","Male","All","7.5","0.2","782800","10416300","42863"
"Inactive","Percentage of individuals inactive","All","All","Jan15-Dec15","year","All","25-49","16-64","Male","Disabled","33.9","1.2","464100","1368400","5906"
"Inactive","Percentage of individuals inactive","All","All","Jan15-Dec15","year","All","25-49","16-64","Male","Non-disabled","3.4","0.2","305500","8992200","36724"
"Inactive","Percentage of individuals inactive","All","All","Jan15-Dec15","year","All","25-49","16-64","Male","unknown","23.8","5.5","13300","55700","233"
"Inactive","Percentage of individuals inactive","All","All","Jan15-Dec15","year","All","50-64","16-64","All","All","28","0.4","3245000","11602300","61432"
"Inactive","Percentage of individuals inactive","All","All","Jan15-Dec15","year","All","50-64","16-64","All","Disabled","54","0.8","1639400","3036000","16586"
"Inactive","Percentage of individuals inactive","All","All","Jan15-Dec15","year","All","50-64","16-64","All","Non-disabled","18.6","0.4","1577500","8482600","44370"
"Inactive","Percentage of individuals inactive","All","All","Jan15-Dec15","year","All","50-64","16-64","All","unknown","33.6","4.2","28100","83700","476"
"Inactive","Percentage of individuals inactive","All","All","Jan15-Dec15","year","All","50-64","16-64","Female","All","33.8","0.5","1994500","5901800","32197"
"Inactive","Percentage of individuals inactive","All","All","Jan15-Dec15","year","All","50-64","16-64","Female","Disabled","57.5","1","951800","1655100","9271"
"Inactive","Percentage of individuals inactive","All","All","Jan15-Dec15","year","All","50-64","16-64","Female","Non-disabled","24.4","0.6","1025100","4201700","22666"
"Inactive","Percentage of individuals inactive","All","All","Jan15-Dec15","year","All","50-64","16-64","Female","unknown","38.9","5.9","17500","45000","260"
"Inactive","Percentage of individuals inactive","All","All","Jan15-Dec15","year","All","50-64","16-64","Male","All","21.9","0.5","1250500","5700500","29235"
"Inactive","Percentage of individuals inactive","All","All","Jan15-Dec15","year","All","50-64","16-64","Male","Disabled","49.8","1.1","687500","1380900","7315"
"Inactive","Percentage of individuals inactive","All","All","Jan15-Dec15","year","All","50-64","16-64","Male","Non-disabled","12.9","0.4","552300","4280900","21704"
"Inactive","Percentage of individuals inactive","All","All","Jan15-Dec15","year","All","50-64","16-64","Male","unknown","27.5","6","10600","38700","216"
"Inactive","Percentage of individuals inactive","All","All","Jan15-Dec15","year","All","All","16-64","All","All","22.2","0.2","8824100","39688400","180642"
"Inactive","Percentage of individuals inactive","All","All","Jan15-Dec15","year","All","All","16-64","All","Disabled","46.6","0.5","3277700","7032100","34341"
"Inactive","Percentage of individuals inactive","All","All","Jan15-Dec15","year","All","All","16-64","All","Non-disabled","16.8","0.2","5450300","32389000","145040"
"Inactive","Percentage of individuals inactive","All","All","Jan15-Dec15","year","All","All","16-64","All","unknown","36","2.6","96200","267300","1261"
"Inactive","Percentage of individuals inactive","All","All","Jan15-Dec15","year","All","All","16-64","Female","All","27.6","0.3","5510900","19989400","94954"
"Inactive","Percentage of individuals inactive","All","All","Jan15-Dec15","year","All","All","16-64","Female","Disabled","49.3","0.7","1924000","3904100","19675"
"Inactive","Percentage of individuals inactive","All","All","Jan15-Dec15","year","All","All","16-64","Female","Non-disabled","22.2","0.3","3530900","15937000","74557"
"Inactive","Percentage of individuals inactive","All","All","Jan15-Dec15","year","All","All","16-64","Female","unknown","37.8","3.5","56000","148300","722"
"Inactive","Percentage of individuals inactive","All","All","Jan15-Dec15","year","All","All","16-64","Male","All","16.8","0.3","3313200","19699000","85688"
"Inactive","Percentage of individuals inactive","All","All","Jan15-Dec15","year","All","All","16-64","Male","Disabled","43.3","0.8","1353700","3128100","14666"
"Inactive","Percentage of individuals inactive","All","All","Jan15-Dec15","year","All","All","16-64","Male","Non-disabled","11.7","0.2","1919300","16451900","70483"
"Inactive","Percentage of individuals inactive","All","All","Jan15-Dec15","year","All","All","16-64","Male","unknown","33.8","4","40200","119000","539"
"Inactive","Percentage of individuals inactive","All","All","Jan15-Dec15","year","East Midlands","All","16-64","All","All","22.5","0.9","654300","2909300","8910"
"Inactive","Percentage of individuals inactive","All","All","Jan15-Dec15","year","East Midlands","All","16-64","All","Disabled","45.8","2.4","244300","533600","1671"
"Inactive","Percentage of individuals inactive","All","All","Jan15-Dec15","year","East Midlands","All","16-64","All","Non-disabled","17.1","0.9","403300","2360000","7187"
"Inactive","Percentage of individuals inactive","All","All","Jan15-Dec15","year","East Midlands","All","16-64","All","unknown","42.4","13.4","6700","15700","52"
"Inactive","Percentage of individuals inactive","All","All","Jan15-Dec15","year","East of England","All","16-64","All","All","19.4","0.7","721300","3720800","11807"
"Inactive","Percentage of individuals inactive","All","All","Jan15-Dec15","year","East of England","All","16-64","All","Disabled","41.9","2.1","260900","622500","2070"
"Inactive","Percentage of individuals inactive","All","All","Jan15-Dec15","year","East of England","All","16-64","All","Non-disabled","14.7","0.7","451500","3075700","9656"
"Inactive","Percentage of individuals inactive","All","All","Jan15-Dec15","year","East of England","All","16-64","All","unknown","39.4","10.6","8900","22700","81"
"Inactive","Percentage of individuals inactive","All","All","Jan15-Dec15","year","London","All","16-64","All","All","22.3","0.6","1310100","5867700","17191"
"Inactive","Percentage of individuals inactive","All","All","Jan15-Dec15","year","London","All","16-64","All","Disabled","45.4","1.9","393700","867000","2727"
"Inactive","Percentage of individuals inactive","All","All","Jan15-Dec15","year","London","All","16-64","All","Non-disabled","18.2","0.6","898800","4944500","14298"
"Inactive","Percentage of individuals inactive","All","All","Jan15-Dec15","year","London","All","16-64","All","unknown","31.2","7","17600","56300","166"
"Inactive","Percentage of individuals inactive","All","All","Jan15-Dec15","year","North East","All","16-64","All","All","24.8","0.8","409200","1647400","11862"
"Inactive","Percentage of individuals inactive","All","All","Jan15-Dec15","year","North East","All","16-64","All","Disabled","52.8","1.9","180000","341100","2545"
"Inactive","Percentage of individuals inactive","All","All","Jan15-Dec15","year","North East","All","16-64","All","Non-disabled","17.3","0.8","224200","1293800","9224"
"Inactive","Percentage of individuals inactive","All","All","Jan15-Dec15","year","North East","All","16-64","All","unknown","40.2","10","5000","12500","93"
"Inactive","Percentage of individuals inactive","All","All","Jan15-Dec15","year","North West","All","16-64","All","All","24.7","0.6","1108100","4488500","22566"
"Inactive","Percentage of individuals inactive","All","All","Jan15-Dec15","year","North West","All","16-64","All","Disabled","51.8","1.4","458600","884500","4730"
"Inactive","Percentage of individuals inactive","All","All","Jan15-Dec15","year","North West","All","16-64","All","Non-disabled","17.8","0.6","638300","3577800","17692"
"Inactive","Percentage of individuals inactive","All","All","Jan15-Dec15","year","North West","All","16-64","All","unknown","42.8","8.1","11200","26200","144"
"Inactive","Percentage of individuals inactive","All","All","Jan15-Dec15","year","Scotland","All","16-64","All","All","22.3","0.5","764000","3424100","23213"
"Inactive","Percentage of individuals inactive","All","All","Jan15-Dec15","year","Scotland","All","16-64","All","Disabled","51.6","1.5","323500","626800","4392"
"Inactive","Percentage of individuals inactive","All","All","Jan15-Dec15","year","Scotland","All","16-64","All","Non-disabled","15.6","0.5","432200","2776200","18678"
"Inactive","Percentage of individuals inactive","All","All","Jan15-Dec15","year","Scotland","All","16-64","All","unknown","39.1","8","8200","21100","143"
"Inactive","Percentage of individuals inactive","All","All","Jan15-Dec15","year","South East","All","16-64","All","All","19.7","0.5","1085300","5499300","21779"
"Inactive","Percentage of individuals inactive","All","All","Jan15-Dec15","year","South East","All","16-64","All","Disabled","39.8","1.6","361900","908100","3613"
"Inactive","Percentage of individuals inactive","All","All","Jan15-Dec15","year","South East","All","16-64","All","Non-disabled","15.7","0.5","714900","4554500","18021"
"Inactive","Percentage of individuals inactive","All","All","Jan15-Dec15","year","South East","All","16-64","All","unknown","23.3","6.9","8500","36700","145"
"Inactive","Percentage of individuals inactive","All","All","Jan15-Dec15","year","South West","All","16-64","All","All","19.4","0.6","639100","3298600","14392"
"Inactive","Percentage of individuals inactive","All","All","Jan15-Dec15","year","South West","All","16-64","All","Disabled","39.6","1.9","230300","580900","2676"
"Inactive","Percentage of individuals inactive","All","All","Jan15-Dec15","year","South West","All","16-64","All","Non-disabled","14.9","0.6","402200","2700900","11634"
"Inactive","Percentage of individuals inactive","All","All","Jan15-Dec15","year","South West","All","16-64","All","unknown","39.7","10.6","6700","16800","82"
"Inactive","Percentage of individuals inactive","All","All","Jan15-Dec15","year","Wales","All","16-64","All","All","25.1","0.6","479300","1906300","20115"
"Inactive","Percentage of individuals inactive","All","All","Jan15-Dec15","year","Wales","All","16-64","All","Disabled","51.8","1.5","209500","404200","4433"
"Inactive","Percentage of individuals inactive","All","All","Jan15-Dec15","year","Wales","All","16-64","All","Non-disabled","17.7","0.6","263900","1488900","15531"
"Inactive","Percentage of individuals inactive","All","All","Jan15-Dec15","year","Wales","All","16-64","All","unknown","44.3","7.9","5900","13200","151"
"Inactive","Percentage of individuals inactive","All","All","Jan15-Dec15","year","West Midlands","All","16-64","All","All","24.9","0.7","885600","3556700","13891"
"Inactive","Percentage of individuals inactive","All","All","Jan15-Dec15","year","West Midlands","All","16-64","All","Disabled","49.5","1.9","309100","624700","2552"
"Inactive","Percentage of individuals inactive","All","All","Jan15-Dec15","year","West Midlands","All","16-64","All","Non-disabled","19.4","0.7","565000","2906600","11237"
"Inactive","Percentage of individuals inactive","All","All","Jan15-Dec15","year","West Midlands","All","16-64","All","unknown","45.1","9.7","11500","25500","102"
"Inactive","Percentage of individuals inactive","All","All","Jan15-Dec15","year","Yorkshire and The Humber","All","16-64","All","All","22.8","0.7","767800","3369500","14916"
"Inactive","Percentage of individuals inactive","All","All","Jan15-Dec15","year","Yorkshire and The Humber","All","16-64","All","Disabled","47.9","1.8","305900","638800","2932"
"Inactive","Percentage of individuals inactive","All","All","Jan15-Dec15","year","Yorkshire and The Humber","All","16-64","All","Non-disabled","16.8","0.7","455900","2710100","11882"
"Inactive","Percentage of individuals inactive","All","All","Jan15-Dec15","year","Yorkshire and The Humber","All","16-64","All","unknown","29.1","8.8","6000","20600","102"
"Inactive","Percentage of individuals inactive","Asian","ONS 2011 5+1","Jan15-Dec15","year","All","16-24","16-64","All","All","56.7","3.3","330700","583500","2099"
"Inactive","Percentage of individuals inactive","Asian","ONS 2011 5+1","Jan15-Dec15","year","All","16-24","16-64","All","Disabled","64.7","13.1","22600","34900","128"
"Inactive","Percentage of individuals inactive","Asian","ONS 2011 5+1","Jan15-Dec15","year","All","16-24","16-64","All","Non-disabled","56.1","3.5","304600","543300","1957"
"Inactive","Percentage of individuals inactive","Asian","ONS 2011 5+1","Jan15-Dec15","year","All","16-24","16-64","All","unknown","!","!","!","!","!"
"Inactive","Percentage of individuals inactive","Asian","ONS 2011 5+1","Jan15-Dec15","year","All","16-24","16-64","Female","All","57.3","4.8","161200","281400","1030"
"Inactive","Percentage of individuals inactive","Asian","ONS 2011 5+1","Jan15-Dec15","year","All","16-24","16-64","Female","Disabled","!","!","!","!","!"
"Inactive","Percentage of individuals inactive","Asian","ONS 2011 5+1","Jan15-Dec15","year","All","16-24","16-64","Female","Non-disabled","57.3","5","149700","261400","957"
"Inactive","Percentage of individuals inactive","Asian","ONS 2011 5+1","Jan15-Dec15","year","All","16-24","16-64","Female","unknown","!","!","!","!","!"
"Inactive","Percentage of individuals inactive","Asian","ONS 2011 5+1","Jan15-Dec15","year","All","16-24","16-64","Male","All","56.1","4.7","169500","302100","1069"
"Inactive","Percentage of individuals inactive","Asian","ONS 2011 5+1","Jan15-Dec15","year","All","16-24","16-64","Male","Disabled","!","!","!","!","!"
"Inactive","Percentage of individuals inactive","Asian","ONS 2011 5+1","Jan15-Dec15","year","All","16-24","16-64","Male","Non-disabled","54.9","4.9","154900","282000","1000"
"Inactive","Percentage of individuals inactive","Asian","ONS 2011 5+1","Jan15-Dec15","year","All","16-24","16-64","Male","unknown","!","!","!","!","!"
"Inactive","Percentage of individuals inactive","Asian","ONS 2011 5+1","Jan15-Dec15","year","All","25-49","16-64","All","All","23.1","1.5","440900","1904900","7436"
"Inactive","Percentage of individuals inactive","Asian","ONS 2011 5+1","Jan15-Dec15","year","All","25-49","16-64","All","Disabled","41.4","4.9","98200","237200","970"
"Inactive","Percentage of individuals inactive","Asian","ONS 2011 5+1","Jan15-Dec15","year","All","25-49","16-64","All","Non-disabled","20.6","1.6","340200","1655200","6417"
"Inactive","Percentage of individuals inactive","Asian","ONS 2011 5+1","Jan15-Dec15","year","All","25-49","16-64","All","unknown","!","!","!","!","!"
"Inactive","Percentage of individuals inactive","Asian","ONS 2011 5+1","Jan15-Dec15","year","All","25-49","16-64","Female","All","38.6","2.4","368700","954700","3996"
"Inactive","Percentage of individuals inactive","Asian","ONS 2011 5+1","Jan15-Dec15","year","All","25-49","16-64","Female","Disabled","57.4","6.4","76000","132300","572"
"Inactive","Percentage of individuals inactive","Asian","ONS 2011 5+1","Jan15-Dec15","year","All","25-49","16-64","Female","Non-disabled","35.6","2.5","290800","816400","3397"
"Inactive","Percentage of individuals inactive","Asian","ONS 2011 5+1","Jan15-Dec15","year","All","25-49","16-64","Female","unknown","!","!","!","!","!"
"Inactive","Percentage of individuals inactive","Asian","ONS 2011 5+1","Jan15-Dec15","year","All","25-49","16-64","Male","All","7.6","1.4","72200","950200","3440"
"Inactive","Percentage of individuals inactive","Asian","ONS 2011 5+1","Jan15-Dec15","year","All","25-49","16-64","Male","Disabled","21.2","6.3","22200","104900","398"
"Inactive","Percentage of individuals inactive","Asian","ONS 2011 5+1","Jan15-Dec15","year","All","25-49","16-64","Male","Non-disabled","5.9","1.3","49300","838800","3020"
"Inactive","Percentage of individuals inactive","Asian","ONS 2011 5+1","Jan15-Dec15","year","All","25-49","16-64","Male","unknown","!","!","!","!","!"
"Inactive","Percentage of individuals inactive","Asian","ONS 2011 5+1","Jan15-Dec15","year","All","50-64","16-64","All","All","35.3","3.2","170400","482400","2156"
"Inactive","Percentage of individuals inactive","Asian","ONS 2011 5+1","Jan15-Dec15","year","All","50-64","16-64","All","Disabled","59.3","5.5","100600","169700","761"
"Inactive","Percentage of individuals inactive","Asian","ONS 2011 5+1","Jan15-Dec15","year","All","50-64","16-64","All","Non-disabled","21.9","3.5","67600","307900","1376"
"Inactive","Percentage of individuals inactive","Asian","ONS 2011 5+1","Jan15-Dec15","year","All","50-64","16-64","All","unknown","!","!","!","!","!"
"Inactive","Percentage of individuals inactive","Asian","ONS 2011 5+1","Jan15-Dec15","year","All","50-64","16-64","Female","All","49.7","4.7","118100","237700","1086"
"Inactive","Percentage of individuals inactive","Asian","ONS 2011 5+1","Jan15-Dec15","year","All","50-64","16-64","Female","Disabled","71.5","6.8","64600","90400","417"
"Inactive","Percentage of individuals inactive","Asian","ONS 2011 5+1","Jan15-Dec15","year","All","50-64","16-64","Female","Non-disabled","35.7","5.8","51800","145300","661"
"Inactive","Percentage of individuals inactive","Asian","ONS 2011 5+1","Jan15-Dec15","year","All","50-64","16-64","Female","unknown","!","!","!","!","!"
"Inactive","Percentage of individuals inactive","Asian","ONS 2011 5+1","Jan15-Dec15","year","All","50-64","16-64","Male","All","21.4","3.9","52300","244700","1070"
"Inactive","Percentage of individuals inactive","Asian","ONS 2011 5+1","Jan15-Dec15","year","All","50-64","16-64","Male","Disabled","45.4","8.3","36000","79300","344"
"Inactive","Percentage of individuals inactive","Asian","ONS 2011 5+1","Jan15-Dec15","year","All","50-64","16-64","Male","Non-disabled","9.7","3.4","15700","162600","715"
"Inactive","Percentage of individuals inactive","Asian","ONS 2011 5+1","Jan15-Dec15","year","All","50-64","16-64","Male","unknown","!","!","!","!","!"
"Inactive","Percentage of individuals inactive","Asian","ONS 2011 5+1","Jan15-Dec15","year","All","All","16-64","All","All","31.7","1.3","942100","2970800","11691"
"Inactive","Percentage of individuals inactive","Asian","ONS 2011 5+1","Jan15-Dec15","year","All","All","16-64","All","Disabled","50.1","3.6","221400","441800","1859"
"Inactive","Percentage of individuals inactive","Asian","ONS 2011 5+1","Jan15-Dec15","year","All","All","16-64","All","Non-disabled","28.4","1.4","712300","2506400","9750"
"Inactive","Percentage of individuals inactive","Asian","ONS 2011 5+1","Jan15-Dec15","year","All","All","16-64","All","unknown","!","!","!","!","!"
"Inactive","Percentage of individuals inactive","Asian","ONS 2011 5+1","Jan15-Dec15","year","All","All","16-64","Female","All","44","2","648100","1473800","6112"
"Inactive","Percentage of individuals inactive","Asian","ONS 2011 5+1","Jan15-Dec15","year","All","All","16-64","Female","Disabled","62.7","4.6","150300","239700","1054"
"Inactive","Percentage of individuals inactive","Asian","ONS 2011 5+1","Jan15-Dec15","year","All","All","16-64","Female","Non-disabled","40.3","2.1","492400","1223000","5015"
"Inactive","Percentage of individuals inactive","Asian","ONS 2011 5+1","Jan15-Dec15","year","All","All","16-64","Female","unknown","!","!","!","!","!"
"Inactive","Percentage of individuals inactive","Asian","ONS 2011 5+1","Jan15-Dec15","year","All","All","16-64","Male","All","19.6","1.6","294000","1497000","5579"
"Inactive","Percentage of individuals inactive","Asian","ONS 2011 5+1","Jan15-Dec15","year","All","All","16-64","Male","Disabled","35.2","5.2","71100","202200","805"
"Inactive","Percentage of individuals inactive","Asian","ONS 2011 5+1","Jan15-Dec15","year","All","All","16-64","Male","Non-disabled","17.1","1.7","219900","1283400","4735"
"Inactive","Percentage of individuals inactive","Asian","ONS 2011 5+1","Jan15-Dec15","year","All","All","16-64","Male","unknown","!","!","!","!","!"
"Inactive","Percentage of individuals inactive","Asian","ONS 2011 5+1","Jan15-Dec15","year","East Midlands","All","16-64","All","All","30.2","5","57000","188800","805"
"Inactive","Percentage of individuals inactive","Asian","ONS 2011 5+1","Jan15-Dec15","year","East Midlands","All","16-64","All","Disabled","50.7","12.9","15800","31200","144"
"Inactive","Percentage of individuals inactive","Asian","ONS 2011 5+1","Jan15-Dec15","year","East Midlands","All","16-64","All","Non-disabled","25.5","5.3","39400","154700","653"
"Inactive","Percentage of individuals inactive","Asian","ONS 2011 5+1","Jan15-Dec15","year","East Midlands","All","16-64","All","unknown","!","!","!","!","!"
"Inactive","Percentage of individuals inactive","Asian","ONS 2011 5+1","Jan15-Dec15","year","East of England","All","16-64","All","All","26","4.7","51100","196500","841"
"Inactive","Percentage of individuals inactive","Asian","ONS 2011 5+1","Jan15-Dec15","year","East of England","All","16-64","All","Disabled","48.4","13.1","11300","23300","140"
"Inactive","Percentage of individuals inactive","Asian","ONS 2011 5+1","Jan15-Dec15","year","East of England","All","16-64","All","Non-disabled","22.7","4.9","38800","170400","690"
"Inactive","Percentage of individuals inactive","Asian","ONS 2011 5+1","Jan15-Dec15","year","East of England","All","16-64","All","unknown","!","!","!","!","!"
"Inactive","Percentage of individuals inactive","Asian","ONS 2011 5+1","Jan15-Dec15","year","London","All","16-64","All","All","27.9","2.5","301100","1078300","3159"
"Inactive","Percentage of individuals inactive","Asian","ONS 2011 5+1","Jan15-Dec15","year","London","All","16-64","All","Disabled","48.3","6.8","77500","160600","514"
"Inactive","Percentage of individuals inactive","Asian","ONS 2011 5+1","Jan15-Dec15","year","London","All","16-64","All","Non-disabled","24.2","2.6","220400","909100","2622"
"Inactive","Percentage of individuals inactive","Asian","ONS 2011 5+1","Jan15-Dec15","year","London","All","16-64","All","unknown","!","!","!","!","!"
"Inactive","Percentage of individuals inactive","Asian","ONS 2011 5+1","Jan15-Dec15","year","North East","All","16-64","All","All","38.7","7.9","20100","52000","367"
"Inactive","Percentage of individuals inactive","Asian","ONS 2011 5+1","Jan15-Dec15","year","North East","All","16-64","All","Disabled","!","!","!","!","!"
"Inactive","Percentage of individuals inactive","Asian","ONS 2011 5+1","Jan15-Dec15","year","North East","All","16-64","All","Non-disabled","36.5","8.4","16700","45800","317"
"Inactive","Percentage of individuals inactive","Asian","ONS 2011 5+1","Jan15-Dec15","year","North East","All","16-64","All","unknown","!","!","!","!","!"
"Inactive","Percentage of individuals inactive","Asian","ONS 2011 5+1","Jan15-Dec15","year","North West","All","16-64","All","All","38.7","3.7","115600","298500","1629"
"Inactive","Percentage of individuals inactive","Asian","ONS 2011 5+1","Jan15-Dec15","year","North West","All","16-64","All","Disabled","59.4","8.9","29700","50000","290"
"Inactive","Percentage of individuals inactive","Asian","ONS 2011 5+1","Jan15-Dec15","year","North West","All","16-64","All","Non-disabled","34.6","4","85600","247500","1332"
"Inactive","Percentage of individuals inactive","Asian","ONS 2011 5+1","Jan15-Dec15","year","North West","All","16-64","All","unknown","!","!","!","!","!"
"Inactive","Percentage of individuals inactive","Asian","ONS 2011 5+1","Jan15-Dec15","year","Scotland","All","16-64","All","All","38.3","7.9","31200","81400","359"
"Inactive","Percentage of individuals inactive","Asian","ONS 2011 5+1","Jan15-Dec15","year","Scotland","All","16-64","All","Disabled","!","!","!","!","!"
"Inactive","Percentage of individuals inactive","Asian","ONS 2011 5+1","Jan15-Dec15","year","Scotland","All","16-64","All","Non-disabled","35.4","8.3","25800","72900","315"
"Inactive","Percentage of individuals inactive","Asian","ONS 2011 5+1","Jan15-Dec15","year","Scotland","All","16-64","All","unknown","!","!","!","!","!"
"Inactive","Percentage of individuals inactive","Asian","ONS 2011 5+1","Jan15-Dec15","year","South East","All","16-64","All","All","25.6","3.4","79100","309500","1554"
"Inactive","Percentage of individuals inactive","Asian","ONS 2011 5+1","Jan15-Dec15","year","South East","All","16-64","All","Disabled","35","9.9","14400","41200","222"
"Inactive","Percentage of individuals inactive","Asian","ONS 2011 5+1","Jan15-Dec15","year","South East","All","16-64","All","Non-disabled","24.3","3.7","64200","264500","1318"
"Inactive","Percentage of individuals inactive","Asian","ONS 2011 5+1","Jan15-Dec15","year","South East","All","16-64","All","unknown","!","!","!","!","!"
"Inactive","Percentage of individuals inactive","Asian","ONS 2011 5+1","Jan15-Dec15","year","South West","All","16-64","All","All","23","6.9","18000","78200","360"
"Inactive","Percentage of individuals inactive","Asian","ONS 2011 5+1","Jan15-Dec15","year","South West","All","16-64","All","Disabled","!","!","!","!","!"
"Inactive","Percentage of individuals inactive","Asian","ONS 2011 5+1","Jan15-Dec15","year","South West","All","16-64","All","Non-disabled","20.8","7.1","14600","70100","317"
"Inactive","Percentage of individuals inactive","Asian","ONS 2011 5+1","Jan15-Dec15","year","South West","All","16-64","All","unknown","!","!","!","!","!"
"Inactive","Percentage of individuals inactive","Asian","ONS 2011 5+1","Jan15-Dec15","year","Wales","All","16-64","All","All","35.2","7.8","16700","47500","364"
"Inactive","Percentage of individuals inactive","Asian","ONS 2011 5+1","Jan15-Dec15","year","Wales","All","16-64","All","Disabled","!","!","!","!","!"
"Inactive","Percentage of individuals inactive","Asian","ONS 2011 5+1","Jan15-Dec15","year","Wales","All","16-64","All","Non-disabled","34.5","8.2","14500","42000","325"
"Inactive","Percentage of individuals inactive","Asian","ONS 2011 5+1","Jan15-Dec15","year","Wales","All","16-64","All","unknown","!","!","!","!","!"
"Inactive","Percentage of individuals inactive","Asian","ONS 2011 5+1","Jan15-Dec15","year","West Midlands","All","16-64","All","All","39.1","4","160100","409500","1440"
"Inactive","Percentage of individuals inactive","Asian","ONS 2011 5+1","Jan15-Dec15","year","West Midlands","All","16-64","All","Disabled","52.5","10.2","33800","64400","231"
"Inactive","Percentage of individuals inactive","Asian","ONS 2011 5+1","Jan15-Dec15","year","West Midlands","All","16-64","All","Non-disabled","36.5","4.3","125200","343500","1204"
"Inactive","Percentage of individuals inactive","Asian","ONS 2011 5+1","Jan15-Dec15","year","West Midlands","All","16-64","All","unknown","!","!","!","!","!"
"Inactive","Percentage of individuals inactive","Asian","ONS 2011 5+1","Jan15-Dec15","year","Yorkshire and The Humber","All","16-64","All","All","39.9","5.3","92000","230600","813"
"Inactive","Percentage of individuals inactive","Asian","ONS 2011 5+1","Jan15-Dec15","year","Yorkshire and The Humber","All","16-64","All","Disabled","56.7","12.4","24800","43800","152"
"Inactive","Percentage of individuals inactive","Asian","ONS 2011 5+1","Jan15-Dec15","year","Yorkshire and The Humber","All","16-64","All","Non-disabled","36.1","5.8","67200","185900","657"
"Inactive","Percentage of individuals inactive","Asian","ONS 2011 5+1","Jan15-Dec15","year","Yorkshire and The Humber","All","16-64","All","unknown","!","!","!","!","!"
"Inactive","Percentage of individuals inactive","Black","ONS 2011 5+1","Jan15-Dec15","year","All","16-24","16-64","All","All","55.6","5","159600","287100","939"
"Inactive","Percentage of individuals inactive","Black","ONS 2011 5+1","Jan15-Dec15","year","All","16-24","16-64","All","Disabled","!","!","!","!","!"
"Inactive","Percentage of individuals inactive","Black","ONS 2011 5+1","Jan15-Dec15","year","All","16-24","16-64","All","Non-disabled","54.2","5.2","143100","264000","866"
"Inactive","Percentage of individuals inactive","Black","ONS 2011 5+1","Jan15-Dec15","year","All","16-24","16-64","All","unknown","!","!","!","!","!"
"Inactive","Percentage of individuals inactive","Black","ONS 2011 5+1","Jan15-Dec15","year","All","16-24","16-64","Female","All","54.6","7","83400","152600","485"
"Inactive","Percentage of individuals inactive","Black","ONS 2011 5+1","Jan15-Dec15","year","All","16-24","16-64","Female","Disabled","!","!","!","!","!"
"Inactive","Percentage of individuals inactive","Black","ONS 2011 5+1","Jan15-Dec15","year","All","16-24","16-64","Female","Non-disabled","53","7.3","73600","138900","446"
"Inactive","Percentage of individuals inactive","Black","ONS 2011 5+1","Jan15-Dec15","year","All","16-24","16-64","Female","unknown","!","!","!","!","!"
"Inactive","Percentage of individuals inactive","Black","ONS 2011 5+1","Jan15-Dec15","year","All","16-24","16-64","Male","All","56.7","7.2","76300","134500","454"
"Inactive","Percentage of individuals inactive","Black","ONS 2011 5+1","Jan15-Dec15","year","All","16-24","16-64","Male","Disabled","!","!","!","!","!"
"Inactive","Percentage of individuals inactive","Black","ONS 2011 5+1","Jan15-Dec15","year","All","16-24","16-64","Male","Non-disabled","55.5","7.5","69500","125200","420"
"Inactive","Percentage of individuals inactive","Black","ONS 2011 5+1","Jan15-Dec15","year","All","16-24","16-64","Male","unknown","!","!","!","!","!"
"Inactive","Percentage of individuals inactive","Black","ONS 2011 5+1","Jan15-Dec15","year","All","25-49","16-64","All","All","17.2","2.2","132900","773800","2734"
"Inactive","Percentage of individuals inactive","Black","ONS 2011 5+1","Jan15-Dec15","year","All","25-49","16-64","All","Disabled","35.9","7.9","36100","100500","352"
"Inactive","Percentage of individuals inactive","Black","ONS 2011 5+1","Jan15-Dec15","year","All","25-49","16-64","All","Non-disabled","14.3","2.2","95100","666600","2358"
"Inactive","Percentage of individuals inactive","Black","ONS 2011 5+1","Jan15-Dec15","year","All","25-49","16-64","All","unknown","!","!","!","!","!"
"Inactive","Percentage of individuals inactive","Black","ONS 2011 5+1","Jan15-Dec15","year","All","25-49","16-64","Female","All","22.8","3.2","99900","439100","1615"
"Inactive","Percentage of individuals inactive","Black","ONS 2011 5+1","Jan15-Dec15","year","All","25-49","16-64","Female","Disabled","37.5","9.9","23700","63200","231"
"Inactive","Percentage of individuals inactive","Black","ONS 2011 5+1","Jan15-Dec15","year","All","25-49","16-64","Female","Non-disabled","20.2","3.4","74700","370100","1364"
"Inactive","Percentage of individuals inactive","Black","ONS 2011 5+1","Jan15-Dec15","year","All","25-49","16-64","Female","unknown","!","!","!","!","!"
"Inactive","Percentage of individuals inactive","Black","ONS 2011 5+1","Jan15-Dec15","year","All","25-49","16-64","Male","All","9.8","2.8","33000","334700","1119"
"Inactive","Percentage of individuals inactive","Black","ONS 2011 5+1","Jan15-Dec15","year","All","25-49","16-64","Male","Disabled","33.3","13.3","12400","37300","121"
"Inactive","Percentage of individuals inactive","Black","ONS 2011 5+1","Jan15-Dec15","year","All","25-49","16-64","Male","Non-disabled","6.9","2.5","20400","296600","994"
"Inactive","Percentage of individuals inactive","Black","ONS 2011 5+1","Jan15-Dec15","year","All","25-49","16-64","Male","unknown","!","!","!","!","!"
"Inactive","Percentage of individuals inactive","Black","ONS 2011 5+1","Jan15-Dec15","year","All","50-64","16-64","All","All","20.7","3.9","54100","262000","1039"
"Inactive","Percentage of individuals inactive","Black","ONS 2011 5+1","Jan15-Dec15","year","All","50-64","16-64","All","Disabled","47.6","9.4","32300","67900","272"
"Inactive","Percentage of individuals inactive","Black","ONS 2011 5+1","Jan15-Dec15","year","All","50-64","16-64","All","Non-disabled","11.1","3.5","21400","191700","759"
"Inactive","Percentage of individuals inactive","Black","ONS 2011 5+1","Jan15-Dec15","year","All","50-64","16-64","All","unknown","!","!","!","!","!"
"Inactive","Percentage of individuals inactive","Black","ONS 2011 5+1","Jan15-Dec15","year","All","50-64","16-64","Female","All","23.9","5.4","35000","146200","593"
"Inactive","Percentage of individuals inactive","Black","ONS 2011 5+1","Jan15-Dec15","year","All","50-64","16-64","Female","Disabled","45.5","11.6","19700","43300","176"
"Inactive","Percentage of individuals inactive","Black","ONS 2011 5+1","Jan15-Dec15","year","All","50-64","16-64","Female","Non-disabled","14.6","5.4","14800","101200","411"
"Inactive","Percentage of individuals inactive","Black","ONS 2011 5+1","Jan15-Dec15","year","All","50-64","16-64","Female","unknown","!","!","!","!","!"
"Inactive","Percentage of individuals inactive","Black","ONS 2011 5+1","Jan15-Dec15","year","All","50-64","16-64","Male","All","16.5","5.4","19200","115800","446"
"Inactive","Percentage of individuals inactive","Black","ONS 2011 5+1","Jan15-Dec15","year","All","50-64","16-64","Male","Disabled","!","!","!","!","!"
"Inactive","Percentage of individuals inactive","Black","ONS 2011 5+1","Jan15-Dec15","year","All","50-64","16-64","Male","Non-disabled","7.2","4.3","6500","90500","348"
"Inactive","Percentage of individuals inactive","Black","ONS 2011 5+1","Jan15-Dec15","year","All","50-64","16-64","Male","unknown","!","!","!","!","!"
"Inactive","Percentage of individuals inactive","Black","ONS 2011 5+1","Jan15-Dec15","year","All","All","16-64","All","All","26.2","2","346700","1322900","4712"
"Inactive","Percentage of individuals inactive","Black","ONS 2011 5+1","Jan15-Dec15","year","All","All","16-64","All","Disabled","44.2","5.9","83300","188700","688"
"Inactive","Percentage of individuals inactive","Black","ONS 2011 5+1","Jan15-Dec15","year","All","All","16-64","All","Non-disabled","23.1","2.1","259500","1122400","3983"
"Inactive","Percentage of individuals inactive","Black","ONS 2011 5+1","Jan15-Dec15","year","All","All","16-64","All","unknown","!","!","!","!","!"
"Inactive","Percentage of individuals inactive","Black","ONS 2011 5+1","Jan15-Dec15","year","All","All","16-64","Female","All","29.6","2.7","218300","737900","2693"
"Inactive","Percentage of individuals inactive","Black","ONS 2011 5+1","Jan15-Dec15","year","All","All","16-64","Female","Disabled","43.8","7.3","51900","118500","441"
"Inactive","Percentage of individuals inactive","Black","ONS 2011 5+1","Jan15-Dec15","year","All","All","16-64","Female","Non-disabled","26.7","2.9","163100","610200","2221"
"Inactive","Percentage of individuals inactive","Black","ONS 2011 5+1","Jan15-Dec15","year","All","All","16-64","Female","unknown","!","!","!","!","!"
"Inactive","Percentage of individuals inactive","Black","ONS 2011 5+1","Jan15-Dec15","year","All","All","16-64","Male","All","21.9","2.9","128400","585000","2019"
"Inactive","Percentage of individuals inactive","Black","ONS 2011 5+1","Jan15-Dec15","year","All","All","16-64","Male","Disabled","44.7","9.8","31400","70300","247"
"Inactive","Percentage of individuals inactive","Black","ONS 2011 5+1","Jan15-Dec15","year","All","All","16-64","Male","Non-disabled","18.8","2.9","96400","512200","1762"
"Inactive","Percentage of individuals inactive","Black","ONS 2011 5+1","Jan15-Dec15","year","All","All","16-64","Male","unknown","!","!","!","!","!"
"Inactive","Percentage of individuals inactive","Black","ONS 2011 5+1","Jan15-Dec15","year","East Midlands","All","16-64","All","All","29.5","8.5","19300","65300","277"
"Inactive","Percentage of individuals inactive","Black","ONS 2011 5+1","Jan15-Dec15","year","East Midlands","All","16-64","All","Disabled","!","!","!","!","!"
"Inactive","Percentage of individuals inactive","Black","ONS 2011 5+1","Jan15-Dec15","year","East Midlands","All","16-64","All","Non-disabled","27.1","8.9","15400","56800","237"
"Inactive","Percentage of individuals inactive","Black","ONS 2011 5+1","Jan15-Dec15","year","East Midlands","All","16-64","All","unknown","!","!","!","!","!"
"Inactive","Percentage of individuals inactive","Black","ONS 2011 5+1","Jan15-Dec15","year","East of England","All","16-64","All","All","28.4","7.5","21000","73900","349"
"Inactive","Percentage of individuals inactive","Black","ONS 2011 5+1","Jan15-Dec15","year","East of England","All","16-64","All","Disabled","!","!","!","!","!"
"Inactive","Percentage of individuals inactive","Black","ONS 2011 5+1","Jan15-Dec15","year","East of England","All","16-64","All","Non-disabled","27.1","8.1","16500","60900","291"
"Inactive","Percentage of individuals inactive","Black","ONS 2011 5+1","Jan15-Dec15","year","East of England","All","16-64","All","unknown","!","!","!","!","!"
"Inactive","Percentage of individuals inactive","Black","ONS 2011 5+1","Jan15-Dec15","year","London","All","16-64","All","All","25.5","2.9","191300","749000","2196"
"Inactive","Percentage of individuals inactive","Black","ONS 2011 5+1","Jan15-Dec15","year","London","All","16-64","All","Disabled","43.3","8.4","47700","110100","337"
"Inactive","Percentage of individuals inactive","Black","ONS 2011 5+1","Jan15-Dec15","year","London","All","16-64","All","Non-disabled","22.4","3","141400","631400","1838"
"Inactive","Percentage of individuals inactive","Black","ONS 2011 5+1","Jan15-Dec15","year","London","All","16-64","All","unknown","!","!","!","!","!"
"Inactive","Percentage of individuals inactive","Black","ONS 2011 5+1","Jan15-Dec15","year","North East","All","16-64","All","All","!","!","!","!","!"
"Inactive","Percentage of individuals inactive","Black","ONS 2011 5+1","Jan15-Dec15","year","North East","All","16-64","All","Disabled","!","!","!","!","!"
"Inactive","Percentage of individuals inactive","Black","ONS 2011 5+1","Jan15-Dec15","year","North East","All","16-64","All","Non-disabled","!","!","!","!","!"
"Inactive","Percentage of individuals inactive","Black","ONS 2011 5+1","Jan15-Dec15","year","North East","All","16-64","All","unknown","!","!","!","!","!"
"Inactive","Percentage of individuals inactive","Black","ONS 2011 5+1","Jan15-Dec15","year","North West","All","16-64","All","All","28.5","6.9","25100","88100","409"
"Inactive","Percentage of individuals inactive","Black","ONS 2011 5+1","Jan15-Dec15","year","North West","All","16-64","All","Disabled","!","!","!","!","!"
"Inactive","Percentage of individuals inactive","Black","ONS 2011 5+1","Jan15-Dec15","year","North West","All","16-64","All","Non-disabled","25","7.1","19000","76200","356"
"Inactive","Percentage of individuals inactive","Black","ONS 2011 5+1","Jan15-Dec15","year","North West","All","16-64","All","unknown","!","!","!","!","!"
"Inactive","Percentage of individuals inactive","Black","ONS 2011 5+1","Jan15-Dec15","year","Scotland","All","16-64","All","All","32.6","13.8","8800","26900","110"
"Inactive","Percentage of individuals inactive","Black","ONS 2011 5+1","Jan15-Dec15","year","Scotland","All","16-64","All","Disabled","!","!","!","!","!"
"Inactive","Percentage of individuals inactive","Black","ONS 2011 5+1","Jan15-Dec15","year","Scotland","All","16-64","All","Non-disabled","29.7","14.2","7300","24500","100"
"Inactive","Percentage of individuals inactive","Black","ONS 2011 5+1","Jan15-Dec15","year","Scotland","All","16-64","All","unknown","!","!","!","!","!"
"Inactive","Percentage of individuals inactive","Black","ONS 2011 5+1","Jan15-Dec15","year","South East","All","16-64","All","All","20.7","5.9","19400","93500","457"
"Inactive","Percentage of individuals inactive","Black","ONS 2011 5+1","Jan15-Dec15","year","South East","All","16-64","All","Disabled","!","!","!","!","!"
"Inactive","Percentage of individuals inactive","Black","ONS 2011 5+1","Jan15-Dec15","year","South East","All","16-64","All","Non-disabled","17.9","6","14800","82200","395"
"Inactive","Percentage of individuals inactive","Black","ONS 2011 5+1","Jan15-Dec15","year","South East","All","16-64","All","unknown","!","!","!","!","!"
"Inactive","Percentage of individuals inactive","Black","ONS 2011 5+1","Jan15-Dec15","year","South West","All","16-64","All","All","26.7","11.1","9200","34500","151"
"Inactive","Percentage of individuals inactive","Black","ONS 2011 5+1","Jan15-Dec15","year","South West","All","16-64","All","Disabled","!","!","!","!","!"
"Inactive","Percentage of individuals inactive","Black","ONS 2011 5+1","Jan15-Dec15","year","South West","All","16-64","All","Non-disabled","24.4","11.9","7100","29000","124"
"Inactive","Percentage of individuals inactive","Black","ONS 2011 5+1","Jan15-Dec15","year","South West","All","16-64","All","unknown","!","!","!","!","!"
"Inactive","Percentage of individuals inactive","Black","ONS 2011 5+1","Jan15-Dec15","year","Wales","All","16-64","All","All","!","!","!","!","!"
"Inactive","Percentage of individuals inactive","Black","ONS 2011 5+1","Jan15-Dec15","year","Wales","All","16-64","All","Disabled","!","!","!","!","!"
"Inactive","Percentage of individuals inactive","Black","ONS 2011 5+1","Jan15-Dec15","year","Wales","All","16-64","All","Non-disabled","!","!","!","!","!"
"Inactive","Percentage of individuals inactive","Black","ONS 2011 5+1","Jan15-Dec15","year","Wales","All","16-64","All","unknown","!","!","!","!","!"
"Inactive","Percentage of individuals inactive","Black","ONS 2011 5+1","Jan15-Dec15","year","West Midlands","All","16-64","All","All","29.4","7.1","32400","110300","390"
"Inactive","Percentage of individuals inactive","Black","ONS 2011 5+1","Jan15-Dec15","year","West Midlands","All","16-64","All","Disabled","!","!","!","!","!"
"Inactive","Percentage of individuals inactive","Black","ONS 2011 5+1","Jan15-Dec15","year","West Midlands","All","16-64","All","Non-disabled","26","7.5","24100","92700","331"
"Inactive","Percentage of individuals inactive","Black","ONS 2011 5+1","Jan15-Dec15","year","West Midlands","All","16-64","All","unknown","!","!","!","!","!"
"Inactive","Percentage of individuals inactive","Black","ONS 2011 5+1","Jan15-Dec15","year","Yorkshire and The Humber","All","16-64","All","All","22.9","9.1","13500","58700","204"
"Inactive","Percentage of individuals inactive","Black","ONS 2011 5+1","Jan15-Dec15","year","Yorkshire and The Humber","All","16-64","All","Disabled","!","!","!","!","!"
"Inactive","Percentage of individuals inactive","Black","ONS 2011 5+1","Jan15-Dec15","year","Yorkshire and The Humber","All","16-64","All","Non-disabled","18.6","9.1","9300","50200","175"
"Inactive","Percentage of individuals inactive","Black","ONS 2011 5+1","Jan15-Dec15","year","Yorkshire and The Humber","All","16-64","All","unknown","!","!","!","!","!"
"Inactive","Percentage of individuals inactive","Indian","Detailed","Jan15-Dec15","year","All","16-24","16-64","All","All","54.1","6.2","92300","170600","621"
"Inactive","Percentage of individuals inactive","Indian","Detailed","Jan15-Dec15","year","All","16-24","16-64","All","Disabled","!","!","!","!","!"
"Inactive","Percentage of individuals inactive","Indian","Detailed","Jan15-Dec15","year","All","16-24","16-64","All","Non-disabled","53.6","6.4","86200","160800","585"
"Inactive","Percentage of individuals inactive","Indian","Detailed","Jan15-Dec15","year","All","16-24","16-64","All","unknown","!","!","!","!","!"
"Inactive","Percentage of individuals inactive","Indian","Detailed","Jan15-Dec15","year","All","16-24","16-64","Female","All","57.9","8.9","46100","79700","297"
"Inactive","Percentage of individuals inactive","Indian","Detailed","Jan15-Dec15","year","All","16-24","16-64","Female","Disabled","!","!","!","!","!"
"Inactive","Percentage of individuals inactive","Indian","Detailed","Jan15-Dec15","year","All","16-24","16-64","Female","Non-disabled","57.6","9.2","43300","75200","279"
"Inactive","Percentage of individuals inactive","Indian","Detailed","Jan15-Dec15","year","All","16-24","16-64","Female","unknown","!","!","!","!","!"
"Inactive","Percentage of individuals inactive","Indian","Detailed","Jan15-Dec15","year","All","16-24","16-64","Male","All","50.8","8.6","46100","90900","324"
"Inactive","Percentage of individuals inactive","Indian","Detailed","Jan15-Dec15","year","All","16-24","16-64","Male","Disabled","!","!","!","!","!"
"Inactive","Percentage of individuals inactive","Indian","Detailed","Jan15-Dec15","year","All","16-24","16-64","Male","Non-disabled","50.1","8.9","42900","85600","306"
"Inactive","Percentage of individuals inactive","Indian","Detailed","Jan15-Dec15","year","All","16-24","16-64","Male","unknown","!","!","!","!","!"
"Inactive","Percentage of individuals inactive","Indian","Detailed","Jan15-Dec15","year","All","25-49","16-64","All","All","14.7","2.1","106900","729000","2825"
"Inactive","Percentage of individuals inactive","Indian","Detailed","Jan15-Dec15","year","All","25-49","16-64","All","Disabled","32","8.4","22400","69900","294"
"Inactive","Percentage of individuals inactive","Indian","Detailed","Jan15-Dec15","year","All","25-49","16-64","All","Non-disabled","12.8","2.1","83800","654700","2513"
"Inactive","Percentage of individuals inactive","Indian","Detailed","Jan15-Dec15","year","All","25-49","16-64","All","unknown","!","!","!","!","!"
"Inactive","Percentage of individuals inactive","Indian","Detailed","Jan15-Dec15","year","All","25-49","16-64","Female","All","24.9","3.5","87200","350100","1466"
"Inactive","Percentage of individuals inactive","Indian","Detailed","Jan15-Dec15","year","All","25-49","16-64","Female","Disabled","40.1","11.4","15800","39400","178"
"Inactive","Percentage of individuals inactive","Indian","Detailed","Jan15-Dec15","year","All","25-49","16-64","Female","Non-disabled","23","3.6","70800","308100","1277"
"Inactive","Percentage of individuals inactive","Indian","Detailed","Jan15-Dec15","year","All","25-49","16-64","Female","unknown","!","!","!","!","!"
"Inactive","Percentage of individuals inactive","Indian","Detailed","Jan15-Dec15","year","All","25-49","16-64","Male","All","5.2","1.9","19700","378800","1359"
"Inactive","Percentage of individuals inactive","Indian","Detailed","Jan15-Dec15","year","All","25-49","16-64","Male","Disabled","21.5","11.8","6600","30500","116"
"Inactive","Percentage of individuals inactive","Indian","Detailed","Jan15-Dec15","year","All","25-49","16-64","Male","Non-disabled","3.7","1.7","12900","346500","1236"
"Inactive","Percentage of individuals inactive","Indian","Detailed","Jan15-Dec15","year","All","25-49","16-64","Male","unknown","!","!","!","!","!"
"Inactive","Percentage of individuals inactive","Indian","Detailed","Jan15-Dec15","year","All","50-64","16-64","All","All","29.8","4.5","66100","221800","1004"
"Inactive","Percentage of individuals inactive","Indian","Detailed","Jan15-Dec15","year","All","50-64","16-64","All","Disabled","54.2","8.8","38000","70100","307"
"Inactive","Percentage of individuals inactive","Indian","Detailed","Jan15-Dec15","year","All","50-64","16-64","All","Non-disabled","18.2","4.5","27200","150000","692"
"Inactive","Percentage of individuals inactive","Indian","Detailed","Jan15-Dec15","year","All","50-64","16-64","All","unknown","!","!","!","!","!"
"Inactive","Percentage of individuals inactive","Indian","Detailed","Jan15-Dec15","year","All","50-64","16-64","Female","All","41.2","6.8","45000","109500","500"
"Inactive","Percentage of individuals inactive","Indian","Detailed","Jan15-Dec15","year","All","50-64","16-64","Female","Disabled","65.5","11.2","24400","37300","172"
"Inactive","Percentage of individuals inactive","Indian","Detailed","Jan15-Dec15","year","All","50-64","16-64","Female","Non-disabled","28","7.7","20000","71300","325"
"Inactive","Percentage of individuals inactive","Indian","Detailed","Jan15-Dec15","year","All","50-64","16-64","Female","unknown","!","!","!","!","!"
"Inactive","Percentage of individuals inactive","Indian","Detailed","Jan15-Dec15","year","All","50-64","16-64","Male","All","18.8","5.4","21100","112300","504"
"Inactive","Percentage of individuals inactive","Indian","Detailed","Jan15-Dec15","year","All","50-64","16-64","Male","Disabled","41.5","13.1","13600","32900","135"
"Inactive","Percentage of individuals inactive","Indian","Detailed","Jan15-Dec15","year","All","50-64","16-64","Male","Non-disabled","9.2","4.7","7300","78700","367"
"Inactive","Percentage of individuals inactive","Indian","Detailed","Jan15-Dec15","year","All","50-64","16-64","Male","unknown","!","!","!","!","!"
"Inactive","Percentage of individuals inactive","Indian","Detailed","Jan15-Dec15","year","All","All","16-64","All","All","23.7","2","265300","1121300","4450"
"Inactive","Percentage of individuals inactive","Indian","Detailed","Jan15-Dec15","year","All","All","16-64","All","Disabled","43.9","6.1","64800","147800","632"
"Inactive","Percentage of individuals inactive","Indian","Detailed","Jan15-Dec15","year","All","All","16-64","All","Non-disabled","20.4","2","197200","965400","3790"
"Inactive","Percentage of individuals inactive","Indian","Detailed","Jan15-Dec15","year","All","All","16-64","All","unknown","!","!","!","!","!"
"Inactive","Percentage of individuals inactive","Indian","Detailed","Jan15-Dec15","year","All","All","16-64","Female","All","33.1","3.1","178400","539300","2263"
"Inactive","Percentage of individuals inactive","Indian","Detailed","Jan15-Dec15","year","All","All","16-64","Female","Disabled","52.6","8.1","42300","80400","366"
"Inactive","Percentage of individuals inactive","Indian","Detailed","Jan15-Dec15","year","All","All","16-64","Female","Non-disabled","29.5","3.3","134100","454600","1881"
"Inactive","Percentage of individuals inactive","Indian","Detailed","Jan15-Dec15","year","All","All","16-64","Female","unknown","!","!","!","!","!"
"Inactive","Percentage of individuals inactive","Indian","Detailed","Jan15-Dec15","year","All","All","16-64","Male","All","14.9","2.4","86900","582100","2187"
"Inactive","Percentage of individuals inactive","Indian","Detailed","Jan15-Dec15","year","All","All","16-64","Male","Disabled","33.4","9","22500","67400","266"
"Inactive","Percentage of individuals inactive","Indian","Detailed","Jan15-Dec15","year","All","All","16-64","Male","Non-disabled","12.3","2.3","63100","510800","1909"
"Inactive","Percentage of individuals inactive","Indian","Detailed","Jan15-Dec15","year","All","All","16-64","Male","unknown","!","!","!","!","!"
"Inactive","Percentage of individuals inactive","Indian","Detailed","Jan15-Dec15","year","East Midlands","All","16-64","All","All","27.2","6.1","32300","118900","509"
"Inactive","Percentage of individuals inactive","Indian","Detailed","Jan15-Dec15","year","East Midlands","All","16-64","All","Disabled","!","!","!","!","!"
"Inactive","Percentage of individuals inactive","Indian","Detailed","Jan15-Dec15","year","East Midlands","All","16-64","All","Non-disabled","21.6","6.3","21000","97300","415"
"Inactive","Percentage of individuals inactive","Indian","Detailed","Jan15-Dec15","year","East Midlands","All","16-64","All","unknown","!","!","!","!","!"
"Inactive","Percentage of individuals inactive","Indian","Detailed","Jan15-Dec15","year","East of England","All","16-64","All","All","14.5","6.9","10400","71300","250"
"Inactive","Percentage of individuals inactive","Indian","Detailed","Jan15-Dec15","year","East of England","All","16-64","All","Disabled","!","!","!","!","!"
"Inactive","Percentage of individuals inactive","Indian","Detailed","Jan15-Dec15","year","East of England","All","16-64","All","Non-disabled","12.6","7.1","8000","63500","211"
"Inactive","Percentage of individuals inactive","Indian","Detailed","Jan15-Dec15","year","East of England","All","16-64","All","unknown","!","!","!","!","!"
"Inactive","Percentage of individuals inactive","Indian","Detailed","Jan15-Dec15","year","London","All","16-64","All","All","21.3","3.6","93300","437400","1276"
"Inactive","Percentage of individuals inactive","Indian","Detailed","Jan15-Dec15","year","London","All","16-64","All","Disabled","43.1","11.4","24000","55600","181"
"Inactive","Percentage of individuals inactive","Indian","Detailed","Jan15-Dec15","year","London","All","16-64","All","Non-disabled","18.1","3.6","68500","379100","1086"
"Inactive","Percentage of individuals inactive","Indian","Detailed","Jan15-Dec15","year","London","All","16-64","All","unknown","!","!","!","!","!"
"Inactive","Percentage of individuals inactive","Indian","Detailed","Jan15-Dec15","year","North East","All","16-64","All","All","!","!","!","!","!"
"Inactive","Percentage of individuals inactive","Indian","Detailed","Jan15-Dec15","year","North East","All","16-64","All","Disabled","!","!","!","!","!"
"Inactive","Percentage of individuals inactive","Indian","Detailed","Jan15-Dec15","year","North East","All","16-64","All","Non-disabled","!","!","!","!","!"
"Inactive","Percentage of individuals inactive","Indian","Detailed","Jan15-Dec15","year","North East","All","16-64","All","unknown","!","!","!","!","!"
"Inactive","Percentage of individuals inactive","Indian","Detailed","Jan15-Dec15","year","North West","All","16-64","All","All","33.4","6.8","26600","79600","467"
"Inactive","Percentage of individuals inactive","Indian","Detailed","Jan15-Dec15","year","North West","All","16-64","All","Disabled","!","!","!","!","!"
"Inactive","Percentage of individuals inactive","Indian","Detailed","Jan15-Dec15","year","North West","All","16-64","All","Non-disabled","30.9","7.2","21000","68000","392"
"Inactive","Percentage of individuals inactive","Indian","Detailed","Jan15-Dec15","year","North West","All","16-64","All","unknown","!","!","!","!","!"
"Inactive","Percentage of individuals inactive","Indian","Detailed","Jan15-Dec15","year","Scotland","All","16-64","All","All","18.3","10.9","4600","24900","120"
"Inactive","Percentage of individuals inactive","Indian","Detailed","Jan15-Dec15","year","Scotland","All","16-64","All","Disabled","!","!","!","!","!"
"Inactive","Percentage of individuals inactive","Indian","Detailed","Jan15-Dec15","year","Scotland","All","16-64","All","Non-disabled","13","10","3000","22800","109"
"Inactive","Percentage of individuals inactive","Indian","Detailed","Jan15-Dec15","year","Scotland","All","16-64","All","unknown","!","!","!","!","!"
"Inactive","Percentage of individuals inactive","Indian","Detailed","Jan15-Dec15","year","South East","All","16-64","All","All","19.3","4.8","22800","118200","643"
"Inactive","Percentage of individuals inactive","Indian","Detailed","Jan15-Dec15","year","South East","All","16-64","All","Disabled","!","!","!","!","!"
"Inactive","Percentage of individuals inactive","Indian","Detailed","Jan15-Dec15","year","South East","All","16-64","All","Non-disabled","16.6","4.9","17100","102700","559"
"Inactive","Percentage of individuals inactive","Indian","Detailed","Jan15-Dec15","year","South East","All","16-64","All","unknown","!","!","!","!","!"
"Inactive","Percentage of individuals inactive","Indian","Detailed","Jan15-Dec15","year","South West","All","16-64","All","All","13.9","8.6","4700","33600","155"
"Inactive","Percentage of individuals inactive","Indian","Detailed","Jan15-Dec15","year","South West","All","16-64","All","Disabled","!","!","!","!","!"
"Inactive","Percentage of individuals inactive","Indian","Detailed","Jan15-Dec15","year","South West","All","16-64","All","Non-disabled","12.6","8.6","3900","30700","141"
"Inactive","Percentage of individuals inactive","Indian","Detailed","Jan15-Dec15","year","South West","All","16-64","All","unknown","!","!","!","!","!"
"Inactive","Percentage of individuals inactive","Indian","Detailed","Jan15-Dec15","year","Wales","All","16-64","All","All","!","!","!","!","!"
"Inactive","Percentage of individuals inactive","Indian","Detailed","Jan15-Dec15","year","Wales","All","16-64","All","Disabled","!","!","!","!","!"
"Inactive","Percentage of individuals inactive","Indian","Detailed","Jan15-Dec15","year","Wales","All","16-64","All","Non-disabled","!","!","!","!","!"
"Inactive","Percentage of individuals inactive","Indian","Detailed","Jan15-Dec15","year","Wales","All","16-64","All","unknown","!","!","!","!","!"
"Inactive","Percentage of individuals inactive","Indian","Detailed","Jan15-Dec15","year","West Midlands","All","16-64","All","All","30.7","5.5","51400","167600","685"
"Inactive","Percentage of individuals inactive","Indian","Detailed","Jan15-Dec15","year","West Midlands","All","16-64","All","Disabled","48.1","15.3","12000","25000","102"
"Inactive","Percentage of individuals inactive","Indian","Detailed","Jan15-Dec15","year","West Midlands","All","16-64","All","Non-disabled","27.5","5.7","38900","141600","580"
"Inactive","Percentage of individuals inactive","Indian","Detailed","Jan15-Dec15","year","West Midlands","All","16-64","All","unknown","!","!","!","!","!"
"Inactive","Percentage of individuals inactive","Indian","Detailed","Jan15-Dec15","year","Yorkshire and The Humber","All","16-64","All","All","28","11","12800","45600","161"
"Inactive","Percentage of individuals inactive","Indian","Detailed","Jan15-Dec15","year","Yorkshire and The Humber","All","16-64","All","Disabled","!","!","!","!","!"
"Inactive","Percentage of individuals inactive","Indian","Detailed","Jan15-Dec15","year","Yorkshire and The Humber","All","16-64","All","Non-disabled","26.4","11.8","10100","38200","135"
"Inactive","Percentage of individuals inactive","Indian","Detailed","Jan15-Dec15","year","Yorkshire and The Humber","All","16-64","All","unknown","!","!","!","!","!"
"Inactive","Percentage of individuals inactive","Mixed","ONS 2011 5+1","Jan15-Dec15","year","All","16-24","16-64","All","All","46","6.4","78400","170400","579"
"Inactive","Percentage of individuals inactive","Mixed","ONS 2011 5+1","Jan15-Dec15","year","All","16-24","16-64","All","Disabled","!","!","!","!","!"
"Inactive","Percentage of individuals inactive","Mixed","ONS 2011 5+1","Jan15-Dec15","year","All","16-24","16-64","All","Non-disabled","42.2","6.9","59300","140400","488"
"Inactive","Percentage of individuals inactive","Mixed","ONS 2011 5+1","Jan15-Dec15","year","All","16-24","16-64","All","unknown","!","!","!","!","!"
"Inactive","Percentage of individuals inactive","Mixed","ONS 2011 5+1","Jan15-Dec15","year","All","16-24","16-64","Female","All","48.4","8.8","44600","92200","306"
"Inactive","Percentage of individuals inactive","Mixed","ONS 2011 5+1","Jan15-Dec15","year","All","16-24","16-64","Female","Disabled","!","!","!","!","!"
"Inactive","Percentage of individuals inactive","Mixed","ONS 2011 5+1","Jan15-Dec15","year","All","16-24","16-64","Female","Non-disabled","44","9.7","32500","73800","250"
"Inactive","Percentage of individuals inactive","Mixed","ONS 2011 5+1","Jan15-Dec15","year","All","16-24","16-64","Female","unknown","!","!","!","!","!"
"Inactive","Percentage of individuals inactive","Mixed","ONS 2011 5+1","Jan15-Dec15","year","All","16-24","16-64","Male","All","43.2","9.3","33800","78100","273"
"Inactive","Percentage of individuals inactive","Mixed","ONS 2011 5+1","Jan15-Dec15","year","All","16-24","16-64","Male","Disabled","!","!","!","!","!"
"Inactive","Percentage of individuals inactive","Mixed","ONS 2011 5+1","Jan15-Dec15","year","All","16-24","16-64","Male","Non-disabled","40.2","9.8","26800","66600","238"
"Inactive","Percentage of individuals inactive","Mixed","ONS 2011 5+1","Jan15-Dec15","year","All","16-24","16-64","Male","unknown","!","!","!","!","!"
"Inactive","Percentage of individuals inactive","Mixed","ONS 2011 5+1","Jan15-Dec15","year","All","25-49","16-64","All","All","14.7","3.6","35600","242300","903"
"Inactive","Percentage of individuals inactive","Mixed","ONS 2011 5+1","Jan15-Dec15","year","All","25-49","16-64","All","Disabled","34.7","11.9","13700","39500","154"
"Inactive","Percentage of individuals inactive","Mixed","ONS 2011 5+1","Jan15-Dec15","year","All","25-49","16-64","All","Non-disabled","10.7","3.5","21600","201400","743"
"Inactive","Percentage of individuals inactive","Mixed","ONS 2011 5+1","Jan15-Dec15","year","All","25-49","16-64","All","unknown","!","!","!","!","!"
"Inactive","Percentage of individuals inactive","Mixed","ONS 2011 5+1","Jan15-Dec15","year","All","25-49","16-64","Female","All","20.2","5.4","27100","133900","526"
"Inactive","Percentage of individuals inactive","Mixed","ONS 2011 5+1","Jan15-Dec15","year","All","25-49","16-64","Female","Disabled","!","!","!","!","!"
"Inactive","Percentage of individuals inactive","Mixed","ONS 2011 5+1","Jan15-Dec15","year","All","25-49","16-64","Female","Non-disabled","16.8","5.6","18500","110100","427"
"Inactive","Percentage of individuals inactive","Mixed","ONS 2011 5+1","Jan15-Dec15","year","All","25-49","16-64","Female","unknown","!","!","!","!","!"
"Inactive","Percentage of individuals inactive","Mixed","ONS 2011 5+1","Jan15-Dec15","year","All","25-49","16-64","Male","All","7.8","4.3","8500","108400","377"
"Inactive","Percentage of individuals inactive","Mixed","ONS 2011 5+1","Jan15-Dec15","year","All","25-49","16-64","Male","Disabled","!","!","!","!","!"
"Inactive","Percentage of individuals inactive","Mixed","ONS 2011 5+1","Jan15-Dec15","year","All","25-49","16-64","Male","Non-disabled","3.4","3.2","3100","91300","316"
"Inactive","Percentage of individuals inactive","Mixed","ONS 2011 5+1","Jan15-Dec15","year","All","25-49","16-64","Male","unknown","!","!","!","!","!"
"Inactive","Percentage of individuals inactive","Mixed","ONS 2011 5+1","Jan15-Dec15","year","All","50-64","16-64","All","All","27.3","9","13800","50500","235"
"Inactive","Percentage of individuals inactive","Mixed","ONS 2011 5+1","Jan15-Dec15","year","All","50-64","16-64","All","Disabled","!","!","!","!","!"
"Inactive","Percentage of individuals inactive","Mixed","ONS 2011 5+1","Jan15-Dec15","year","All","50-64","16-64","All","Non-disabled","17","9.1","5900","34800","164"
"Inactive","Percentage of individuals inactive","Mixed","ONS 2011 5+1","Jan15-Dec15","year","All","50-64","16-64","All","unknown","!","!","!","!","!"
"Inactive","Percentage of individuals inactive","Mixed","ONS 2011 5+1","Jan15-Dec15","year","All","50-64","16-64","Female","All","28.1","12.2","8300","29600","131"
"Inactive","Percentage of individuals inactive","Mixed","ONS 2011 5+1","Jan15-Dec15","year","All","50-64","16-64","Female","Disabled","!","!","!","!","!"
"Inactive","Percentage of individuals inactive","Mixed","ONS 2011 5+1","Jan15-Dec15","year","All","50-64","16-64","Female","Non-disabled","!","!","!","!","!"
"Inactive","Percentage of individuals inactive","Mixed","ONS 2011 5+1","Jan15-Dec15","year","All","50-64","16-64","Female","unknown","!","!","!","!","!"
"Inactive","Percentage of individuals inactive","Mixed","ONS 2011 5+1","Jan15-Dec15","year","All","50-64","16-64","Male","All","26.2","13.3","5500","21000","104"
"Inactive","Percentage of individuals inactive","Mixed","ONS 2011 5+1","Jan15-Dec15","year","All","50-64","16-64","Male","Disabled","!","!","!","!","!"
"Inactive","Percentage of individuals inactive","Mixed","ONS 2011 5+1","Jan15-Dec15","year","All","50-64","16-64","Male","Non-disabled","!","!","!","!","!"
"Inactive","Percentage of individuals inactive","Mixed","ONS 2011 5+1","Jan15-Dec15","year","All","50-64","16-64","Male","unknown","!","!","!","!","!"
"Inactive","Percentage of individuals inactive","Mixed","ONS 2011 5+1","Jan15-Dec15","year","All","All","16-64","All","All","27.6","3.3","127700","463200","1717"
"Inactive","Percentage of individuals inactive","Mixed","ONS 2011 5+1","Jan15-Dec15","year","All","All","16-64","All","Disabled","46.5","8.8","37800","81300","305"
"Inactive","Percentage of individuals inactive","Mixed","ONS 2011 5+1","Jan15-Dec15","year","All","All","16-64","All","Non-disabled","23","3.5","86800","376600","1395"
"Inactive","Percentage of individuals inactive","Mixed","ONS 2011 5+1","Jan15-Dec15","year","All","All","16-64","All","unknown","!","!","!","!","!"
"Inactive","Percentage of individuals inactive","Mixed","ONS 2011 5+1","Jan15-Dec15","year","All","All","16-64","Female","All","31.3","4.6","80000","255700","963"
"Inactive","Percentage of individuals inactive","Mixed","ONS 2011 5+1","Jan15-Dec15","year","All","All","16-64","Female","Disabled","48.1","11.4","23200","48200","184"
"Inactive","Percentage of individuals inactive","Mixed","ONS 2011 5+1","Jan15-Dec15","year","All","All","16-64","Female","Non-disabled","26.7","4.9","54700","204800","770"
"Inactive","Percentage of individuals inactive","Mixed","ONS 2011 5+1","Jan15-Dec15","year","All","All","16-64","Female","unknown","!","!","!","!","!"
"Inactive","Percentage of individuals inactive","Mixed","ONS 2011 5+1","Jan15-Dec15","year","All","All","16-64","Male","All","23","4.7","47700","207500","754"
"Inactive","Percentage of individuals inactive","Mixed","ONS 2011 5+1","Jan15-Dec15","year","All","All","16-64","Male","Disabled","44.3","14","14600","33100","121"
"Inactive","Percentage of individuals inactive","Mixed","ONS 2011 5+1","Jan15-Dec15","year","All","All","16-64","Male","Non-disabled","18.7","4.8","32100","171800","625"
"Inactive","Percentage of individuals inactive","Mixed","ONS 2011 5+1","Jan15-Dec15","year","All","All","16-64","Male","unknown","!","!","!","!","!"
"Inactive","Percentage of individuals inactive","Mixed","ONS 2011 5+1","Jan15-Dec15","year","East Midlands","All","16-64","All","All","!","!","!","!","!"
"Inactive","Percentage of individuals inactive","Mixed","ONS 2011 5+1","Jan15-Dec15","year","East Midlands","All","16-64","All","Disabled","!","!","!","!","!"
"Inactive","Percentage of individuals inactive","Mixed","ONS 2011 5+1","Jan15-Dec15","year","East Midlands","All","16-64","All","Non-disabled","!","!","!","!","!"
"Inactive","Percentage of individuals inactive","Mixed","ONS 2011 5+1","Jan15-Dec15","year","East Midlands","All","16-64","All","unknown","!","!","!","!","!"
"Inactive","Percentage of individuals inactive","Mixed","ONS 2011 5+1","Jan15-Dec15","year","East of England","All","16-64","All","All","15.6","9.5","6300","40700","139"
"Inactive","Percentage of individuals inactive","Mixed","ONS 2011 5+1","Jan15-Dec15","year","East of England","All","16-64","All","Disabled","!","!","!","!","!"
"Inactive","Percentage of individuals inactive","Mixed","ONS 2011 5+1","Jan15-Dec15","year","East of England","All","16-64","All","Non-disabled","14","9.8","5100","36800","121"
"Inactive","Percentage of individuals inactive","Mixed","ONS 2011 5+1","Jan15-Dec15","year","East of England","All","16-64","All","unknown","!","!","!","!","!"
"Inactive","Percentage of individuals inactive","Mixed","ONS 2011 5+1","Jan15-Dec15","year","London","All","16-64","All","All","28","6.6","43300","154700","448"
"Inactive","Percentage of individuals inactive","Mixed","ONS 2011 5+1","Jan15-Dec15","year","London","All","16-64","All","Disabled","!","!","!","!","!"
"Inactive","Percentage of individuals inactive","Mixed","ONS 2011 5+1","Jan15-Dec15","year","London","All","16-64","All","Non-disabled","24.2","7","30000","123700","358"
"Inactive","Percentage of individuals inactive","Mixed","ONS 2011 5+1","Jan15-Dec15","year","London","All","16-64","All","unknown","!","!","!","!","!"
"Inactive","Percentage of individuals inactive","Mixed","ONS 2011 5+1","Jan15-Dec15","year","North East","All","16-64","All","All","!","!","!","!","!"
"Inactive","Percentage of individuals inactive","Mixed","ONS 2011 5+1","Jan15-Dec15","year","North East","All","16-64","All","Disabled","!","!","!","!","!"
"Inactive","Percentage of individuals inactive","Mixed","ONS 2011 5+1","Jan15-Dec15","year","North East","All","16-64","All","Non-disabled","!","!","!","!","!"
"Inactive","Percentage of individuals inactive","Mixed","ONS 2011 5+1","Jan15-Dec15","year","North East","All","16-64","All","unknown","!","!","!","!","!"
"Inactive","Percentage of individuals inactive","Mixed","ONS 2011 5+1","Jan15-Dec15","year","North West","All","16-64","All","All","34.2","10.2","15100","44000","209"
"Inactive","Percentage of individuals inactive","Mixed","ONS 2011 5+1","Jan15-Dec15","year","North West","All","16-64","All","Disabled","!","!","!","!","!"
"Inactive","Percentage of individuals inactive","Mixed","ONS 2011 5+1","Jan15-Dec15","year","North West","All","16-64","All","Non-disabled","27.2","10.8","9500","35000","163"
"Inactive","Percentage of individuals inactive","Mixed","ONS 2011 5+1","Jan15-Dec15","year","North West","All","16-64","All","unknown","!","!","!","!","!"
"Inactive","Percentage of individuals inactive","Mixed","ONS 2011 5+1","Jan15-Dec15","year","Scotland","All","16-64","All","All","!","!","!","!","!"
"Inactive","Percentage of individuals inactive","Mixed","ONS 2011 5+1","Jan15-Dec15","year","Scotland","All","16-64","All","Disabled","!","!","!","!","!"
"Inactive","Percentage of individuals inactive","Mixed","ONS 2011 5+1","Jan15-Dec15","year","Scotland","All","16-64","All","Non-disabled","!","!","!","!","!"
"Inactive","Percentage of individuals inactive","Mixed","ONS 2011 5+1","Jan15-Dec15","year","Scotland","All","16-64","All","unknown","!","!","!","!","!"
"Inactive","Percentage of individuals inactive","Mixed","ONS 2011 5+1","Jan15-Dec15","year","South East","All","16-64","All","All","26.8","8.8","16300","60900","243"
"Inactive","Percentage of individuals inactive","Mixed","ONS 2011 5+1","Jan15-Dec15","year","South East","All","16-64","All","Disabled","!","!","!","!","!"
"Inactive","Percentage of individuals inactive","Mixed","ONS 2011 5+1","Jan15-Dec15","year","South East","All","16-64","All","Non-disabled","21.9","8.9","10800","49300","205"
"Inactive","Percentage of individuals inactive","Mixed","ONS 2011 5+1","Jan15-Dec15","year","South East","All","16-64","All","unknown","!","!","!","!","!"
"Inactive","Percentage of individuals inactive","Mixed","ONS 2011 5+1","Jan15-Dec15","year","South West","All","16-64","All","All","23.4","11.7","7100","30200","125"
"Inactive","Percentage of individuals inactive","Mixed","ONS 2011 5+1","Jan15-Dec15","year","South West","All","16-64","All","Disabled","!","!","!","!","!"
"Inactive","Percentage of individuals inactive","Mixed","ONS 2011 5+1","Jan15-Dec15","year","South West","All","16-64","All","Non-disabled","22.6","12.8","5700","25300","103"
"Inactive","Percentage of individuals inactive","Mixed","ONS 2011 5+1","Jan15-Dec15","year","South West","All","16-64","All","unknown","!","!","!","!","!"
"Inactive","Percentage of individuals inactive","Mixed","ONS 2011 5+1","Jan15-Dec15","year","Wales","All","16-64","All","All","!","!","!","!","!"
"Inactive","Percentage of individuals inactive","Mixed","ONS 2011 5+1","Jan15-Dec15","year","Wales","All","16-64","All","Disabled","!","!","!","!","!"
"Inactive","Percentage of individuals inactive","Mixed","ONS 2011 5+1","Jan15-Dec15","year","Wales","All","16-64","All","Non-disabled","!","!","!","!","!"
"Inactive","Percentage of individuals inactive","Mixed","ONS 2011 5+1","Jan15-Dec15","year","Wales","All","16-64","All","unknown","!","!","!","!","!"
"Inactive","Percentage of individuals inactive","Mixed","ONS 2011 5+1","Jan15-Dec15","year","West Midlands","All","16-64","All","All","38.3","12.6","15600","40800","143"
"Inactive","Percentage of individuals inactive","Mixed","ONS 2011 5+1","Jan15-Dec15","year","West Midlands","All","16-64","All","Disabled","!","!","!","!","!"
"Inactive","Percentage of individuals inactive","Mixed","ONS 2011 5+1","Jan15-Dec15","year","West Midlands","All","16-64","All","Non-disabled","29.7","13.1","9900","33300","117"
"Inactive","Percentage of individuals inactive","Mixed","ONS 2011 5+1","Jan15-Dec15","year","West Midlands","All","16-64","All","unknown","!","!","!","!","!"
"Inactive","Percentage of individuals inactive","Mixed","ONS 2011 5+1","Jan15-Dec15","year","Yorkshire and The Humber","All","16-64","All","All","27.9","12.6","10200","36600","121"
"Inactive","Percentage of individuals inactive","Mixed","ONS 2011 5+1","Jan15-Dec15","year","Yorkshire and The Humber","All","16-64","All","Disabled","!","!","!","!","!"
"Inactive","Percentage of individuals inactive","Mixed","ONS 2011 5+1","Jan15-Dec15","year","Yorkshire and The Humber","All","16-64","All","Non-disabled","!","!","!","!","!"
"Inactive","Percentage of individuals inactive","Mixed","ONS 2011 5+1","Jan15-Dec15","year","Yorkshire and The Humber","All","16-64","All","unknown","!","!","!","!","!"
"Inactive","Percentage of individuals inactive","Other","ONS 2011 5+1","Jan15-Dec15","year","All","16-24","16-64","All","All","58.5","7.5","70500","120600","418"
"Inactive","Percentage of individuals inactive","Other","ONS 2011 5+1","Jan15-Dec15","year","All","16-24","16-64","All","Disabled","!","!","!","!","!"
"Inactive","Percentage of individuals inactive","Other","ONS 2011 5+1","Jan15-Dec15","year","All","16-24","16-64","All","Non-disabled","58.9","7.9","62700","106400","373"
"Inactive","Percentage of individuals inactive","Other","ONS 2011 5+1","Jan15-Dec15","year","All","16-24","16-64","All","unknown","!","!","!","!","!"
"Inactive","Percentage of individuals inactive","Other","ONS 2011 5+1","Jan15-Dec15","year","All","16-24","16-64","Female","All","61.3","10.6","35300","57600","202"
"Inactive","Percentage of individuals inactive","Other","ONS 2011 5+1","Jan15-Dec15","year","All","16-24","16-64","Female","Disabled","!","!","!","!","!"
"Inactive","Percentage of individuals inactive","Other","ONS 2011 5+1","Jan15-Dec15","year","All","16-24","16-64","Female","Non-disabled","61.9","11.1","32100","51800","184"
"Inactive","Percentage of individuals inactive","Other","ONS 2011 5+1","Jan15-Dec15","year","All","16-24","16-64","Female","unknown","!","!","!","!","!"
"Inactive","Percentage of individuals inactive","Other","ONS 2011 5+1","Jan15-Dec15","year","All","16-24","16-64","Male","All","55.9","10.5","35200","63000","216"
"Inactive","Percentage of individuals inactive","Other","ONS 2011 5+1","Jan15-Dec15","year","All","16-24","16-64","Male","Disabled","!","!","!","!","!"
"Inactive","Percentage of individuals inactive","Other","ONS 2011 5+1","Jan15-Dec15","year","All","16-24","16-64","Male","Non-disabled","56.1","11.2","30600","54600","189"
"Inactive","Percentage of individuals inactive","Other","ONS 2011 5+1","Jan15-Dec15","year","All","16-24","16-64","Male","unknown","!","!","!","!","!"
"Inactive","Percentage of individuals inactive","Other","ONS 2011 5+1","Jan15-Dec15","year","All","25-49","16-64","All","All","29.7","3.4","146300","492700","1768"
"Inactive","Percentage of individuals inactive","Other","ONS 2011 5+1","Jan15-Dec15","year","All","25-49","16-64","All","Disabled","53.7","10","34400","64100","240"
"Inactive","Percentage of individuals inactive","Other","ONS 2011 5+1","Jan15-Dec15","year","All","25-49","16-64","All","Non-disabled","25.7","3.5","108500","422800","1511"
"Inactive","Percentage of individuals inactive","Other","ONS 2011 5+1","Jan15-Dec15","year","All","25-49","16-64","All","unknown","!","!","!","!","!"
"Inactive","Percentage of individuals inactive","Other","ONS 2011 5+1","Jan15-Dec15","year","All","25-49","16-64","Female","All","42.4","5","104200","245600","945"
"Inactive","Percentage of individuals inactive","Other","ONS 2011 5+1","Jan15-Dec15","year","All","25-49","16-64","Female","Disabled","69.6","12.5","23300","33500","130"
"Inactive","Percentage of individuals inactive","Other","ONS 2011 5+1","Jan15-Dec15","year","All","25-49","16-64","Female","Non-disabled","37.7","5.3","78700","208700","806"
"Inactive","Percentage of individuals inactive","Other","ONS 2011 5+1","Jan15-Dec15","year","All","25-49","16-64","Female","unknown","!","!","!","!","!"
"Inactive","Percentage of individuals inactive","Other","ONS 2011 5+1","Jan15-Dec15","year","All","25-49","16-64","Male","All","17","4.1","42000","247100","823"
"Inactive","Percentage of individuals inactive","Other","ONS 2011 5+1","Jan15-Dec15","year","All","25-49","16-64","Male","Disabled","36.3","14.2","11100","30600","110"
"Inactive","Percentage of individuals inactive","Other","ONS 2011 5+1","Jan15-Dec15","year","All","25-49","16-64","Male","Non-disabled","13.9","4","29800","214100","705"
"Inactive","Percentage of individuals inactive","Other","ONS 2011 5+1","Jan15-Dec15","year","All","25-49","16-64","Male","unknown","!","!","!","!","!"
"Inactive","Percentage of individuals inactive","Other","ONS 2011 5+1","Jan15-Dec15","year","All","50-64","16-64","All","All","33.8","6.5","40300","119200","515"
"Inactive","Percentage of individuals inactive","Other","ONS 2011 5+1","Jan15-Dec15","year","All","50-64","16-64","All","Disabled","60.5","11.6","25600","42300","170"
"Inactive","Percentage of individuals inactive","Other","ONS 2011 5+1","Jan15-Dec15","year","All","50-64","16-64","All","Non-disabled","19","6.6","14300","75200","339"
"Inactive","Percentage of individuals inactive","Other","ONS 2011 5+1","Jan15-Dec15","year","All","50-64","16-64","All","unknown","!","!","!","!","!"
"Inactive","Percentage of individuals inactive","Other","ONS 2011 5+1","Jan15-Dec15","year","All","50-64","16-64","Female","All","43.5","9.5","25500","58500","260"
"Inactive","Percentage of individuals inactive","Other","ONS 2011 5+1","Jan15-Dec15","year","All","50-64","16-64","Female","Disabled","!","!","!","!","!"
"Inactive","Percentage of individuals inactive","Other","ONS 2011 5+1","Jan15-Dec15","year","All","50-64","16-64","Female","Non-disabled","30.6","10.8","11700","38200","176"
"Inactive","Percentage of individuals inactive","Other","ONS 2011 5+1","Jan15-Dec15","year","All","50-64","16-64","Female","unknown","!","!","!","!","!"
"Inactive","Percentage of individuals inactive","Other","ONS 2011 5+1","Jan15-Dec15","year","All","50-64","16-64","Male","All","24.5","8.3","14900","60700","255"
"Inactive","Percentage of individuals inactive","Other","ONS 2011 5+1","Jan15-Dec15","year","All","50-64","16-64","Male","Disabled","!","!","!","!","!"
"Inactive","Percentage of individuals inactive","Other","ONS 2011 5+1","Jan15-Dec15","year","All","50-64","16-64","Male","Non-disabled","7.1","6.2","2600","37000","163"
"Inactive","Percentage of individuals inactive","Other","ONS 2011 5+1","Jan15-Dec15","year","All","50-64","16-64","Male","unknown","!","!","!","!","!"
"Inactive","Percentage of individuals inactive","Other","ONS 2011 5+1","Jan15-Dec15","year","All","All","16-64","All","All","35.1","2.8","257100","732500","2701"
"Inactive","Percentage of individuals inactive","Other","ONS 2011 5+1","Jan15-Dec15","year","All","All","16-64","All","Disabled","56.2","7.2","66900","119100","451"
"Inactive","Percentage of individuals inactive","Other","ONS 2011 5+1","Jan15-Dec15","year","All","All","16-64","All","Non-disabled","30.7","3","185500","604400","2223"
"Inactive","Percentage of individuals inactive","Other","ONS 2011 5+1","Jan15-Dec15","year","All","All","16-64","All","unknown","!","!","!","!","!"
"Inactive","Percentage of individuals inactive","Other","ONS 2011 5+1","Jan15-Dec15","year","All","All","16-64","Female","All","45.6","4.1","165000","361700","1407"
"Inactive","Percentage of individuals inactive","Other","ONS 2011 5+1","Jan15-Dec15","year","All","All","16-64","Female","Disabled","67.8","9.6","39900","58800","229"
"Inactive","Percentage of individuals inactive","Other","ONS 2011 5+1","Jan15-Dec15","year","All","All","16-64","Female","Non-disabled","41","4.5","122400","298700","1166"
"Inactive","Percentage of individuals inactive","Other","ONS 2011 5+1","Jan15-Dec15","year","All","All","16-64","Female","unknown","!","!","!","!","!"
"Inactive","Percentage of individuals inactive","Other","ONS 2011 5+1","Jan15-Dec15","year","All","All","16-64","Male","All","24.8","3.7","92100","370800","1294"
"Inactive","Percentage of individuals inactive","Other","ONS 2011 5+1","Jan15-Dec15","year","All","All","16-64","Male","Disabled","44.8","10.3","27000","60300","222"
"Inactive","Percentage of individuals inactive","Other","ONS 2011 5+1","Jan15-Dec15","year","All","All","16-64","Male","Non-disabled","20.6","3.9","63000","305800","1057"
"Inactive","Percentage of individuals inactive","Other","ONS 2011 5+1","Jan15-Dec15","year","All","All","16-64","Male","unknown","!","!","!","!","!"
"Inactive","Percentage of individuals inactive","Other","ONS 2011 5+1","Jan15-Dec15","year","East Midlands","All","16-64","All","All","34.6","14","9600","27700","110"
"Inactive","Percentage of individuals inactive","Other","ONS 2011 5+1","Jan15-Dec15","year","East Midlands","All","16-64","All","Disabled","!","!","!","!","!"
"Inactive","Percentage of individuals inactive","Other","ONS 2011 5+1","Jan15-Dec15","year","East Midlands","All","16-64","All","Non-disabled","!","!","!","!","!"
"Inactive","Percentage of individuals inactive","Other","ONS 2011 5+1","Jan15-Dec15","year","East Midlands","All","16-64","All","unknown","!","!","!","!","!"
"Inactive","Percentage of individuals inactive","Other","ONS 2011 5+1","Jan15-Dec15","year","East of England","All","16-64","All","All","26.6","10.9","12600","47300","157"
"Inactive","Percentage of individuals inactive","Other","ONS 2011 5+1","Jan15-Dec15","year","East of England","All","16-64","All","Disabled","!","!","!","!","!"
"Inactive","Percentage of individuals inactive","Other","ONS 2011 5+1","Jan15-Dec15","year","East of England","All","16-64","All","Non-disabled","23.7","11","10300","43700","143"
"Inactive","Percentage of individuals inactive","Other","ONS 2011 5+1","Jan15-Dec15","year","East of England","All","16-64","All","unknown","!","!","!","!","!"
"Inactive","Percentage of individuals inactive","Other","ONS 2011 5+1","Jan15-Dec15","year","London","All","16-64","All","All","36","4.4","134300","372500","1141"
"Inactive","Percentage of individuals inactive","Other","ONS 2011 5+1","Jan15-Dec15","year","London","All","16-64","All","Disabled","59.7","9.5","44300","74200","256"
"Inactive","Percentage of individuals inactive","Other","ONS 2011 5+1","Jan15-Dec15","year","London","All","16-64","All","Non-disabled","29.6","4.8","87100","293800","872"
"Inactive","Percentage of individuals inactive","Other","ONS 2011 5+1","Jan15-Dec15","year","London","All","16-64","All","unknown","!","!","!","!","!"
"Inactive","Percentage of individuals inactive","Other","ONS 2011 5+1","Jan15-Dec15","year","North East","All","16-64","All","All","!","!","!","!","!"
"Inactive","Percentage of individuals inactive","Other","ONS 2011 5+1","Jan15-Dec15","year","North East","All","16-64","All","Disabled","!","!","!","!","!"
"Inactive","Percentage of individuals inactive","Other","ONS 2011 5+1","Jan15-Dec15","year","North East","All","16-64","All","Non-disabled","!","!","!","!","!"
"Inactive","Percentage of individuals inactive","Other","ONS 2011 5+1","Jan15-Dec15","year","North East","All","16-64","All","unknown","!","!","!","!","!"
"Inactive","Percentage of individuals inactive","Other","ONS 2011 5+1","Jan15-Dec15","year","North West","All","16-64","All","All","42.2","9.8","23800","56600","243"
"Inactive","Percentage of individuals inactive","Other","ONS 2011 5+1","Jan15-Dec15","year","North West","All","16-64","All","Disabled","!","!","!","!","!"
"Inactive","Percentage of individuals inactive","Other","ONS 2011 5+1","Jan15-Dec15","year","North West","All","16-64","All","Non-disabled","38.2","10.5","18000","47200","205"
"Inactive","Percentage of individuals inactive","Other","ONS 2011 5+1","Jan15-Dec15","year","North West","All","16-64","All","unknown","!","!","!","!","!"
"Inactive","Percentage of individuals inactive","Other","ONS 2011 5+1","Jan15-Dec15","year","Scotland","All","16-64","All","All","28.9","13.4","7000","24200","110"
"Inactive","Percentage of individuals inactive","Other","ONS 2011 5+1","Jan15-Dec15","year","Scotland","All","16-64","All","Disabled","!","!","!","!","!"
"Inactive","Percentage of individuals inactive","Other","ONS 2011 5+1","Jan15-Dec15","year","Scotland","All","16-64","All","Non-disabled","!","!","!","!","!"
"Inactive","Percentage of individuals inactive","Other","ONS 2011 5+1","Jan15-Dec15","year","Scotland","All","16-64","All","unknown","!","!","!","!","!"
"Inactive","Percentage of individuals inactive","Other","ONS 2011 5+1","Jan15-Dec15","year","South East","All","16-64","All","All","23","7.9","15300","66500","269"
"Inactive","Percentage of individuals inactive","Other","ONS 2011 5+1","Jan15-Dec15","year","South East","All","16-64","All","Disabled","!","!","!","!","!"
"Inactive","Percentage of individuals inactive","Other","ONS 2011 5+1","Jan15-Dec15","year","South East","All","16-64","All","Non-disabled","23","8.5","13300","57800","236"
"Inactive","Percentage of individuals inactive","Other","ONS 2011 5+1","Jan15-Dec15","year","South East","All","16-64","All","unknown","!","!","!","!","!"
"Inactive","Percentage of individuals inactive","Other","ONS 2011 5+1","Jan15-Dec15","year","South West","All","16-64","All","All","27.4","11.9","7800","28400","134"
"Inactive","Percentage of individuals inactive","Other","ONS 2011 5+1","Jan15-Dec15","year","South West","All","16-64","All","Disabled","!","!","!","!","!"
"Inactive","Percentage of individuals inactive","Other","ONS 2011 5+1","Jan15-Dec15","year","South West","All","16-64","All","Non-disabled","25.7","12.3","6300","24700","120"
"Inactive","Percentage of individuals inactive","Other","ONS 2011 5+1","Jan15-Dec15","year","South West","All","16-64","All","unknown","!","!","!","!","!"
"Inactive","Percentage of individuals inactive","Other","ONS 2011 5+1","Jan15-Dec15","year","Wales","All","16-64","All","All","49.6","12.9","8600","17400","144"
"Inactive","Percentage of individuals inactive","Other","ONS 2011 5+1","Jan15-Dec15","year","Wales","All","16-64","All","Disabled","!","!","!","!","!"
"Inactive","Percentage of individuals inactive","Other","ONS 2011 5+1","Jan15-Dec15","year","Wales","All","16-64","All","Non-disabled","46.8","14","6800","14400","121"
"Inactive","Percentage of individuals inactive","Other","ONS 2011 5+1","Jan15-Dec15","year","Wales","All","16-64","All","unknown","!","!","!","!","!"
"Inactive","Percentage of individuals inactive","Other","ONS 2011 5+1","Jan15-Dec15","year","West Midlands","All","16-64","All","All","46.4","12.2","20300","43700","160"
"Inactive","Percentage of individuals inactive","Other","ONS 2011 5+1","Jan15-Dec15","year","West Midlands","All","16-64","All","Disabled","!","!","!","!","!"
"Inactive","Percentage of individuals inactive","Other","ONS 2011 5+1","Jan15-Dec15","year","West Midlands","All","16-64","All","Non-disabled","42.8","12.9","16300","38100","142"
"Inactive","Percentage of individuals inactive","Other","ONS 2011 5+1","Jan15-Dec15","year","West Midlands","All","16-64","All","unknown","!","!","!","!","!"
"Inactive","Percentage of individuals inactive","Other","ONS 2011 5+1","Jan15-Dec15","year","Yorkshire and The Humber","All","16-64","All","All","35.4","12.1","12900","36300","149"
"Inactive","Percentage of individuals inactive","Other","ONS 2011 5+1","Jan15-Dec15","year","Yorkshire and The Humber","All","16-64","All","Disabled","!","!","!","!","!"
"Inactive","Percentage of individuals inactive","Other","ONS 2011 5+1","Jan15-Dec15","year","Yorkshire and The Humber","All","16-64","All","Non-disabled","32","12.9","9700","30200","125"
"Inactive","Percentage of individuals inactive","Other","ONS 2011 5+1","Jan15-Dec15","year","Yorkshire and The Humber","All","16-64","All","unknown","!","!","!","!","!"
"Inactive","Percentage of individuals inactive","Other Asian","Detailed","Jan15-Dec15","year","All","16-24","16-64","All","All","66.7","6.4","101800","152600","520"
"Inactive","Percentage of individuals inactive","Other Asian","Detailed","Jan15-Dec15","year","All","16-24","16-64","All","Disabled","!","!","!","!","!"
"Inactive","Percentage of individuals inactive","Other Asian","Detailed","Jan15-Dec15","year","All","16-24","16-64","All","Non-disabled","66.9","6.5","97500","145700","499"
"Inactive","Percentage of individuals inactive","Other Asian","Detailed","Jan15-Dec15","year","All","16-24","16-64","All","unknown","!","!","!","!","!"
"Inactive","Percentage of individuals inactive","Other Asian","Detailed","Jan15-Dec15","year","All","16-24","16-64","Female","All","64.4","9.3","48700","75700","257"
"Inactive","Percentage of individuals inactive","Other Asian","Detailed","Jan15-Dec15","year","All","16-24","16-64","Female","Disabled","!","!","!","!","!"
"Inactive","Percentage of individuals inactive","Other Asian","Detailed","Jan15-Dec15","year","All","16-24","16-64","Female","Non-disabled","65.4","9.4","47400","72400","248"
"Inactive","Percentage of individuals inactive","Other Asian","Detailed","Jan15-Dec15","year","All","16-24","16-64","Female","unknown","!","!","!","!","!"
"Inactive","Percentage of individuals inactive","Other Asian","Detailed","Jan15-Dec15","year","All","16-24","16-64","Male","All","69","8.8","53100","76900","263"
"Inactive","Percentage of individuals inactive","Other Asian","Detailed","Jan15-Dec15","year","All","16-24","16-64","Male","Disabled","!","!","!","!","!"
"Inactive","Percentage of individuals inactive","Other Asian","Detailed","Jan15-Dec15","year","All","16-24","16-64","Male","Non-disabled","68.4","9.1","50100","73300","251"
"Inactive","Percentage of individuals inactive","Other Asian","Detailed","Jan15-Dec15","year","All","16-24","16-64","Male","unknown","!","!","!","!","!"
"Inactive","Percentage of individuals inactive","Other Asian","Detailed","Jan15-Dec15","year","All","25-49","16-64","All","All","22","3.1","102200","464000","1726"
"Inactive","Percentage of individuals inactive","Other Asian","Detailed","Jan15-Dec15","year","All","25-49","16-64","All","Disabled","33.6","10.8","16400","48700","185"
"Inactive","Percentage of individuals inactive","Other Asian","Detailed","Jan15-Dec15","year","All","25-49","16-64","All","Non-disabled","20.6","3.2","85200","413000","1533"
"Inactive","Percentage of individuals inactive","Other Asian","Detailed","Jan15-Dec15","year","All","25-49","16-64","All","unknown","!","!","!","!","!"
"Inactive","Percentage of individuals inactive","Other Asian","Detailed","Jan15-Dec15","year","All","25-49","16-64","Female","All","31","4.5","79400","255700","1019"
"Inactive","Percentage of individuals inactive","Other Asian","Detailed","Jan15-Dec15","year","All","25-49","16-64","Female","Disabled","47.3","15.2","12100","25600","103"
"Inactive","Percentage of individuals inactive","Other Asian","Detailed","Jan15-Dec15","year","All","25-49","16-64","Female","Non-disabled","29.2","4.7","66600","228100","909"
"Inactive","Percentage of individuals inactive","Other Asian","Detailed","Jan15-Dec15","year","All","25-49","16-64","Female","unknown","!","!","!","!","!"
"Inactive","Percentage of individuals inactive","Other Asian","Detailed","Jan15-Dec15","year","All","25-49","16-64","Male","All","11","3.6","22900","208300","707"
"Inactive","Percentage of individuals inactive","Other Asian","Detailed","Jan15-Dec15","year","All","25-49","16-64","Male","Disabled","!","!","!","!","!"
"Inactive","Percentage of individuals inactive","Other Asian","Detailed","Jan15-Dec15","year","All","25-49","16-64","Male","Non-disabled","10.1","3.7","18600","184900","624"
"Inactive","Percentage of individuals inactive","Other Asian","Detailed","Jan15-Dec15","year","All","25-49","16-64","Male","unknown","!","!","!","!","!"
"Inactive","Percentage of individuals inactive","Other Asian","Detailed","Jan15-Dec15","year","All","50-64","16-64","All","All","26.6","5.9","33600","126400","544"
"Inactive","Percentage of individuals inactive","Other Asian","Detailed","Jan15-Dec15","year","All","50-64","16-64","All","Disabled","46.2","13","15300","33100","142"
"Inactive","Percentage of individuals inactive","Other Asian","Detailed","Jan15-Dec15","year","All","50-64","16-64","All","Non-disabled","19.6","6.2","17900","91400","394"
"Inactive","Percentage of individuals inactive","Other Asian","Detailed","Jan15-Dec15","year","All","50-64","16-64","All","unknown","!","!","!","!","!"
"Inactive","Percentage of individuals inactive","Other Asian","Detailed","Jan15-Dec15","year","All","50-64","16-64","Female","All","34.8","8.5","23300","67000","298"
"Inactive","Percentage of individuals inactive","Other Asian","Detailed","Jan15-Dec15","year","All","50-64","16-64","Female","Disabled","!","!","!","!","!"
"Inactive","Percentage of individuals inactive","Other Asian","Detailed","Jan15-Dec15","year","All","50-64","16-64","Female","Non-disabled","30","9.7","14400","48000","215"
"Inactive","Percentage of individuals inactive","Other Asian","Detailed","Jan15-Dec15","year","All","50-64","16-64","Female","unknown","!","!","!","!","!"
"Inactive","Percentage of individuals inactive","Other Asian","Detailed","Jan15-Dec15","year","All","50-64","16-64","Male","All","17.4","7.5","10300","59400","246"
"Inactive","Percentage of individuals inactive","Other Asian","Detailed","Jan15-Dec15","year","All","50-64","16-64","Male","Disabled","!","!","!","!","!"
"Inactive","Percentage of individuals inactive","Other Asian","Detailed","Jan15-Dec15","year","All","50-64","16-64","Male","Non-disabled","8.2","6.3","3500","43400","179"
"Inactive","Percentage of individuals inactive","Other Asian","Detailed","Jan15-Dec15","year","All","50-64","16-64","Male","unknown","!","!","!","!","!"
"Inactive","Percentage of individuals inactive","Other Asian","Detailed","Jan15-Dec15","year","All","All","16-64","All","All","32","2.7","237700","743000","2790"
"Inactive","Percentage of individuals inactive","Other Asian","Detailed","Jan15-Dec15","year","All","All","16-64","All","Disabled","40.5","8.2","35400","87400","346"
"Inactive","Percentage of individuals inactive","Other Asian","Detailed","Jan15-Dec15","year","All","All","16-64","All","Non-disabled","30.9","2.9","200600","650100","2426"
"Inactive","Percentage of individuals inactive","Other Asian","Detailed","Jan15-Dec15","year","All","All","16-64","All","unknown","!","!","!","!","!"
"Inactive","Percentage of individuals inactive","Other Asian","Detailed","Jan15-Dec15","year","All","All","16-64","Female","All","38","3.8","151400","398400","1574"
"Inactive","Percentage of individuals inactive","Other Asian","Detailed","Jan15-Dec15","year","All","All","16-64","Female","Disabled","47.5","11.2","22400","47100","192"
"Inactive","Percentage of individuals inactive","Other Asian","Detailed","Jan15-Dec15","year","All","All","16-64","Female","Non-disabled","36.8","4","128300","348500","1372"
"Inactive","Percentage of individuals inactive","Other Asian","Detailed","Jan15-Dec15","year","All","All","16-64","Female","unknown","!","!","!","!","!"
"Inactive","Percentage of individuals inactive","Other Asian","Detailed","Jan15-Dec15","year","All","All","16-64","Male","All","25","3.8","86300","344600","1216"
"Inactive","Percentage of individuals inactive","Other Asian","Detailed","Jan15-Dec15","year","All","All","16-64","Male","Disabled","32.4","11.7","13100","40300","154"
"Inactive","Percentage of individuals inactive","Other Asian","Detailed","Jan15-Dec15","year","All","All","16-64","Male","Non-disabled","24","4.1","72300","301600","1054"
"Inactive","Percentage of individuals inactive","Other Asian","Detailed","Jan15-Dec15","year","All","All","16-64","Male","unknown","!","!","!","!","!"
"Inactive","Percentage of individuals inactive","Other Asian","Detailed","Jan15-Dec15","year","East Midlands","All","16-64","All","All","35.5","14.1","10800","30400","111"
"Inactive","Percentage of individuals inactive","Other Asian","Detailed","Jan15-Dec15","year","East Midlands","All","16-64","All","Disabled","!","!","!","!","!"
"Inactive","Percentage of individuals inactive","Other Asian","Detailed","Jan15-Dec15","year","East Midlands","All","16-64","All","Non-disabled","!","!","!","!","!"
"Inactive","Percentage of individuals inactive","Other Asian","Detailed","Jan15-Dec15","year","East Midlands","All","16-64","All","unknown","!","!","!","!","!"
"Inactive","Percentage of individuals inactive","Other Asian","Detailed","Jan15-Dec15","year","East of England","All","16-64","All","All","27.5","9.6","17100","62300","208"
"Inactive","Percentage of individuals inactive","Other Asian","Detailed","Jan15-Dec15","year","East of England","All","16-64","All","Disabled","!","!","!","!","!"
"Inactive","Percentage of individuals inactive","Other Asian","Detailed","Jan15-Dec15","year","East of England","All","16-64","All","Non-disabled","25","9.9","14000","55900","185"
"Inactive","Percentage of individuals inactive","Other Asian","Detailed","Jan15-Dec15","year","East of England","All","16-64","All","unknown","!","!","!","!","!"
"Inactive","Percentage of individuals inactive","Other Asian","Detailed","Jan15-Dec15","year","London","All","16-64","All","All","28.1","4.7","82200","292100","880"
"Inactive","Percentage of individuals inactive","Other Asian","Detailed","Jan15-Dec15","year","London","All","16-64","All","Disabled","40.1","12.9","17000","42300","138"
"Inactive","Percentage of individuals inactive","Other Asian","Detailed","Jan15-Dec15","year","London","All","16-64","All","Non-disabled","26","5","64500","248500","738"
"Inactive","Percentage of individuals inactive","Other Asian","Detailed","Jan15-Dec15","year","London","All","16-64","All","unknown","!","!","!","!","!"
"Inactive","Percentage of individuals inactive","Other Asian","Detailed","Jan15-Dec15","year","North East","All","16-64","All","All","41.4","12.8","9200","22300","141"
"Inactive","Percentage of individuals inactive","Other Asian","Detailed","Jan15-Dec15","year","North East","All","16-64","All","Disabled","!","!","!","!","!"
"Inactive","Percentage of individuals inactive","Other Asian","Detailed","Jan15-Dec15","year","North East","All","16-64","All","Non-disabled","40.3","13.7","8100","20000","123"
"Inactive","Percentage of individuals inactive","Other Asian","Detailed","Jan15-Dec15","year","North East","All","16-64","All","unknown","!","!","!","!","!"
"Inactive","Percentage of individuals inactive","Other Asian","Detailed","Jan15-Dec15","year","North West","All","16-64","All","All","37.8","9.7","20000","53000","239"
"Inactive","Percentage of individuals inactive","Other Asian","Detailed","Jan15-Dec15","year","North West","All","16-64","All","Disabled","!","!","!","!","!"
"Inactive","Percentage of individuals inactive","Other Asian","Detailed","Jan15-Dec15","year","North West","All","16-64","All","Non-disabled","35.8","10.3","16700","46700","207"
"Inactive","Percentage of individuals inactive","Other Asian","Detailed","Jan15-Dec15","year","North West","All","16-64","All","unknown","!","!","!","!","!"
"Inactive","Percentage of individuals inactive","Other Asian","Detailed","Jan15-Dec15","year","Scotland","All","16-64","All","All","44.6","14.8","10500","23500","108"
"Inactive","Percentage of individuals inactive","Other Asian","Detailed","Jan15-Dec15","year","Scotland","All","16-64","All","Disabled","!","!","!","!","!"
"Inactive","Percentage of individuals inactive","Other Asian","Detailed","Jan15-Dec15","year","Scotland","All","16-64","All","Non-disabled","!","!","!","!","!"
"Inactive","Percentage of individuals inactive","Other Asian","Detailed","Jan15-Dec15","year","Scotland","All","16-64","All","unknown","!","!","!","!","!"
"Inactive","Percentage of individuals inactive","Other Asian","Detailed","Jan15-Dec15","year","South East","All","16-64","All","All","26.7","6.4","30100","112700","452"
"Inactive","Percentage of individuals inactive","Other Asian","Detailed","Jan15-Dec15","year","South East","All","16-64","All","Disabled","!","!","!","!","!"
"Inactive","Percentage of individuals inactive","Other Asian","Detailed","Jan15-Dec15","year","South East","All","16-64","All","Non-disabled","27.5","6.9","27300","99300","399"
"Inactive","Percentage of individuals inactive","Other Asian","Detailed","Jan15-Dec15","year","South East","All","16-64","All","unknown","!","!","!","!","!"
"Inactive","Percentage of individuals inactive","Other Asian","Detailed","Jan15-Dec15","year","South West","All","16-64","All","All","28.9","10.8","10400","36000","169"
"Inactive","Percentage of individuals inactive","Other Asian","Detailed","Jan15-Dec15","year","South West","All","16-64","All","Disabled","!","!","!","!","!"
"Inactive","Percentage of individuals inactive","Other Asian","Detailed","Jan15-Dec15","year","South West","All","16-64","All","Non-disabled","28","11.4","9200","32800","149"
"Inactive","Percentage of individuals inactive","Other Asian","Detailed","Jan15-Dec15","year","South West","All","16-64","All","unknown","!","!","!","!","!"
"Inactive","Percentage of individuals inactive","Other Asian","Detailed","Jan15-Dec15","year","Wales","All","16-64","All","All","39.8","12.2","7500","18900","154"
"Inactive","Percentage of individuals inactive","Other Asian","Detailed","Jan15-Dec15","year","Wales","All","16-64","All","Disabled","!","!","!","!","!"
"Inactive","Percentage of individuals inactive","Other Asian","Detailed","Jan15-Dec15","year","Wales","All","16-64","All","Non-disabled","38","12.5","6700","17600","145"
"Inactive","Percentage of individuals inactive","Other Asian","Detailed","Jan15-Dec15","year","Wales","All","16-64","All","unknown","!","!","!","!","!"
"Inactive","Percentage of individuals inactive","Other Asian","Detailed","Jan15-Dec15","year","West Midlands","All","16-64","All","All","46.3","11.1","26400","57200","194"
"Inactive","Percentage of individuals inactive","Other Asian","Detailed","Jan15-Dec15","year","West Midlands","All","16-64","All","Disabled","!","!","!","!","!"
"Inactive","Percentage of individuals inactive","Other Asian","Detailed","Jan15-Dec15","year","West Midlands","All","16-64","All","Non-disabled","47.9","12","24300","50700","167"
"Inactive","Percentage of individuals inactive","Other Asian","Detailed","Jan15-Dec15","year","West Midlands","All","16-64","All","unknown","!","!","!","!","!"
"Inactive","Percentage of individuals inactive","Other Asian","Detailed","Jan15-Dec15","year","Yorkshire and The Humber","All","16-64","All","All","38.6","13","13400","34700","134"
"Inactive","Percentage of individuals inactive","Other Asian","Detailed","Jan15-Dec15","year","Yorkshire and The Humber","All","16-64","All","Disabled","!","!","!","!","!"
"Inactive","Percentage of individuals inactive","Other Asian","Detailed","Jan15-Dec15","year","Yorkshire and The Humber","All","16-64","All","Non-disabled","36.3","13.7","11000","30400","118"
"Inactive","Percentage of individuals inactive","Other Asian","Detailed","Jan15-Dec15","year","Yorkshire and The Humber","All","16-64","All","unknown","!","!","!","!","!"
"Inactive","Percentage of individuals inactive","Other than White","White and other","Jan15-Dec15","year","All","16-24","16-64","All","All","55","2.4","639300","1161600","4035"
"Inactive","Percentage of individuals inactive","Other than White","White and other","Jan15-Dec15","year","All","16-24","16-64","All","Disabled","64.1","8.3","61200","95400","317"
"Inactive","Percentage of individuals inactive","Other than White","White and other","Jan15-Dec15","year","All","16-24","16-64","All","Non-disabled","54","2.5","569700","1054200","3684"
"Inactive","Percentage of individuals inactive","Other than White","White and other","Jan15-Dec15","year","All","16-24","16-64","All","unknown","70","24.3","8400","12100","34"
"Inactive","Percentage of individuals inactive","Other than White","White and other","Jan15-Dec15","year","All","16-24","16-64","Female","All","55.6","3.4","324500","583900","2023"
"Inactive","Percentage of individuals inactive","Other than White","White and other","Jan15-Dec15","year","All","16-24","16-64","Female","Disabled","61.7","11.7","31300","50700","166"
"Inactive","Percentage of individuals inactive","Other than White","White and other","Jan15-Dec15","year","All","16-24","16-64","Female","Non-disabled","54.8","3.6","287900","525800","1837"
"Inactive","Percentage of individuals inactive","Other than White","White and other","Jan15-Dec15","year","All","16-24","16-64","Female","unknown","!","!","!","!","!"
"Inactive","Percentage of individuals inactive","Other than White","White and other","Jan15-Dec15","year","All","16-24","16-64","Male","All","54.5","3.4","314800","577700","2012"
"Inactive","Percentage of individuals inactive","Other than White","White and other","Jan15-Dec15","year","All","16-24","16-64","Male","Disabled","66.8","11.9","29900","44700","151"
"Inactive","Percentage of individuals inactive","Other than White","White and other","Jan15-Dec15","year","All","16-24","16-64","Male","Non-disabled","53.3","3.6","281700","528300","1847"
"Inactive","Percentage of individuals inactive","Other than White","White and other","Jan15-Dec15","year","All","16-24","16-64","Male","unknown","!","!","!","!","!"
"Inactive","Percentage of individuals inactive","Other than White","White and other","Jan15-Dec15","year","All","25-49","16-64","All","All","22.1","1.1","755600","3413700","12841"
"Inactive","Percentage of individuals inactive","Other than White","White and other","Jan15-Dec15","year","All","25-49","16-64","All","Disabled","41.3","3.7","182400","441300","1716"
"Inactive","Percentage of individuals inactive","Other than White","White and other","Jan15-Dec15","year","All","25-49","16-64","All","Non-disabled","19.2","1.2","565300","2946000","11029"
"Inactive","Percentage of individuals inactive","Other than White","White and other","Jan15-Dec15","year","All","25-49","16-64","All","unknown","29.9","14.5","7900","26400","96"
"Inactive","Percentage of individuals inactive","Other than White","White and other","Jan15-Dec15","year","All","25-49","16-64","Female","All","33.8","1.7","600000","1773300","7082"
"Inactive","Percentage of individuals inactive","Other than White","White and other","Jan15-Dec15","year","All","25-49","16-64","Female","Disabled","52.1","4.8","131500","252300","1029"
"Inactive","Percentage of individuals inactive","Other than White","White and other","Jan15-Dec15","year","All","25-49","16-64","Female","Non-disabled","30.7","1.8","462800","1505300","5994"
"Inactive","Percentage of individuals inactive","Other than White","White and other","Jan15-Dec15","year","All","25-49","16-64","Female","unknown","36.3","19.4","5700","15700","59"
"Inactive","Percentage of individuals inactive","Other than White","White and other","Jan15-Dec15","year","All","25-49","16-64","Male","All","9.5","1.2","155600","1640400","5759"
"Inactive","Percentage of individuals inactive","Other than White","White and other","Jan15-Dec15","year","All","25-49","16-64","Male","Disabled","26.9","5.2","50900","189000","687"
"Inactive","Percentage of individuals inactive","Other than White","White and other","Jan15-Dec15","year","All","25-49","16-64","Male","Non-disabled","7.1","1.1","102600","1440700","5035"
"Inactive","Percentage of individuals inactive","Other than White","White and other","Jan15-Dec15","year","All","25-49","16-64","Male","unknown","20.5","20.6","2200","10700","37"
"Inactive","Percentage of individuals inactive","Other than White","White and other","Jan15-Dec15","year","All","50-64","16-64","All","All","30.5","2.3","278700","914100","3945"
"Inactive","Percentage of individuals inactive","Other than White","White and other","Jan15-Dec15","year","All","50-64","16-64","All","Disabled","56.4","4.3","165900","294300","1270"
"Inactive","Percentage of individuals inactive","Other than White","White and other","Jan15-Dec15","year","All","50-64","16-64","All","Non-disabled","17.9","2.3","109100","609600","2638"
"Inactive","Percentage of individuals inactive","Other than White","White and other","Jan15-Dec15","year","All","50-64","16-64","All","unknown","35.5","24.4","3600","10200","37"
"Inactive","Percentage of individuals inactive","Other than White","White and other","Jan15-Dec15","year","All","50-64","16-64","Female","All","39.6","3.3","186800","471900","2070"
"Inactive","Percentage of individuals inactive","Other than White","White and other","Jan15-Dec15","year","All","50-64","16-64","Female","Disabled","63.2","5.6","102500","162200","713"
"Inactive","Percentage of individuals inactive","Other than White","White and other","Jan15-Dec15","year","All","50-64","16-64","Female","Non-disabled","26.8","3.7","82000","305500","1341"
"Inactive","Percentage of individuals inactive","Other than White","White and other","Jan15-Dec15","year","All","50-64","16-64","Female","unknown","!","!","!","!","!"
"Inactive","Percentage of individuals inactive","Other than White","White and other","Jan15-Dec15","year","All","50-64","16-64","Male","All","20.8","2.9","91800","442200","1875"
"Inactive","Percentage of individuals inactive","Other than White","White and other","Jan15-Dec15","year","All","50-64","16-64","Male","Disabled","48","6.6","63400","132100","557"
"Inactive","Percentage of individuals inactive","Other than White","White and other","Jan15-Dec15","year","All","50-64","16-64","Male","Non-disabled","8.9","2.4","27100","304100","1297"
"Inactive","Percentage of individuals inactive","Other than White","White and other","Jan15-Dec15","year","All","50-64","16-64","Male","unknown","!","!","!","!","!"
"Inactive","Percentage of individuals inactive","Other than White","White and other","Jan15-Dec15","year","All","All","16-64","All","All","30.5","1","1673600","5489400","20821"
"Inactive","Percentage of individuals inactive","Other than White","White and other","Jan15-Dec15","year","All","All","16-64","All","Disabled","49.3","2.7","409500","831000","3303"
"Inactive","Percentage of individuals inactive","Other than White","White and other","Jan15-Dec15","year","All","All","16-64","All","Non-disabled","27","1","1244100","4609800","17351"
"Inactive","Percentage of individuals inactive","Other than White","White and other","Jan15-Dec15","year","All","All","16-64","All","unknown","41","11.8","20000","48600","167"
"Inactive","Percentage of individuals inactive","Other than White","White and other","Jan15-Dec15","year","All","All","16-64","Female","All","39.3","1.4","1111300","2829100","11175"
"Inactive","Percentage of individuals inactive","Other than White","White and other","Jan15-Dec15","year","All","All","16-64","Female","Disabled","57","3.5","265300","465200","1908"
"Inactive","Percentage of individuals inactive","Other than White","White and other","Jan15-Dec15","year","All","All","16-64","Female","Non-disabled","35.6","1.5","832700","2336600","9172"
"Inactive","Percentage of individuals inactive","Other than White","White and other","Jan15-Dec15","year","All","All","16-64","Female","unknown","48.8","15.9","13300","27200","95"
"Inactive","Percentage of individuals inactive","Other than White","White and other","Jan15-Dec15","year","All","All","16-64","Male","All","21.1","1.3","562300","2660300","9646"
"Inactive","Percentage of individuals inactive","Other than White","White and other","Jan15-Dec15","year","All","All","16-64","Male","Disabled","39.4","4.1","144200","365800","1395"
"Inactive","Percentage of individuals inactive","Other than White","White and other","Jan15-Dec15","year","All","All","16-64","Male","Non-disabled","18.1","1.3","411400","2273200","8179"
"Inactive","Percentage of individuals inactive","Other than White","White and other","Jan15-Dec15","year","All","All","16-64","Male","unknown","31.2","16.9","6700","21400","72"
"Inactive","Percentage of individuals inactive","Other than White","White and other","Jan15-Dec15","year","East Midlands","All","16-64","All","All","30.1","4","92500","307100","1272"
"Inactive","Percentage of individuals inactive","Other than White","White and other","Jan15-Dec15","year","East Midlands","All","16-64","All","Disabled","50.3","10.8","22800","45300","205"
"Inactive","Percentage of individuals inactive","Other than White","White and other","Jan15-Dec15","year","East Midlands","All","16-64","All","Non-disabled","26.2","4.2","67500","257500","1054"
"Inactive","Percentage of individuals inactive","Other than White","White and other","Jan15-Dec15","year","East Midlands","All","16-64","All","unknown","!","!","!","!","!"
"Inactive","Percentage of individuals inactive","Other than White","White and other","Jan15-Dec15","year","East of England","All","16-64","All","All","25.4","3.5","91000","358400","1486"
"Inactive","Percentage of individuals inactive","Other than White","White and other","Jan15-Dec15","year","East of England","All","16-64","All","Disabled","45","10.3","19100","42400","223"
"Inactive","Percentage of individuals inactive","Other than White","White and other","Jan15-Dec15","year","East of England","All","16-64","All","Non-disabled","22.7","3.7","70700","311800","1245"
"Inactive","Percentage of individuals inactive","Other than White","White and other","Jan15-Dec15","year","East of England","All","16-64","All","unknown","!","!","!","!","!"
"Inactive","Percentage of individuals inactive","Other than White","White and other","Jan15-Dec15","year","London","All","16-64","All","All","28.5","1.7","669900","2354600","6944"
"Inactive","Percentage of individuals inactive","Other than White","White and other","Jan15-Dec15","year","London","All","16-64","All","Disabled","48.7","4.5","182000","373800","1191"
"Inactive","Percentage of individuals inactive","Other than White","White and other","Jan15-Dec15","year","London","All","16-64","All","Non-disabled","24.5","1.8","478900","1958100","5690"
"Inactive","Percentage of individuals inactive","Other than White","White and other","Jan15-Dec15","year","London","All","16-64","All","unknown","39.8","19.1","9100","22700","63"
"Inactive","Percentage of individuals inactive","Other than White","White and other","Jan15-Dec15","year","North East","All","16-64","All","All","36.8","6.1","30500","82900","597"
"Inactive","Percentage of individuals inactive","Other than White","White and other","Jan15-Dec15","year","North East","All","16-64","All","Disabled","49.2","16.7","5500","11200","86"
"Inactive","Percentage of individuals inactive","Other than White","White and other","Jan15-Dec15","year","North East","All","16-64","All","Non-disabled","34.5","6.5","24600","71300","509"
"Inactive","Percentage of individuals inactive","Other than White","White and other","Jan15-Dec15","year","North East","All","16-64","All","unknown","!","!","!","!","!"
"Inactive","Percentage of individuals inactive","Other than White","White and other","Jan15-Dec15","year","North West","All","16-64","All","All","36.9","3","179600","487200","2490"
"Inactive","Percentage of individuals inactive","Other than White","White and other","Jan15-Dec15","year","North West","All","16-64","All","Disabled","58.7","7.4","46200","78700","420"
"Inactive","Percentage of individuals inactive","Other than White","White and other","Jan15-Dec15","year","North West","All","16-64","All","Non-disabled","32.6","3.2","132100","405800","2056"
"Inactive","Percentage of individuals inactive","Other than White","White and other","Jan15-Dec15","year","North West","All","16-64","All","unknown","!","!","!","!","!"
"Inactive","Percentage of individuals inactive","Other than White","White and other","Jan15-Dec15","year","Scotland","All","16-64","All","All","34.6","5.8","49700","143700","643"
"Inactive","Percentage of individuals inactive","Other than White","White and other","Jan15-Dec15","year","Scotland","All","16-64","All","Disabled","51.3","17.4","8400","16300","79"
"Inactive","Percentage of individuals inactive","Other than White","White and other","Jan15-Dec15","year","Scotland","All","16-64","All","Non-disabled","32","6.1","40500","126500","559"
"Inactive","Percentage of individuals inactive","Other than White","White and other","Jan15-Dec15","year","Scotland","All","16-64","All","unknown","!","!","!","!","!"
"Inactive","Percentage of individuals inactive","Other than White","White and other","Jan15-Dec15","year","South East","All","16-64","All","All","24.5","2.7","130100","530300","2523"
"Inactive","Percentage of individuals inactive","Other than White","White and other","Jan15-Dec15","year","South East","All","16-64","All","Disabled","36.7","8","25900","70500","347"
"Inactive","Percentage of individuals inactive","Other than White","White and other","Jan15-Dec15","year","South East","All","16-64","All","Non-disabled","22.7","2.8","103000","453800","2154"
"Inactive","Percentage of individuals inactive","Other than White","White and other","Jan15-Dec15","year","South East","All","16-64","All","unknown","!","!","!","!","!"
"Inactive","Percentage of individuals inactive","Other than White","White and other","Jan15-Dec15","year","South West","All","16-64","All","All","24.6","4.8","42100","171400","770"
"Inactive","Percentage of individuals inactive","Other than White","White and other","Jan15-Dec15","year","South West","All","16-64","All","Disabled","37","15","7800","21000","99"
"Inactive","Percentage of individuals inactive","Other than White","White and other","Jan15-Dec15","year","South West","All","16-64","All","Non-disabled","22.6","5","33700","149100","664"
"Inactive","Percentage of individuals inactive","Other than White","White and other","Jan15-Dec15","year","South West","All","16-64","All","unknown","!","!","!","!","!"
"Inactive","Percentage of individuals inactive","Other than White","White and other","Jan15-Dec15","year","Wales","All","16-64","All","All","35.7","5.7","31200","87300","676"
"Inactive","Percentage of individuals inactive","Other than White","White and other","Jan15-Dec15","year","Wales","All","16-64","All","Disabled","47.2","15.6","6300","13300","98"
"Inactive","Percentage of individuals inactive","Other than White","White and other","Jan15-Dec15","year","Wales","All","16-64","All","Non-disabled","33.8","6.1","24900","73700","575"
"Inactive","Percentage of individuals inactive","Other than White","White and other","Jan15-Dec15","year","Wales","All","16-64","All","unknown","!","!","!","!","!"
"Inactive","Percentage of individuals inactive","Other than White","White and other","Jan15-Dec15","year","West Midlands","All","16-64","All","All","37.8","3.3","228400","604300","2133"
"Inactive","Percentage of individuals inactive","Other than White","White and other","Jan15-Dec15","year","West Midlands","All","16-64","All","Disabled","53.8","8.5","49800","92700","327"
"Inactive","Percentage of individuals inactive","Other than White","White and other","Jan15-Dec15","year","West Midlands","All","16-64","All","Non-disabled","34.6","3.5","175500","507500","1794"
"Inactive","Percentage of individuals inactive","Other than White","White and other","Jan15-Dec15","year","West Midlands","All","16-64","All","unknown","!","!","!","!","!"
"Inactive","Percentage of individuals inactive","Other than White","White and other","Jan15-Dec15","year","Yorkshire and The Humber","All","16-64","All","All","35.5","4.1","128600","362300","1287"
"Inactive","Percentage of individuals inactive","Other than White","White and other","Jan15-Dec15","year","Yorkshire and The Humber","All","16-64","All","Disabled","54.5","10.2","35900","65800","228"
"Inactive","Percentage of individuals inactive","Other than White","White and other","Jan15-Dec15","year","Yorkshire and The Humber","All","16-64","All","Non-disabled","31.4","4.4","92600","294700","1051"
"Inactive","Percentage of individuals inactive","Other than White","White and other","Jan15-Dec15","year","Yorkshire and The Humber","All","16-64","All","unknown","!","!","!","!","!"
"Inactive","Percentage of individuals inactive","Pakistani/Bangladeshi","Detailed","Jan15-Dec15","year","All","16-24","16-64","All","All","52.5","5","136600","260300","958"
"Inactive","Percentage of individuals inactive","Pakistani/Bangladeshi","Detailed","Jan15-Dec15","year","All","16-24","16-64","All","Disabled","!","!","!","!","!"
"Inactive","Percentage of individuals inactive","Pakistani/Bangladeshi","Detailed","Jan15-Dec15","year","All","16-24","16-64","All","Non-disabled","51.1","5.2","120900","236800","873"
"Inactive","Percentage of individuals inactive","Pakistani/Bangladeshi","Detailed","Jan15-Dec15","year","All","16-24","16-64","All","unknown","!","!","!","!","!"
"Inactive","Percentage of individuals inactive","Pakistani/Bangladeshi","Detailed","Jan15-Dec15","year","All","16-24","16-64","Female","All","52.7","7.1","66300","126000","476"
"Inactive","Percentage of individuals inactive","Pakistani/Bangladeshi","Detailed","Jan15-Dec15","year","All","16-24","16-64","Female","Disabled","!","!","!","!","!"
"Inactive","Percentage of individuals inactive","Pakistani/Bangladeshi","Detailed","Jan15-Dec15","year","All","16-24","16-64","Female","Non-disabled","52","7.5","59100","113700","430"
"Inactive","Percentage of individuals inactive","Pakistani/Bangladeshi","Detailed","Jan15-Dec15","year","All","16-24","16-64","Female","unknown","!","!","!","!","!"
"Inactive","Percentage of individuals inactive","Pakistani/Bangladeshi","Detailed","Jan15-Dec15","year","All","16-24","16-64","Male","All","52.3","7","70300","134300","482"
"Inactive","Percentage of individuals inactive","Pakistani/Bangladeshi","Detailed","Jan15-Dec15","year","All","16-24","16-64","Male","Disabled","!","!","!","!","!"
"Inactive","Percentage of individuals inactive","Pakistani/Bangladeshi","Detailed","Jan15-Dec15","year","All","16-24","16-64","Male","Non-disabled","50.2","7.4","61800","123100","443"
"Inactive","Percentage of individuals inactive","Pakistani/Bangladeshi","Detailed","Jan15-Dec15","year","All","16-24","16-64","Male","unknown","!","!","!","!","!"
"Inactive","Percentage of individuals inactive","Pakistani/Bangladeshi","Detailed","Jan15-Dec15","year","All","25-49","16-64","All","All","32.6","2.7","231800","712000","2885"
"Inactive","Percentage of individuals inactive","Pakistani/Bangladeshi","Detailed","Jan15-Dec15","year","All","25-49","16-64","All","Disabled","50.1","7","59400","118600","491"
"Inactive","Percentage of individuals inactive","Pakistani/Bangladeshi","Detailed","Jan15-Dec15","year","All","25-49","16-64","All","Non-disabled","29.1","2.9","171200","587500","2371"
"Inactive","Percentage of individuals inactive","Pakistani/Bangladeshi","Detailed","Jan15-Dec15","year","All","25-49","16-64","All","unknown","!","!","!","!","!"
"Inactive","Percentage of individuals inactive","Pakistani/Bangladeshi","Detailed","Jan15-Dec15","year","All","25-49","16-64","Female","All","58","3.9","202200","348900","1511"
"Inactive","Percentage of individuals inactive","Pakistani/Bangladeshi","Detailed","Jan15-Dec15","year","All","25-49","16-64","Female","Disabled","71.4","8.2","48000","67300","291"
"Inactive","Percentage of individuals inactive","Pakistani/Bangladeshi","Detailed","Jan15-Dec15","year","All","25-49","16-64","Female","Non-disabled","54.8","4.4","153400","280200","1211"
"Inactive","Percentage of individuals inactive","Pakistani/Bangladeshi","Detailed","Jan15-Dec15","year","All","25-49","16-64","Female","unknown","!","!","!","!","!"
"Inactive","Percentage of individuals inactive","Pakistani/Bangladeshi","Detailed","Jan15-Dec15","year","All","25-49","16-64","Male","All","8.2","2.3","29600","363100","1374"
"Inactive","Percentage of individuals inactive","Pakistani/Bangladeshi","Detailed","Jan15-Dec15","year","All","25-49","16-64","Male","Disabled","22.2","9.1","11400","51300","200"
"Inactive","Percentage of individuals inactive","Pakistani/Bangladeshi","Detailed","Jan15-Dec15","year","All","25-49","16-64","Male","Non-disabled","5.8","2.1","17800","307300","1160"
"Inactive","Percentage of individuals inactive","Pakistani/Bangladeshi","Detailed","Jan15-Dec15","year","All","25-49","16-64","Male","unknown","!","!","!","!","!"
"Inactive","Percentage of individuals inactive","Pakistani/Bangladeshi","Detailed","Jan15-Dec15","year","All","50-64","16-64","All","All","52.6","6.3","70600","134200","608"
"Inactive","Percentage of individuals inactive","Pakistani/Bangladeshi","Detailed","Jan15-Dec15","year","All","50-64","16-64","All","Disabled","71.2","7.9","47300","66400","312"
"Inactive","Percentage of individuals inactive","Pakistani/Bangladeshi","Detailed","Jan15-Dec15","year","All","50-64","16-64","All","Non-disabled","33.7","8.6","22400","66500","290"
"Inactive","Percentage of individuals inactive","Pakistani/Bangladeshi","Detailed","Jan15-Dec15","year","All","50-64","16-64","All","unknown","!","!","!","!","!"
"Inactive","Percentage of individuals inactive","Pakistani/Bangladeshi","Detailed","Jan15-Dec15","year","All","50-64","16-64","Female","All","81.2","7.1","49700","61200","288"
"Inactive","Percentage of individuals inactive","Pakistani/Bangladeshi","Detailed","Jan15-Dec15","year","All","50-64","16-64","Female","Disabled","91.3","6.8","31300","34300","164"
"Inactive","Percentage of individuals inactive","Pakistani/Bangladeshi","Detailed","Jan15-Dec15","year","All","50-64","16-64","Female","Non-disabled","67.2","13.2","17500","26000","121"
"Inactive","Percentage of individuals inactive","Pakistani/Bangladeshi","Detailed","Jan15-Dec15","year","All","50-64","16-64","Female","unknown","!","!","!","!","!"
"Inactive","Percentage of individuals inactive","Pakistani/Bangladeshi","Detailed","Jan15-Dec15","year","All","50-64","16-64","Male","All","28.6","7.8","20900","73000","320"
"Inactive","Percentage of individuals inactive","Pakistani/Bangladeshi","Detailed","Jan15-Dec15","year","All","50-64","16-64","Male","Disabled","49.7","12.7","16000","32200","148"
"Inactive","Percentage of individuals inactive","Pakistani/Bangladeshi","Detailed","Jan15-Dec15","year","All","50-64","16-64","Male","Non-disabled","12.2","7.8","4900","40500","169"
"Inactive","Percentage of individuals inactive","Pakistani/Bangladeshi","Detailed","Jan15-Dec15","year","All","50-64","16-64","Male","unknown","!","!","!","!","!"
"Inactive","Percentage of individuals inactive","Pakistani/Bangladeshi","Detailed","Jan15-Dec15","year","All","All","16-64","All","All","39.7","2.3","439100","1106500","4451"
"Inactive","Percentage of individuals inactive","Pakistani/Bangladeshi","Detailed","Jan15-Dec15","year","All","All","16-64","All","Disabled","58.6","5.1","121100","206600","881"
"Inactive","Percentage of individuals inactive","Pakistani/Bangladeshi","Detailed","Jan15-Dec15","year","All","All","16-64","All","Non-disabled","35.3","2.5","314500","890900","3534"
"Inactive","Percentage of individuals inactive","Pakistani/Bangladeshi","Detailed","Jan15-Dec15","year","All","All","16-64","All","unknown","!","!","!","!","!"
"Inactive","Percentage of individuals inactive","Pakistani/Bangladeshi","Detailed","Jan15-Dec15","year","All","All","16-64","Female","All","59.4","3.2","318300","536100","2275"
"Inactive","Percentage of individuals inactive","Pakistani/Bangladeshi","Detailed","Jan15-Dec15","year","All","All","16-64","Female","Disabled","76.4","5.9","85700","112200","496"
"Inactive","Percentage of individuals inactive","Pakistani/Bangladeshi","Detailed","Jan15-Dec15","year","All","All","16-64","Female","Non-disabled","54.8","3.7","229900","419900","1762"
"Inactive","Percentage of individuals inactive","Pakistani/Bangladeshi","Detailed","Jan15-Dec15","year","All","All","16-64","Female","unknown","!","!","!","!","!"
"Inactive","Percentage of individuals inactive","Pakistani/Bangladeshi","Detailed","Jan15-Dec15","year","All","All","16-64","Male","All","21.2","2.7","120800","570400","2176"
"Inactive","Percentage of individuals inactive","Pakistani/Bangladeshi","Detailed","Jan15-Dec15","year","All","All","16-64","Male","Disabled","37.6","7.6","35500","94400","385"
"Inactive","Percentage of individuals inactive","Pakistani/Bangladeshi","Detailed","Jan15-Dec15","year","All","All","16-64","Male","Non-disabled","18","2.8","84600","471000","1772"
"Inactive","Percentage of individuals inactive","Pakistani/Bangladeshi","Detailed","Jan15-Dec15","year","All","All","16-64","Male","unknown","!","!","!","!","!"
"Inactive","Percentage of individuals inactive","Pakistani/Bangladeshi","Detailed","Jan15-Dec15","year","East Midlands","All","16-64","All","All","35.2","10.9","13900","39400","185"
"Inactive","Percentage of individuals inactive","Pakistani/Bangladeshi","Detailed","Jan15-Dec15","year","East Midlands","All","16-64","All","Disabled","!","!","!","!","!"
"Inactive","Percentage of individuals inactive","Pakistani/Bangladeshi","Detailed","Jan15-Dec15","year","East Midlands","All","16-64","All","Non-disabled","29.3","11.9","9100","31000","141"
"Inactive","Percentage of individuals inactive","Pakistani/Bangladeshi","Detailed","Jan15-Dec15","year","East Midlands","All","16-64","All","unknown","!","!","!","!","!"
"Inactive","Percentage of individuals inactive","Pakistani/Bangladeshi","Detailed","Jan15-Dec15","year","East of England","All","16-64","All","All","37.6","7.7","23600","62900","383"
"Inactive","Percentage of individuals inactive","Pakistani/Bangladeshi","Detailed","Jan15-Dec15","year","East of England","All","16-64","All","Disabled","!","!","!","!","!"
"Inactive","Percentage of individuals inactive","Pakistani/Bangladeshi","Detailed","Jan15-Dec15","year","East of England","All","16-64","All","Non-disabled","32.9","8.5","16800","51000","294"
"Inactive","Percentage of individuals inactive","Pakistani/Bangladeshi","Detailed","Jan15-Dec15","year","East of England","All","16-64","All","unknown","!","!","!","!","!"
"Inactive","Percentage of individuals inactive","Pakistani/Bangladeshi","Detailed","Jan15-Dec15","year","London","All","16-64","All","All","36","4.7","125700","348700","1003"
"Inactive","Percentage of individuals inactive","Pakistani/Bangladeshi","Detailed","Jan15-Dec15","year","London","All","16-64","All","Disabled","58.5","10.9","36600","62600","195"
"Inactive","Percentage of individuals inactive","Pakistani/Bangladeshi","Detailed","Jan15-Dec15","year","London","All","16-64","All","Non-disabled","31","5.1","87400","281500","798"
"Inactive","Percentage of individuals inactive","Pakistani/Bangladeshi","Detailed","Jan15-Dec15","year","London","All","16-64","All","unknown","!","!","!","!","!"
"Inactive","Percentage of individuals inactive","Pakistani/Bangladeshi","Detailed","Jan15-Dec15","year","North East","All","16-64","All","All","39.6","12.8","7000","17800","141"
"Inactive","Percentage of individuals inactive","Pakistani/Bangladeshi","Detailed","Jan15-Dec15","year","North East","All","16-64","All","Disabled","!","!","!","!","!"
"Inactive","Percentage of individuals inactive","Pakistani/Bangladeshi","Detailed","Jan15-Dec15","year","North East","All","16-64","All","Non-disabled","34.9","13.5","5200","15000","119"
"Inactive","Percentage of individuals inactive","Pakistani/Bangladeshi","Detailed","Jan15-Dec15","year","North East","All","16-64","All","unknown","!","!","!","!","!"
"Inactive","Percentage of individuals inactive","Pakistani/Bangladeshi","Detailed","Jan15-Dec15","year","North West","All","16-64","All","All","41.6","5","69000","165900","923"
"Inactive","Percentage of individuals inactive","Pakistani/Bangladeshi","Detailed","Jan15-Dec15","year","North West","All","16-64","All","Disabled","64.2","10.9","21000","32600","186"
"Inactive","Percentage of individuals inactive","Pakistani/Bangladeshi","Detailed","Jan15-Dec15","year","North West","All","16-64","All","Non-disabled","36","5.5","47800","132700","733"
"Inactive","Percentage of individuals inactive","Pakistani/Bangladeshi","Detailed","Jan15-Dec15","year","North West","All","16-64","All","unknown","!","!","!","!","!"
"Inactive","Percentage of individuals inactive","Pakistani/Bangladeshi","Detailed","Jan15-Dec15","year","Scotland","All","16-64","All","All","49","13.5","16100","32900","131"
"Inactive","Percentage of individuals inactive","Pakistani/Bangladeshi","Detailed","Jan15-Dec15","year","Scotland","All","16-64","All","Disabled","!","!","!","!","!"
"Inactive","Percentage of individuals inactive","Pakistani/Bangladeshi","Detailed","Jan15-Dec15","year","Scotland","All","16-64","All","Non-disabled","46.9","14.9","13300","28400","108"
"Inactive","Percentage of individuals inactive","Pakistani/Bangladeshi","Detailed","Jan15-Dec15","year","Scotland","All","16-64","All","unknown","!","!","!","!","!"
"Inactive","Percentage of individuals inactive","Pakistani/Bangladeshi","Detailed","Jan15-Dec15","year","South East","All","16-64","All","All","33.3","6.8","26100","78600","459"
"Inactive","Percentage of individuals inactive","Pakistani/Bangladeshi","Detailed","Jan15-Dec15","year","South East","All","16-64","All","Disabled","!","!","!","!","!"
"Inactive","Percentage of individuals inactive","Pakistani/Bangladeshi","Detailed","Jan15-Dec15","year","South East","All","16-64","All","Non-disabled","31.7","7.6","19800","62500","360"
"Inactive","Percentage of individuals inactive","Pakistani/Bangladeshi","Detailed","Jan15-Dec15","year","South East","All","16-64","All","unknown","!","!","!","!","!"
"Inactive","Percentage of individuals inactive","Pakistani/Bangladeshi","Detailed","Jan15-Dec15","year","South West","All","16-64","All","All","!","!","!","!","!"
"Inactive","Percentage of individuals inactive","Pakistani/Bangladeshi","Detailed","Jan15-Dec15","year","South West","All","16-64","All","Disabled","!","!","!","!","!"
"Inactive","Percentage of individuals inactive","Pakistani/Bangladeshi","Detailed","Jan15-Dec15","year","South West","All","16-64","All","Non-disabled","!","!","!","!","!"
"Inactive","Percentage of individuals inactive","Pakistani/Bangladeshi","Detailed","Jan15-Dec15","year","South West","All","16-64","All","unknown","!","!","!","!","!"
"Inactive","Percentage of individuals inactive","Pakistani/Bangladeshi","Detailed","Jan15-Dec15","year","Wales","All","16-64","All","All","39.4","14.4","6500","16400","111"
"Inactive","Percentage of individuals inactive","Pakistani/Bangladeshi","Detailed","Jan15-Dec15","year","Wales","All","16-64","All","Disabled","!","!","!","!","!"
"Inactive","Percentage of individuals inactive","Pakistani/Bangladeshi","Detailed","Jan15-Dec15","year","Wales","All","16-64","All","Non-disabled","!","!","!","!","!"
"Inactive","Percentage of individuals inactive","Pakistani/Bangladeshi","Detailed","Jan15-Dec15","year","Wales","All","16-64","All","unknown","!","!","!","!","!"
"Inactive","Percentage of individuals inactive","Pakistani/Bangladeshi","Detailed","Jan15-Dec15","year","West Midlands","All","16-64","All","All","44.6","6.5","82300","184800","561"
"Inactive","Percentage of individuals inactive","Pakistani/Bangladeshi","Detailed","Jan15-Dec15","year","West Midlands","All","16-64","All","Disabled","59.7","15","19600","32900","102"
"Inactive","Percentage of individuals inactive","Pakistani/Bangladeshi","Detailed","Jan15-Dec15","year","West Midlands","All","16-64","All","Non-disabled","41","7.1","62000","151200","457"
"Inactive","Percentage of individuals inactive","Pakistani/Bangladeshi","Detailed","Jan15-Dec15","year","West Midlands","All","16-64","All","unknown","!","!","!","!","!"
"Inactive","Percentage of individuals inactive","Pakistani/Bangladeshi","Detailed","Jan15-Dec15","year","Yorkshire and The Humber","All","16-64","All","All","43.8","6.8","65900","150400","518"
"Inactive","Percentage of individuals inactive","Pakistani/Bangladeshi","Detailed","Jan15-Dec15","year","Yorkshire and The Humber","All","16-64","All","Disabled","61.5","14.4","19800","32200","110"
"Inactive","Percentage of individuals inactive","Pakistani/Bangladeshi","Detailed","Jan15-Dec15","year","Yorkshire and The Humber","All","16-64","All","Non-disabled","39.3","7.5","46100","117300","404"
"Inactive","Percentage of individuals inactive","Pakistani/Bangladeshi","Detailed","Jan15-Dec15","year","Yorkshire and The Humber","All","16-64","All","unknown","!","!","!","!","!"
"Inactive","Percentage of individuals inactive","Unknown","ONS 2011 5+1","Jan15-Dec15","year","All","16-24","16-64","All","All","!","!","!","!","!"
"Inactive","Percentage of individuals inactive","Unknown","ONS 2011 5+1","Jan15-Dec15","year","All","16-24","16-64","All","Disabled","!","!","!","!","!"
"Inactive","Percentage of individuals inactive","Unknown","ONS 2011 5+1","Jan15-Dec15","year","All","16-24","16-64","All","Non-disabled","!","!","!","!","!"
"Inactive","Percentage of individuals inactive","Unknown","ONS 2011 5+1","Jan15-Dec15","year","All","16-24","16-64","All","unknown","!","!","!","!","!"
"Inactive","Percentage of individuals inactive","Unknown","ONS 2011 5+1","Jan15-Dec15","year","All","16-24","16-64","Female","All","!","!","!","!","!"
"Inactive","Percentage of individuals inactive","Unknown","ONS 2011 5+1","Jan15-Dec15","year","All","16-24","16-64","Female","Disabled","!","!","!","!","!"
"Inactive","Percentage of individuals inactive","Unknown","ONS 2011 5+1","Jan15-Dec15","year","All","16-24","16-64","Female","Non-disabled","!","!","!","!","!"
"Inactive","Percentage of individuals inactive","Unknown","ONS 2011 5+1","Jan15-Dec15","year","All","16-24","16-64","Female","unknown","!","!","!","!","!"
"Inactive","Percentage of individuals inactive","Unknown","ONS 2011 5+1","Jan15-Dec15","year","All","16-24","16-64","Male","All","!","!","!","!","!"
"Inactive","Percentage of individuals inactive","Unknown","ONS 2011 5+1","Jan15-Dec15","year","All","16-24","16-64","Male","Disabled","!","!","!","!","!"
"Inactive","Percentage of individuals inactive","Unknown","ONS 2011 5+1","Jan15-Dec15","year","All","16-24","16-64","Male","Non-disabled","!","!","!","!","!"
"Inactive","Percentage of individuals inactive","Unknown","ONS 2011 5+1","Jan15-Dec15","year","All","16-24","16-64","Male","unknown","!","!","!","!","!"
"Inactive","Percentage of individuals inactive","Unknown","ONS 2011 5+1","Jan15-Dec15","year","All","25-49","16-64","All","All","!","!","!","!","!"
"Inactive","Percentage of individuals inactive","Unknown","ONS 2011 5+1","Jan15-Dec15","year","All","25-49","16-64","All","Disabled","!","!","!","!","!"
"Inactive","Percentage of individuals inactive","Unknown","ONS 2011 5+1","Jan15-Dec15","year","All","25-49","16-64","All","Non-disabled","!","!","!","!","!"
"Inactive","Percentage of individuals inactive","Unknown","ONS 2011 5+1","Jan15-Dec15","year","All","25-49","16-64","All","unknown","!","!","!","!","!"
"Inactive","Percentage of individuals inactive","Unknown","ONS 2011 5+1","Jan15-Dec15","year","All","25-49","16-64","Female","All","!","!","!","!","!"
"Inactive","Percentage of individuals inactive","Unknown","ONS 2011 5+1","Jan15-Dec15","year","All","25-49","16-64","Female","Disabled","!","!","!","!","!"
"Inactive","Percentage of individuals inactive","Unknown","ONS 2011 5+1","Jan15-Dec15","year","All","25-49","16-64","Female","Non-disabled","!","!","!","!","!"
"Inactive","Percentage of individuals inactive","Unknown","ONS 2011 5+1","Jan15-Dec15","year","All","25-49","16-64","Female","unknown","!","!","!","!","!"
"Inactive","Percentage of individuals inactive","Unknown","ONS 2011 5+1","Jan15-Dec15","year","All","25-49","16-64","Male","All","!","!","!","!","!"
"Inactive","Percentage of individuals inactive","Unknown","ONS 2011 5+1","Jan15-Dec15","year","All","25-49","16-64","Male","Disabled","!","!","!","!","!"
"Inactive","Percentage of individuals inactive","Unknown","ONS 2011 5+1","Jan15-Dec15","year","All","25-49","16-64","Male","Non-disabled","!","!","!","!","!"
"Inactive","Percentage of individuals inactive","Unknown","ONS 2011 5+1","Jan15-Dec15","year","All","25-49","16-64","Male","unknown","!","!","!","!","!"
"Inactive","Percentage of individuals inactive","Unknown","ONS 2011 5+1","Jan15-Dec15","year","All","50-64","16-64","All","All","!","!","!","!","!"
"Inactive","Percentage of individuals inactive","Unknown","ONS 2011 5+1","Jan15-Dec15","year","All","50-64","16-64","All","Disabled","!","!","!","!","!"
"Inactive","Percentage of individuals inactive","Unknown","ONS 2011 5+1","Jan15-Dec15","year","All","50-64","16-64","All","Non-disabled","!","!","!","!","!"
"Inactive","Percentage of individuals inactive","Unknown","ONS 2011 5+1","Jan15-Dec15","year","All","50-64","16-64","All","unknown","!","!","!","!","!"
"Inactive","Percentage of individuals inactive","Unknown","ONS 2011 5+1","Jan15-Dec15","year","All","50-64","16-64","Female","All","!","!","!","!","!"
"Inactive","Percentage of individuals inactive","Unknown","ONS 2011 5+1","Jan15-Dec15","year","All","50-64","16-64","Female","Disabled","!","!","!","!","!"
"Inactive","Percentage of individuals inactive","Unknown","ONS 2011 5+1","Jan15-Dec15","year","All","50-64","16-64","Female","Non-disabled","!","!","!","!","!"
"Inactive","Percentage of individuals inactive","Unknown","ONS 2011 5+1","Jan15-Dec15","year","All","50-64","16-64","Female","unknown","!","!","!","!","!"
"Inactive","Percentage of individuals inactive","Unknown","ONS 2011 5+1","Jan15-Dec15","year","All","50-64","16-64","Male","All","!","!","!","!","!"
"Inactive","Percentage of individuals inactive","Unknown","ONS 2011 5+1","Jan15-Dec15","year","All","50-64","16-64","Male","Disabled","!","!","!","!","!"
"Inactive","Percentage of individuals inactive","Unknown","ONS 2011 5+1","Jan15-Dec15","year","All","50-64","16-64","Male","Non-disabled","!","!","!","!","!"
"Inactive","Percentage of individuals inactive","Unknown","ONS 2011 5+1","Jan15-Dec15","year","All","50-64","16-64","Male","unknown","!","!","!","!","!"
"Inactive","Percentage of individuals inactive","Unknown","ONS 2011 5+1","Jan15-Dec15","year","All","All","16-64","All","All","34.3","10.6","19200","56100","191"
"Inactive","Percentage of individuals inactive","Unknown","ONS 2011 5+1","Jan15-Dec15","year","All","All","16-64","All","Disabled","!","!","!","!","!"
"Inactive","Percentage of individuals inactive","Unknown","ONS 2011 5+1","Jan15-Dec15","year","All","All","16-64","All","Non-disabled","23","11.2","9300","40300","136"
"Inactive","Percentage of individuals inactive","Unknown","ONS 2011 5+1","Jan15-Dec15","year","All","All","16-64","All","unknown","!","!","!","!","!"
"Inactive","Percentage of individuals inactive","Unknown","ONS 2011 5+1","Jan15-Dec15","year","All","All","16-64","Female","All","!","!","!","!","!"
"Inactive","Percentage of individuals inactive","Unknown","ONS 2011 5+1","Jan15-Dec15","year","All","All","16-64","Female","Disabled","!","!","!","!","!"
"Inactive","Percentage of individuals inactive","Unknown","ONS 2011 5+1","Jan15-Dec15","year","All","All","16-64","Female","Non-disabled","!","!","!","!","!"
"Inactive","Percentage of individuals inactive","Unknown","ONS 2011 5+1","Jan15-Dec15","year","All","All","16-64","Female","unknown","!","!","!","!","!"
"Inactive","Percentage of individuals inactive","Unknown","ONS 2011 5+1","Jan15-Dec15","year","All","All","16-64","Male","All","!","!","!","!","!"
"Inactive","Percentage of individuals inactive","Unknown","ONS 2011 5+1","Jan15-Dec15","year","All","All","16-64","Male","Disabled","!","!","!","!","!"
"Inactive","Percentage of individuals inactive","Unknown","ONS 2011 5+1","Jan15-Dec15","year","All","All","16-64","Male","Non-disabled","!","!","!","!","!"
"Inactive","Percentage of individuals inactive","Unknown","ONS 2011 5+1","Jan15-Dec15","year","All","All","16-64","Male","unknown","!","!","!","!","!"
"Inactive","Percentage of individuals inactive","Unknown","ONS 2011 5+1","Jan15-Dec15","year","East Midlands","All","16-64","All","All","!","!","!","!","!"
"Inactive","Percentage of individuals inactive","Unknown","ONS 2011 5+1","Jan15-Dec15","year","East Midlands","All","16-64","All","Disabled","!","!","!","!","!"
"Inactive","Percentage of individuals inactive","Unknown","ONS 2011 5+1","Jan15-Dec15","year","East Midlands","All","16-64","All","Non-disabled","!","!","!","!","!"
"Inactive","Percentage of individuals inactive","Unknown","ONS 2011 5+1","Jan15-Dec15","year","East Midlands","All","16-64","All","unknown","!","!","!","!","!"
"Inactive","Percentage of individuals inactive","Unknown","ONS 2011 5+1","Jan15-Dec15","year","East of England","All","16-64","All","All","!","!","!","!","!"
"Inactive","Percentage of individuals inactive","Unknown","ONS 2011 5+1","Jan15-Dec15","year","East of England","All","16-64","All","Disabled","!","!","!","!","!"
"Inactive","Percentage of individuals inactive","Unknown","ONS 2011 5+1","Jan15-Dec15","year","East of England","All","16-64","All","Non-disabled","!","!","!","!","!"
"Inactive","Percentage of individuals inactive","Unknown","ONS 2011 5+1","Jan15-Dec15","year","East of England","All","16-64","All","unknown","!","!","!","!","!"
"Inactive","Percentage of individuals inactive","Unknown","ONS 2011 5+1","Jan15-Dec15","year","London","All","16-64","All","All","!","!","!","!","!"
"Inactive","Percentage of individuals inactive","Unknown","ONS 2011 5+1","Jan15-Dec15","year","London","All","16-64","All","Disabled","!","!","!","!","!"
"Inactive","Percentage of individuals inactive","Unknown","ONS 2011 5+1","Jan15-Dec15","year","London","All","16-64","All","Non-disabled","!","!","!","!","!"
"Inactive","Percentage of individuals inactive","Unknown","ONS 2011 5+1","Jan15-Dec15","year","London","All","16-64","All","unknown","!","!","!","!","!"
"Inactive","Percentage of individuals inactive","Unknown","ONS 2011 5+1","Jan15-Dec15","year","North East","All","16-64","All","All","!","!","!","!","!"
"Inactive","Percentage of individuals inactive","Unknown","ONS 2011 5+1","Jan15-Dec15","year","North East","All","16-64","All","Disabled","!","!","!","!","!"
"Inactive","Percentage of individuals inactive","Unknown","ONS 2011 5+1","Jan15-Dec15","year","North East","All","16-64","All","Non-disabled","!","!","!","!","!"
"Inactive","Percentage of individuals inactive","Unknown","ONS 2011 5+1","Jan15-Dec15","year","North East","All","16-64","All","unknown","!","!","!","!","!"
"Inactive","Percentage of individuals inactive","Unknown","ONS 2011 5+1","Jan15-Dec15","year","North West","All","16-64","All","All","!","!","!","!","!"
"Inactive","Percentage of individuals inactive","Unknown","ONS 2011 5+1","Jan15-Dec15","year","North West","All","16-64","All","Disabled","!","!","!","!","!"
"Inactive","Percentage of individuals inactive","Unknown","ONS 2011 5+1","Jan15-Dec15","year","North West","All","16-64","All","Non-disabled","!","!","!","!","!"
"Inactive","Percentage of individuals inactive","Unknown","ONS 2011 5+1","Jan15-Dec15","year","North West","All","16-64","All","unknown","!","!","!","!","!"
"Inactive","Percentage of individuals inactive","Unknown","ONS 2011 5+1","Jan15-Dec15","year","Scotland","All","16-64","All","All","!","!","!","!","!"
"Inactive","Percentage of individuals inactive","Unknown","ONS 2011 5+1","Jan15-Dec15","year","Scotland","All","16-64","All","Disabled","!","!","!","!","!"
"Inactive","Percentage of individuals inactive","Unknown","ONS 2011 5+1","Jan15-Dec15","year","Scotland","All","16-64","All","Non-disabled","!","!","!","!","!"
"Inactive","Percentage of individuals inactive","Unknown","ONS 2011 5+1","Jan15-Dec15","year","Scotland","All","16-64","All","unknown","!","!","!","!","!"
"Inactive","Percentage of individuals inactive","Unknown","ONS 2011 5+1","Jan15-Dec15","year","South East","All","16-64","All","All","!","!","!","!","!"
"Inactive","Percentage of individuals inactive","Unknown","ONS 2011 5+1","Jan15-Dec15","year","South East","All","16-64","All","Disabled","!","!","!","!","!"
"Inactive","Percentage of individuals inactive","Unknown","ONS 2011 5+1","Jan15-Dec15","year","South East","All","16-64","All","Non-disabled","!","!","!","!","!"
"Inactive","Percentage of individuals inactive","Unknown","ONS 2011 5+1","Jan15-Dec15","year","South East","All","16-64","All","unknown","!","!","!","!","!"
"Inactive","Percentage of individuals inactive","Unknown","ONS 2011 5+1","Jan15-Dec15","year","South West","All","16-64","All","All","!","!","!","!","!"
"Inactive","Percentage of individuals inactive","Unknown","ONS 2011 5+1","Jan15-Dec15","year","South West","All","16-64","All","Disabled","!","!","!","!","!"
"Inactive","Percentage of individuals inactive","Unknown","ONS 2011 5+1","Jan15-Dec15","year","South West","All","16-64","All","Non-disabled","!","!","!","!","!"
"Inactive","Percentage of individuals inactive","Unknown","ONS 2011 5+1","Jan15-Dec15","year","South West","All","16-64","All","unknown","!","!","!","!","!"
"Inactive","Percentage of individuals inactive","Unknown","ONS 2011 5+1","Jan15-Dec15","year","Wales","All","16-64","All","All","!","!","!","!","!"
"Inactive","Percentage of individuals inactive","Unknown","ONS 2011 5+1","Jan15-Dec15","year","Wales","All","16-64","All","Disabled","!","!","!","!","!"
"Inactive","Percentage of individuals inactive","Unknown","ONS 2011 5+1","Jan15-Dec15","year","Wales","All","16-64","All","Non-disabled","!","!","!","!","!"
"Inactive","Percentage of individuals inactive","Unknown","ONS 2011 5+1","Jan15-Dec15","year","Wales","All","16-64","All","unknown","!","!","!","!","!"
"Inactive","Percentage of individuals inactive","Unknown","ONS 2011 5+1","Jan15-Dec15","year","West Midlands","All","16-64","All","All","!","!","!","!","!"
"Inactive","Percentage of individuals inactive","Unknown","ONS 2011 5+1","Jan15-Dec15","year","West Midlands","All","16-64","All","Disabled","!","!","!","!","!"
"Inactive","Percentage of individuals inactive","Unknown","ONS 2011 5+1","Jan15-Dec15","year","West Midlands","All","16-64","All","Non-disabled","!","!","!","!","!"
"Inactive","Percentage of individuals inactive","Unknown","ONS 2011 5+1","Jan15-Dec15","year","West Midlands","All","16-64","All","unknown","!","!","!","!","!"
"Inactive","Percentage of individuals inactive","Unknown","ONS 2011 5+1","Jan15-Dec15","year","Yorkshire and The Humber","All","16-64","All","All","!","!","!","!","!"
"Inactive","Percentage of individuals inactive","Unknown","ONS 2011 5+1","Jan15-Dec15","year","Yorkshire and The Humber","All","16-64","All","Disabled","!","!","!","!","!"
"Inactive","Percentage of individuals inactive","Unknown","ONS 2011 5+1","Jan15-Dec15","year","Yorkshire and The Humber","All","16-64","All","Non-disabled","!","!","!","!","!"
"Inactive","Percentage of individuals inactive","Unknown","ONS 2011 5+1","Jan15-Dec15","year","Yorkshire and The Humber","All","16-64","All","unknown","!","!","!","!","!"
"Inactive","Percentage of individuals inactive","White","ONS 2011 5+1","Jan15-Dec15","year","All","16-24","16-64","All","All","33.8","1","1985200","5875200","23249"
"Inactive","Percentage of individuals inactive","White","ONS 2011 5+1","Jan15-Dec15","year","All","16-24","16-64","All","Disabled","48.6","2.9","350600","721000","2855"
"Inactive","Percentage of individuals inactive","White","ONS 2011 5+1","Jan15-Dec15","year","All","16-24","16-64","All","Non-disabled","31.5","1","1613800","5119700","20247"
"Inactive","Percentage of individuals inactive","White","ONS 2011 5+1","Jan15-Dec15","year","All","16-24","16-64","All","unknown","60.3","12.5","20800","34500","147"
"Inactive","Percentage of individuals inactive","White","ONS 2011 5+1","Jan15-Dec15","year","All","16-24","16-64","Female","All","35.5","1.4","1021500","2874200","11681"
"Inactive","Percentage of individuals inactive","White","ONS 2011 5+1","Jan15-Dec15","year","All","16-24","16-64","Female","Disabled","46.1","3.9","178400","387000","1561"
"Inactive","Percentage of individuals inactive","White","ONS 2011 5+1","Jan15-Dec15","year","All","16-24","16-64","Female","Non-disabled","33.8","1.5","834600","2471800","10046"
"Inactive","Percentage of individuals inactive","White","ONS 2011 5+1","Jan15-Dec15","year","All","16-24","16-64","Female","unknown","54.9","17.9","8400","15400","74"
"Inactive","Percentage of individuals inactive","White","ONS 2011 5+1","Jan15-Dec15","year","All","16-24","16-64","Male","All","32.1","1.3","963700","3001000","11568"
"Inactive","Percentage of individuals inactive","White","ONS 2011 5+1","Jan15-Dec15","year","All","16-24","16-64","Male","Disabled","51.6","4.3","172200","334000","1294"
"Inactive","Percentage of individuals inactive","White","ONS 2011 5+1","Jan15-Dec15","year","All","16-24","16-64","Male","Non-disabled","29.4","1.4","779100","2647900","10201"
"Inactive","Percentage of individuals inactive","White","ONS 2011 5+1","Jan15-Dec15","year","All","16-24","16-64","Male","unknown","64.7","17.3","12300","19100","73"
"Inactive","Percentage of individuals inactive","White","ONS 2011 5+1","Jan15-Dec15","year","All","25-49","16-64","All","All","12.4","0.4","2186100","17595300","78961"
"Inactive","Percentage of individuals inactive","White","ONS 2011 5+1","Jan15-Dec15","year","All","25-49","16-64","All","Disabled","38.1","1.3","1042500","2733900","12852"
"Inactive","Percentage of individuals inactive","White","ONS 2011 5+1","Jan15-Dec15","year","All","25-49","16-64","All","Non-disabled","7.6","0.3","1118100","14756700","65622"
"Inactive","Percentage of individuals inactive","White","ONS 2011 5+1","Jan15-Dec15","year","All","25-49","16-64","All","unknown","24.3","6","25500","104800","487"
"Inactive","Percentage of individuals inactive","White","ONS 2011 5+1","Jan15-Dec15","year","All","25-49","16-64","Female","All","17.7","0.6","1562000","8834300","41904"
"Inactive","Percentage of individuals inactive","White","ONS 2011 5+1","Jan15-Dec15","year","All","25-49","16-64","Female","Disabled","40.5","1.7","630300","1555800","7638"
"Inactive","Percentage of individuals inactive","White","ONS 2011 5+1","Jan15-Dec15","year","All","25-49","16-64","Female","Non-disabled","12.7","0.6","915300","7216600","33969"
"Inactive","Percentage of individuals inactive","White","ONS 2011 5+1","Jan15-Dec15","year","All","25-49","16-64","Female","unknown","26.5","7.9","16400","62000","297"
"Inactive","Percentage of individuals inactive","White","ONS 2011 5+1","Jan15-Dec15","year","All","25-49","16-64","Male","All","7.1","0.4","624100","8761000","37057"
"Inactive","Percentage of individuals inactive","White","ONS 2011 5+1","Jan15-Dec15","year","All","25-49","16-64","Male","Disabled","35","2","412200","1178100","5214"
"Inactive","Percentage of individuals inactive","White","ONS 2011 5+1","Jan15-Dec15","year","All","25-49","16-64","Male","Non-disabled","2.7","0.3","202900","7540100","31653"
"Inactive","Percentage of individuals inactive","White","ONS 2011 5+1","Jan15-Dec15","year","All","25-49","16-64","Male","unknown","21.1","9.2","9100","42800","190"
"Inactive","Percentage of individuals inactive","White","ONS 2011 5+1","Jan15-Dec15","year","All","50-64","16-64","All","All","27.7","0.6","2960100","10672300","57420"
"Inactive","Percentage of individuals inactive","White","ONS 2011 5+1","Jan15-Dec15","year","All","50-64","16-64","All","Disabled","53.8","1.2","1472400","2738300","15303"
"Inactive","Percentage of individuals inactive","White","ONS 2011 5+1","Jan15-Dec15","year","All","50-64","16-64","All","Non-disabled","18.6","0.6","1465000","7862500","41684"
"Inactive","Percentage of individuals inactive","White","ONS 2011 5+1","Jan15-Dec15","year","All","50-64","16-64","All","unknown","31.6","6.9","22600","71600","433"
"Inactive","Percentage of individuals inactive","White","ONS 2011 5+1","Jan15-Dec15","year","All","50-64","16-64","Female","All","33.3","0.8","1806000","5424000","30101"
"Inactive","Percentage of individuals inactive","White","ONS 2011 5+1","Jan15-Dec15","year","All","50-64","16-64","Female","Disabled","56.9","1.7","848800","1490900","8551"
"Inactive","Percentage of individuals inactive","White","ONS 2011 5+1","Jan15-Dec15","year","All","50-64","16-64","Female","Non-disabled","24.2","0.9","942300","3892500","21307"
"Inactive","Percentage of individuals inactive","White","ONS 2011 5+1","Jan15-Dec15","year","All","50-64","16-64","Female","unknown","37","9.6","15000","40600","243"
"Inactive","Percentage of individuals inactive","White","ONS 2011 5+1","Jan15-Dec15","year","All","50-64","16-64","Male","All","22","0.8","1154100","5248300","27319"
"Inactive","Percentage of individuals inactive","White","ONS 2011 5+1","Jan15-Dec15","year","All","50-64","16-64","Male","Disabled","50","1.9","623700","1247400","6752"
"Inactive","Percentage of individuals inactive","White","ONS 2011 5+1","Jan15-Dec15","year","All","50-64","16-64","Male","Non-disabled","13.2","0.7","522800","3969900","20377"
"Inactive","Percentage of individuals inactive","White","ONS 2011 5+1","Jan15-Dec15","year","All","50-64","16-64","Male","unknown","24.7","9.7","7600","31000","190"
"Inactive","Percentage of individuals inactive","White","ONS 2011 5+1","Jan15-Dec15","year","All","All","16-64","All","All","20.9","0.3","7131300","34142800","159630"
"Inactive","Percentage of individuals inactive","White","ONS 2011 5+1","Jan15-Dec15","year","All","All","16-64","All","Disabled","46.3","0.9","2865500","6193100","31010"
"Inactive","Percentage of individuals inactive","White","ONS 2011 5+1","Jan15-Dec15","year","All","All","16-64","All","Non-disabled","15.1","0.3","4196900","27738900","127553"
"Inactive","Percentage of individuals inactive","White","ONS 2011 5+1","Jan15-Dec15","year","All","All","16-64","All","unknown","32.7","4.4","68900","210900","1067"
"Inactive","Percentage of individuals inactive","White","ONS 2011 5+1","Jan15-Dec15","year","All","All","16-64","Female","All","25.6","0.5","4389500","17132600","83686"
"Inactive","Percentage of individuals inactive","White","ONS 2011 5+1","Jan15-Dec15","year","All","All","16-64","Female","Disabled","48.3","1.2","1657500","3433700","17750"
"Inactive","Percentage of individuals inactive","White","ONS 2011 5+1","Jan15-Dec15","year","All","All","16-64","Female","Non-disabled","19.8","0.5","2692200","13580900","65322"
"Inactive","Percentage of individuals inactive","White","ONS 2011 5+1","Jan15-Dec15","year","All","All","16-64","Female","unknown","33.8","5.9","39900","117900","614"
"Inactive","Percentage of individuals inactive","White","ONS 2011 5+1","Jan15-Dec15","year","All","All","16-64","Male","All","16.1","0.4","2741800","17010300","75944"
"Inactive","Percentage of individuals inactive","White","ONS 2011 5+1","Jan15-Dec15","year","All","All","16-64","Male","Disabled","43.8","1.3","1208000","2759400","13260"
"Inactive","Percentage of individuals inactive","White","ONS 2011 5+1","Jan15-Dec15","year","All","All","16-64","Male","Non-disabled","10.6","0.4","1504700","14157900","62231"
"Inactive","Percentage of individuals inactive","White","ONS 2011 5+1","Jan15-Dec15","year","All","All","16-64","Male","unknown","31.3","6.7","29100","92900","453"
"Inactive","Percentage of individuals inactive","White","ONS 2011 5+1","Jan15-Dec15","year","East Midlands","All","16-64","All","All","21.6","1.5","561500","2601100","7633"
"Inactive","Percentage of individuals inactive","White","ONS 2011 5+1","Jan15-Dec15","year","East Midlands","All","16-64","All","Disabled","45.4","4","221500","488200","1465"
"Inactive","Percentage of individuals inactive","White","ONS 2011 5+1","Jan15-Dec15","year","East Midlands","All","16-64","All","Non-disabled","16","1.4","335500","2101600","6129"
"Inactive","Percentage of individuals inactive","White","ONS 2011 5+1","Jan15-Dec15","year","East Midlands","All","16-64","All","unknown","39.5","24.2","4500","11400","39"
"Inactive","Percentage of individuals inactive","White","ONS 2011 5+1","Jan15-Dec15","year","East of England","All","16-64","All","All","18.7","1.2","629900","3361600","10319"
"Inactive","Percentage of individuals inactive","White","ONS 2011 5+1","Jan15-Dec15","year","East of England","All","16-64","All","Disabled","41.7","3.6","241800","580100","1847"
"Inactive","Percentage of individuals inactive","White","ONS 2011 5+1","Jan15-Dec15","year","East of England","All","16-64","All","Non-disabled","13.8","1.2","380400","2763000","8409"
"Inactive","Percentage of individuals inactive","White","ONS 2011 5+1","Jan15-Dec15","year","East of England","All","16-64","All","unknown","41.7","19.2","7700","18500","63"
"Inactive","Percentage of individuals inactive","White","ONS 2011 5+1","Jan15-Dec15","year","London","All","16-64","All","All","18.1","1.2","634100","3496600","10201"
"Inactive","Percentage of individuals inactive","White","ONS 2011 5+1","Jan15-Dec15","year","London","All","16-64","All","Disabled","43.1","3.9","211400","490900","1529"
"Inactive","Percentage of individuals inactive","White","ONS 2011 5+1","Jan15-Dec15","year","London","All","16-64","All","Non-disabled","14","1.2","416600","2975000","8578"
"Inactive","Percentage of individuals inactive","White","ONS 2011 5+1","Jan15-Dec15","year","London","All","16-64","All","unknown","19.9","12.8","6100","30700","94"
"Inactive","Percentage of individuals inactive","White","ONS 2011 5+1","Jan15-Dec15","year","North East","All","16-64","All","All","24.2","1.2","378400","1564200","11262"
"Inactive","Percentage of individuals inactive","White","ONS 2011 5+1","Jan15-Dec15","year","North East","All","16-64","All","Disabled","52.9","3.1","174400","329900","2459"
"Inactive","Percentage of individuals inactive","White","ONS 2011 5+1","Jan15-Dec15","year","North East","All","16-64","All","Non-disabled","16.3","1.2","199500","1222300","8713"
"Inactive","Percentage of individuals inactive","White","ONS 2011 5+1","Jan15-Dec15","year","North East","All","16-64","All","unknown","37.5","15.8","4500","11900","90"
"Inactive","Percentage of individuals inactive","White","ONS 2011 5+1","Jan15-Dec15","year","North West","All","16-64","All","All","23.2","0.9","927500","3998800","20063"
"Inactive","Percentage of individuals inactive","White","ONS 2011 5+1","Jan15-Dec15","year","North West","All","16-64","All","Disabled","51.2","2.4","412300","805700","4309"
"Inactive","Percentage of individuals inactive","White","ONS 2011 5+1","Jan15-Dec15","year","North West","All","16-64","All","Non-disabled","16","0.9","506000","3170300","15627"
"Inactive","Percentage of individuals inactive","White","ONS 2011 5+1","Jan15-Dec15","year","North West","All","16-64","All","unknown","40","13.5","9100","22800","127"
"Inactive","Percentage of individuals inactive","White","ONS 2011 5+1","Jan15-Dec15","year","Scotland","All","16-64","All","All","21.8","0.9","709900","3257800","22505"
"Inactive","Percentage of individuals inactive","White","ONS 2011 5+1","Jan15-Dec15","year","Scotland","All","16-64","All","Disabled","51.8","2.4","314000","606200","4302"
"Inactive","Percentage of individuals inactive","White","ONS 2011 5+1","Jan15-Dec15","year","Scotland","All","16-64","All","Non-disabled","14.8","0.8","389300","2632200","18069"
"Inactive","Percentage of individuals inactive","White","ONS 2011 5+1","Jan15-Dec15","year","Scotland","All","16-64","All","unknown","34","12.7","6600","19400","134"
"Inactive","Percentage of individuals inactive","White","ONS 2011 5+1","Jan15-Dec15","year","South East","All","16-64","All","All","19.2","0.9","952700","4964300","19236"
"Inactive","Percentage of individuals inactive","White","ONS 2011 5+1","Jan15-Dec15","year","South East","All","16-64","All","Disabled","40.1","2.7","335500","836800","3263"
"Inactive","Percentage of individuals inactive","White","ONS 2011 5+1","Jan15-Dec15","year","South East","All","16-64","All","Non-disabled","14.9","0.9","610800","4097700","15852"
"Inactive","Percentage of individuals inactive","White","ONS 2011 5+1","Jan15-Dec15","year","South East","All","16-64","All","unknown","21.5","11.6","6400","29800","121"
"Inactive","Percentage of individuals inactive","White","ONS 2011 5+1","Jan15-Dec15","year","South West","All","16-64","All","All","19.1","1","596800","3126000","13615"
"Inactive","Percentage of individuals inactive","White","ONS 2011 5+1","Jan15-Dec15","year","South West","All","16-64","All","Disabled","39.7","3","222400","559700","2575"
"Inactive","Percentage of individuals inactive","White","ONS 2011 5+1","Jan15-Dec15","year","South West","All","16-64","All","Non-disabled","14.4","1","368500","2551000","10966"
"Inactive","Percentage of individuals inactive","White","ONS 2011 5+1","Jan15-Dec15","year","South West","All","16-64","All","unknown","38.7","17.5","6000","15400","74"
"Inactive","Percentage of individuals inactive","White","ONS 2011 5+1","Jan15-Dec15","year","Wales","All","16-64","All","All","24.6","1","448000","1818500","19433"
"Inactive","Percentage of individuals inactive","White","ONS 2011 5+1","Jan15-Dec15","year","Wales","All","16-64","All","Disabled","52","2.4","203200","390900","4334"
"Inactive","Percentage of individuals inactive","White","ONS 2011 5+1","Jan15-Dec15","year","Wales","All","16-64","All","Non-disabled","16.9","0.9","238900","1414700","14951"
"Inactive","Percentage of individuals inactive","White","ONS 2011 5+1","Jan15-Dec15","year","Wales","All","16-64","All","unknown","45.3","12.7","5900","12900","148"
"Inactive","Percentage of individuals inactive","White","ONS 2011 5+1","Jan15-Dec15","year","West Midlands","All","16-64","All","All","22.2","1.2","654900","2949200","11747"
"Inactive","Percentage of individuals inactive","White","ONS 2011 5+1","Jan15-Dec15","year","West Midlands","All","16-64","All","Disabled","48.7","3.3","259100","531900","2224"
"Inactive","Percentage of individuals inactive","White","ONS 2011 5+1","Jan15-Dec15","year","West Midlands","All","16-64","All","Non-disabled","16.2","1.2","388400","2397000","9435"
"Inactive","Percentage of individuals inactive","White","ONS 2011 5+1","Jan15-Dec15","year","West Midlands","All","16-64","All","unknown","36.1","15.9","7400","20400","88"
"Inactive","Percentage of individuals inactive","White","ONS 2011 5+1","Jan15-Dec15","year","Yorkshire and The Humber","All","16-64","All","All","21.2","1.1","637600","3004800","13616"
"Inactive","Percentage of individuals inactive","White","ONS 2011 5+1","Jan15-Dec15","year","Yorkshire and The Humber","All","16-64","All","Disabled","47.1","3","269900","572800","2703"
"Inactive","Percentage of individuals inactive","White","ONS 2011 5+1","Jan15-Dec15","year","Yorkshire and The Humber","All","16-64","All","Non-disabled","15","1.1","362900","2414100","10824"
"Inactive","Percentage of individuals inactive","White","ONS 2011 5+1","Jan15-Dec15","year","Yorkshire and The Humber","All","16-64","All","unknown","27.4","14.6","4900","17800","89"
"Inactive","Percentage of individuals inactive","White British","Detailed","Jan15-Dec15","year","All","16-24","16-64","All","All","33.7","1","1862400","5531100","22080"
"Inactive","Percentage of individuals inactive","White British","Detailed","Jan15-Dec15","year","All","16-24","16-64","All","Disabled","49","2.9","342800","699300","2784"
"Inactive","Percentage of individuals inactive","White British","Detailed","Jan15-Dec15","year","All","16-24","16-64","All","Non-disabled","31.2","1","1499500","4799300","19155"
"Inactive","Percentage of individuals inactive","White British","Detailed","Jan15-Dec15","year","All","16-24","16-64","All","unknown","61.8","12.7","20100","32600","141"
"Inactive","Percentage of individuals inactive","White British","Detailed","Jan15-Dec15","year","All","16-24","16-64","Female","All","35.5","1.4","955500","2689800","11044"
"Inactive","Percentage of individuals inactive","White British","Detailed","Jan15-Dec15","year","All","16-24","16-64","Female","Disabled","46.6","4","174500","374700","1518"
"Inactive","Percentage of individuals inactive","White British","Detailed","Jan15-Dec15","year","All","16-24","16-64","Female","Non-disabled","33.6","1.5","772500","2301000","9456"
"Inactive","Percentage of individuals inactive","White British","Detailed","Jan15-Dec15","year","All","16-24","16-64","Female","unknown","!","!","!","!","!"
"Inactive","Percentage of individuals inactive","White British","Detailed","Jan15-Dec15","year","All","16-24","16-64","Male","All","31.9","1.4","907000","2841300","11036"
"Inactive","Percentage of individuals inactive","White British","Detailed","Jan15-Dec15","year","All","16-24","16-64","Male","Disabled","51.8","4.3","168300","324600","1266"
"Inactive","Percentage of individuals inactive","White British","Detailed","Jan15-Dec15","year","All","16-24","16-64","Male","Non-disabled","29.1","1.4","727000","2498300","9699"
"Inactive","Percentage of individuals inactive","White British","Detailed","Jan15-Dec15","year","All","16-24","16-64","Male","unknown","!","!","!","!","!"
"Inactive","Percentage of individuals inactive","White British","Detailed","Jan15-Dec15","year","All","25-49","16-64","All","All","12.4","0.4","1939500","15594000","71519"
"Inactive","Percentage of individuals inactive","White British","Detailed","Jan15-Dec15","year","All","25-49","16-64","All","Disabled","38.7","1.4","989700","2559100","12172"
"Inactive","Percentage of individuals inactive","White British","Detailed","Jan15-Dec15","year","All","25-49","16-64","All","Non-disabled","7.2","0.3","927000","12945500","58915"
"Inactive","Percentage of individuals inactive","White British","Detailed","Jan15-Dec15","year","All","25-49","16-64","All","unknown","25.6","6.5","22900","89400","432"
"Inactive","Percentage of individuals inactive","White British","Detailed","Jan15-Dec15","year","All","25-49","16-64","Female","All","17.5","0.6","1358700","7779300","37754"
"Inactive","Percentage of individuals inactive","White British","Detailed","Jan15-Dec15","year","All","25-49","16-64","Female","Disabled","41.1","1.8","593600","1444100","7190"
"Inactive","Percentage of individuals inactive","White British","Detailed","Jan15-Dec15","year","All","25-49","16-64","Female","Non-disabled","11.9","0.6","750100","6281800","30299"
"Inactive","Percentage of individuals inactive","White British","Detailed","Jan15-Dec15","year","All","25-49","16-64","Female","unknown","28.1","8.6","15000","53400","265"
"Inactive","Percentage of individuals inactive","White British","Detailed","Jan15-Dec15","year","All","25-49","16-64","Male","All","7.4","0.4","580900","7814600","33765"
"Inactive","Percentage of individuals inactive","White British","Detailed","Jan15-Dec15","year","All","25-49","16-64","Male","Disabled","35.5","2.1","396100","1114900","4982"
"Inactive","Percentage of individuals inactive","White British","Detailed","Jan15-Dec15","year","All","25-49","16-64","Male","Non-disabled","2.7","0.3","177000","6663700","28616"
"Inactive","Percentage of individuals inactive","White British","Detailed","Jan15-Dec15","year","All","25-49","16-64","Male","unknown","21.8","9.9","7900","36000","167"
"Inactive","Percentage of individuals inactive","White British","Detailed","Jan15-Dec15","year","All","50-64","16-64","All","All","27.9","0.6","2867000","10274300","55578"
"Inactive","Percentage of individuals inactive","White British","Detailed","Jan15-Dec15","year","All","50-64","16-64","All","Disabled","53.9","1.3","1425200","2646300","14865"
"Inactive","Percentage of individuals inactive","White British","Detailed","Jan15-Dec15","year","All","50-64","16-64","All","Non-disabled","18.8","0.6","1419800","7560100","40296"
"Inactive","Percentage of individuals inactive","White British","Detailed","Jan15-Dec15","year","All","50-64","16-64","All","unknown","32.3","7.1","22000","67900","417"
"Inactive","Percentage of individuals inactive","White British","Detailed","Jan15-Dec15","year","All","50-64","16-64","Female","All","33.5","0.9","1745300","5212600","29084"
"Inactive","Percentage of individuals inactive","White British","Detailed","Jan15-Dec15","year","All","50-64","16-64","Female","Disabled","57.1","1.7","820500","1437800","8289"
"Inactive","Percentage of individuals inactive","White British","Detailed","Jan15-Dec15","year","All","50-64","16-64","Female","Non-disabled","24.4","0.9","910200","3736500","20560"
"Inactive","Percentage of individuals inactive","White British","Detailed","Jan15-Dec15","year","All","50-64","16-64","Female","unknown","38.1","9.8","14600","38300","235"
"Inactive","Percentage of individuals inactive","White British","Detailed","Jan15-Dec15","year","All","50-64","16-64","Male","All","22.2","0.8","1121700","5061600","26494"
"Inactive","Percentage of individuals inactive","White British","Detailed","Jan15-Dec15","year","All","50-64","16-64","Male","Disabled","50","1.9","604700","1208500","6576"
"Inactive","Percentage of individuals inactive","White British","Detailed","Jan15-Dec15","year","All","50-64","16-64","Male","Non-disabled","13.3","0.7","509600","3823600","19736"
"Inactive","Percentage of individuals inactive","White British","Detailed","Jan15-Dec15","year","All","50-64","16-64","Male","unknown","24.9","9.9","7400","29600","182"
"Inactive","Percentage of individuals inactive","White British","Detailed","Jan15-Dec15","year","All","All","16-64","All","All","21.2","0.3","6669000","31399400","149177"
"Inactive","Percentage of individuals inactive","White British","Detailed","Jan15-Dec15","year","All","All","16-64","All","Disabled","46.7","0.9","2757700","5904600","29821"
"Inactive","Percentage of individuals inactive","White British","Detailed","Jan15-Dec15","year","All","All","16-64","All","Non-disabled","15.2","0.3","3846300","25304900","118366"
"Inactive","Percentage of individuals inactive","White British","Detailed","Jan15-Dec15","year","All","All","16-64","All","unknown","34.2","4.7","65000","189900","990"
"Inactive","Percentage of individuals inactive","White British","Detailed","Jan15-Dec15","year","All","All","16-64","Female","All","25.9","0.5","4059400","15681800","77882"
"Inactive","Percentage of individuals inactive","White British","Detailed","Jan15-Dec15","year","All","All","16-64","Female","Disabled","48.8","1.2","1588600","3256600","16997"
"Inactive","Percentage of individuals inactive","White British","Detailed","Jan15-Dec15","year","All","All","16-64","Female","Non-disabled","19.7","0.5","2432800","12319300","60315"
"Inactive","Percentage of individuals inactive","White British","Detailed","Jan15-Dec15","year","All","All","16-64","Female","unknown","35.9","6.2","38000","105800","570"
"Inactive","Percentage of individuals inactive","White British","Detailed","Jan15-Dec15","year","All","All","16-64","Male","All","16.6","0.4","2609600","15717600","71295"
"Inactive","Percentage of individuals inactive","White British","Detailed","Jan15-Dec15","year","All","All","16-64","Male","Disabled","44.1","1.4","1169100","2648000","12824"
"Inactive","Percentage of individuals inactive","White British","Detailed","Jan15-Dec15","year","All","All","16-64","Male","Non-disabled","10.9","0.4","1413600","12985600","58051"
"Inactive","Percentage of individuals inactive","White British","Detailed","Jan15-Dec15","year","All","All","16-64","Male","unknown","32","7.1","26900","84000","420"
"Inactive","Percentage of individuals inactive","White British","Detailed","Jan15-Dec15","year","East Midlands","All","16-64","All","All","22","1.5","533700","2423500","7082"
"Inactive","Percentage of individuals inactive","White British","Detailed","Jan15-Dec15","year","East Midlands","All","16-64","All","Disabled","45.7","4.1","215800","471900","1410"
"Inactive","Percentage of individuals inactive","White British","Detailed","Jan15-Dec15","year","East Midlands","All","16-64","All","Non-disabled","16.2","1.5","313400","1940500","5634"
"Inactive","Percentage of individuals inactive","White British","Detailed","Jan15-Dec15","year","East Midlands","All","16-64","All","unknown","!","!","!","!","!"
"Inactive","Percentage of individuals inactive","White British","Detailed","Jan15-Dec15","year","East of England","All","16-64","All","All","19.1","1.3","590100","3092100","9364"
"Inactive","Percentage of individuals inactive","White British","Detailed","Jan15-Dec15","year","East of England","All","16-64","All","Disabled","41.8","3.7","231500","553300","1751"
"Inactive","Percentage of individuals inactive","White British","Detailed","Jan15-Dec15","year","East of England","All","16-64","All","Non-disabled","13.9","1.2","351300","2522200","7558"
"Inactive","Percentage of individuals inactive","White British","Detailed","Jan15-Dec15","year","East of England","All","16-64","All","unknown","!","!","!","!","!"
"Inactive","Percentage of individuals inactive","White British","Detailed","Jan15-Dec15","year","London","All","16-64","All","All","18.4","1.4","453700","2470900","7272"
"Inactive","Percentage of individuals inactive","White British","Detailed","Jan15-Dec15","year","London","All","16-64","All","Disabled","43.7","4.4","167100","382400","1194"
"Inactive","Percentage of individuals inactive","White British","Detailed","Jan15-Dec15","year","London","All","16-64","All","Non-disabled","13.6","1.4","282300","2069000","6015"
"Inactive","Percentage of individuals inactive","White British","Detailed","Jan15-Dec15","year","London","All","16-64","All","unknown","!","!","!","!","!"
"Inactive","Percentage of individuals inactive","White British","Detailed","Jan15-Dec15","year","North East","All","16-64","All","All","24.3","1.3","372100","1532400","11030"
"Inactive","Percentage of individuals inactive","White British","Detailed","Jan15-Dec15","year","North East","All","16-64","All","Disabled","52.9","3.1","172900","326700","2435"
"Inactive","Percentage of individuals inactive","White British","Detailed","Jan15-Dec15","year","North East","All","16-64","All","Non-disabled","16.3","1.2","194700","1194000","8508"
"Inactive","Percentage of individuals inactive","White British","Detailed","Jan15-Dec15","year","North East","All","16-64","All","unknown","!","!","!","!","!"
"Inactive","Percentage of individuals inactive","White British","Detailed","Jan15-Dec15","year","North West","All","16-64","All","All","23.4","0.9","892900","3815300","19165"
"Inactive","Percentage of individuals inactive","White British","Detailed","Jan15-Dec15","year","North West","All","16-64","All","Disabled","51.3","2.4","403700","787000","4207"
"Inactive","Percentage of individuals inactive","White British","Detailed","Jan15-Dec15","year","North West","All","16-64","All","Non-disabled","16","0.9","480100","3006200","14836"
"Inactive","Percentage of individuals inactive","White British","Detailed","Jan15-Dec15","year","North West","All","16-64","All","unknown","40.8","13.8","9000","22100","122"
"Inactive","Percentage of individuals inactive","White British","Detailed","Jan15-Dec15","year","Scotland","All","16-64","All","All","22","0.9","675800","3065400","21592"
"Inactive","Percentage of individuals inactive","White British","Detailed","Jan15-Dec15","year","Scotland","All","16-64","All","Disabled","52.3","2.4","305700","584200","4190"
"Inactive","Percentage of individuals inactive","White British","Detailed","Jan15-Dec15","year","Scotland","All","16-64","All","Non-disabled","14.8","0.8","364200","2462700","17272"
"Inactive","Percentage of individuals inactive","White British","Detailed","Jan15-Dec15","year","Scotland","All","16-64","All","unknown","31.9","12.7","5900","18600","130"
"Inactive","Percentage of individuals inactive","White British","Detailed","Jan15-Dec15","year","South East","All","16-64","All","All","19.5","0.9","897900","4609300","17669"
"Inactive","Percentage of individuals inactive","White British","Detailed","Jan15-Dec15","year","South East","All","16-64","All","Disabled","40.8","2.7","324800","796600","3073"
"Inactive","Percentage of individuals inactive","White British","Detailed","Jan15-Dec15","year","South East","All","16-64","All","Non-disabled","15","0.9","567600","3786600","14485"
"Inactive","Percentage of individuals inactive","White British","Detailed","Jan15-Dec15","year","South East","All","16-64","All","unknown","20.9","12","5500","26100","111"
"Inactive","Percentage of individuals inactive","White British","Detailed","Jan15-Dec15","year","South West","All","16-64","All","All","19.3","1.1","572400","2961800","12901"
"Inactive","Percentage of individuals inactive","White British","Detailed","Jan15-Dec15","year","South West","All","16-64","All","Disabled","40","3","217000","542100","2490"
"Inactive","Percentage of individuals inactive","White British","Detailed","Jan15-Dec15","year","South West","All","16-64","All","Non-disabled","14.5","1.1","349400","2405100","10341"
"Inactive","Percentage of individuals inactive","White British","Detailed","Jan15-Dec15","year","South West","All","16-64","All","unknown","!","!","!","!","!"
"Inactive","Percentage of individuals inactive","White British","Detailed","Jan15-Dec15","year","Wales","All","16-64","All","All","24.8","1","439000","1768700","18944"
"Inactive","Percentage of individuals inactive","White British","Detailed","Jan15-Dec15","year","Wales","All","16-64","All","Disabled","52.2","2.4","201200","385000","4266"
"Inactive","Percentage of individuals inactive","White British","Detailed","Jan15-Dec15","year","Wales","All","16-64","All","Non-disabled","16.9","1","232000","1370900","14532"
"Inactive","Percentage of individuals inactive","White British","Detailed","Jan15-Dec15","year","Wales","All","16-64","All","unknown","45.8","12.8","5900","12800","146"
"Inactive","Percentage of individuals inactive","White British","Detailed","Jan15-Dec15","year","West Midlands","All","16-64","All","All","22.5","1.2","625500","2781700","11118"
"Inactive","Percentage of individuals inactive","White British","Detailed","Jan15-Dec15","year","West Midlands","All","16-64","All","Disabled","48.8","3.3","251300","515300","2162"
"Inactive","Percentage of individuals inactive","White British","Detailed","Jan15-Dec15","year","West Midlands","All","16-64","All","Non-disabled","16.3","1.2","366800","2246100","8869"
"Inactive","Percentage of individuals inactive","White British","Detailed","Jan15-Dec15","year","West Midlands","All","16-64","All","unknown","!","!","!","!","!"
"Inactive","Percentage of individuals inactive","White British","Detailed","Jan15-Dec15","year","Yorkshire and The Humber","All","16-64","All","All","21.4","1.1","615900","2878100","13040"
"Inactive","Percentage of individuals inactive","White British","Detailed","Jan15-Dec15","year","Yorkshire and The Humber","All","16-64","All","Disabled","47.6","3","266600","560200","2643"
"Inactive","Percentage of individuals inactive","White British","Detailed","Jan15-Dec15","year","Yorkshire and The Humber","All","16-64","All","Non-disabled","15","1.1","344500","2301600","10316"
"Inactive","Percentage of individuals inactive","White British","Detailed","Jan15-Dec15","year","Yorkshire and The Humber","All","16-64","All","unknown","!","!","!","!","!"
"Inactive","Percentage of individuals inactive","White Other","Detailed","Jan15-Dec15","year","All","16-24","16-64","All","All","35.7","4.3","122700","344100","1169"
"Inactive","Percentage of individuals inactive","White Other","Detailed","Jan15-Dec15","year","All","16-24","16-64","All","Disabled","!","!","!","!","!"
"Inactive","Percentage of individuals inactive","White Other","Detailed","Jan15-Dec15","year","All","16-24","16-64","All","Non-disabled","35.7","4.5","114300","320400","1092"
"Inactive","Percentage of individuals inactive","White Other","Detailed","Jan15-Dec15","year","All","16-24","16-64","All","unknown","!","!","!","!","!"
"Inactive","Percentage of individuals inactive","White Other","Detailed","Jan15-Dec15","year","All","16-24","16-64","Female","All","35.8","5.9","66100","184400","637"
"Inactive","Percentage of individuals inactive","White Other","Detailed","Jan15-Dec15","year","All","16-24","16-64","Female","Disabled","!","!","!","!","!"
"Inactive","Percentage of individuals inactive","White Other","Detailed","Jan15-Dec15","year","All","16-24","16-64","Female","Non-disabled","36.4","6.1","62200","170800","590"
"Inactive","Percentage of individuals inactive","White Other","Detailed","Jan15-Dec15","year","All","16-24","16-64","Female","unknown","!","!","!","!","!"
"Inactive","Percentage of individuals inactive","White Other","Detailed","Jan15-Dec15","year","All","16-24","16-64","Male","All","35.5","6.4","56700","159700","532"
"Inactive","Percentage of individuals inactive","White Other","Detailed","Jan15-Dec15","year","All","16-24","16-64","Male","Disabled","!","!","!","!","!"
"Inactive","Percentage of individuals inactive","White Other","Detailed","Jan15-Dec15","year","All","16-24","16-64","Male","Non-disabled","34.8","6.6","52100","149600","502"
"Inactive","Percentage of individuals inactive","White Other","Detailed","Jan15-Dec15","year","All","16-24","16-64","Male","unknown","!","!","!","!","!"
"Inactive","Percentage of individuals inactive","White Other","Detailed","Jan15-Dec15","year","All","25-49","16-64","All","All","12.3","1.2","246600","2001400","7442"
"Inactive","Percentage of individuals inactive","White Other","Detailed","Jan15-Dec15","year","All","25-49","16-64","All","Disabled","30.2","5.5","52800","174800","680"
"Inactive","Percentage of individuals inactive","White Other","Detailed","Jan15-Dec15","year","All","25-49","16-64","All","Non-disabled","10.6","1.2","191100","1811200","6707"
"Inactive","Percentage of individuals inactive","White Other","Detailed","Jan15-Dec15","year","All","25-49","16-64","All","unknown","!","!","!","!","!"
"Inactive","Percentage of individuals inactive","White Other","Detailed","Jan15-Dec15","year","All","25-49","16-64","Female","All","19.3","1.9","203300","1055000","4150"
"Inactive","Percentage of individuals inactive","White Other","Detailed","Jan15-Dec15","year","All","25-49","16-64","Female","Disabled","32.9","6.9","36700","111600","448"
"Inactive","Percentage of individuals inactive","White Other","Detailed","Jan15-Dec15","year","All","25-49","16-64","Female","Non-disabled","17.7","1.9","165200","934800","3670"
"Inactive","Percentage of individuals inactive","White Other","Detailed","Jan15-Dec15","year","All","25-49","16-64","Female","unknown","!","!","!","!","!"
"Inactive","Percentage of individuals inactive","White Other","Detailed","Jan15-Dec15","year","All","25-49","16-64","Male","All","4.6","1.1","43200","946400","3292"
"Inactive","Percentage of individuals inactive","White Other","Detailed","Jan15-Dec15","year","All","25-49","16-64","Male","Disabled","25.5","8.9","16100","63200","232"
"Inactive","Percentage of individuals inactive","White Other","Detailed","Jan15-Dec15","year","All","25-49","16-64","Male","Non-disabled","3","1","25900","876400","3037"
"Inactive","Percentage of individuals inactive","White Other","Detailed","Jan15-Dec15","year","All","25-49","16-64","Male","unknown","!","!","!","!","!"
"Inactive","Percentage of individuals inactive","White Other","Detailed","Jan15-Dec15","year","All","50-64","16-64","All","All","23.4","3.1","93100","398000","1842"
"Inactive","Percentage of individuals inactive","White Other","Detailed","Jan15-Dec15","year","All","50-64","16-64","All","Disabled","51.3","7.4","47200","92000","438"
"Inactive","Percentage of individuals inactive","White Other","Detailed","Jan15-Dec15","year","All","50-64","16-64","All","Non-disabled","14.9","3","45200","302300","1388"
"Inactive","Percentage of individuals inactive","White Other","Detailed","Jan15-Dec15","year","All","50-64","16-64","All","unknown","!","!","!","!","!"
"Inactive","Percentage of individuals inactive","White Other","Detailed","Jan15-Dec15","year","All","50-64","16-64","Female","All","28.7","4.4","60700","211400","1017"
"Inactive","Percentage of individuals inactive","White Other","Detailed","Jan15-Dec15","year","All","50-64","16-64","Female","Disabled","53.2","9.5","28300","53100","262"
"Inactive","Percentage of individuals inactive","White Other","Detailed","Jan15-Dec15","year","All","50-64","16-64","Female","Non-disabled","20.6","4.6","32100","156000","747"
"Inactive","Percentage of individuals inactive","White Other","Detailed","Jan15-Dec15","year","All","50-64","16-64","Female","unknown","!","!","!","!","!"
"Inactive","Percentage of individuals inactive","White Other","Detailed","Jan15-Dec15","year","All","50-64","16-64","Male","All","17.3","4.1","32400","186600","825"
"Inactive","Percentage of individuals inactive","White Other","Detailed","Jan15-Dec15","year","All","50-64","16-64","Male","Disabled","48.8","11.7","19000","38800","176"
"Inactive","Percentage of individuals inactive","White Other","Detailed","Jan15-Dec15","year","All","50-64","16-64","Male","Non-disabled","9","3.5","13100","146400","641"
"Inactive","Percentage of individuals inactive","White Other","Detailed","Jan15-Dec15","year","All","50-64","16-64","Male","unknown","!","!","!","!","!"
"Inactive","Percentage of individuals inactive","White Other","Detailed","Jan15-Dec15","year","All","All","16-64","All","All","16.9","1.1","462400","2743500","10453"
"Inactive","Percentage of individuals inactive","White Other","Detailed","Jan15-Dec15","year","All","All","16-64","All","Disabled","37.4","4.3","107800","288500","1189"
"Inactive","Percentage of individuals inactive","White Other","Detailed","Jan15-Dec15","year","All","All","16-64","All","Non-disabled","14.4","1.1","350600","2434000","9187"
"Inactive","Percentage of individuals inactive","White Other","Detailed","Jan15-Dec15","year","All","All","16-64","All","unknown","!","!","!","!","!"
"Inactive","Percentage of individuals inactive","White Other","Detailed","Jan15-Dec15","year","All","All","16-64","Female","All","22.8","1.7","330100","1450800","5804"
"Inactive","Percentage of individuals inactive","White Other","Detailed","Jan15-Dec15","year","All","All","16-64","Female","Disabled","38.9","5.5","68900","177100","753"
"Inactive","Percentage of individuals inactive","White Other","Detailed","Jan15-Dec15","year","All","All","16-64","Female","Non-disabled","20.6","1.8","259400","1261600","5007"
"Inactive","Percentage of individuals inactive","White Other","Detailed","Jan15-Dec15","year","All","All","16-64","Female","unknown","!","!","!","!","!"
"Inactive","Percentage of individuals inactive","White Other","Detailed","Jan15-Dec15","year","All","All","16-64","Male","All","10.2","1.4","132200","1292700","4649"
"Inactive","Percentage of individuals inactive","White Other","Detailed","Jan15-Dec15","year","All","All","16-64","Male","Disabled","35","7.1","39000","111400","436"
"Inactive","Percentage of individuals inactive","White Other","Detailed","Jan15-Dec15","year","All","All","16-64","Male","Non-disabled","7.8","1.3","91200","1172400","4180"
"Inactive","Percentage of individuals inactive","White Other","Detailed","Jan15-Dec15","year","All","All","16-64","Male","unknown","!","!","!","!","!"
"Inactive","Percentage of individuals inactive","White Other","Detailed","Jan15-Dec15","year","East Midlands","All","16-64","All","All","15.6","4.8","27800","177600","551"
"Inactive","Percentage of individuals inactive","White Other","Detailed","Jan15-Dec15","year","East Midlands","All","16-64","All","Disabled","!","!","!","!","!"
"Inactive","Percentage of individuals inactive","White Other","Detailed","Jan15-Dec15","year","East Midlands","All","16-64","All","Non-disabled","13.7","4.8","22100","161100","495"
"Inactive","Percentage of individuals inactive","White Other","Detailed","Jan15-Dec15","year","East Midlands","All","16-64","All","unknown","!","!","!","!","!"
"Inactive","Percentage of individuals inactive","White Other","Detailed","Jan15-Dec15","year","East of England","All","16-64","All","All","14.8","3.6","39800","269500","955"
"Inactive","Percentage of individuals inactive","White Other","Detailed","Jan15-Dec15","year","East of England","All","16-64","All","Disabled","!","!","!","!","!"
"Inactive","Percentage of individuals inactive","White Other","Detailed","Jan15-Dec15","year","East of England","All","16-64","All","Non-disabled","12.1","3.5","29100","240800","851"
"Inactive","Percentage of individuals inactive","White Other","Detailed","Jan15-Dec15","year","East of England","All","16-64","All","unknown","!","!","!","!","!"
"Inactive","Percentage of individuals inactive","White Other","Detailed","Jan15-Dec15","year","London","All","16-64","All","All","17.6","2.2","180400","1025700","2929"
"Inactive","Percentage of individuals inactive","White Other","Detailed","Jan15-Dec15","year","London","All","16-64","All","Disabled","40.8","8.3","44300","108600","335"
"Inactive","Percentage of individuals inactive","White Other","Detailed","Jan15-Dec15","year","London","All","16-64","All","Non-disabled","14.8","2.2","134300","906000","2563"
"Inactive","Percentage of individuals inactive","White Other","Detailed","Jan15-Dec15","year","London","All","16-64","All","unknown","!","!","!","!","!"
"Inactive","Percentage of individuals inactive","White Other","Detailed","Jan15-Dec15","year","North East","All","16-64","All","All","20","8.1","6300","31700","232"
"Inactive","Percentage of individuals inactive","White Other","Detailed","Jan15-Dec15","year","North East","All","16-64","All","Disabled","!","!","!","!","!"
"Inactive","Percentage of individuals inactive","White Other","Detailed","Jan15-Dec15","year","North East","All","16-64","All","Non-disabled","16.7","8.1","4700","28300","205"
"Inactive","Percentage of individuals inactive","White Other","Detailed","Jan15-Dec15","year","North East","All","16-64","All","unknown","!","!","!","!","!"
"Inactive","Percentage of individuals inactive","White Other","Detailed","Jan15-Dec15","year","North West","All","16-64","All","All","18.8","4","34600","183500","898"
"Inactive","Percentage of individuals inactive","White Other","Detailed","Jan15-Dec15","year","North West","All","16-64","All","Disabled","45.8","15.3","8600","18700","102"
"Inactive","Percentage of individuals inactive","White Other","Detailed","Jan15-Dec15","year","North West","All","16-64","All","Non-disabled","15.8","4","25900","164100","791"
"Inactive","Percentage of individuals inactive","White Other","Detailed","Jan15-Dec15","year","North West","All","16-64","All","unknown","!","!","!","!","!"
"Inactive","Percentage of individuals inactive","White Other","Detailed","Jan15-Dec15","year","Scotland","All","16-64","All","All","17.7","3.9","34100","192400","913"
"Inactive","Percentage of individuals inactive","White Other","Detailed","Jan15-Dec15","year","Scotland","All","16-64","All","Disabled","37.7","14.2","8300","22000","112"
"Inactive","Percentage of individuals inactive","White Other","Detailed","Jan15-Dec15","year","Scotland","All","16-64","All","Non-disabled","14.8","3.9","25200","169500","797"
"Inactive","Percentage of individuals inactive","White Other","Detailed","Jan15-Dec15","year","Scotland","All","16-64","All","unknown","!","!","!","!","!"
"Inactive","Percentage of individuals inactive","White Other","Detailed","Jan15-Dec15","year","South East","All","16-64","All","All","15.5","2.8","54900","355000","1567"
"Inactive","Percentage of individuals inactive","White Other","Detailed","Jan15-Dec15","year","South East","All","16-64","All","Disabled","26.5","9.9","10700","40200","190"
"Inactive","Percentage of individuals inactive","White Other","Detailed","Jan15-Dec15","year","South East","All","16-64","All","Non-disabled","13.9","2.9","43300","311200","1367"
"Inactive","Percentage of individuals inactive","White Other","Detailed","Jan15-Dec15","year","South East","All","16-64","All","unknown","!","!","!","!","!"
"Inactive","Percentage of individuals inactive","White Other","Detailed","Jan15-Dec15","year","South West","All","16-64","All","All","14.9","4.1","24400","164200","714"
"Inactive","Percentage of individuals inactive","White Other","Detailed","Jan15-Dec15","year","South West","All","16-64","All","Disabled","!","!","!","!","!"
"Inactive","Percentage of individuals inactive","White Other","Detailed","Jan15-Dec15","year","South West","All","16-64","All","Non-disabled","13","4.2","19000","145900","625"
"Inactive","Percentage of individuals inactive","White Other","Detailed","Jan15-Dec15","year","South West","All","16-64","All","unknown","!","!","!","!","!"
"Inactive","Percentage of individuals inactive","White Other","Detailed","Jan15-Dec15","year","Wales","All","16-64","All","All","18","5.4","9000","49800","489"
"Inactive","Percentage of individuals inactive","White Other","Detailed","Jan15-Dec15","year","Wales","All","16-64","All","Disabled","!","!","!","!","!"
"Inactive","Percentage of individuals inactive","White Other","Detailed","Jan15-Dec15","year","Wales","All","16-64","All","Non-disabled","15.8","5.5","6900","43700","419"
"Inactive","Percentage of individuals inactive","White Other","Detailed","Jan15-Dec15","year","Wales","All","16-64","All","unknown","!","!","!","!","!"
"Inactive","Percentage of individuals inactive","White Other","Detailed","Jan15-Dec15","year","West Midlands","All","16-64","All","All","17.6","4.7","29400","167500","629"
"Inactive","Percentage of individuals inactive","White Other","Detailed","Jan15-Dec15","year","West Midlands","All","16-64","All","Disabled","!","!","!","!","!"
"Inactive","Percentage of individuals inactive","White Other","Detailed","Jan15-Dec15","year","West Midlands","All","16-64","All","Non-disabled","14.3","4.6","21600","150900","566"
"Inactive","Percentage of individuals inactive","White Other","Detailed","Jan15-Dec15","year","West Midlands","All","16-64","All","unknown","!","!","!","!","!"
"Inactive","Percentage of individuals inactive","White Other","Detailed","Jan15-Dec15","year","Yorkshire and The Humber","All","16-64","All","All","17.1","4.9","21700","126600","576"
"Inactive","Percentage of individuals inactive","White Other","Detailed","Jan15-Dec15","year","Yorkshire and The Humber","All","16-64","All","Disabled","!","!","!","!","!"
"Inactive","Percentage of individuals inactive","White Other","Detailed","Jan15-Dec15","year","Yorkshire and The Humber","All","16-64","All","Non-disabled","16.4","5.1","18400","112500","508"
"Inactive","Percentage of individuals inactive","White Other","Detailed","Jan15-Dec15","year","Yorkshire and The Humber","All","16-64","All","unknown","!","!","!","!","!"
"Inactive","Percentage of individuals inactive","All","All","Jan16-Dec16","year","All","16-24","16-64","All","All","38.3","0.6","2675700","6979500","24458"
"Inactive","Percentage of individuals inactive","All","All","Jan16-Dec16","year","All","16-24","16-64","All","Disabled","52.5","1.8","452100","861100","3051"
"Inactive","Percentage of individuals inactive","All","All","Jan16-Dec16","year","All","16-24","16-64","All","Non-disabled","36","0.6","2185600","6065900","21213"
"Inactive","Percentage of individuals inactive","All","All","Jan16-Dec16","year","All","16-24","16-64","All","unknown","72.4","6.3","38000","52500","194"
"Inactive","Percentage of individuals inactive","All","All","Jan16-Dec16","year","All","16-24","16-64","Female","All","39.7","0.9","1359700","3423000","12208"
"Inactive","Percentage of individuals inactive","All","All","Jan16-Dec16","year","All","16-24","16-64","Female","Disabled","50.2","2.4","237900","473600","1696"
"Inactive","Percentage of individuals inactive","All","All","Jan16-Dec16","year","All","16-24","16-64","Female","Non-disabled","37.7","0.9","1101700","2922600","10410"
"Inactive","Percentage of individuals inactive","All","All","Jan16-Dec16","year","All","16-24","16-64","Female","unknown","75.2","8.4","20100","26800","102"
"Inactive","Percentage of individuals inactive","All","All","Jan16-Dec16","year","All","16-24","16-64","Male","All","37","0.9","1316000","3556500","12250"
"Inactive","Percentage of individuals inactive","All","All","Jan16-Dec16","year","All","16-24","16-64","Male","Disabled","55.3","2.6","214200","387400","1355"
"Inactive","Percentage of individuals inactive","All","All","Jan16-Dec16","year","All","16-24","16-64","Male","Non-disabled","34.5","0.9","1083900","3143300","10803"
"Inactive","Percentage of individuals inactive","All","All","Jan16-Dec16","year","All","16-24","16-64","Male","unknown","69.4","9.4","17900","25700","92"
"Inactive","Percentage of individuals inactive","All","All","Jan16-Dec16","year","All","25-49","16-64","All","All","13.9","0.2","2940500","21100400","84040"
"Inactive","Percentage of individuals inactive","All","All","Jan16-Dec16","year","All","25-49","16-64","All","Disabled","37.2","0.8","1193100","3207700","13527"
"Inactive","Percentage of individuals inactive","All","All","Jan16-Dec16","year","All","25-49","16-64","All","Non-disabled","9.6","0.2","1713600","17764300","69967"
"Inactive","Percentage of individuals inactive","All","All","Jan16-Dec16","year","All","25-49","16-64","All","unknown","26.3","3.7","33800","128300","546"
"Inactive","Percentage of individuals inactive","All","All","Jan16-Dec16","year","All","25-49","16-64","Female","All","20.3","0.4","2163500","10633200","44837"
"Inactive","Percentage of individuals inactive","All","All","Jan16-Dec16","year","All","25-49","16-64","Female","Disabled","40.1","1.1","735200","1831500","8015"
"Inactive","Percentage of individuals inactive","All","All","Jan16-Dec16","year","All","25-49","16-64","Female","Non-disabled","16.1","0.4","1409700","8734100","36516"
"Inactive","Percentage of individuals inactive","All","All","Jan16-Dec16","year","All","25-49","16-64","Female","unknown","27.6","5","18600","67600","306"
"Inactive","Percentage of individuals inactive","All","All","Jan16-Dec16","year","All","25-49","16-64","Male","All","7.4","0.3","777000","10467200","39203"
"Inactive","Percentage of individuals inactive","All","All","Jan16-Dec16","year","All","25-49","16-64","Male","Disabled","33.3","1.2","457900","1376200","5512"
"Inactive","Percentage of individuals inactive","All","All","Jan16-Dec16","year","All","25-49","16-64","Male","Non-disabled","3.4","0.2","303900","9030200","33451"
"Inactive","Percentage of individuals inactive","All","All","Jan16-Dec16","year","All","25-49","16-64","Male","unknown","24.9","5.5","15100","60700","240"
"Inactive","Percentage of individuals inactive","All","All","Jan16-Dec16","year","All","50-64","16-64","All","All","27.4","0.4","3233700","11810000","57342"
"Inactive","Percentage of individuals inactive","All","All","Jan16-Dec16","year","All","50-64","16-64","All","Disabled","53.3","0.8","1654200","3102300","15645"
"Inactive","Percentage of individuals inactive","All","All","Jan16-Dec16","year","All","50-64","16-64","All","Non-disabled","18","0.4","1546900","8616000","41236"
"Inactive","Percentage of individuals inactive","All","All","Jan16-Dec16","year","All","50-64","16-64","All","unknown","35.5","4.4","32600","91700","461"
"Inactive","Percentage of individuals inactive","All","All","Jan16-Dec16","year","All","50-64","16-64","Female","All","32.9","0.5","1979500","6010100","30004"
"Inactive","Percentage of individuals inactive","All","All","Jan16-Dec16","year","All","50-64","16-64","Female","Disabled","56.2","1","955300","1700900","8743"
"Inactive","Percentage of individuals inactive","All","All","Jan16-Dec16","year","All","50-64","16-64","Female","Non-disabled","23.6","0.6","1005000","4256700","20987"
"Inactive","Percentage of individuals inactive","All","All","Jan16-Dec16","year","All","50-64","16-64","Female","unknown","36.5","5.7","19200","52600","274"
"Inactive","Percentage of individuals inactive","All","All","Jan16-Dec16","year","All","50-64","16-64","Male","All","21.6","0.5","1254100","5799800","27338"
"Inactive","Percentage of individuals inactive","All","All","Jan16-Dec16","year","All","50-64","16-64","Male","Disabled","49.9","1.2","698900","1401400","6902"
"Inactive","Percentage of individuals inactive","All","All","Jan16-Dec16","year","All","50-64","16-64","Male","Non-disabled","12.4","0.5","541900","4359300","20249"
"Inactive","Percentage of individuals inactive","All","All","Jan16-Dec16","year","All","50-64","16-64","Male","unknown","34.1","6.8","13300","39100","187"
"Inactive","Percentage of individuals inactive","All","All","Jan16-Dec16","year","All","All","16-64","All","All","22.2","0.2","8849900","39889800","165840"
"Inactive","Percentage of individuals inactive","All","All","Jan16-Dec16","year","All","All","16-64","All","Disabled","46","0.5","3299500","7171100","32223"
"Inactive","Percentage of individuals inactive","All","All","Jan16-Dec16","year","All","All","16-64","All","Non-disabled","16.8","0.2","5446100","32446200","132416"
"Inactive","Percentage of individuals inactive","All","All","Jan16-Dec16","year","All","All","16-64","All","unknown","38.3","2.7","104300","272500","1201"
"Inactive","Percentage of individuals inactive","All","All","Jan16-Dec16","year","All","All","16-64","Female","All","27.4","0.3","5502800","20066300","87049"
"Inactive","Percentage of individuals inactive","All","All","Jan16-Dec16","year","All","All","16-64","Female","Disabled","48.1","0.7","1928400","4006000","18454"
"Inactive","Percentage of individuals inactive","All","All","Jan16-Dec16","year","All","All","16-64","Female","Non-disabled","22.1","0.3","3516400","15913400","67913"
"Inactive","Percentage of individuals inactive","All","All","Jan16-Dec16","year","All","All","16-64","Female","unknown","39.5","3.7","58000","146900","682"
"Inactive","Percentage of individuals inactive","All","All","Jan16-Dec16","year","All","All","16-64","Male","All","16.9","0.3","3347100","19823400","78791"
"Inactive","Percentage of individuals inactive","All","All","Jan16-Dec16","year","All","All","16-64","Male","Disabled","43.3","0.8","1371100","3165100","13769"
"Inactive","Percentage of individuals inactive","All","All","Jan16-Dec16","year","All","All","16-64","Male","Non-disabled","11.7","0.2","1929700","16532800","64503"
"Inactive","Percentage of individuals inactive","All","All","Jan16-Dec16","year","All","All","16-64","Male","unknown","36.9","4.2","46300","125600","519"
"Inactive","Percentage of individuals inactive","All","All","Jan16-Dec16","year","East Midlands","All","16-64","All","All","21.9","0.9","642300","2929600","8505"
"Inactive","Percentage of individuals inactive","All","All","Jan16-Dec16","year","East Midlands","All","16-64","All","Disabled","43.7","2.4","240100","549700","1688"
"Inactive","Percentage of individuals inactive","All","All","Jan16-Dec16","year","East Midlands","All","16-64","All","Non-disabled","16.5","0.9","387300","2354000","6729"
"Inactive","Percentage of individuals inactive","All","All","Jan16-Dec16","year","East Midlands","All","16-64","All","unknown","57.7","10.3","15000","25900","88"
"Inactive","Percentage of individuals inactive","All","All","Jan16-Dec16","year","East of England","All","16-64","All","All","20.1","0.7","749700","3737400","11167"
"Inactive","Percentage of individuals inactive","All","All","Jan16-Dec16","year","East of England","All","16-64","All","Disabled","41.6","2.2","263200","632500","1989"
"Inactive","Percentage of individuals inactive","All","All","Jan16-Dec16","year","East of England","All","16-64","All","Non-disabled","15.5","0.7","477300","3077500","9090"
"Inactive","Percentage of individuals inactive","All","All","Jan16-Dec16","year","East of England","All","16-64","All","unknown","33.9","9.9","9300","27300","88"
"Inactive","Percentage of individuals inactive","All","All","Jan16-Dec16","year","London","All","16-64","All","All","21.8","0.6","1290300","5920900","15646"
"Inactive","Percentage of individuals inactive","All","All","Jan16-Dec16","year","London","All","16-64","All","Disabled","44.7","2","386400","863900","2453"
"Inactive","Percentage of individuals inactive","All","All","Jan16-Dec16","year","London","All","16-64","All","Non-disabled","17.7","0.7","884100","5002300","13054"
"Inactive","Percentage of individuals inactive","All","All","Jan16-Dec16","year","London","All","16-64","All","unknown","36.2","8","19900","54800","139"
"Inactive","Percentage of individuals inactive","All","All","Jan16-Dec16","year","North East","All","16-64","All","All","24.5","0.8","403200","1648600","10280"
"Inactive","Percentage of individuals inactive","All","All","Jan16-Dec16","year","North East","All","16-64","All","Disabled","51.9","2","180900","348900","2290"
"Inactive","Percentage of individuals inactive","All","All","Jan16-Dec16","year","North East","All","16-64","All","Non-disabled","16.9","0.8","217900","1290200","7923"
"Inactive","Percentage of individuals inactive","All","All","Jan16-Dec16","year","North East","All","16-64","All","unknown","45.7","11.9","4300","9500","67"
"Inactive","Percentage of individuals inactive","All","All","Jan16-Dec16","year","North West","All","16-64","All","All","24.5","0.6","1101600","4502500","21288"
"Inactive","Percentage of individuals inactive","All","All","Jan16-Dec16","year","North West","All","16-64","All","Disabled","51.7","1.4","465200","899600","4628"
"Inactive","Percentage of individuals inactive","All","All","Jan16-Dec16","year","North West","All","16-64","All","Non-disabled","17.6","0.6","629200","3580000","16545"
"Inactive","Percentage of individuals inactive","All","All","Jan16-Dec16","year","North West","All","16-64","All","unknown","31.5","8.5","7200","22900","115"
"Inactive","Percentage of individuals inactive","All","All","Jan16-Dec16","year","Scotland","All","16-64","All","All","23.3","0.6","799400","3435500","20731"
"Inactive","Percentage of individuals inactive","All","All","Jan16-Dec16","year","Scotland","All","16-64","All","Disabled","52.6","1.5","342200","650900","4125"
"Inactive","Percentage of individuals inactive","All","All","Jan16-Dec16","year","Scotland","All","16-64","All","Non-disabled","16.3","0.6","449600","2764400","16469"
"Inactive","Percentage of individuals inactive","All","All","Jan16-Dec16","year","Scotland","All","16-64","All","unknown","38","8.1","7700","20100","137"
"Inactive","Percentage of individuals inactive","All","All","Jan16-Dec16","year","South East","All","16-64","All","All","19","0.5","1053800","5531800","19899"
"Inactive","Percentage of individuals inactive","All","All","Jan16-Dec16","year","South East","All","16-64","All","Disabled","38.2","1.6","356500","933600","3427"
"Inactive","Percentage of individuals inactive","All","All","Jan16-Dec16","year","South East","All","16-64","All","Non-disabled","15","0.5","685900","4564800","16336"
"Inactive","Percentage of individuals inactive","All","All","Jan16-Dec16","year","South East","All","16-64","All","unknown","34","8","11400","33500","136"
"Inactive","Percentage of individuals inactive","All","All","Jan16-Dec16","year","South West","All","16-64","All","All","19.7","0.7","653400","3311600","13263"
"Inactive","Percentage of individuals inactive","All","All","Jan16-Dec16","year","South West","All","16-64","All","Disabled","38.6","1.9","238100","616000","2547"
"Inactive","Percentage of individuals inactive","All","All","Jan16-Dec16","year","South West","All","16-64","All","Non-disabled","15.3","0.7","410400","2677500","10640"
"Inactive","Percentage of individuals inactive","All","All","Jan16-Dec16","year","South West","All","16-64","All","unknown","27","10","4900","18200","76"
"Inactive","Percentage of individuals inactive","All","All","Jan16-Dec16","year","Wales","All","16-64","All","All","25.2","0.6","481200","1908900","17746"
"Inactive","Percentage of individuals inactive","All","All","Jan16-Dec16","year","Wales","All","16-64","All","Disabled","51.7","1.6","205800","397800","3868"
"Inactive","Percentage of individuals inactive","All","All","Jan16-Dec16","year","Wales","All","16-64","All","Non-disabled","18","0.6","269100","1494300","13704"
"Inactive","Percentage of individuals inactive","All","All","Jan16-Dec16","year","Wales","All","16-64","All","unknown","37.5","7.2","6300","16800","174"
"Inactive","Percentage of individuals inactive","All","All","Jan16-Dec16","year","West Midlands","All","16-64","All","All","24.6","0.7","882000","3584200","13646"
"Inactive","Percentage of individuals inactive","All","All","Jan16-Dec16","year","West Midlands","All","16-64","All","Disabled","49.5","2","308000","622200","2482"
"Inactive","Percentage of individuals inactive","All","All","Jan16-Dec16","year","West Midlands","All","16-64","All","Non-disabled","19.2","0.7","562800","2935500","11059"
"Inactive","Percentage of individuals inactive","All","All","Jan16-Dec16","year","West Midlands","All","16-64","All","unknown","42.2","9.4","11200","26500","105"
"Inactive","Percentage of individuals inactive","All","All","Jan16-Dec16","year","Yorkshire and The Humber","All","16-64","All","All","23.5","0.7","792900","3378800","13669"
"Inactive","Percentage of individuals inactive","All","All","Jan16-Dec16","year","Yorkshire and The Humber","All","16-64","All","Disabled","47.7","1.9","313300","656100","2726"
"Inactive","Percentage of individuals inactive","All","All","Jan16-Dec16","year","Yorkshire and The Humber","All","16-64","All","Non-disabled","17.5","0.7","472400","2705800","10867"
"Inactive","Percentage of individuals inactive","All","All","Jan16-Dec16","year","Yorkshire and The Humber","All","16-64","All","unknown","42.7","11.1","7200","16900","76"
"Inactive","Percentage of individuals inactive","Asian","ONS 2011 5+1","Jan16-Dec16","year","All","16-24","16-64","All","All","60.3","3.4","363800","603100","1962"
"Inactive","Percentage of individuals inactive","Asian","ONS 2011 5+1","Jan16-Dec16","year","All","16-24","16-64","All","Disabled","66.8","12.6","28200","42200","134"
"Inactive","Percentage of individuals inactive","Asian","ONS 2011 5+1","Jan16-Dec16","year","All","16-24","16-64","All","Non-disabled","59.7","3.6","333200","557900","1818"
"Inactive","Percentage of individuals inactive","Asian","ONS 2011 5+1","Jan16-Dec16","year","All","16-24","16-64","All","unknown","!","!","!","!","!"
"Inactive","Percentage of individuals inactive","Asian","ONS 2011 5+1","Jan16-Dec16","year","All","16-24","16-64","Female","All","61.3","4.8","182800","298100","987"
"Inactive","Percentage of individuals inactive","Asian","ONS 2011 5+1","Jan16-Dec16","year","All","16-24","16-64","Female","Disabled","!","!","!","!","!"
"Inactive","Percentage of individuals inactive","Asian","ONS 2011 5+1","Jan16-Dec16","year","All","16-24","16-64","Female","Non-disabled","61.2","5","166900","272800","907"
"Inactive","Percentage of individuals inactive","Asian","ONS 2011 5+1","Jan16-Dec16","year","All","16-24","16-64","Female","unknown","!","!","!","!","!"
"Inactive","Percentage of individuals inactive","Asian","ONS 2011 5+1","Jan16-Dec16","year","All","16-24","16-64","Male","All","59.4","4.9","181000","304900","975"
"Inactive","Percentage of individuals inactive","Asian","ONS 2011 5+1","Jan16-Dec16","year","All","16-24","16-64","Male","Disabled","!","!","!","!","!"
"Inactive","Percentage of individuals inactive","Asian","ONS 2011 5+1","Jan16-Dec16","year","All","16-24","16-64","Male","Non-disabled","58.3","5.1","166300","285100","911"
"Inactive","Percentage of individuals inactive","Asian","ONS 2011 5+1","Jan16-Dec16","year","All","16-24","16-64","Male","unknown","!","!","!","!","!"
"Inactive","Percentage of individuals inactive","Asian","ONS 2011 5+1","Jan16-Dec16","year","All","25-49","16-64","All","All","23.1","1.5","464700","2009700","7317"
"Inactive","Percentage of individuals inactive","Asian","ONS 2011 5+1","Jan16-Dec16","year","All","25-49","16-64","All","Disabled","42.4","5","104800","247200","952"
"Inactive","Percentage of individuals inactive","Asian","ONS 2011 5+1","Jan16-Dec16","year","All","25-49","16-64","All","Non-disabled","20.4","1.6","356700","1751200","6319"
"Inactive","Percentage of individuals inactive","Asian","ONS 2011 5+1","Jan16-Dec16","year","All","25-49","16-64","All","unknown","!","!","!","!","!"
"Inactive","Percentage of individuals inactive","Asian","ONS 2011 5+1","Jan16-Dec16","year","All","25-49","16-64","Female","All","39","2.4","387000","993600","3861"
"Inactive","Percentage of individuals inactive","Asian","ONS 2011 5+1","Jan16-Dec16","year","All","25-49","16-64","Female","Disabled","56.5","6.6","74600","131900","536"
"Inactive","Percentage of individuals inactive","Asian","ONS 2011 5+1","Jan16-Dec16","year","All","25-49","16-64","Female","Non-disabled","36.2","2.6","310000","856800","3303"
"Inactive","Percentage of individuals inactive","Asian","ONS 2011 5+1","Jan16-Dec16","year","All","25-49","16-64","Female","unknown","!","!","!","!","!"
"Inactive","Percentage of individuals inactive","Asian","ONS 2011 5+1","Jan16-Dec16","year","All","25-49","16-64","Male","All","7.6","1.4","77700","1016100","3456"
"Inactive","Percentage of individuals inactive","Asian","ONS 2011 5+1","Jan16-Dec16","year","All","25-49","16-64","Male","Disabled","26.2","6.7","30200","115300","416"
"Inactive","Percentage of individuals inactive","Asian","ONS 2011 5+1","Jan16-Dec16","year","All","25-49","16-64","Male","Non-disabled","5.2","1.3","46700","894400","3016"
"Inactive","Percentage of individuals inactive","Asian","ONS 2011 5+1","Jan16-Dec16","year","All","25-49","16-64","Male","unknown","!","!","!","!","!"
"Inactive","Percentage of individuals inactive","Asian","ONS 2011 5+1","Jan16-Dec16","year","All","50-64","16-64","All","All","32.6","3.1","166900","512300","2132"
"Inactive","Percentage of individuals inactive","Asian","ONS 2011 5+1","Jan16-Dec16","year","All","50-64","16-64","All","Disabled","57.9","5.8","93700","161800","704"
"Inactive","Percentage of individuals inactive","Asian","ONS 2011 5+1","Jan16-Dec16","year","All","50-64","16-64","All","Non-disabled","20.3","3.3","70200","345000","1409"
"Inactive","Percentage of individuals inactive","Asian","ONS 2011 5+1","Jan16-Dec16","year","All","50-64","16-64","All","unknown","!","!","!","!","!"
"Inactive","Percentage of individuals inactive","Asian","ONS 2011 5+1","Jan16-Dec16","year","All","50-64","16-64","Female","All","45.9","4.7","116800","254300","1084"
"Inactive","Percentage of individuals inactive","Asian","ONS 2011 5+1","Jan16-Dec16","year","All","50-64","16-64","Female","Disabled","71","7.2","61100","86100","382"
"Inactive","Percentage of individuals inactive","Asian","ONS 2011 5+1","Jan16-Dec16","year","All","50-64","16-64","Female","Non-disabled","32.7","5.5","54000","165200","691"
"Inactive","Percentage of individuals inactive","Asian","ONS 2011 5+1","Jan16-Dec16","year","All","50-64","16-64","Female","unknown","!","!","!","!","!"
"Inactive","Percentage of individuals inactive","Asian","ONS 2011 5+1","Jan16-Dec16","year","All","50-64","16-64","Male","All","19.4","3.8","50000","258000","1048"
"Inactive","Percentage of individuals inactive","Asian","ONS 2011 5+1","Jan16-Dec16","year","All","50-64","16-64","Male","Disabled","43.1","8.5","32600","75700","322"
"Inactive","Percentage of individuals inactive","Asian","ONS 2011 5+1","Jan16-Dec16","year","All","50-64","16-64","Male","Non-disabled","9","3.3","16200","179800","718"
"Inactive","Percentage of individuals inactive","Asian","ONS 2011 5+1","Jan16-Dec16","year","All","50-64","16-64","Male","unknown","!","!","!","!","!"
"Inactive","Percentage of individuals inactive","Asian","ONS 2011 5+1","Jan16-Dec16","year","All","All","16-64","All","All","31.9","1.4","995400","3125100","11411"
"Inactive","Percentage of individuals inactive","Asian","ONS 2011 5+1","Jan16-Dec16","year","All","All","16-64","All","Disabled","50.2","3.7","226700","451200","1790"
"Inactive","Percentage of individuals inactive","Asian","ONS 2011 5+1","Jan16-Dec16","year","All","All","16-64","All","Non-disabled","28.6","1.4","760100","2654100","9546"
"Inactive","Percentage of individuals inactive","Asian","ONS 2011 5+1","Jan16-Dec16","year","All","All","16-64","All","unknown","!","!","!","!","!"
"Inactive","Percentage of individuals inactive","Asian","ONS 2011 5+1","Jan16-Dec16","year","All","All","16-64","Female","All","44.4","2","686700","1546100","5932"
"Inactive","Percentage of individuals inactive","Asian","ONS 2011 5+1","Jan16-Dec16","year","All","All","16-64","Female","Disabled","62.3","4.8","151000","242400","994"
"Inactive","Percentage of individuals inactive","Asian","ONS 2011 5+1","Jan16-Dec16","year","All","All","16-64","Female","Non-disabled","41","2.2","530900","1294700","4901"
"Inactive","Percentage of individuals inactive","Asian","ONS 2011 5+1","Jan16-Dec16","year","All","All","16-64","Female","unknown","!","!","!","!","!"
"Inactive","Percentage of individuals inactive","Asian","ONS 2011 5+1","Jan16-Dec16","year","All","All","16-64","Male","All","19.6","1.7","308700","1579000","5479"
"Inactive","Percentage of individuals inactive","Asian","ONS 2011 5+1","Jan16-Dec16","year","All","All","16-64","Male","Disabled","36.3","5.3","75700","208800","796"
"Inactive","Percentage of individuals inactive","Asian","ONS 2011 5+1","Jan16-Dec16","year","All","All","16-64","Male","Non-disabled","16.9","1.7","229200","1359300","4645"
"Inactive","Percentage of individuals inactive","Asian","ONS 2011 5+1","Jan16-Dec16","year","All","All","16-64","Male","unknown","!","!","!","!","!"
"Inactive","Percentage of individuals inactive","Asian","ONS 2011 5+1","Jan16-Dec16","year","East Midlands","All","16-64","All","All","31.9","5.1","64300","201800","813"
"Inactive","Percentage of individuals inactive","Asian","ONS 2011 5+1","Jan16-Dec16","year","East Midlands","All","16-64","All","Disabled","41.1","11.9","15100","36800","163"
"Inactive","Percentage of individuals inactive","Asian","ONS 2011 5+1","Jan16-Dec16","year","East Midlands","All","16-64","All","Non-disabled","29.9","5.6","49000","163700","644"
"Inactive","Percentage of individuals inactive","Asian","ONS 2011 5+1","Jan16-Dec16","year","East Midlands","All","16-64","All","unknown","!","!","!","!","!"
"Inactive","Percentage of individuals inactive","Asian","ONS 2011 5+1","Jan16-Dec16","year","East of England","All","16-64","All","All","30.1","5","60300","200500","810"
"Inactive","Percentage of individuals inactive","Asian","ONS 2011 5+1","Jan16-Dec16","year","East of England","All","16-64","All","Disabled","54.8","13.7","14100","25800","127"
"Inactive","Percentage of individuals inactive","Asian","ONS 2011 5+1","Jan16-Dec16","year","East of England","All","16-64","All","Non-disabled","26.3","5.2","45800","174400","681"
"Inactive","Percentage of individuals inactive","Asian","ONS 2011 5+1","Jan16-Dec16","year","East of England","All","16-64","All","unknown","!","!","!","!","!"
"Inactive","Percentage of individuals inactive","Asian","ONS 2011 5+1","Jan16-Dec16","year","London","All","16-64","All","All","28.2","2.6","312800","1108600","2933"
"Inactive","Percentage of individuals inactive","Asian","ONS 2011 5+1","Jan16-Dec16","year","London","All","16-64","All","Disabled","47","7.1","78200","166400","470"
"Inactive","Percentage of individuals inactive","Asian","ONS 2011 5+1","Jan16-Dec16","year","London","All","16-64","All","Non-disabled","24.8","2.7","231700","933800","2441"
"Inactive","Percentage of individuals inactive","Asian","ONS 2011 5+1","Jan16-Dec16","year","London","All","16-64","All","unknown","!","!","!","!","!"
"Inactive","Percentage of individuals inactive","Asian","ONS 2011 5+1","Jan16-Dec16","year","North East","All","16-64","All","All","38.1","8.4","20500","53900","320"
"Inactive","Percentage of individuals inactive","Asian","ONS 2011 5+1","Jan16-Dec16","year","North East","All","16-64","All","Disabled","!","!","!","!","!"
"Inactive","Percentage of individuals inactive","Asian","ONS 2011 5+1","Jan16-Dec16","year","North East","All","16-64","All","Non-disabled","36.5","8.9","17700","48500","281"
"Inactive","Percentage of individuals inactive","Asian","ONS 2011 5+1","Jan16-Dec16","year","North East","All","16-64","All","unknown","!","!","!","!","!"
"Inactive","Percentage of individuals inactive","Asian","ONS 2011 5+1","Jan16-Dec16","year","North West","All","16-64","All","All","36.9","3.8","115300","312400","1584"
"Inactive","Percentage of individuals inactive","Asian","ONS 2011 5+1","Jan16-Dec16","year","North West","All","16-64","All","Disabled","58.8","8.8","30500","51800","299"
"Inactive","Percentage of individuals inactive","Asian","ONS 2011 5+1","Jan16-Dec16","year","North West","All","16-64","All","Non-disabled","32.7","4.1","84800","259500","1280"
"Inactive","Percentage of individuals inactive","Asian","ONS 2011 5+1","Jan16-Dec16","year","North West","All","16-64","All","unknown","!","!","!","!","!"
"Inactive","Percentage of individuals inactive","Asian","ONS 2011 5+1","Jan16-Dec16","year","Scotland","All","16-64","All","All","38.1","7.6","36900","96900","387"
"Inactive","Percentage of individuals inactive","Asian","ONS 2011 5+1","Jan16-Dec16","year","Scotland","All","16-64","All","Disabled","!","!","!","!","!"
"Inactive","Percentage of individuals inactive","Asian","ONS 2011 5+1","Jan16-Dec16","year","Scotland","All","16-64","All","Non-disabled","36.4","8.1","31500","86700","340"
"Inactive","Percentage of individuals inactive","Asian","ONS 2011 5+1","Jan16-Dec16","year","Scotland","All","16-64","All","unknown","!","!","!","!","!"
"Inactive","Percentage of individuals inactive","Asian","ONS 2011 5+1","Jan16-Dec16","year","South East","All","16-64","All","All","26.4","3.6","79800","302000","1472"
"Inactive","Percentage of individuals inactive","Asian","ONS 2011 5+1","Jan16-Dec16","year","South East","All","16-64","All","Disabled","46.2","10.9","16600","35900","202"
"Inactive","Percentage of individuals inactive","Asian","ONS 2011 5+1","Jan16-Dec16","year","South East","All","16-64","All","Non-disabled","23.4","3.7","61700","263100","1256"
"Inactive","Percentage of individuals inactive","Asian","ONS 2011 5+1","Jan16-Dec16","year","South East","All","16-64","All","unknown","!","!","!","!","!"
"Inactive","Percentage of individuals inactive","Asian","ONS 2011 5+1","Jan16-Dec16","year","South West","All","16-64","All","All","23.5","7","20200","86200","354"
"Inactive","Percentage of individuals inactive","Asian","ONS 2011 5+1","Jan16-Dec16","year","South West","All","16-64","All","Disabled","!","!","!","!","!"
"Inactive","Percentage of individuals inactive","Asian","ONS 2011 5+1","Jan16-Dec16","year","South West","All","16-64","All","Non-disabled","21.6","7.3","16000","73900","305"
"Inactive","Percentage of individuals inactive","Asian","ONS 2011 5+1","Jan16-Dec16","year","South West","All","16-64","All","unknown","!","!","!","!","!"
"Inactive","Percentage of individuals inactive","Asian","ONS 2011 5+1","Jan16-Dec16","year","Wales","All","16-64","All","All","37.8","8.4","17700","46900","322"
"Inactive","Percentage of individuals inactive","Asian","ONS 2011 5+1","Jan16-Dec16","year","Wales","All","16-64","All","Disabled","!","!","!","!","!"
"Inactive","Percentage of individuals inactive","Asian","ONS 2011 5+1","Jan16-Dec16","year","Wales","All","16-64","All","Non-disabled","37.3","8.9","15600","41900","282"
"Inactive","Percentage of individuals inactive","Asian","ONS 2011 5+1","Jan16-Dec16","year","Wales","All","16-64","All","unknown","!","!","!","!","!"
"Inactive","Percentage of individuals inactive","Asian","ONS 2011 5+1","Jan16-Dec16","year","West Midlands","All","16-64","All","All","36.5","3.7","175200","479700","1618"
"Inactive","Percentage of individuals inactive","Asian","ONS 2011 5+1","Jan16-Dec16","year","West Midlands","All","16-64","All","Disabled","55.9","9.8","39700","71100","248"
"Inactive","Percentage of individuals inactive","Asian","ONS 2011 5+1","Jan16-Dec16","year","West Midlands","All","16-64","All","Non-disabled","33","4","133600","405400","1356"
"Inactive","Percentage of individuals inactive","Asian","ONS 2011 5+1","Jan16-Dec16","year","West Midlands","All","16-64","All","unknown","!","!","!","!","!"
"Inactive","Percentage of individuals inactive","Asian","ONS 2011 5+1","Jan16-Dec16","year","Yorkshire and The Humber","All","16-64","All","All","39.1","5.3","92400","236300","798"
"Inactive","Percentage of individuals inactive","Asian","ONS 2011 5+1","Jan16-Dec16","year","Yorkshire and The Humber","All","16-64","All","Disabled","57.7","14.5","17900","31000","111"
"Inactive","Percentage of individuals inactive","Asian","ONS 2011 5+1","Jan16-Dec16","year","Yorkshire and The Humber","All","16-64","All","Non-disabled","35.8","5.7","72800","203200","680"
"Inactive","Percentage of individuals inactive","Asian","ONS 2011 5+1","Jan16-Dec16","year","Yorkshire and The Humber","All","16-64","All","unknown","!","!","!","!","!"
"Inactive","Percentage of individuals inactive","Black","ONS 2011 5+1","Jan16-Dec16","year","All","16-24","16-64","All","All","50.1","5.5","139400","278400","796"
"Inactive","Percentage of individuals inactive","Black","ONS 2011 5+1","Jan16-Dec16","year","All","16-24","16-64","All","Disabled","!","!","!","!","!"
"Inactive","Percentage of individuals inactive","Black","ONS 2011 5+1","Jan16-Dec16","year","All","16-24","16-64","All","Non-disabled","48.2","5.7","122000","253300","727"
"Inactive","Percentage of individuals inactive","Black","ONS 2011 5+1","Jan16-Dec16","year","All","16-24","16-64","All","unknown","!","!","!","!","!"
"Inactive","Percentage of individuals inactive","Black","ONS 2011 5+1","Jan16-Dec16","year","All","16-24","16-64","Female","All","48.8","7.6","72800","149300","411"
"Inactive","Percentage of individuals inactive","Black","ONS 2011 5+1","Jan16-Dec16","year","All","16-24","16-64","Female","Disabled","!","!","!","!","!"
"Inactive","Percentage of individuals inactive","Black","ONS 2011 5+1","Jan16-Dec16","year","All","16-24","16-64","Female","Non-disabled","46.8","8","63100","134700","373"
"Inactive","Percentage of individuals inactive","Black","ONS 2011 5+1","Jan16-Dec16","year","All","16-24","16-64","Female","unknown","!","!","!","!","!"
"Inactive","Percentage of individuals inactive","Black","ONS 2011 5+1","Jan16-Dec16","year","All","16-24","16-64","Male","All","51.6","7.9","66600","129100","385"
"Inactive","Percentage of individuals inactive","Black","ONS 2011 5+1","Jan16-Dec16","year","All","16-24","16-64","Male","Disabled","!","!","!","!","!"
"Inactive","Percentage of individuals inactive","Black","ONS 2011 5+1","Jan16-Dec16","year","All","16-24","16-64","Male","Non-disabled","49.7","8.2","58900","118600","354"
"Inactive","Percentage of individuals inactive","Black","ONS 2011 5+1","Jan16-Dec16","year","All","16-24","16-64","Male","unknown","!","!","!","!","!"
"Inactive","Percentage of individuals inactive","Black","ONS 2011 5+1","Jan16-Dec16","year","All","25-49","16-64","All","All","17.6","2.3","131100","746900","2520"
"Inactive","Percentage of individuals inactive","Black","ONS 2011 5+1","Jan16-Dec16","year","All","25-49","16-64","All","Disabled","34.8","8.4","31200","89800","310"
"Inactive","Percentage of individuals inactive","Black","ONS 2011 5+1","Jan16-Dec16","year","All","25-49","16-64","All","Non-disabled","14.9","2.4","96500","647400","2185"
"Inactive","Percentage of individuals inactive","Black","ONS 2011 5+1","Jan16-Dec16","year","All","25-49","16-64","All","unknown","!","!","!","!","!"
"Inactive","Percentage of individuals inactive","Black","ONS 2011 5+1","Jan16-Dec16","year","All","25-49","16-64","Female","All","22.8","3.4","97300","427800","1487"
"Inactive","Percentage of individuals inactive","Black","ONS 2011 5+1","Jan16-Dec16","year","All","25-49","16-64","Female","Disabled","31.2","10","18700","60100","205"
"Inactive","Percentage of individuals inactive","Black","ONS 2011 5+1","Jan16-Dec16","year","All","25-49","16-64","Female","Non-disabled","21.2","3.6","77300","364000","1270"
"Inactive","Percentage of individuals inactive","Black","ONS 2011 5+1","Jan16-Dec16","year","All","25-49","16-64","Female","unknown","!","!","!","!","!"
"Inactive","Percentage of individuals inactive","Black","ONS 2011 5+1","Jan16-Dec16","year","All","25-49","16-64","Male","All","10.6","3","33800","319100","1033"
"Inactive","Percentage of individuals inactive","Black","ONS 2011 5+1","Jan16-Dec16","year","All","25-49","16-64","Male","Disabled","42.1","14.9","12500","29700","105"
"Inactive","Percentage of individuals inactive","Black","ONS 2011 5+1","Jan16-Dec16","year","All","25-49","16-64","Male","Non-disabled","6.8","2.6","19200","283400","915"
"Inactive","Percentage of individuals inactive","Black","ONS 2011 5+1","Jan16-Dec16","year","All","25-49","16-64","Male","unknown","!","!","!","!","!"
"Inactive","Percentage of individuals inactive","Black","ONS 2011 5+1","Jan16-Dec16","year","All","50-64","16-64","All","All","21.9","3.9","66300","302100","1084"
"Inactive","Percentage of individuals inactive","Black","ONS 2011 5+1","Jan16-Dec16","year","All","50-64","16-64","All","Disabled","55.5","9.2","41900","75500","279"
"Inactive","Percentage of individuals inactive","Black","ONS 2011 5+1","Jan16-Dec16","year","All","50-64","16-64","All","Non-disabled","10.5","3.4","23400","222900","791"
"Inactive","Percentage of individuals inactive","Black","ONS 2011 5+1","Jan16-Dec16","year","All","50-64","16-64","All","unknown","!","!","!","!","!"
"Inactive","Percentage of individuals inactive","Black","ONS 2011 5+1","Jan16-Dec16","year","All","50-64","16-64","Female","All","26.6","5.7","43100","162300","580"
"Inactive","Percentage of individuals inactive","Black","ONS 2011 5+1","Jan16-Dec16","year","All","50-64","16-64","Female","Disabled","54.7","11.8","27100","49500","172"
"Inactive","Percentage of individuals inactive","Black","ONS 2011 5+1","Jan16-Dec16","year","All","50-64","16-64","Female","Non-disabled","13.8","5.3","15200","110500","399"
"Inactive","Percentage of individuals inactive","Black","ONS 2011 5+1","Jan16-Dec16","year","All","50-64","16-64","Female","unknown","!","!","!","!","!"
"Inactive","Percentage of individuals inactive","Black","ONS 2011 5+1","Jan16-Dec16","year","All","50-64","16-64","Male","All","16.6","5.1","23200","139800","504"
"Inactive","Percentage of individuals inactive","Black","ONS 2011 5+1","Jan16-Dec16","year","All","50-64","16-64","Male","Disabled","57.2","14.8","14800","26000","107"
"Inactive","Percentage of individuals inactive","Black","ONS 2011 5+1","Jan16-Dec16","year","All","50-64","16-64","Male","Non-disabled","7.2","4","8100","112300","392"
"Inactive","Percentage of individuals inactive","Black","ONS 2011 5+1","Jan16-Dec16","year","All","50-64","16-64","Male","unknown","!","!","!","!","!"
"Inactive","Percentage of individuals inactive","Black","ONS 2011 5+1","Jan16-Dec16","year","All","All","16-64","All","All","25.4","2","336800","1327300","4400"
"Inactive","Percentage of individuals inactive","Black","ONS 2011 5+1","Jan16-Dec16","year","All","All","16-64","All","Disabled","47.1","6.1","88700","188500","652"
"Inactive","Percentage of individuals inactive","Black","ONS 2011 5+1","Jan16-Dec16","year","All","All","16-64","All","Non-disabled","21.5","2.1","241800","1123500","3703"
"Inactive","Percentage of individuals inactive","Black","ONS 2011 5+1","Jan16-Dec16","year","All","All","16-64","All","unknown","!","!","!","!","!"
"Inactive","Percentage of individuals inactive","Black","ONS 2011 5+1","Jan16-Dec16","year","All","All","16-64","Female","All","28.8","2.8","213300","739400","2478"
"Inactive","Percentage of individuals inactive","Black","ONS 2011 5+1","Jan16-Dec16","year","All","All","16-64","Female","Disabled","44.3","7.6","54600","123300","413"
"Inactive","Percentage of individuals inactive","Black","ONS 2011 5+1","Jan16-Dec16","year","All","All","16-64","Female","Non-disabled","25.6","3","155700","609200","2042"
"Inactive","Percentage of individuals inactive","Black","ONS 2011 5+1","Jan16-Dec16","year","All","All","16-64","Female","unknown","!","!","!","!","!"
"Inactive","Percentage of individuals inactive","Black","ONS 2011 5+1","Jan16-Dec16","year","All","All","16-64","Male","All","21","2.9","123600","587900","1922"
"Inactive","Percentage of individuals inactive","Black","ONS 2011 5+1","Jan16-Dec16","year","All","All","16-64","Male","Disabled","52.2","10","34100","65300","239"
"Inactive","Percentage of individuals inactive","Black","ONS 2011 5+1","Jan16-Dec16","year","All","All","16-64","Male","Non-disabled","16.8","2.8","86200","514300","1661"
"Inactive","Percentage of individuals inactive","Black","ONS 2011 5+1","Jan16-Dec16","year","All","All","16-64","Male","unknown","!","!","!","!","!"
"Inactive","Percentage of individuals inactive","Black","ONS 2011 5+1","Jan16-Dec16","year","East Midlands","All","16-64","All","All","28.6","9","17700","62000","241"
"Inactive","Percentage of individuals inactive","Black","ONS 2011 5+1","Jan16-Dec16","year","East Midlands","All","16-64","All","Disabled","!","!","!","!","!"
"Inactive","Percentage of individuals inactive","Black","ONS 2011 5+1","Jan16-Dec16","year","East Midlands","All","16-64","All","Non-disabled","22.4","9.1","11600","51700","201"
"Inactive","Percentage of individuals inactive","Black","ONS 2011 5+1","Jan16-Dec16","year","East Midlands","All","16-64","All","unknown","!","!","!","!","!"
"Inactive","Percentage of individuals inactive","Black","ONS 2011 5+1","Jan16-Dec16","year","East of England","All","16-64","All","All","22.4","6.6","20400","91100","381"
"Inactive","Percentage of individuals inactive","Black","ONS 2011 5+1","Jan16-Dec16","year","East of England","All","16-64","All","Disabled","!","!","!","!","!"
"Inactive","Percentage of individuals inactive","Black","ONS 2011 5+1","Jan16-Dec16","year","East of England","All","16-64","All","Non-disabled","21.7","7.2","16900","77800","314"
"Inactive","Percentage of individuals inactive","Black","ONS 2011 5+1","Jan16-Dec16","year","East of England","All","16-64","All","unknown","!","!","!","!","!"
"Inactive","Percentage of individuals inactive","Black","ONS 2011 5+1","Jan16-Dec16","year","London","All","16-64","All","All","23.5","3","166100","706200","1872"
"Inactive","Percentage of individuals inactive","Black","ONS 2011 5+1","Jan16-Dec16","year","London","All","16-64","All","Disabled","48.1","9.2","49100","102000","285"
"Inactive","Percentage of individuals inactive","Black","ONS 2011 5+1","Jan16-Dec16","year","London","All","16-64","All","Non-disabled","19.1","3.1","113000","592700","1561"
"Inactive","Percentage of individuals inactive","Black","ONS 2011 5+1","Jan16-Dec16","year","London","All","16-64","All","unknown","!","!","!","!","!"
"Inactive","Percentage of individuals inactive","Black","ONS 2011 5+1","Jan16-Dec16","year","North East","All","16-64","All","All","!","!","!","!","!"
"Inactive","Percentage of individuals inactive","Black","ONS 2011 5+1","Jan16-Dec16","year","North East","All","16-64","All","Disabled","!","!","!","!","!"
"Inactive","Percentage of individuals inactive","Black","ONS 2011 5+1","Jan16-Dec16","year","North East","All","16-64","All","Non-disabled","!","!","!","!","!"
"Inactive","Percentage of individuals inactive","Black","ONS 2011 5+1","Jan16-Dec16","year","North East","All","16-64","All","unknown","!","!","!","!","!"
"Inactive","Percentage of individuals inactive","Black","ONS 2011 5+1","Jan16-Dec16","year","North West","All","16-64","All","All","32.7","7.1","31000","95000","420"
"Inactive","Percentage of individuals inactive","Black","ONS 2011 5+1","Jan16-Dec16","year","North West","All","16-64","All","Disabled","!","!","!","!","!"
"Inactive","Percentage of individuals inactive","Black","ONS 2011 5+1","Jan16-Dec16","year","North West","All","16-64","All","Non-disabled","30.8","7.6","24600","79800","352"
"Inactive","Percentage of individuals inactive","Black","ONS 2011 5+1","Jan16-Dec16","year","North West","All","16-64","All","unknown","!","!","!","!","!"
"Inactive","Percentage of individuals inactive","Black","ONS 2011 5+1","Jan16-Dec16","year","Scotland","All","16-64","All","All","30","14.1","7700","25700","102"
"Inactive","Percentage of individuals inactive","Black","ONS 2011 5+1","Jan16-Dec16","year","Scotland","All","16-64","All","Disabled","!","!","!","!","!"
"Inactive","Percentage of individuals inactive","Black","ONS 2011 5+1","Jan16-Dec16","year","Scotland","All","16-64","All","Non-disabled","!","!","!","!","!"
"Inactive","Percentage of individuals inactive","Black","ONS 2011 5+1","Jan16-Dec16","year","Scotland","All","16-64","All","unknown","!","!","!","!","!"
"Inactive","Percentage of individuals inactive","Black","ONS 2011 5+1","Jan16-Dec16","year","South East","All","16-64","All","All","23.6","6.1","22400","94800","459"
"Inactive","Percentage of individuals inactive","Black","ONS 2011 5+1","Jan16-Dec16","year","South East","All","16-64","All","Disabled","!","!","!","!","!"
"Inactive","Percentage of individuals inactive","Black","ONS 2011 5+1","Jan16-Dec16","year","South East","All","16-64","All","Non-disabled","20.1","6.3","16700","82800","394"
"Inactive","Percentage of individuals inactive","Black","ONS 2011 5+1","Jan16-Dec16","year","South East","All","16-64","All","unknown","!","!","!","!","!"
"Inactive","Percentage of individuals inactive","Black","ONS 2011 5+1","Jan16-Dec16","year","South West","All","16-64","All","All","27.6","13.6","7700","27800","104"
"Inactive","Percentage of individuals inactive","Black","ONS 2011 5+1","Jan16-Dec16","year","South West","All","16-64","All","Disabled","!","!","!","!","!"
"Inactive","Percentage of individuals inactive","Black","ONS 2011 5+1","Jan16-Dec16","year","South West","All","16-64","All","Non-disabled","!","!","!","!","!"
"Inactive","Percentage of individuals inactive","Black","ONS 2011 5+1","Jan16-Dec16","year","South West","All","16-64","All","unknown","!","!","!","!","!"
"Inactive","Percentage of individuals inactive","Black","ONS 2011 5+1","Jan16-Dec16","year","Wales","All","16-64","All","All","!","!","!","!","!"
"Inactive","Percentage of individuals inactive","Black","ONS 2011 5+1","Jan16-Dec16","year","Wales","All","16-64","All","Disabled","!","!","!","!","!"
"Inactive","Percentage of individuals inactive","Black","ONS 2011 5+1","Jan16-Dec16","year","Wales","All","16-64","All","Non-disabled","!","!","!","!","!"
"Inactive","Percentage of individuals inactive","Black","ONS 2011 5+1","Jan16-Dec16","year","Wales","All","16-64","All","unknown","!","!","!","!","!"
"Inactive","Percentage of individuals inactive","Black","ONS 2011 5+1","Jan16-Dec16","year","West Midlands","All","16-64","All","All","31.6","6.6","43700","138500","479"
"Inactive","Percentage of individuals inactive","Black","ONS 2011 5+1","Jan16-Dec16","year","West Midlands","All","16-64","All","Disabled","!","!","!","!","!"
"Inactive","Percentage of individuals inactive","Black","ONS 2011 5+1","Jan16-Dec16","year","West Midlands","All","16-64","All","Non-disabled","27.7","6.8","33200","120100","415"
"Inactive","Percentage of individuals inactive","Black","ONS 2011 5+1","Jan16-Dec16","year","West Midlands","All","16-64","All","unknown","!","!","!","!","!"
"Inactive","Percentage of individuals inactive","Black","ONS 2011 5+1","Jan16-Dec16","year","Yorkshire and The Humber","All","16-64","All","All","16.2","8.5","9500","58600","182"
"Inactive","Percentage of individuals inactive","Black","ONS 2011 5+1","Jan16-Dec16","year","Yorkshire and The Humber","All","16-64","All","Disabled","!","!","!","!","!"
"Inactive","Percentage of individuals inactive","Black","ONS 2011 5+1","Jan16-Dec16","year","Yorkshire and The Humber","All","16-64","All","Non-disabled","11.7","7.9","5900","50700","159"
"Inactive","Percentage of individuals inactive","Black","ONS 2011 5+1","Jan16-Dec16","year","Yorkshire and The Humber","All","16-64","All","unknown","!","!","!","!","!"
"Inactive","Percentage of individuals inactive","Indian","Detailed","Jan16-Dec16","year","All","16-24","16-64","All","All","58.9","6.6","93500","158700","531"
"Inactive","Percentage of individuals inactive","Indian","Detailed","Jan16-Dec16","year","All","16-24","16-64","All","Disabled","!","!","!","!","!"
"Inactive","Percentage of individuals inactive","Indian","Detailed","Jan16-Dec16","year","All","16-24","16-64","All","Non-disabled","58","6.9","84600","146000","496"
"Inactive","Percentage of individuals inactive","Indian","Detailed","Jan16-Dec16","year","All","16-24","16-64","All","unknown","!","!","!","!","!"
"Inactive","Percentage of individuals inactive","Indian","Detailed","Jan16-Dec16","year","All","16-24","16-64","Female","All","60.1","9.7","44600","74200","244"
"Inactive","Percentage of individuals inactive","Indian","Detailed","Jan16-Dec16","year","All","16-24","16-64","Female","Disabled","!","!","!","!","!"
"Inactive","Percentage of individuals inactive","Indian","Detailed","Jan16-Dec16","year","All","16-24","16-64","Female","Non-disabled","59.4","10.1","39900","67100","226"
"Inactive","Percentage of individuals inactive","Indian","Detailed","Jan16-Dec16","year","All","16-24","16-64","Female","unknown","!","!","!","!","!"
"Inactive","Percentage of individuals inactive","Indian","Detailed","Jan16-Dec16","year","All","16-24","16-64","Male","All","57.9","9","48900","84600","287"
"Inactive","Percentage of individuals inactive","Indian","Detailed","Jan16-Dec16","year","All","16-24","16-64","Male","Disabled","!","!","!","!","!"
"Inactive","Percentage of individuals inactive","Indian","Detailed","Jan16-Dec16","year","All","16-24","16-64","Male","Non-disabled","56.8","9.3","44700","78800","270"
"Inactive","Percentage of individuals inactive","Indian","Detailed","Jan16-Dec16","year","All","16-24","16-64","Male","unknown","!","!","!","!","!"
"Inactive","Percentage of individuals inactive","Indian","Detailed","Jan16-Dec16","year","All","25-49","16-64","All","All","14.4","2.1","107700","748100","2756"
"Inactive","Percentage of individuals inactive","Indian","Detailed","Jan16-Dec16","year","All","25-49","16-64","All","Disabled","27.4","8.4","17300","63100","272"
"Inactive","Percentage of individuals inactive","Indian","Detailed","Jan16-Dec16","year","All","25-49","16-64","All","Non-disabled","13.1","2.1","89400","681000","2467"
"Inactive","Percentage of individuals inactive","Indian","Detailed","Jan16-Dec16","year","All","25-49","16-64","All","unknown","!","!","!","!","!"
"Inactive","Percentage of individuals inactive","Indian","Detailed","Jan16-Dec16","year","All","25-49","16-64","Female","All","25.7","3.6","91600","356300","1392"
"Inactive","Percentage of individuals inactive","Indian","Detailed","Jan16-Dec16","year","All","25-49","16-64","Female","Disabled","34.4","11.8","12000","34800","156"
"Inactive","Percentage of individuals inactive","Indian","Detailed","Jan16-Dec16","year","All","25-49","16-64","Female","Non-disabled","24.7","3.8","79000","320100","1229"
"Inactive","Percentage of individuals inactive","Indian","Detailed","Jan16-Dec16","year","All","25-49","16-64","Female","unknown","!","!","!","!","!"
"Inactive","Percentage of individuals inactive","Indian","Detailed","Jan16-Dec16","year","All","25-49","16-64","Male","All","4.1","1.7","16100","391800","1364"
"Inactive","Percentage of individuals inactive","Indian","Detailed","Jan16-Dec16","year","All","25-49","16-64","Male","Disabled","18.8","11.2","5300","28300","116"
"Inactive","Percentage of individuals inactive","Indian","Detailed","Jan16-Dec16","year","All","25-49","16-64","Male","Non-disabled","2.9","1.5","10400","360900","1238"
"Inactive","Percentage of individuals inactive","Indian","Detailed","Jan16-Dec16","year","All","25-49","16-64","Male","unknown","!","!","!","!","!"
"Inactive","Percentage of individuals inactive","Indian","Detailed","Jan16-Dec16","year","All","50-64","16-64","All","All","26.7","4.5","59600","223200","945"
"Inactive","Percentage of individuals inactive","Indian","Detailed","Jan16-Dec16","year","All","50-64","16-64","All","Disabled","50.5","9","35100","69500","298"
"Inactive","Percentage of individuals inactive","Indian","Detailed","Jan16-Dec16","year","All","50-64","16-64","All","Non-disabled","15.8","4.5","24200","153000","644"
"Inactive","Percentage of individuals inactive","Indian","Detailed","Jan16-Dec16","year","All","50-64","16-64","All","unknown","!","!","!","!","!"
"Inactive","Percentage of individuals inactive","Indian","Detailed","Jan16-Dec16","year","All","50-64","16-64","Female","All","35.7","6.7","40400","113200","490"
"Inactive","Percentage of individuals inactive","Indian","Detailed","Jan16-Dec16","year","All","50-64","16-64","Female","Disabled","59.4","11.8","22600","38000","167"
"Inactive","Percentage of individuals inactive","Indian","Detailed","Jan16-Dec16","year","All","50-64","16-64","Female","Non-disabled","23.3","7.3","17400","74800","321"
"Inactive","Percentage of individuals inactive","Indian","Detailed","Jan16-Dec16","year","All","50-64","16-64","Female","unknown","!","!","!","!","!"
"Inactive","Percentage of individuals inactive","Indian","Detailed","Jan16-Dec16","year","All","50-64","16-64","Male","All","17.5","5.5","19200","110000","455"
"Inactive","Percentage of individuals inactive","Indian","Detailed","Jan16-Dec16","year","All","50-64","16-64","Male","Disabled","39.6","13.2","12500","31500","131"
"Inactive","Percentage of individuals inactive","Indian","Detailed","Jan16-Dec16","year","All","50-64","16-64","Male","Non-disabled","8.6","4.8","6800","78300","323"
"Inactive","Percentage of individuals inactive","Indian","Detailed","Jan16-Dec16","year","All","50-64","16-64","Male","unknown","!","!","!","!","!"
"Inactive","Percentage of individuals inactive","Indian","Detailed","Jan16-Dec16","year","All","All","16-64","All","All","23.1","2","260800","1130100","4232"
"Inactive","Percentage of individuals inactive","Indian","Detailed","Jan16-Dec16","year","All","All","16-64","All","Disabled","42.1","6.2","61200","145400","605"
"Inactive","Percentage of individuals inactive","Indian","Detailed","Jan16-Dec16","year","All","All","16-64","All","Non-disabled","20.2","2.1","198200","980000","3607"
"Inactive","Percentage of individuals inactive","Indian","Detailed","Jan16-Dec16","year","All","All","16-64","All","unknown","!","!","!","!","!"
"Inactive","Percentage of individuals inactive","Indian","Detailed","Jan16-Dec16","year","All","All","16-64","Female","All","32.5","3.1","176500","543700","2126"
"Inactive","Percentage of individuals inactive","Indian","Detailed","Jan16-Dec16","year","All","All","16-64","Female","Disabled","49.1","8.4","39300","79900","341"
"Inactive","Percentage of individuals inactive","Indian","Detailed","Jan16-Dec16","year","All","All","16-64","Female","Non-disabled","29.5","3.4","136300","462000","1776"
"Inactive","Percentage of individuals inactive","Indian","Detailed","Jan16-Dec16","year","All","All","16-64","Female","unknown","!","!","!","!","!"
"Inactive","Percentage of individuals inactive","Indian","Detailed","Jan16-Dec16","year","All","All","16-64","Male","All","14.4","2.4","84300","586300","2106"
"Inactive","Percentage of individuals inactive","Indian","Detailed","Jan16-Dec16","year","All","All","16-64","Male","Disabled","33.6","9","22000","65600","264"
"Inactive","Percentage of individuals inactive","Indian","Detailed","Jan16-Dec16","year","All","All","16-64","Male","Non-disabled","12","2.3","61900","518000","1831"
"Inactive","Percentage of individuals inactive","Indian","Detailed","Jan16-Dec16","year","All","All","16-64","Male","unknown","!","!","!","!","!"
"Inactive","Percentage of individuals inactive","Indian","Detailed","Jan16-Dec16","year","East Midlands","All","16-64","All","All","27.3","6.2","32900","120500","500"
"Inactive","Percentage of individuals inactive","Indian","Detailed","Jan16-Dec16","year","East Midlands","All","16-64","All","Disabled","38.4","14.5","9100","23700","108"
"Inactive","Percentage of individuals inactive","Indian","Detailed","Jan16-Dec16","year","East Midlands","All","16-64","All","Non-disabled","24.7","6.8","23800","96400","390"
"Inactive","Percentage of individuals inactive","Indian","Detailed","Jan16-Dec16","year","East Midlands","All","16-64","All","unknown","!","!","!","!","!"
"Inactive","Percentage of individuals inactive","Indian","Detailed","Jan16-Dec16","year","East of England","All","16-64","All","All","24.2","8.8","17500","72400","229"
"Inactive","Percentage of individuals inactive","Indian","Detailed","Jan16-Dec16","year","East of England","All","16-64","All","Disabled","!","!","!","!","!"
"Inactive","Percentage of individuals inactive","Indian","Detailed","Jan16-Dec16","year","East of England","All","16-64","All","Non-disabled","21.6","9.1","13800","63900","198"
"Inactive","Percentage of individuals inactive","Indian","Detailed","Jan16-Dec16","year","East of England","All","16-64","All","unknown","!","!","!","!","!"
"Inactive","Percentage of individuals inactive","Indian","Detailed","Jan16-Dec16","year","London","All","16-64","All","All","20.1","3.7","85900","426500","1120"
"Inactive","Percentage of individuals inactive","Indian","Detailed","Jan16-Dec16","year","London","All","16-64","All","Disabled","39.3","12.2","21500","54700","154"
"Inactive","Percentage of individuals inactive","Indian","Detailed","Jan16-Dec16","year","London","All","16-64","All","Non-disabled","17.3","3.8","64000","369800","961"
"Inactive","Percentage of individuals inactive","Indian","Detailed","Jan16-Dec16","year","London","All","16-64","All","unknown","!","!","!","!","!"
"Inactive","Percentage of individuals inactive","Indian","Detailed","Jan16-Dec16","year","North East","All","16-64","All","All","!","!","!","!","!"
"Inactive","Percentage of individuals inactive","Indian","Detailed","Jan16-Dec16","year","North East","All","16-64","All","Disabled","!","!","!","!","!"
"Inactive","Percentage of individuals inactive","Indian","Detailed","Jan16-Dec16","year","North East","All","16-64","All","Non-disabled","!","!","!","!","!"
"Inactive","Percentage of individuals inactive","Indian","Detailed","Jan16-Dec16","year","North East","All","16-64","All","unknown","!","!","!","!","!"
"Inactive","Percentage of individuals inactive","Indian","Detailed","Jan16-Dec16","year","North West","All","16-64","All","All","30","6.6","27600","92000","464"
"Inactive","Percentage of individuals inactive","Indian","Detailed","Jan16-Dec16","year","North West","All","16-64","All","Disabled","!","!","!","!","!"
"Inactive","Percentage of individuals inactive","Indian","Detailed","Jan16-Dec16","year","North West","All","16-64","All","Non-disabled","25.4","7","19800","77900","376"
"Inactive","Percentage of individuals inactive","Indian","Detailed","Jan16-Dec16","year","North West","All","16-64","All","unknown","!","!","!","!","!"
"Inactive","Percentage of individuals inactive","Indian","Detailed","Jan16-Dec16","year","Scotland","All","16-64","All","All","26.3","12.7","6400","24300","116"
"Inactive","Percentage of individuals inactive","Indian","Detailed","Jan16-Dec16","year","Scotland","All","16-64","All","Disabled","!","!","!","!","!"
"Inactive","Percentage of individuals inactive","Indian","Detailed","Jan16-Dec16","year","Scotland","All","16-64","All","Non-disabled","26.2","13.1","6100","23200","108"
"Inactive","Percentage of individuals inactive","Indian","Detailed","Jan16-Dec16","year","Scotland","All","16-64","All","unknown","!","!","!","!","!"
"Inactive","Percentage of individuals inactive","Indian","Detailed","Jan16-Dec16","year","South East","All","16-64","All","All","18.3","4.8","21300","116400","621"
"Inactive","Percentage of individuals inactive","Indian","Detailed","Jan16-Dec16","year","South East","All","16-64","All","Disabled","!","!","!","!","!"
"Inactive","Percentage of individuals inactive","Indian","Detailed","Jan16-Dec16","year","South East","All","16-64","All","Non-disabled","17.5","5","18600","106600","551"
"Inactive","Percentage of individuals inactive","Indian","Detailed","Jan16-Dec16","year","South East","All","16-64","All","unknown","!","!","!","!","!"
"Inactive","Percentage of individuals inactive","Indian","Detailed","Jan16-Dec16","year","South West","All","16-64","All","All","12","8.2","4200","35300","150"
"Inactive","Percentage of individuals inactive","Indian","Detailed","Jan16-Dec16","year","South West","All","16-64","All","Disabled","!","!","!","!","!"
"Inactive","Percentage of individuals inactive","Indian","Detailed","Jan16-Dec16","year","South West","All","16-64","All","Non-disabled","12.5","8.9","3900","30800","132"
"Inactive","Percentage of individuals inactive","Indian","Detailed","Jan16-Dec16","year","South West","All","16-64","All","unknown","!","!","!","!","!"
"Inactive","Percentage of individuals inactive","Indian","Detailed","Jan16-Dec16","year","Wales","All","16-64","All","All","!","!","!","!","!"
"Inactive","Percentage of individuals inactive","Indian","Detailed","Jan16-Dec16","year","Wales","All","16-64","All","Disabled","!","!","!","!","!"
"Inactive","Percentage of individuals inactive","Indian","Detailed","Jan16-Dec16","year","Wales","All","16-64","All","Non-disabled","!","!","!","!","!"
"Inactive","Percentage of individuals inactive","Indian","Detailed","Jan16-Dec16","year","Wales","All","16-64","All","unknown","!","!","!","!","!"
"Inactive","Percentage of individuals inactive","Indian","Detailed","Jan16-Dec16","year","West Midlands","All","16-64","All","All","26","5.1","45800","176100","716"
"Inactive","Percentage of individuals inactive","Indian","Detailed","Jan16-Dec16","year","West Midlands","All","16-64","All","Disabled","57","15.3","13300","23400","101"
"Inactive","Percentage of individuals inactive","Indian","Detailed","Jan16-Dec16","year","West Midlands","All","16-64","All","Non-disabled","21","5.1","31800","151400","609"
"Inactive","Percentage of individuals inactive","Indian","Detailed","Jan16-Dec16","year","West Midlands","All","16-64","All","unknown","!","!","!","!","!"
"Inactive","Percentage of individuals inactive","Indian","Detailed","Jan16-Dec16","year","Yorkshire and The Humber","All","16-64","All","All","32.2","12.3","12900","40100","138"
"Inactive","Percentage of individuals inactive","Indian","Detailed","Jan16-Dec16","year","Yorkshire and The Humber","All","16-64","All","Disabled","!","!","!","!","!"
"Inactive","Percentage of individuals inactive","Indian","Detailed","Jan16-Dec16","year","Yorkshire and The Humber","All","16-64","All","Non-disabled","31","12.9","11000","35600","124"
"Inactive","Percentage of individuals inactive","Indian","Detailed","Jan16-Dec16","year","Yorkshire and The Humber","All","16-64","All","unknown","!","!","!","!","!"
"Inactive","Percentage of individuals inactive","Mixed","ONS 2011 5+1","Jan16-Dec16","year","All","16-24","16-64","All","All","47.7","6.6","82100","172200","546"
"Inactive","Percentage of individuals inactive","Mixed","ONS 2011 5+1","Jan16-Dec16","year","All","16-24","16-64","All","Disabled","!","!","!","!","!"
"Inactive","Percentage of individuals inactive","Mixed","ONS 2011 5+1","Jan16-Dec16","year","All","16-24","16-64","All","Non-disabled","45.8","7.1","68500","149500","471"
"Inactive","Percentage of individuals inactive","Mixed","ONS 2011 5+1","Jan16-Dec16","year","All","16-24","16-64","All","unknown","!","!","!","!","!"
"Inactive","Percentage of individuals inactive","Mixed","ONS 2011 5+1","Jan16-Dec16","year","All","16-24","16-64","Female","All","53","9.4","44500","84100","271"
"Inactive","Percentage of individuals inactive","Mixed","ONS 2011 5+1","Jan16-Dec16","year","All","16-24","16-64","Female","Disabled","!","!","!","!","!"
"Inactive","Percentage of individuals inactive","Mixed","ONS 2011 5+1","Jan16-Dec16","year","All","16-24","16-64","Female","Non-disabled","51.6","10","38200","74000","238"
"Inactive","Percentage of individuals inactive","Mixed","ONS 2011 5+1","Jan16-Dec16","year","All","16-24","16-64","Female","unknown","!","!","!","!","!"
"Inactive","Percentage of individuals inactive","Mixed","ONS 2011 5+1","Jan16-Dec16","year","All","16-24","16-64","Male","All","42.6","9.2","37600","88100","275"
"Inactive","Percentage of individuals inactive","Mixed","ONS 2011 5+1","Jan16-Dec16","year","All","16-24","16-64","Male","Disabled","!","!","!","!","!"
"Inactive","Percentage of individuals inactive","Mixed","ONS 2011 5+1","Jan16-Dec16","year","All","16-24","16-64","Male","Non-disabled","40.2","9.9","30300","75500","233"
"Inactive","Percentage of individuals inactive","Mixed","ONS 2011 5+1","Jan16-Dec16","year","All","16-24","16-64","Male","unknown","!","!","!","!","!"
"Inactive","Percentage of individuals inactive","Mixed","ONS 2011 5+1","Jan16-Dec16","year","All","25-49","16-64","All","All","15.9","3.8","43600","274000","901"
"Inactive","Percentage of individuals inactive","Mixed","ONS 2011 5+1","Jan16-Dec16","year","All","25-49","16-64","All","Disabled","35.9","12.1","15800","43900","151"
"Inactive","Percentage of individuals inactive","Mixed","ONS 2011 5+1","Jan16-Dec16","year","All","25-49","16-64","All","Non-disabled","11.9","3.7","27200","228400","745"
"Inactive","Percentage of individuals inactive","Mixed","ONS 2011 5+1","Jan16-Dec16","year","All","25-49","16-64","All","unknown","!","!","!","!","!"
"Inactive","Percentage of individuals inactive","Mixed","ONS 2011 5+1","Jan16-Dec16","year","All","25-49","16-64","Female","All","19.4","5.2","30800","159300","561"
"Inactive","Percentage of individuals inactive","Mixed","ONS 2011 5+1","Jan16-Dec16","year","All","25-49","16-64","Female","Disabled","36.8","14.6","10400","28400","105"
"Inactive","Percentage of individuals inactive","Mixed","ONS 2011 5+1","Jan16-Dec16","year","All","25-49","16-64","Female","Non-disabled","15.2","5.2","19700","129300","451"
"Inactive","Percentage of individuals inactive","Mixed","ONS 2011 5+1","Jan16-Dec16","year","All","25-49","16-64","Female","unknown","!","!","!","!","!"
"Inactive","Percentage of individuals inactive","Mixed","ONS 2011 5+1","Jan16-Dec16","year","All","25-49","16-64","Male","All","11.2","5.3","12800","114700","340"
"Inactive","Percentage of individuals inactive","Mixed","ONS 2011 5+1","Jan16-Dec16","year","All","25-49","16-64","Male","Disabled","!","!","!","!","!"
"Inactive","Percentage of individuals inactive","Mixed","ONS 2011 5+1","Jan16-Dec16","year","All","25-49","16-64","Male","Non-disabled","7.5","4.8","7500","99200","294"
"Inactive","Percentage of individuals inactive","Mixed","ONS 2011 5+1","Jan16-Dec16","year","All","25-49","16-64","Male","unknown","!","!","!","!","!"
"Inactive","Percentage of individuals inactive","Mixed","ONS 2011 5+1","Jan16-Dec16","year","All","50-64","16-64","All","All","27.8","8.9","16700","60000","241"
"Inactive","Percentage of individuals inactive","Mixed","ONS 2011 5+1","Jan16-Dec16","year","All","50-64","16-64","All","Disabled","!","!","!","!","!"
"Inactive","Percentage of individuals inactive","Mixed","ONS 2011 5+1","Jan16-Dec16","year","All","50-64","16-64","All","Non-disabled","13.9","8.2","6100","43800","171"
"Inactive","Percentage of individuals inactive","Mixed","ONS 2011 5+1","Jan16-Dec16","year","All","50-64","16-64","All","unknown","!","!","!","!","!"
"Inactive","Percentage of individuals inactive","Mixed","ONS 2011 5+1","Jan16-Dec16","year","All","50-64","16-64","Female","All","35.3","13.3","11200","31700","124"
"Inactive","Percentage of individuals inactive","Mixed","ONS 2011 5+1","Jan16-Dec16","year","All","50-64","16-64","Female","Disabled","!","!","!","!","!"
"Inactive","Percentage of individuals inactive","Mixed","ONS 2011 5+1","Jan16-Dec16","year","All","50-64","16-64","Female","Non-disabled","!","!","!","!","!"
"Inactive","Percentage of individuals inactive","Mixed","ONS 2011 5+1","Jan16-Dec16","year","All","50-64","16-64","Female","unknown","!","!","!","!","!"
"Inactive","Percentage of individuals inactive","Mixed","ONS 2011 5+1","Jan16-Dec16","year","All","50-64","16-64","Male","All","19.4","11.3","5500","28400","117"
"Inactive","Percentage of individuals inactive","Mixed","ONS 2011 5+1","Jan16-Dec16","year","All","50-64","16-64","Male","Disabled","!","!","!","!","!"
"Inactive","Percentage of individuals inactive","Mixed","ONS 2011 5+1","Jan16-Dec16","year","All","50-64","16-64","Male","Non-disabled","!","!","!","!","!"
"Inactive","Percentage of individuals inactive","Mixed","ONS 2011 5+1","Jan16-Dec16","year","All","50-64","16-64","Male","unknown","!","!","!","!","!"
"Inactive","Percentage of individuals inactive","Mixed","ONS 2011 5+1","Jan16-Dec16","year","All","All","16-64","All","All","28.1","3.4","142400","506200","1688"
"Inactive","Percentage of individuals inactive","Mixed","ONS 2011 5+1","Jan16-Dec16","year","All","All","16-64","All","Disabled","46.6","9.1","37200","79800","287"
"Inactive","Percentage of individuals inactive","Mixed","ONS 2011 5+1","Jan16-Dec16","year","All","All","16-64","All","Non-disabled","24.1","3.6","101700","421700","1387"
"Inactive","Percentage of individuals inactive","Mixed","ONS 2011 5+1","Jan16-Dec16","year","All","All","16-64","All","unknown","!","!","!","!","!"
"Inactive","Percentage of individuals inactive","Mixed","ONS 2011 5+1","Jan16-Dec16","year","All","All","16-64","Female","All","31.5","4.7","86500","275000","956"
"Inactive","Percentage of individuals inactive","Mixed","ONS 2011 5+1","Jan16-Dec16","year","All","All","16-64","Female","Disabled","47.8","11.9","21700","45300","169"
"Inactive","Percentage of individuals inactive","Mixed","ONS 2011 5+1","Jan16-Dec16","year","All","All","16-64","Female","Non-disabled","27.5","5","62100","225700","776"
"Inactive","Percentage of individuals inactive","Mixed","ONS 2011 5+1","Jan16-Dec16","year","All","All","16-64","Female","unknown","!","!","!","!","!"
"Inactive","Percentage of individuals inactive","Mixed","ONS 2011 5+1","Jan16-Dec16","year","All","All","16-64","Male","All","24.2","4.9","55900","231200","732"
"Inactive","Percentage of individuals inactive","Mixed","ONS 2011 5+1","Jan16-Dec16","year","All","All","16-64","Male","Disabled","45.1","14.2","15500","34400","118"
"Inactive","Percentage of individuals inactive","Mixed","ONS 2011 5+1","Jan16-Dec16","year","All","All","16-64","Male","Non-disabled","20.2","5","39600","196000","611"
"Inactive","Percentage of individuals inactive","Mixed","ONS 2011 5+1","Jan16-Dec16","year","All","All","16-64","Male","unknown","!","!","!","!","!"
"Inactive","Percentage of individuals inactive","Mixed","ONS 2011 5+1","Jan16-Dec16","year","East Midlands","All","16-64","All","All","32.3","14.4","9600","29800","101"
"Inactive","Percentage of individuals inactive","Mixed","ONS 2011 5+1","Jan16-Dec16","year","East Midlands","All","16-64","All","Disabled","!","!","!","!","!"
"Inactive","Percentage of individuals inactive","Mixed","ONS 2011 5+1","Jan16-Dec16","year","East Midlands","All","16-64","All","Non-disabled","!","!","!","!","!"
"Inactive","Percentage of individuals inactive","Mixed","ONS 2011 5+1","Jan16-Dec16","year","East Midlands","All","16-64","All","unknown","!","!","!","!","!"
"Inactive","Percentage of individuals inactive","Mixed","ONS 2011 5+1","Jan16-Dec16","year","East of England","All","16-64","All","All","21.9","10.6","10200","46800","147"
"Inactive","Percentage of individuals inactive","Mixed","ONS 2011 5+1","Jan16-Dec16","year","East of England","All","16-64","All","Disabled","!","!","!","!","!"
"Inactive","Percentage of individuals inactive","Mixed","ONS 2011 5+1","Jan16-Dec16","year","East of England","All","16-64","All","Non-disabled","15.7","10.1","6300","40300","124"
"Inactive","Percentage of individuals inactive","Mixed","ONS 2011 5+1","Jan16-Dec16","year","East of England","All","16-64","All","unknown","!","!","!","!","!"
"Inactive","Percentage of individuals inactive","Mixed","ONS 2011 5+1","Jan16-Dec16","year","London","All","16-64","All","All","26.8","6.4","49600","185100","465"
"Inactive","Percentage of individuals inactive","Mixed","ONS 2011 5+1","Jan16-Dec16","year","London","All","16-64","All","Disabled","!","!","!","!","!"
"Inactive","Percentage of individuals inactive","Mixed","ONS 2011 5+1","Jan16-Dec16","year","London","All","16-64","All","Non-disabled","23.8","6.6","37700","158500","394"
"Inactive","Percentage of individuals inactive","Mixed","ONS 2011 5+1","Jan16-Dec16","year","London","All","16-64","All","unknown","!","!","!","!","!"
"Inactive","Percentage of individuals inactive","Mixed","ONS 2011 5+1","Jan16-Dec16","year","North East","All","16-64","All","All","!","!","!","!","!"
"Inactive","Percentage of individuals inactive","Mixed","ONS 2011 5+1","Jan16-Dec16","year","North East","All","16-64","All","Disabled","!","!","!","!","!"
"Inactive","Percentage of individuals inactive","Mixed","ONS 2011 5+1","Jan16-Dec16","year","North East","All","16-64","All","Non-disabled","!","!","!","!","!"
"Inactive","Percentage of individuals inactive","Mixed","ONS 2011 5+1","Jan16-Dec16","year","North East","All","16-64","All","unknown","!","!","!","!","!"
"Inactive","Percentage of individuals inactive","Mixed","ONS 2011 5+1","Jan16-Dec16","year","North West","All","16-64","All","All","25.1","10.1","10100","40300","178"
"Inactive","Percentage of individuals inactive","Mixed","ONS 2011 5+1","Jan16-Dec16","year","North West","All","16-64","All","Disabled","!","!","!","!","!"
"Inactive","Percentage of individuals inactive","Mixed","ONS 2011 5+1","Jan16-Dec16","year","North West","All","16-64","All","Non-disabled","20.8","10.7","6700","32300","138"
"Inactive","Percentage of individuals inactive","Mixed","ONS 2011 5+1","Jan16-Dec16","year","North West","All","16-64","All","unknown","!","!","!","!","!"
"Inactive","Percentage of individuals inactive","Mixed","ONS 2011 5+1","Jan16-Dec16","year","Scotland","All","16-64","All","All","!","!","!","!","!"
"Inactive","Percentage of individuals inactive","Mixed","ONS 2011 5+1","Jan16-Dec16","year","Scotland","All","16-64","All","Disabled","!","!","!","!","!"
"Inactive","Percentage of individuals inactive","Mixed","ONS 2011 5+1","Jan16-Dec16","year","Scotland","All","16-64","All","Non-disabled","!","!","!","!","!"
"Inactive","Percentage of individuals inactive","Mixed","ONS 2011 5+1","Jan16-Dec16","year","Scotland","All","16-64","All","unknown","!","!","!","!","!"
"Inactive","Percentage of individuals inactive","Mixed","ONS 2011 5+1","Jan16-Dec16","year","South East","All","16-64","All","All","21.7","8.7","12300","56400","214"
"Inactive","Percentage of individuals inactive","Mixed","ONS 2011 5+1","Jan16-Dec16","year","South East","All","16-64","All","Disabled","!","!","!","!","!"
"Inactive","Percentage of individuals inactive","Mixed","ONS 2011 5+1","Jan16-Dec16","year","South East","All","16-64","All","Non-disabled","22.3","9.6","10500","47100","179"
"Inactive","Percentage of individuals inactive","Mixed","ONS 2011 5+1","Jan16-Dec16","year","South East","All","16-64","All","unknown","!","!","!","!","!"
"Inactive","Percentage of individuals inactive","Mixed","ONS 2011 5+1","Jan16-Dec16","year","South West","All","16-64","All","All","30.9","13.5","9500","30800","113"
"Inactive","Percentage of individuals inactive","Mixed","ONS 2011 5+1","Jan16-Dec16","year","South West","All","16-64","All","Disabled","!","!","!","!","!"
"Inactive","Percentage of individuals inactive","Mixed","ONS 2011 5+1","Jan16-Dec16","year","South West","All","16-64","All","Non-disabled","!","!","!","!","!"
"Inactive","Percentage of individuals inactive","Mixed","ONS 2011 5+1","Jan16-Dec16","year","South West","All","16-64","All","unknown","!","!","!","!","!"
"Inactive","Percentage of individuals inactive","Mixed","ONS 2011 5+1","Jan16-Dec16","year","Wales","All","16-64","All","All","!","!","!","!","!"
"Inactive","Percentage of individuals inactive","Mixed","ONS 2011 5+1","Jan16-Dec16","year","Wales","All","16-64","All","Disabled","!","!","!","!","!"
"Inactive","Percentage of individuals inactive","Mixed","ONS 2011 5+1","Jan16-Dec16","year","Wales","All","16-64","All","Non-disabled","!","!","!","!","!"
"Inactive","Percentage of individuals inactive","Mixed","ONS 2011 5+1","Jan16-Dec16","year","Wales","All","16-64","All","unknown","!","!","!","!","!"
"Inactive","Percentage of individuals inactive","Mixed","ONS 2011 5+1","Jan16-Dec16","year","West Midlands","All","16-64","All","All","34.1","11.4","16900","49700","167"
"Inactive","Percentage of individuals inactive","Mixed","ONS 2011 5+1","Jan16-Dec16","year","West Midlands","All","16-64","All","Disabled","!","!","!","!","!"
"Inactive","Percentage of individuals inactive","Mixed","ONS 2011 5+1","Jan16-Dec16","year","West Midlands","All","16-64","All","Non-disabled","29.3","12","12000","41100","138"
"Inactive","Percentage of individuals inactive","Mixed","ONS 2011 5+1","Jan16-Dec16","year","West Midlands","All","16-64","All","unknown","!","!","!","!","!"
"Inactive","Percentage of individuals inactive","Mixed","ONS 2011 5+1","Jan16-Dec16","year","Yorkshire and The Humber","All","16-64","All","All","36.8","13.9","13300","36100","116"
"Inactive","Percentage of individuals inactive","Mixed","ONS 2011 5+1","Jan16-Dec16","year","Yorkshire and The Humber","All","16-64","All","Disabled","!","!","!","!","!"
"Inactive","Percentage of individuals inactive","Mixed","ONS 2011 5+1","Jan16-Dec16","year","Yorkshire and The Humber","All","16-64","All","Non-disabled","!","!","!","!","!"
"Inactive","Percentage of individuals inactive","Mixed","ONS 2011 5+1","Jan16-Dec16","year","Yorkshire and The Humber","All","16-64","All","unknown","!","!","!","!","!"
"Inactive","Percentage of individuals inactive","Other","ONS 2011 5+1","Jan16-Dec16","year","All","16-24","16-64","All","All","61.1","7.4","79000","129200","415"
"Inactive","Percentage of individuals inactive","Other","ONS 2011 5+1","Jan16-Dec16","year","All","16-24","16-64","All","Disabled","!","!","!","!","!"
"Inactive","Percentage of individuals inactive","Other","ONS 2011 5+1","Jan16-Dec16","year","All","16-24","16-64","All","Non-disabled","61.8","7.8","71200","115200","370"
"Inactive","Percentage of individuals inactive","Other","ONS 2011 5+1","Jan16-Dec16","year","All","16-24","16-64","All","unknown","!","!","!","!","!"
"Inactive","Percentage of individuals inactive","Other","ONS 2011 5+1","Jan16-Dec16","year","All","16-24","16-64","Female","All","65.9","10.6","38400","58300","191"
"Inactive","Percentage of individuals inactive","Other","ONS 2011 5+1","Jan16-Dec16","year","All","16-24","16-64","Female","Disabled","!","!","!","!","!"
"Inactive","Percentage of individuals inactive","Other","ONS 2011 5+1","Jan16-Dec16","year","All","16-24","16-64","Female","Non-disabled","66.4","11.3","34200","51500","168"
"Inactive","Percentage of individuals inactive","Other","ONS 2011 5+1","Jan16-Dec16","year","All","16-24","16-64","Female","unknown","!","!","!","!","!"
"Inactive","Percentage of individuals inactive","Other","ONS 2011 5+1","Jan16-Dec16","year","All","16-24","16-64","Male","All","57.1","10.2","40500","70900","224"
"Inactive","Percentage of individuals inactive","Other","ONS 2011 5+1","Jan16-Dec16","year","All","16-24","16-64","Male","Disabled","!","!","!","!","!"
"Inactive","Percentage of individuals inactive","Other","ONS 2011 5+1","Jan16-Dec16","year","All","16-24","16-64","Male","Non-disabled","58","10.8","37000","63700","202"
"Inactive","Percentage of individuals inactive","Other","ONS 2011 5+1","Jan16-Dec16","year","All","16-24","16-64","Male","unknown","!","!","!","!","!"
"Inactive","Percentage of individuals inactive","Other","ONS 2011 5+1","Jan16-Dec16","year","All","25-49","16-64","All","All","27.7","3.4","139700","504700","1671"
"Inactive","Percentage of individuals inactive","Other","ONS 2011 5+1","Jan16-Dec16","year","All","25-49","16-64","All","Disabled","44.5","10.2","30300","68100","229"
"Inactive","Percentage of individuals inactive","Other","ONS 2011 5+1","Jan16-Dec16","year","All","25-49","16-64","All","Non-disabled","25.1","3.6","108500","432500","1429"
"Inactive","Percentage of individuals inactive","Other","ONS 2011 5+1","Jan16-Dec16","year","All","25-49","16-64","All","unknown","!","!","!","!","!"
"Inactive","Percentage of individuals inactive","Other","ONS 2011 5+1","Jan16-Dec16","year","All","25-49","16-64","Female","All","40.9","5.1","104000","254300","890"
"Inactive","Percentage of individuals inactive","Other","ONS 2011 5+1","Jan16-Dec16","year","All","25-49","16-64","Female","Disabled","54.2","14.1","18700","34400","119"
"Inactive","Percentage of individuals inactive","Other","ONS 2011 5+1","Jan16-Dec16","year","All","25-49","16-64","Female","Non-disabled","38.8","5.5","84600","217900","763"
"Inactive","Percentage of individuals inactive","Other","ONS 2011 5+1","Jan16-Dec16","year","All","25-49","16-64","Female","unknown","!","!","!","!","!"
"Inactive","Percentage of individuals inactive","Other","ONS 2011 5+1","Jan16-Dec16","year","All","25-49","16-64","Male","All","14.2","3.9","35700","250400","781"
"Inactive","Percentage of individuals inactive","Other","ONS 2011 5+1","Jan16-Dec16","year","All","25-49","16-64","Male","Disabled","34.5","14","11600","33700","110"
"Inactive","Percentage of individuals inactive","Other","ONS 2011 5+1","Jan16-Dec16","year","All","25-49","16-64","Male","Non-disabled","11.1","3.8","23900","214600","666"
"Inactive","Percentage of individuals inactive","Other","ONS 2011 5+1","Jan16-Dec16","year","All","25-49","16-64","Male","unknown","!","!","!","!","!"
"Inactive","Percentage of individuals inactive","Other","ONS 2011 5+1","Jan16-Dec16","year","All","50-64","16-64","All","All","31.9","6.4","41100","128900","504"
"Inactive","Percentage of individuals inactive","Other","ONS 2011 5+1","Jan16-Dec16","year","All","50-64","16-64","All","Disabled","60.4","11.9","26400","43700","162"
"Inactive","Percentage of individuals inactive","Other","ONS 2011 5+1","Jan16-Dec16","year","All","50-64","16-64","All","Non-disabled","16.7","6.4","13800","82600","331"
"Inactive","Percentage of individuals inactive","Other","ONS 2011 5+1","Jan16-Dec16","year","All","50-64","16-64","All","unknown","!","!","!","!","!"
"Inactive","Percentage of individuals inactive","Other","ONS 2011 5+1","Jan16-Dec16","year","All","50-64","16-64","Female","All","42.8","9.7","25100","58700","249"
"Inactive","Percentage of individuals inactive","Other","ONS 2011 5+1","Jan16-Dec16","year","All","50-64","16-64","Female","Disabled","!","!","!","!","!"
"Inactive","Percentage of individuals inactive","Other","ONS 2011 5+1","Jan16-Dec16","year","All","50-64","16-64","Female","Non-disabled","27.2","10.8","9800","36200","162"
"Inactive","Percentage of individuals inactive","Other","ONS 2011 5+1","Jan16-Dec16","year","All","50-64","16-64","Female","unknown","!","!","!","!","!"
"Inactive","Percentage of individuals inactive","Other","ONS 2011 5+1","Jan16-Dec16","year","All","50-64","16-64","Male","All","22.8","8.1","16000","70200","255"
"Inactive","Percentage of individuals inactive","Other","ONS 2011 5+1","Jan16-Dec16","year","All","50-64","16-64","Male","Disabled","!","!","!","!","!"
"Inactive","Percentage of individuals inactive","Other","ONS 2011 5+1","Jan16-Dec16","year","All","50-64","16-64","Male","Non-disabled","8.5","6.7","4000","46500","169"
"Inactive","Percentage of individuals inactive","Other","ONS 2011 5+1","Jan16-Dec16","year","All","50-64","16-64","Male","unknown","!","!","!","!","!"
"Inactive","Percentage of individuals inactive","Other","ONS 2011 5+1","Jan16-Dec16","year","All","All","16-64","All","All","34.1","2.9","259800","762900","2590"
"Inactive","Percentage of individuals inactive","Other","ONS 2011 5+1","Jan16-Dec16","year","All","All","16-64","All","Disabled","51.2","7.4","63900","124800","432"
"Inactive","Percentage of individuals inactive","Other","ONS 2011 5+1","Jan16-Dec16","year","All","All","16-64","All","Non-disabled","30.7","3.1","193500","630400","2130"
"Inactive","Percentage of individuals inactive","Other","ONS 2011 5+1","Jan16-Dec16","year","All","All","16-64","All","unknown","!","!","!","!","!"
"Inactive","Percentage of individuals inactive","Other","ONS 2011 5+1","Jan16-Dec16","year","All","All","16-64","Female","All","45.1","4.2","167600","371400","1330"
"Inactive","Percentage of individuals inactive","Other","ONS 2011 5+1","Jan16-Dec16","year","All","All","16-64","Female","Disabled","60.7","10.2","37700","62200","222"
"Inactive","Percentage of individuals inactive","Other","ONS 2011 5+1","Jan16-Dec16","year","All","All","16-64","Female","Non-disabled","42.1","4.6","128700","305600","1093"
"Inactive","Percentage of individuals inactive","Other","ONS 2011 5+1","Jan16-Dec16","year","All","All","16-64","Female","unknown","!","!","!","!","!"
"Inactive","Percentage of individuals inactive","Other","ONS 2011 5+1","Jan16-Dec16","year","All","All","16-64","Male","All","23.6","3.7","92200","391500","1260"
"Inactive","Percentage of individuals inactive","Other","ONS 2011 5+1","Jan16-Dec16","year","All","All","16-64","Male","Disabled","41.9","10.5","26200","62600","210"
"Inactive","Percentage of individuals inactive","Other","ONS 2011 5+1","Jan16-Dec16","year","All","All","16-64","Male","Non-disabled","20","3.8","64800","324800","1037"
"Inactive","Percentage of individuals inactive","Other","ONS 2011 5+1","Jan16-Dec16","year","All","All","16-64","Male","unknown","!","!","!","!","!"
"Inactive","Percentage of individuals inactive","Other","ONS 2011 5+1","Jan16-Dec16","year","East Midlands","All","16-64","All","All","!","!","!","!","!"
"Inactive","Percentage of individuals inactive","Other","ONS 2011 5+1","Jan16-Dec16","year","East Midlands","All","16-64","All","Disabled","!","!","!","!","!"
"Inactive","Percentage of individuals inactive","Other","ONS 2011 5+1","Jan16-Dec16","year","East Midlands","All","16-64","All","Non-disabled","!","!","!","!","!"
"Inactive","Percentage of individuals inactive","Other","ONS 2011 5+1","Jan16-Dec16","year","East Midlands","All","16-64","All","unknown","!","!","!","!","!"
"Inactive","Percentage of individuals inactive","Other","ONS 2011 5+1","Jan16-Dec16","year","East of England","All","16-64","All","All","28.2","12.1","11100","39300","132"
"Inactive","Percentage of individuals inactive","Other","ONS 2011 5+1","Jan16-Dec16","year","East of England","All","16-64","All","Disabled","!","!","!","!","!"
"Inactive","Percentage of individuals inactive","Other","ONS 2011 5+1","Jan16-Dec16","year","East of England","All","16-64","All","Non-disabled","28.5","12.8","10100","35600","119"
"Inactive","Percentage of individuals inactive","Other","ONS 2011 5+1","Jan16-Dec16","year","East of England","All","16-64","All","unknown","!","!","!","!","!"
"Inactive","Percentage of individuals inactive","Other","ONS 2011 5+1","Jan16-Dec16","year","London","All","16-64","All","All","32.3","4.5","118600","367500","1021"
"Inactive","Percentage of individuals inactive","Other","ONS 2011 5+1","Jan16-Dec16","year","London","All","16-64","All","Disabled","53.2","10.8","37300","70200","205"
"Inactive","Percentage of individuals inactive","Other","ONS 2011 5+1","Jan16-Dec16","year","London","All","16-64","All","Non-disabled","27.4","4.9","80100","292200","801"
"Inactive","Percentage of individuals inactive","Other","ONS 2011 5+1","Jan16-Dec16","year","London","All","16-64","All","unknown","!","!","!","!","!"
"Inactive","Percentage of individuals inactive","Other","ONS 2011 5+1","Jan16-Dec16","year","North East","All","16-64","All","All","!","!","!","!","!"
"Inactive","Percentage of individuals inactive","Other","ONS 2011 5+1","Jan16-Dec16","year","North East","All","16-64","All","Disabled","!","!","!","!","!"
"Inactive","Percentage of individuals inactive","Other","ONS 2011 5+1","Jan16-Dec16","year","North East","All","16-64","All","Non-disabled","!","!","!","!","!"
"Inactive","Percentage of individuals inactive","Other","ONS 2011 5+1","Jan16-Dec16","year","North East","All","16-64","All","unknown","!","!","!","!","!"
"Inactive","Percentage of individuals inactive","Other","ONS 2011 5+1","Jan16-Dec16","year","North West","All","16-64","All","All","40.1","9.5","24100","60000","258"
"Inactive","Percentage of individuals inactive","Other","ONS 2011 5+1","Jan16-Dec16","year","North West","All","16-64","All","Disabled","!","!","!","!","!"
"Inactive","Percentage of individuals inactive","Other","ONS 2011 5+1","Jan16-Dec16","year","North West","All","16-64","All","Non-disabled","38.4","10.4","19400","50400","211"
"Inactive","Percentage of individuals inactive","Other","ONS 2011 5+1","Jan16-Dec16","year","North West","All","16-64","All","unknown","!","!","!","!","!"
"Inactive","Percentage of individuals inactive","Other","ONS 2011 5+1","Jan16-Dec16","year","Scotland","All","16-64","All","All","40.9","13.7","13500","33000","123"
"Inactive","Percentage of individuals inactive","Other","ONS 2011 5+1","Jan16-Dec16","year","Scotland","All","16-64","All","Disabled","!","!","!","!","!"
"Inactive","Percentage of individuals inactive","Other","ONS 2011 5+1","Jan16-Dec16","year","Scotland","All","16-64","All","Non-disabled","38.3","14.4","11600","30300","109"
"Inactive","Percentage of individuals inactive","Other","ONS 2011 5+1","Jan16-Dec16","year","Scotland","All","16-64","All","unknown","!","!","!","!","!"
"Inactive","Percentage of individuals inactive","Other","ONS 2011 5+1","Jan16-Dec16","year","South East","All","16-64","All","All","30.1","8.9","20700","68800","255"
"Inactive","Percentage of individuals inactive","Other","ONS 2011 5+1","Jan16-Dec16","year","South East","All","16-64","All","Disabled","!","!","!","!","!"
"Inactive","Percentage of individuals inactive","Other","ONS 2011 5+1","Jan16-Dec16","year","South East","All","16-64","All","Non-disabled","30.8","9.8","17700","57400","212"
"Inactive","Percentage of individuals inactive","Other","ONS 2011 5+1","Jan16-Dec16","year","South East","All","16-64","All","unknown","!","!","!","!","!"
"Inactive","Percentage of individuals inactive","Other","ONS 2011 5+1","Jan16-Dec16","year","South West","All","16-64","All","All","27.7","12.4","8000","28800","125"
"Inactive","Percentage of individuals inactive","Other","ONS 2011 5+1","Jan16-Dec16","year","South West","All","16-64","All","Disabled","!","!","!","!","!"
"Inactive","Percentage of individuals inactive","Other","ONS 2011 5+1","Jan16-Dec16","year","South West","All","16-64","All","Non-disabled","24.1","12.6","6300","26000","111"
"Inactive","Percentage of individuals inactive","Other","ONS 2011 5+1","Jan16-Dec16","year","South West","All","16-64","All","unknown","!","!","!","!","!"
"Inactive","Percentage of individuals inactive","Other","ONS 2011 5+1","Jan16-Dec16","year","Wales","All","16-64","All","All","43.8","14","8000","18200","121"
"Inactive","Percentage of individuals inactive","Other","ONS 2011 5+1","Jan16-Dec16","year","Wales","All","16-64","All","Disabled","!","!","!","!","!"
"Inactive","Percentage of individuals inactive","Other","ONS 2011 5+1","Jan16-Dec16","year","Wales","All","16-64","All","Non-disabled","42.1","14.9","6700","15800","106"
"Inactive","Percentage of individuals inactive","Other","ONS 2011 5+1","Jan16-Dec16","year","Wales","All","16-64","All","unknown","!","!","!","!","!"
"Inactive","Percentage of individuals inactive","Other","ONS 2011 5+1","Jan16-Dec16","year","West Midlands","All","16-64","All","All","35.1","9.9","21400","60900","221"
"Inactive","Percentage of individuals inactive","Other","ONS 2011 5+1","Jan16-Dec16","year","West Midlands","All","16-64","All","Disabled","!","!","!","!","!"
"Inactive","Percentage of individuals inactive","Other","ONS 2011 5+1","Jan16-Dec16","year","West Midlands","All","16-64","All","Non-disabled","29.9","10.5","15100","50600","183"
"Inactive","Percentage of individuals inactive","Other","ONS 2011 5+1","Jan16-Dec16","year","West Midlands","All","16-64","All","unknown","!","!","!","!","!"
"Inactive","Percentage of individuals inactive","Other","ONS 2011 5+1","Jan16-Dec16","year","Yorkshire and The Humber","All","16-64","All","All","41.2","12","19800","48100","162"
"Inactive","Percentage of individuals inactive","Other","ONS 2011 5+1","Jan16-Dec16","year","Yorkshire and The Humber","All","16-64","All","Disabled","!","!","!","!","!"
"Inactive","Percentage of individuals inactive","Other","ONS 2011 5+1","Jan16-Dec16","year","Yorkshire and The Humber","All","16-64","All","Non-disabled","37.5","13.1","14800","39400","131"
"Inactive","Percentage of individuals inactive","Other","ONS 2011 5+1","Jan16-Dec16","year","Yorkshire and The Humber","All","16-64","All","unknown","!","!","!","!","!"
"Inactive","Percentage of individuals inactive","Other Asian","Detailed","Jan16-Dec16","year","All","16-24","16-64","All","All","67.9","6.2","120600","177500","542"
"Inactive","Percentage of individuals inactive","Other Asian","Detailed","Jan16-Dec16","year","All","16-24","16-64","All","Disabled","!","!","!","!","!"
"Inactive","Percentage of individuals inactive","Other Asian","Detailed","Jan16-Dec16","year","All","16-24","16-64","All","Non-disabled","68","6.4","113800","167400","511"
"Inactive","Percentage of individuals inactive","Other Asian","Detailed","Jan16-Dec16","year","All","16-24","16-64","All","unknown","!","!","!","!","!"
"Inactive","Percentage of individuals inactive","Other Asian","Detailed","Jan16-Dec16","year","All","16-24","16-64","Female","All","68.3","8.6","63400","92700","283"
"Inactive","Percentage of individuals inactive","Other Asian","Detailed","Jan16-Dec16","year","All","16-24","16-64","Female","Disabled","!","!","!","!","!"
"Inactive","Percentage of individuals inactive","Other Asian","Detailed","Jan16-Dec16","year","All","16-24","16-64","Female","Non-disabled","68.9","8.8","59600","86500","265"
"Inactive","Percentage of individuals inactive","Other Asian","Detailed","Jan16-Dec16","year","All","16-24","16-64","Female","unknown","!","!","!","!","!"
"Inactive","Percentage of individuals inactive","Other Asian","Detailed","Jan16-Dec16","year","All","16-24","16-64","Male","All","67.5","9","57200","84800","259"
"Inactive","Percentage of individuals inactive","Other Asian","Detailed","Jan16-Dec16","year","All","16-24","16-64","Male","Disabled","!","!","!","!","!"
"Inactive","Percentage of individuals inactive","Other Asian","Detailed","Jan16-Dec16","year","All","16-24","16-64","Male","Non-disabled","67","9.3","54200","80900","246"
"Inactive","Percentage of individuals inactive","Other Asian","Detailed","Jan16-Dec16","year","All","16-24","16-64","Male","unknown","!","!","!","!","!"
"Inactive","Percentage of individuals inactive","Other Asian","Detailed","Jan16-Dec16","year","All","25-49","16-64","All","All","23","3.2","114200","497100","1700"
"Inactive","Percentage of individuals inactive","Other Asian","Detailed","Jan16-Dec16","year","All","25-49","16-64","All","Disabled","38.2","11.3","19000","49600","177"
"Inactive","Percentage of individuals inactive","Other Asian","Detailed","Jan16-Dec16","year","All","25-49","16-64","All","Non-disabled","21.3","3.3","94600","445200","1515"
"Inactive","Percentage of individuals inactive","Other Asian","Detailed","Jan16-Dec16","year","All","25-49","16-64","All","unknown","!","!","!","!","!"
"Inactive","Percentage of individuals inactive","Other Asian","Detailed","Jan16-Dec16","year","All","25-49","16-64","Female","All","32.5","4.6","87300","268300","988"
"Inactive","Percentage of individuals inactive","Other Asian","Detailed","Jan16-Dec16","year","All","25-49","16-64","Female","Disabled","!","!","!","!","!"
"Inactive","Percentage of individuals inactive","Other Asian","Detailed","Jan16-Dec16","year","All","25-49","16-64","Female","Non-disabled","30.5","4.8","73600","241300","884"
"Inactive","Percentage of individuals inactive","Other Asian","Detailed","Jan16-Dec16","year","All","25-49","16-64","Female","unknown","!","!","!","!","!"
"Inactive","Percentage of individuals inactive","Other Asian","Detailed","Jan16-Dec16","year","All","25-49","16-64","Male","All","11.8","3.7","26900","228700","712"
"Inactive","Percentage of individuals inactive","Other Asian","Detailed","Jan16-Dec16","year","All","25-49","16-64","Male","Disabled","!","!","!","!","!"
"Inactive","Percentage of individuals inactive","Other Asian","Detailed","Jan16-Dec16","year","All","25-49","16-64","Male","Non-disabled","10.3","3.7","21000","203900","631"
"Inactive","Percentage of individuals inactive","Other Asian","Detailed","Jan16-Dec16","year","All","25-49","16-64","Male","unknown","!","!","!","!","!"
"Inactive","Percentage of individuals inactive","Other Asian","Detailed","Jan16-Dec16","year","All","50-64","16-64","All","All","28.3","5.9","40200","142000","559"
"Inactive","Percentage of individuals inactive","Other Asian","Detailed","Jan16-Dec16","year","All","50-64","16-64","All","Disabled","51.5","13.2","16900","32900","137"
"Inactive","Percentage of individuals inactive","Other Asian","Detailed","Jan16-Dec16","year","All","50-64","16-64","All","Non-disabled","20.8","6.2","22400","107400","416"
"Inactive","Percentage of individuals inactive","Other Asian","Detailed","Jan16-Dec16","year","All","50-64","16-64","All","unknown","!","!","!","!","!"
"Inactive","Percentage of individuals inactive","Other Asian","Detailed","Jan16-Dec16","year","All","50-64","16-64","Female","All","37.7","8.4","30000","79400","319"
"Inactive","Percentage of individuals inactive","Other Asian","Detailed","Jan16-Dec16","year","All","50-64","16-64","Female","Disabled","!","!","!","!","!"
"Inactive","Percentage of individuals inactive","Other Asian","Detailed","Jan16-Dec16","year","All","50-64","16-64","Female","Non-disabled","29.5","9.2","17700","59900","238"
"Inactive","Percentage of individuals inactive","Other Asian","Detailed","Jan16-Dec16","year","All","50-64","16-64","Female","unknown","!","!","!","!","!"
"Inactive","Percentage of individuals inactive","Other Asian","Detailed","Jan16-Dec16","year","All","50-64","16-64","Male","All","16.3","7.4","10200","62600","240"
"Inactive","Percentage of individuals inactive","Other Asian","Detailed","Jan16-Dec16","year","All","50-64","16-64","Male","Disabled","!","!","!","!","!"
"Inactive","Percentage of individuals inactive","Other Asian","Detailed","Jan16-Dec16","year","All","50-64","16-64","Male","Non-disabled","9.9","6.9","4700","47500","178"
"Inactive","Percentage of individuals inactive","Other Asian","Detailed","Jan16-Dec16","year","All","50-64","16-64","Male","unknown","!","!","!","!","!"
"Inactive","Percentage of individuals inactive","Other Asian","Detailed","Jan16-Dec16","year","All","All","16-64","All","All","33.7","2.8","275000","816600","2801"
"Inactive","Percentage of individuals inactive","Other Asian","Detailed","Jan16-Dec16","year","All","All","16-64","All","Disabled","45.8","8.3","42000","91900","342"
"Inactive","Percentage of individuals inactive","Other Asian","Detailed","Jan16-Dec16","year","All","All","16-64","All","Non-disabled","32","2.9","230700","720000","2442"
"Inactive","Percentage of individuals inactive","Other Asian","Detailed","Jan16-Dec16","year","All","All","16-64","All","unknown","!","!","!","!","!"
"Inactive","Percentage of individuals inactive","Other Asian","Detailed","Jan16-Dec16","year","All","All","16-64","Female","All","41","3.8","180700","440400","1590"
"Inactive","Percentage of individuals inactive","Other Asian","Detailed","Jan16-Dec16","year","All","All","16-64","Female","Disabled","56.4","11.1","28400","50300","192"
"Inactive","Percentage of individuals inactive","Other Asian","Detailed","Jan16-Dec16","year","All","All","16-64","Female","Non-disabled","38.9","4.1","150900","387700","1387"
"Inactive","Percentage of individuals inactive","Other Asian","Detailed","Jan16-Dec16","year","All","All","16-64","Female","unknown","!","!","!","!","!"
"Inactive","Percentage of individuals inactive","Other Asian","Detailed","Jan16-Dec16","year","All","All","16-64","Male","All","25.1","3.9","94300","376100","1211"
"Inactive","Percentage of individuals inactive","Other Asian","Detailed","Jan16-Dec16","year","All","All","16-64","Male","Disabled","32.9","11.9","13700","41600","150"
"Inactive","Percentage of individuals inactive","Other Asian","Detailed","Jan16-Dec16","year","All","All","16-64","Male","Non-disabled","24","4.1","79900","332300","1055"
"Inactive","Percentage of individuals inactive","Other Asian","Detailed","Jan16-Dec16","year","All","All","16-64","Male","unknown","!","!","!","!","!"
"Inactive","Percentage of individuals inactive","Other Asian","Detailed","Jan16-Dec16","year","East Midlands","All","16-64","All","All","36.1","12.2","15200","42000","148"
"Inactive","Percentage of individuals inactive","Other Asian","Detailed","Jan16-Dec16","year","East Midlands","All","16-64","All","Disabled","!","!","!","!","!"
"Inactive","Percentage of individuals inactive","Other Asian","Detailed","Jan16-Dec16","year","East Midlands","All","16-64","All","Non-disabled","36.7","13.2","13400","36600","127"
"Inactive","Percentage of individuals inactive","Other Asian","Detailed","Jan16-Dec16","year","East Midlands","All","16-64","All","unknown","!","!","!","!","!"
"Inactive","Percentage of individuals inactive","Other Asian","Detailed","Jan16-Dec16","year","East of England","All","16-64","All","All","28.3","10","17400","61500","196"
"Inactive","Percentage of individuals inactive","Other Asian","Detailed","Jan16-Dec16","year","East of England","All","16-64","All","Disabled","!","!","!","!","!"
"Inactive","Percentage of individuals inactive","Other Asian","Detailed","Jan16-Dec16","year","East of England","All","16-64","All","Non-disabled","25","10.3","13800","55400","170"
"Inactive","Percentage of individuals inactive","Other Asian","Detailed","Jan16-Dec16","year","East of England","All","16-64","All","unknown","!","!","!","!","!"
"Inactive","Percentage of individuals inactive","Other Asian","Detailed","Jan16-Dec16","year","London","All","16-64","All","All","28.7","4.7","98100","341400","906"
"Inactive","Percentage of individuals inactive","Other Asian","Detailed","Jan16-Dec16","year","London","All","16-64","All","Disabled","38","13.4","17100","45100","125"
"Inactive","Percentage of individuals inactive","Other Asian","Detailed","Jan16-Dec16","year","London","All","16-64","All","Non-disabled","27.2","4.9","80200","294700","777"
"Inactive","Percentage of individuals inactive","Other Asian","Detailed","Jan16-Dec16","year","London","All","16-64","All","unknown","!","!","!","!","!"
"Inactive","Percentage of individuals inactive","Other Asian","Detailed","Jan16-Dec16","year","North East","All","16-64","All","All","!","!","!","!","!"
"Inactive","Percentage of individuals inactive","Other Asian","Detailed","Jan16-Dec16","year","North East","All","16-64","All","Disabled","!","!","!","!","!"
"Inactive","Percentage of individuals inactive","Other Asian","Detailed","Jan16-Dec16","year","North East","All","16-64","All","Non-disabled","!","!","!","!","!"
"Inactive","Percentage of individuals inactive","Other Asian","Detailed","Jan16-Dec16","year","North East","All","16-64","All","unknown","!","!","!","!","!"
"Inactive","Percentage of individuals inactive","Other Asian","Detailed","Jan16-Dec16","year","North West","All","16-64","All","All","38.2","9.8","20500","53700","236"
"Inactive","Percentage of individuals inactive","Other Asian","Detailed","Jan16-Dec16","year","North West","All","16-64","All","Disabled","!","!","!","!","!"
"Inactive","Percentage of individuals inactive","Other Asian","Detailed","Jan16-Dec16","year","North West","All","16-64","All","Non-disabled","34.3","10.3","15900","46400","202"
"Inactive","Percentage of individuals inactive","Other Asian","Detailed","Jan16-Dec16","year","North West","All","16-64","All","unknown","!","!","!","!","!"
"Inactive","Percentage of individuals inactive","Other Asian","Detailed","Jan16-Dec16","year","Scotland","All","16-64","All","All","50.1","13.7","17000","33900","127"
"Inactive","Percentage of individuals inactive","Other Asian","Detailed","Jan16-Dec16","year","Scotland","All","16-64","All","Disabled","!","!","!","!","!"
"Inactive","Percentage of individuals inactive","Other Asian","Detailed","Jan16-Dec16","year","Scotland","All","16-64","All","Non-disabled","50","14.6","15400","30800","112"
"Inactive","Percentage of individuals inactive","Other Asian","Detailed","Jan16-Dec16","year","Scotland","All","16-64","All","unknown","!","!","!","!","!"
"Inactive","Percentage of individuals inactive","Other Asian","Detailed","Jan16-Dec16","year","South East","All","16-64","All","All","31.4","6.9","33500","106700","432"
"Inactive","Percentage of individuals inactive","Other Asian","Detailed","Jan16-Dec16","year","South East","All","16-64","All","Disabled","!","!","!","!","!"
"Inactive","Percentage of individuals inactive","Other Asian","Detailed","Jan16-Dec16","year","South East","All","16-64","All","Non-disabled","27.6","7.1","26500","96100","385"
"Inactive","Percentage of individuals inactive","Other Asian","Detailed","Jan16-Dec16","year","South East","All","16-64","All","unknown","!","!","!","!","!"
"Inactive","Percentage of individuals inactive","Other Asian","Detailed","Jan16-Dec16","year","South West","All","16-64","All","All","29.7","11.7","10400","35200","147"
"Inactive","Percentage of individuals inactive","Other Asian","Detailed","Jan16-Dec16","year","South West","All","16-64","All","Disabled","!","!","!","!","!"
"Inactive","Percentage of individuals inactive","Other Asian","Detailed","Jan16-Dec16","year","South West","All","16-64","All","Non-disabled","28.1","12.2","8800","31400","130"
"Inactive","Percentage of individuals inactive","Other Asian","Detailed","Jan16-Dec16","year","South West","All","16-64","All","unknown","!","!","!","!","!"
"Inactive","Percentage of individuals inactive","Other Asian","Detailed","Jan16-Dec16","year","Wales","All","16-64","All","All","47.5","13","9300","19700","141"
"Inactive","Percentage of individuals inactive","Other Asian","Detailed","Jan16-Dec16","year","Wales","All","16-64","All","Disabled","!","!","!","!","!"
"Inactive","Percentage of individuals inactive","Other Asian","Detailed","Jan16-Dec16","year","Wales","All","16-64","All","Non-disabled","48.1","13.9","8500","17600","124"
"Inactive","Percentage of individuals inactive","Other Asian","Detailed","Jan16-Dec16","year","Wales","All","16-64","All","unknown","!","!","!","!","!"
"Inactive","Percentage of individuals inactive","Other Asian","Detailed","Jan16-Dec16","year","West Midlands","All","16-64","All","All","45.4","10.4","28800","63300","220"
"Inactive","Percentage of individuals inactive","Other Asian","Detailed","Jan16-Dec16","year","West Midlands","All","16-64","All","Disabled","!","!","!","!","!"
"Inactive","Percentage of individuals inactive","Other Asian","Detailed","Jan16-Dec16","year","West Midlands","All","16-64","All","Non-disabled","44.8","11.2","24900","55500","188"
"Inactive","Percentage of individuals inactive","Other Asian","Detailed","Jan16-Dec16","year","West Midlands","All","16-64","All","unknown","!","!","!","!","!"
"Inactive","Percentage of individuals inactive","Other Asian","Detailed","Jan16-Dec16","year","Yorkshire and The Humber","All","16-64","All","All","37.9","12.3","15300","40300","150"
"Inactive","Percentage of individuals inactive","Other Asian","Detailed","Jan16-Dec16","year","Yorkshire and The Humber","All","16-64","All","Disabled","!","!","!","!","!"
"Inactive","Percentage of individuals inactive","Other Asian","Detailed","Jan16-Dec16","year","Yorkshire and The Humber","All","16-64","All","Non-disabled","38.2","12.9","14500","38000","137"
"Inactive","Percentage of individuals inactive","Other Asian","Detailed","Jan16-Dec16","year","Yorkshire and The Humber","All","16-64","All","unknown","!","!","!","!","!"
"Inactive","Percentage of individuals inactive","Other than White","White and other","Jan16-Dec16","year","All","16-24","16-64","All","All","56.2","2.5","664300","1182900","3719"
"Inactive","Percentage of individuals inactive","Other than White","White and other","Jan16-Dec16","year","All","16-24","16-64","All","Disabled","63.2","8.6","62300","98600","305"
"Inactive","Percentage of individuals inactive","Other than White","White and other","Jan16-Dec16","year","All","16-24","16-64","All","Non-disabled","55.3","2.6","594900","1076000","3386"
"Inactive","Percentage of individuals inactive","Other than White","White and other","Jan16-Dec16","year","All","16-24","16-64","All","unknown","!","!","!","!","!"
"Inactive","Percentage of individuals inactive","Other than White","White and other","Jan16-Dec16","year","All","16-24","16-64","Female","All","57.4","3.6","338600","589800","1860"
"Inactive","Percentage of individuals inactive","Other than White","White and other","Jan16-Dec16","year","All","16-24","16-64","Female","Disabled","62.4","11.8","33000","52800","161"
"Inactive","Percentage of individuals inactive","Other than White","White and other","Jan16-Dec16","year","All","16-24","16-64","Female","Non-disabled","56.7","3.7","302400","533000","1686"
"Inactive","Percentage of individuals inactive","Other than White","White and other","Jan16-Dec16","year","All","16-24","16-64","Female","unknown","!","!","!","!","!"
"Inactive","Percentage of individuals inactive","Other than White","White and other","Jan16-Dec16","year","All","16-24","16-64","Male","All","54.9","3.6","325600","593000","1859"
"Inactive","Percentage of individuals inactive","Other than White","White and other","Jan16-Dec16","year","All","16-24","16-64","Male","Disabled","64.1","12.4","29400","45800","144"
"Inactive","Percentage of individuals inactive","Other than White","White and other","Jan16-Dec16","year","All","16-24","16-64","Male","Non-disabled","53.9","3.7","292500","542900","1700"
"Inactive","Percentage of individuals inactive","Other than White","White and other","Jan16-Dec16","year","All","16-24","16-64","Male","unknown","!","!","!","!","!"
"Inactive","Percentage of individuals inactive","Other than White","White and other","Jan16-Dec16","year","All","25-49","16-64","All","All","22","1.2","779200","3535300","12409"
"Inactive","Percentage of individuals inactive","Other than White","White and other","Jan16-Dec16","year","All","25-49","16-64","All","Disabled","40.5","3.8","182100","449000","1642"
"Inactive","Percentage of individuals inactive","Other than White","White and other","Jan16-Dec16","year","All","25-49","16-64","All","Non-disabled","19.2","1.2","588900","3059500","10678"
"Inactive","Percentage of individuals inactive","Other than White","White and other","Jan16-Dec16","year","All","25-49","16-64","All","unknown","31","15.2","8300","26700","89"
"Inactive","Percentage of individuals inactive","Other than White","White and other","Jan16-Dec16","year","All","25-49","16-64","Female","All","33.7","1.8","619200","1835000","6799"
"Inactive","Percentage of individuals inactive","Other than White","White and other","Jan16-Dec16","year","All","25-49","16-64","Female","Disabled","48","5","122400","254800","965"
"Inactive","Percentage of individuals inactive","Other than White","White and other","Jan16-Dec16","year","All","25-49","16-64","Female","Non-disabled","31.4","1.9","491700","1567900","5787"
"Inactive","Percentage of individuals inactive","Other than White","White and other","Jan16-Dec16","year","All","25-49","16-64","Female","unknown","42","22.3","5200","12300","47"
"Inactive","Percentage of individuals inactive","Other than White","White and other","Jan16-Dec16","year","All","25-49","16-64","Male","All","9.4","1.2","160000","1700300","5610"
"Inactive","Percentage of individuals inactive","Other than White","White and other","Jan16-Dec16","year","All","25-49","16-64","Male","Disabled","30.7","5.5","59700","194200","677"
"Inactive","Percentage of individuals inactive","Other than White","White and other","Jan16-Dec16","year","All","25-49","16-64","Male","Non-disabled","6.5","1.1","97200","1491600","4891"
"Inactive","Percentage of individuals inactive","Other than White","White and other","Jan16-Dec16","year","All","25-49","16-64","Male","unknown","21.5","19.6","3100","14400","42"
"Inactive","Percentage of individuals inactive","Other than White","White and other","Jan16-Dec16","year","All","50-64","16-64","All","All","29","2.2","291000","1003300","3961"
"Inactive","Percentage of individuals inactive","Other than White","White and other","Jan16-Dec16","year","All","50-64","16-64","All","Disabled","58","4.4","172100","296600","1214"
"Inactive","Percentage of individuals inactive","Other than White","White and other","Jan16-Dec16","year","All","50-64","16-64","All","Non-disabled","16.3","2.2","113400","694200","2702"
"Inactive","Percentage of individuals inactive","Other than White","White and other","Jan16-Dec16","year","All","50-64","16-64","All","unknown","43.7","22.9","5400","12500","45"
"Inactive","Percentage of individuals inactive","Other than White","White and other","Jan16-Dec16","year","All","50-64","16-64","Female","All","38.7","3.3","196200","507000","2037"
"Inactive","Percentage of individuals inactive","Other than White","White and other","Jan16-Dec16","year","All","50-64","16-64","Female","Disabled","66.2","5.7","109600","165600","672"
"Inactive","Percentage of individuals inactive","Other than White","White and other","Jan16-Dec16","year","All","50-64","16-64","Female","Non-disabled","24.9","3.7","83300","334300","1339"
"Inactive","Percentage of individuals inactive","Other than White","White and other","Jan16-Dec16","year","All","50-64","16-64","Female","unknown","!","!","!","!","!"
"Inactive","Percentage of individuals inactive","Other than White","White and other","Jan16-Dec16","year","All","50-64","16-64","Male","All","19.1","2.8","94800","496300","1924"
"Inactive","Percentage of individuals inactive","Other than White","White and other","Jan16-Dec16","year","All","50-64","16-64","Male","Disabled","47.7","6.6","62500","131000","542"
"Inactive","Percentage of individuals inactive","Other than White","White and other","Jan16-Dec16","year","All","50-64","16-64","Male","Non-disabled","8.4","2.3","30100","359900","1363"
"Inactive","Percentage of individuals inactive","Other than White","White and other","Jan16-Dec16","year","All","50-64","16-64","Male","unknown","!","!","!","!","!"
"Inactive","Percentage of individuals inactive","Other than White","White and other","Jan16-Dec16","year","All","All","16-64","All","All","30.3","1","1734500","5721500","20089"
"Inactive","Percentage of individuals inactive","Other than White","White and other","Jan16-Dec16","year","All","All","16-64","All","Disabled","49.3","2.8","416500","844300","3161"
"Inactive","Percentage of individuals inactive","Other than White","White and other","Jan16-Dec16","year","All","All","16-64","All","Non-disabled","26.9","1.1","1297200","4829700","16766"
"Inactive","Percentage of individuals inactive","Other than White","White and other","Jan16-Dec16","year","All","All","16-64","All","unknown","43.7","12.1","20800","47500","162"
"Inactive","Percentage of individuals inactive","Other than White","White and other","Jan16-Dec16","year","All","All","16-64","Female","All","39.4","1.5","1154100","2931900","10696"
"Inactive","Percentage of individuals inactive","Other than White","White and other","Jan16-Dec16","year","All","All","16-64","Female","Disabled","56","3.6","265000","473200","1798"
"Inactive","Percentage of individuals inactive","Other than White","White and other","Jan16-Dec16","year","All","All","16-64","Female","Non-disabled","36","1.6","877400","2435200","8812"
"Inactive","Percentage of individuals inactive","Other than White","White and other","Jan16-Dec16","year","All","All","16-64","Female","unknown","49.8","16.7","11700","23400","86"
"Inactive","Percentage of individuals inactive","Other than White","White and other","Jan16-Dec16","year","All","All","16-64","Male","All","20.8","1.3","580400","2789600","9393"
"Inactive","Percentage of individuals inactive","Other than White","White and other","Jan16-Dec16","year","All","All","16-64","Male","Disabled","40.8","4.1","151500","371100","1363"
"Inactive","Percentage of individuals inactive","Other than White","White and other","Jan16-Dec16","year","All","All","16-64","Male","Non-disabled","17.5","1.3","419800","2394500","7954"
"Inactive","Percentage of individuals inactive","Other than White","White and other","Jan16-Dec16","year","All","All","16-64","Male","unknown","37.7","17.2","9100","24100","76"
"Inactive","Percentage of individuals inactive","Other than White","White and other","Jan16-Dec16","year","East Midlands","All","16-64","All","All","31.6","4.1","100700","318200","1244"
"Inactive","Percentage of individuals inactive","Other than White","White and other","Jan16-Dec16","year","East Midlands","All","16-64","All","Disabled","44.7","10.2","24300","54400","230"
"Inactive","Percentage of individuals inactive","Other than White","White and other","Jan16-Dec16","year","East Midlands","All","16-64","All","Non-disabled","28.3","4.4","73700","260100","998"
"Inactive","Percentage of individuals inactive","Other than White","White and other","Jan16-Dec16","year","East Midlands","All","16-64","All","unknown","!","!","!","!","!"
"Inactive","Percentage of individuals inactive","Other than White","White and other","Jan16-Dec16","year","East of England","All","16-64","All","All","27","3.6","102000","377700","1470"
"Inactive","Percentage of individuals inactive","Other than White","White and other","Jan16-Dec16","year","East of England","All","16-64","All","Disabled","45.9","10.3","22400","48800","226"
"Inactive","Percentage of individuals inactive","Other than White","White and other","Jan16-Dec16","year","East of England","All","16-64","All","Non-disabled","24.1","3.8","79100","328100","1238"
"Inactive","Percentage of individuals inactive","Other than White","White and other","Jan16-Dec16","year","East of England","All","16-64","All","unknown","!","!","!","!","!"
"Inactive","Percentage of individuals inactive","Other than White","White and other","Jan16-Dec16","year","London","All","16-64","All","All","27.3","1.7","647100","2367500","6291"
"Inactive","Percentage of individuals inactive","Other than White","White and other","Jan16-Dec16","year","London","All","16-64","All","Disabled","48.1","4.8","173900","361900","1024"
"Inactive","Percentage of individuals inactive","Other than White","White and other","Jan16-Dec16","year","London","All","16-64","All","Non-disabled","23.4","1.8","462500","1977300","5197"
"Inactive","Percentage of individuals inactive","Other than White","White and other","Jan16-Dec16","year","London","All","16-64","All","unknown","37.7","17.9","10700","28300","70"
"Inactive","Percentage of individuals inactive","Other than White","White and other","Jan16-Dec16","year","North East","All","16-64","All","All","36.3","6.5","31400","86600","524"
"Inactive","Percentage of individuals inactive","Other than White","White and other","Jan16-Dec16","year","North East","All","16-64","All","Disabled","53.8","19","5100","9500","66"
"Inactive","Percentage of individuals inactive","Other than White","White and other","Jan16-Dec16","year","North East","All","16-64","All","Non-disabled","34.2","6.9","26300","76900","456"
"Inactive","Percentage of individuals inactive","Other than White","White and other","Jan16-Dec16","year","North East","All","16-64","All","unknown","!","!","!","!","!"
"Inactive","Percentage of individuals inactive","Other than White","White and other","Jan16-Dec16","year","North West","All","16-64","All","All","35.6","3","180500","507800","2440"
"Inactive","Percentage of individuals inactive","Other than White","White and other","Jan16-Dec16","year","North West","All","16-64","All","Disabled","53.4","7.3","44500","83300","448"
"Inactive","Percentage of individuals inactive","Other than White","White and other","Jan16-Dec16","year","North West","All","16-64","All","Non-disabled","32.1","3.2","135400","422000","1981"
"Inactive","Percentage of individuals inactive","Other than White","White and other","Jan16-Dec16","year","North West","All","16-64","All","unknown","!","!","!","!","!"
"Inactive","Percentage of individuals inactive","Other than White","White and other","Jan16-Dec16","year","Scotland","All","16-64","All","All","38.2","5.8","65400","171200","682"
"Inactive","Percentage of individuals inactive","Other than White","White and other","Jan16-Dec16","year","Scotland","All","16-64","All","Disabled","55.4","16.4","10700","19400","88"
"Inactive","Percentage of individuals inactive","Other than White","White and other","Jan16-Dec16","year","Scotland","All","16-64","All","Non-disabled","35.9","6.1","54400","151600","593"
"Inactive","Percentage of individuals inactive","Other than White","White and other","Jan16-Dec16","year","Scotland","All","16-64","All","unknown","!","!","!","!","!"
"Inactive","Percentage of individuals inactive","Other than White","White and other","Jan16-Dec16","year","South East","All","16-64","All","All","25.9","2.8","135100","522000","2400"
"Inactive","Percentage of individuals inactive","Other than White","White and other","Jan16-Dec16","year","South East","All","16-64","All","Disabled","39.7","8.2","27000","68100","341"
"Inactive","Percentage of individuals inactive","Other than White","White and other","Jan16-Dec16","year","South East","All","16-64","All","Non-disabled","23.7","2.9","106500","450400","2041"
"Inactive","Percentage of individuals inactive","Other than White","White and other","Jan16-Dec16","year","South East","All","16-64","All","unknown","!","!","!","!","!"
"Inactive","Percentage of individuals inactive","Other than White","White and other","Jan16-Dec16","year","South West","All","16-64","All","All","26.2","5.2","45400","173500","696"
"Inactive","Percentage of individuals inactive","Other than White","White and other","Jan16-Dec16","year","South West","All","16-64","All","Disabled","43.2","15","11500","26700","105"
"Inactive","Percentage of individuals inactive","Other than White","White and other","Jan16-Dec16","year","South West","All","16-64","All","Non-disabled","23","5.4","33700","146400","589"
"Inactive","Percentage of individuals inactive","Other than White","White and other","Jan16-Dec16","year","South West","All","16-64","All","unknown","!","!","!","!","!"
"Inactive","Percentage of individuals inactive","Other than White","White and other","Jan16-Dec16","year","Wales","All","16-64","All","All","38.9","6.2","34600","89000","599"
"Inactive","Percentage of individuals inactive","Other than White","White and other","Jan16-Dec16","year","Wales","All","16-64","All","Disabled","49.2","17.8","5100","10300","76"
"Inactive","Percentage of individuals inactive","Other than White","White and other","Jan16-Dec16","year","Wales","All","16-64","All","Non-disabled","37.5","6.6","29300","78000","517"
"Inactive","Percentage of individuals inactive","Other than White","White and other","Jan16-Dec16","year","Wales","All","16-64","All","unknown","!","!","!","!","!"
"Inactive","Percentage of individuals inactive","Other than White","White and other","Jan16-Dec16","year","West Midlands","All","16-64","All","All","35.3","3","257300","728900","2485"
"Inactive","Percentage of individuals inactive","Other than White","White and other","Jan16-Dec16","year","West Midlands","All","16-64","All","Disabled","56.9","8","60900","107100","372"
"Inactive","Percentage of individuals inactive","Other than White","White and other","Jan16-Dec16","year","West Midlands","All","16-64","All","Non-disabled","31.4","3.1","194000","617200","2092"
"Inactive","Percentage of individuals inactive","Other than White","White and other","Jan16-Dec16","year","West Midlands","All","16-64","All","unknown","!","!","!","!","!"
"Inactive","Percentage of individuals inactive","Other than White","White and other","Jan16-Dec16","year","Yorkshire and The Humber","All","16-64","All","All","35.6","4.2","135000","379000","1258"
"Inactive","Percentage of individuals inactive","Other than White","White and other","Jan16-Dec16","year","Yorkshire and The Humber","All","16-64","All","Disabled","56.4","11.3","31000","54900","185"
"Inactive","Percentage of individuals inactive","Other than White","White and other","Jan16-Dec16","year","Yorkshire and The Humber","All","16-64","All","Non-disabled","31.8","4.4","102100","321600","1064"
"Inactive","Percentage of individuals inactive","Other than White","White and other","Jan16-Dec16","year","Yorkshire and The Humber","All","16-64","All","unknown","!","!","!","!","!"
"Inactive","Percentage of individuals inactive","Pakistani/Bangladeshi","Detailed","Jan16-Dec16","year","All","16-24","16-64","All","All","56.1","5.2","149700","266800","889"
"Inactive","Percentage of individuals inactive","Pakistani/Bangladeshi","Detailed","Jan16-Dec16","year","All","16-24","16-64","All","Disabled","!","!","!","!","!"
"Inactive","Percentage of individuals inactive","Pakistani/Bangladeshi","Detailed","Jan16-Dec16","year","All","16-24","16-64","All","Non-disabled","55.1","5.4","134900","244600","811"
"Inactive","Percentage of individuals inactive","Pakistani/Bangladeshi","Detailed","Jan16-Dec16","year","All","16-24","16-64","All","unknown","!","!","!","!","!"
"Inactive","Percentage of individuals inactive","Pakistani/Bangladeshi","Detailed","Jan16-Dec16","year","All","16-24","16-64","Female","All","57.1","7.1","74900","131300","460"
"Inactive","Percentage of individuals inactive","Pakistani/Bangladeshi","Detailed","Jan16-Dec16","year","All","16-24","16-64","Female","Disabled","!","!","!","!","!"
"Inactive","Percentage of individuals inactive","Pakistani/Bangladeshi","Detailed","Jan16-Dec16","year","All","16-24","16-64","Female","Non-disabled","56.6","7.5","67400","119100","416"
"Inactive","Percentage of individuals inactive","Pakistani/Bangladeshi","Detailed","Jan16-Dec16","year","All","16-24","16-64","Female","unknown","!","!","!","!","!"
"Inactive","Percentage of individuals inactive","Pakistani/Bangladeshi","Detailed","Jan16-Dec16","year","All","16-24","16-64","Male","All","55.2","7.4","74800","135600","429"
"Inactive","Percentage of individuals inactive","Pakistani/Bangladeshi","Detailed","Jan16-Dec16","year","All","16-24","16-64","Male","Disabled","!","!","!","!","!"
"Inactive","Percentage of individuals inactive","Pakistani/Bangladeshi","Detailed","Jan16-Dec16","year","All","16-24","16-64","Male","Non-disabled","53.8","7.8","67400","125500","395"
"Inactive","Percentage of individuals inactive","Pakistani/Bangladeshi","Detailed","Jan16-Dec16","year","All","16-24","16-64","Male","unknown","!","!","!","!","!"
"Inactive","Percentage of individuals inactive","Pakistani/Bangladeshi","Detailed","Jan16-Dec16","year","All","25-49","16-64","All","All","31.8","2.7","242800","764600","2861"
"Inactive","Percentage of individuals inactive","Pakistani/Bangladeshi","Detailed","Jan16-Dec16","year","All","25-49","16-64","All","Disabled","50.9","6.9","68500","134500","503"
"Inactive","Percentage of individuals inactive","Pakistani/Bangladeshi","Detailed","Jan16-Dec16","year","All","25-49","16-64","All","Non-disabled","27.6","2.9","172600","625000","2337"
"Inactive","Percentage of individuals inactive","Pakistani/Bangladeshi","Detailed","Jan16-Dec16","year","All","25-49","16-64","All","unknown","!","!","!","!","!"
"Inactive","Percentage of individuals inactive","Pakistani/Bangladeshi","Detailed","Jan16-Dec16","year","All","25-49","16-64","Female","All","56.4","4","208100","368900","1481"
"Inactive","Percentage of individuals inactive","Pakistani/Bangladeshi","Detailed","Jan16-Dec16","year","All","25-49","16-64","Female","Disabled","69.6","8.5","49500","71200","281"
"Inactive","Percentage of individuals inactive","Pakistani/Bangladeshi","Detailed","Jan16-Dec16","year","All","25-49","16-64","Female","Non-disabled","53.3","4.5","157400","295400","1190"
"Inactive","Percentage of individuals inactive","Pakistani/Bangladeshi","Detailed","Jan16-Dec16","year","All","25-49","16-64","Female","unknown","!","!","!","!","!"
"Inactive","Percentage of individuals inactive","Pakistani/Bangladeshi","Detailed","Jan16-Dec16","year","All","25-49","16-64","Male","All","8.8","2.4","34700","395600","1380"
"Inactive","Percentage of individuals inactive","Pakistani/Bangladeshi","Detailed","Jan16-Dec16","year","All","25-49","16-64","Male","Disabled","30","9.5","19000","63300","222"
"Inactive","Percentage of individuals inactive","Pakistani/Bangladeshi","Detailed","Jan16-Dec16","year","All","25-49","16-64","Male","Non-disabled","4.6","1.9","15300","329600","1147"
"Inactive","Percentage of individuals inactive","Pakistani/Bangladeshi","Detailed","Jan16-Dec16","year","All","25-49","16-64","Male","unknown","!","!","!","!","!"
"Inactive","Percentage of individuals inactive","Pakistani/Bangladeshi","Detailed","Jan16-Dec16","year","All","50-64","16-64","All","All","45.6","6.2","67100","147100","628"
"Inactive","Percentage of individuals inactive","Pakistani/Bangladeshi","Detailed","Jan16-Dec16","year","All","50-64","16-64","All","Disabled","70.3","8.6","41700","59400","269"
"Inactive","Percentage of individuals inactive","Pakistani/Bangladeshi","Detailed","Jan16-Dec16","year","All","50-64","16-64","All","Non-disabled","28","7.4","23700","84500","349"
"Inactive","Percentage of individuals inactive","Pakistani/Bangladeshi","Detailed","Jan16-Dec16","year","All","50-64","16-64","All","unknown","!","!","!","!","!"
"Inactive","Percentage of individuals inactive","Pakistani/Bangladeshi","Detailed","Jan16-Dec16","year","All","50-64","16-64","Female","All","75.3","8","46500","61700","275"
"Inactive","Percentage of individuals inactive","Pakistani/Bangladeshi","Detailed","Jan16-Dec16","year","All","50-64","16-64","Female","Disabled","90.5","7.7","26700","29500","138"
"Inactive","Percentage of individuals inactive","Pakistani/Bangladeshi","Detailed","Jan16-Dec16","year","All","50-64","16-64","Female","Non-disabled","62","13.1","18900","30500","132"
"Inactive","Percentage of individuals inactive","Pakistani/Bangladeshi","Detailed","Jan16-Dec16","year","All","50-64","16-64","Female","unknown","!","!","!","!","!"
"Inactive","Percentage of individuals inactive","Pakistani/Bangladeshi","Detailed","Jan16-Dec16","year","All","50-64","16-64","Male","All","24.1","7.1","20600","85400","353"
"Inactive","Percentage of individuals inactive","Pakistani/Bangladeshi","Detailed","Jan16-Dec16","year","All","50-64","16-64","Male","Disabled","50.3","13.5","15000","29900","131"
"Inactive","Percentage of individuals inactive","Pakistani/Bangladeshi","Detailed","Jan16-Dec16","year","All","50-64","16-64","Male","Non-disabled","8.8","6","4800","54000","217"
"Inactive","Percentage of individuals inactive","Pakistani/Bangladeshi","Detailed","Jan16-Dec16","year","All","50-64","16-64","Male","unknown","!","!","!","!","!"
"Inactive","Percentage of individuals inactive","Pakistani/Bangladeshi","Detailed","Jan16-Dec16","year","All","All","16-64","All","All","39","2.3","459700","1178500","4378"
"Inactive","Percentage of individuals inactive","Pakistani/Bangladeshi","Detailed","Jan16-Dec16","year","All","All","16-64","All","Disabled","57.7","5.3","123400","213900","843"
"Inactive","Percentage of individuals inactive","Pakistani/Bangladeshi","Detailed","Jan16-Dec16","year","All","All","16-64","All","Non-disabled","34.7","2.5","331200","954100","3497"
"Inactive","Percentage of individuals inactive","Pakistani/Bangladeshi","Detailed","Jan16-Dec16","year","All","All","16-64","All","unknown","!","!","!","!","!"
"Inactive","Percentage of individuals inactive","Pakistani/Bangladeshi","Detailed","Jan16-Dec16","year","All","All","16-64","Female","All","58.6","3.2","329500","561900","2216"
"Inactive","Percentage of individuals inactive","Pakistani/Bangladeshi","Detailed","Jan16-Dec16","year","All","All","16-64","Female","Disabled","74.2","6.3","83400","112300","461"
"Inactive","Percentage of individuals inactive","Pakistani/Bangladeshi","Detailed","Jan16-Dec16","year","All","All","16-64","Female","Non-disabled","54.8","3.7","243700","445000","1738"
"Inactive","Percentage of individuals inactive","Pakistani/Bangladeshi","Detailed","Jan16-Dec16","year","All","All","16-64","Female","unknown","!","!","!","!","!"
"Inactive","Percentage of individuals inactive","Pakistani/Bangladeshi","Detailed","Jan16-Dec16","year","All","All","16-64","Male","All","21.1","2.7","130200","616600","2162"
"Inactive","Percentage of individuals inactive","Pakistani/Bangladeshi","Detailed","Jan16-Dec16","year","All","All","16-64","Male","Disabled","39.4","7.7","40000","101600","382"
"Inactive","Percentage of individuals inactive","Pakistani/Bangladeshi","Detailed","Jan16-Dec16","year","All","All","16-64","Male","Non-disabled","17.2","2.8","87400","509100","1759"
"Inactive","Percentage of individuals inactive","Pakistani/Bangladeshi","Detailed","Jan16-Dec16","year","All","All","16-64","Male","unknown","!","!","!","!","!"
"Inactive","Percentage of individuals inactive","Pakistani/Bangladeshi","Detailed","Jan16-Dec16","year","East Midlands","All","16-64","All","All","41.4","11.9","16200","39200","165"
"Inactive","Percentage of individuals inactive","Pakistani/Bangladeshi","Detailed","Jan16-Dec16","year","East Midlands","All","16-64","All","Disabled","!","!","!","!","!"
"Inactive","Percentage of individuals inactive","Pakistani/Bangladeshi","Detailed","Jan16-Dec16","year","East Midlands","All","16-64","All","Non-disabled","38.2","13.4","11800","30800","127"
"Inactive","Percentage of individuals inactive","Pakistani/Bangladeshi","Detailed","Jan16-Dec16","year","East Midlands","All","16-64","All","unknown","!","!","!","!","!"
"Inactive","Percentage of individuals inactive","Pakistani/Bangladeshi","Detailed","Jan16-Dec16","year","East of England","All","16-64","All","All","38.1","7.7","25300","66600","385"
"Inactive","Percentage of individuals inactive","Pakistani/Bangladeshi","Detailed","Jan16-Dec16","year","East of England","All","16-64","All","Disabled","!","!","!","!","!"
"Inactive","Percentage of individuals inactive","Pakistani/Bangladeshi","Detailed","Jan16-Dec16","year","East of England","All","16-64","All","Non-disabled","33","8.2","18200","55100","313"
"Inactive","Percentage of individuals inactive","Pakistani/Bangladeshi","Detailed","Jan16-Dec16","year","East of England","All","16-64","All","unknown","!","!","!","!","!"
"Inactive","Percentage of individuals inactive","Pakistani/Bangladeshi","Detailed","Jan16-Dec16","year","London","All","16-64","All","All","37.8","5","128800","340700","907"
"Inactive","Percentage of individuals inactive","Pakistani/Bangladeshi","Detailed","Jan16-Dec16","year","London","All","16-64","All","Disabled","59.3","11","39500","66700","191"
"Inactive","Percentage of individuals inactive","Pakistani/Bangladeshi","Detailed","Jan16-Dec16","year","London","All","16-64","All","Non-disabled","32.5","5.5","87400","269300","703"
"Inactive","Percentage of individuals inactive","Pakistani/Bangladeshi","Detailed","Jan16-Dec16","year","London","All","16-64","All","unknown","!","!","!","!","!"
"Inactive","Percentage of individuals inactive","Pakistani/Bangladeshi","Detailed","Jan16-Dec16","year","North East","All","16-64","All","All","36.1","12.6","7800","21600","139"
"Inactive","Percentage of individuals inactive","Pakistani/Bangladeshi","Detailed","Jan16-Dec16","year","North East","All","16-64","All","Disabled","!","!","!","!","!"
"Inactive","Percentage of individuals inactive","Pakistani/Bangladeshi","Detailed","Jan16-Dec16","year","North East","All","16-64","All","Non-disabled","33.9","13.4","6500","19100","120"
"Inactive","Percentage of individuals inactive","Pakistani/Bangladeshi","Detailed","Jan16-Dec16","year","North East","All","16-64","All","unknown","!","!","!","!","!"
"Inactive","Percentage of individuals inactive","Pakistani/Bangladeshi","Detailed","Jan16-Dec16","year","North West","All","16-64","All","All","40.3","5.1","67100","166700","884"
"Inactive","Percentage of individuals inactive","Pakistani/Bangladeshi","Detailed","Jan16-Dec16","year","North West","All","16-64","All","Disabled","58.7","11.4","18100","30800","179"
"Inactive","Percentage of individuals inactive","Pakistani/Bangladeshi","Detailed","Jan16-Dec16","year","North West","All","16-64","All","Non-disabled","36.3","5.6","49100","135100","702"
"Inactive","Percentage of individuals inactive","Pakistani/Bangladeshi","Detailed","Jan16-Dec16","year","North West","All","16-64","All","unknown","!","!","!","!","!"
"Inactive","Percentage of individuals inactive","Pakistani/Bangladeshi","Detailed","Jan16-Dec16","year","Scotland","All","16-64","All","All","34.9","12.3","13500","38700","144"
"Inactive","Percentage of individuals inactive","Pakistani/Bangladeshi","Detailed","Jan16-Dec16","year","Scotland","All","16-64","All","Disabled","!","!","!","!","!"
"Inactive","Percentage of individuals inactive","Pakistani/Bangladeshi","Detailed","Jan16-Dec16","year","Scotland","All","16-64","All","Non-disabled","30.8","13.1","10100","32700","120"
"Inactive","Percentage of individuals inactive","Pakistani/Bangladeshi","Detailed","Jan16-Dec16","year","Scotland","All","16-64","All","unknown","!","!","!","!","!"
"Inactive","Percentage of individuals inactive","Pakistani/Bangladeshi","Detailed","Jan16-Dec16","year","South East","All","16-64","All","All","31.8","7","25100","78900","419"
"Inactive","Percentage of individuals inactive","Pakistani/Bangladeshi","Detailed","Jan16-Dec16","year","South East","All","16-64","All","Disabled","!","!","!","!","!"
"Inactive","Percentage of individuals inactive","Pakistani/Bangladeshi","Detailed","Jan16-Dec16","year","South East","All","16-64","All","Non-disabled","27.3","7.7","16500","60400","320"
"Inactive","Percentage of individuals inactive","Pakistani/Bangladeshi","Detailed","Jan16-Dec16","year","South East","All","16-64","All","unknown","!","!","!","!","!"
"Inactive","Percentage of individuals inactive","Pakistani/Bangladeshi","Detailed","Jan16-Dec16","year","South West","All","16-64","All","All","!","!","!","!","!"
"Inactive","Percentage of individuals inactive","Pakistani/Bangladeshi","Detailed","Jan16-Dec16","year","South West","All","16-64","All","Disabled","!","!","!","!","!"
"Inactive","Percentage of individuals inactive","Pakistani/Bangladeshi","Detailed","Jan16-Dec16","year","South West","All","16-64","All","Non-disabled","!","!","!","!","!"
"Inactive","Percentage of individuals inactive","Pakistani/Bangladeshi","Detailed","Jan16-Dec16","year","South West","All","16-64","All","unknown","!","!","!","!","!"
"Inactive","Percentage of individuals inactive","Pakistani/Bangladeshi","Detailed","Jan16-Dec16","year","Wales","All","16-64","All","All","!","!","!","!","!"
"Inactive","Percentage of individuals inactive","Pakistani/Bangladeshi","Detailed","Jan16-Dec16","year","Wales","All","16-64","All","Disabled","!","!","!","!","!"
"Inactive","Percentage of individuals inactive","Pakistani/Bangladeshi","Detailed","Jan16-Dec16","year","Wales","All","16-64","All","Non-disabled","!","!","!","!","!"
"Inactive","Percentage of individuals inactive","Pakistani/Bangladeshi","Detailed","Jan16-Dec16","year","Wales","All","16-64","All","unknown","!","!","!","!","!"
"Inactive","Percentage of individuals inactive","Pakistani/Bangladeshi","Detailed","Jan16-Dec16","year","West Midlands","All","16-64","All","All","41.9","5.9","100700","240300","682"
"Inactive","Percentage of individuals inactive","Pakistani/Bangladeshi","Detailed","Jan16-Dec16","year","West Midlands","All","16-64","All","Disabled","56.6","14.1","23200","41000","118"
"Inactive","Percentage of individuals inactive","Pakistani/Bangladeshi","Detailed","Jan16-Dec16","year","West Midlands","All","16-64","All","Non-disabled","38.7","6.4","76900","198500","559"
"Inactive","Percentage of individuals inactive","Pakistani/Bangladeshi","Detailed","Jan16-Dec16","year","West Midlands","All","16-64","All","unknown","!","!","!","!","!"
"Inactive","Percentage of individuals inactive","Pakistani/Bangladeshi","Detailed","Jan16-Dec16","year","Yorkshire and The Humber","All","16-64","All","All","41.2","6.7","64200","155800","510"
"Inactive","Percentage of individuals inactive","Pakistani/Bangladeshi","Detailed","Jan16-Dec16","year","Yorkshire and The Humber","All","16-64","All","Disabled","!","!","!","!","!"
"Inactive","Percentage of individuals inactive","Pakistani/Bangladeshi","Detailed","Jan16-Dec16","year","Yorkshire and The Humber","All","16-64","All","Non-disabled","36.4","7.3","47200","129500","419"
"Inactive","Percentage of individuals inactive","Pakistani/Bangladeshi","Detailed","Jan16-Dec16","year","Yorkshire and The Humber","All","16-64","All","unknown","!","!","!","!","!"
"Inactive","Percentage of individuals inactive","Unknown","ONS 2011 5+1","Jan16-Dec16","year","All","16-24","16-64","All","All","!","!","!","!","!"
"Inactive","Percentage of individuals inactive","Unknown","ONS 2011 5+1","Jan16-Dec16","year","All","16-24","16-64","All","Disabled","!","!","!","!","!"
"Inactive","Percentage of individuals inactive","Unknown","ONS 2011 5+1","Jan16-Dec16","year","All","16-24","16-64","All","Non-disabled","!","!","!","!","!"
"Inactive","Percentage of individuals inactive","Unknown","ONS 2011 5+1","Jan16-Dec16","year","All","16-24","16-64","All","unknown","!","!","!","!","!"
"Inactive","Percentage of individuals inactive","Unknown","ONS 2011 5+1","Jan16-Dec16","year","All","16-24","16-64","Female","All","!","!","!","!","!"
"Inactive","Percentage of individuals inactive","Unknown","ONS 2011 5+1","Jan16-Dec16","year","All","16-24","16-64","Female","Disabled","!","!","!","!","!"
"Inactive","Percentage of individuals inactive","Unknown","ONS 2011 5+1","Jan16-Dec16","year","All","16-24","16-64","Female","Non-disabled","!","!","!","!","!"
"Inactive","Percentage of individuals inactive","Unknown","ONS 2011 5+1","Jan16-Dec16","year","All","16-24","16-64","Female","unknown","!","!","!","!","!"
"Inactive","Percentage of individuals inactive","Unknown","ONS 2011 5+1","Jan16-Dec16","year","All","16-24","16-64","Male","All","!","!","!","!","!"
"Inactive","Percentage of individuals inactive","Unknown","ONS 2011 5+1","Jan16-Dec16","year","All","16-24","16-64","Male","Disabled","!","!","!","!","!"
"Inactive","Percentage of individuals inactive","Unknown","ONS 2011 5+1","Jan16-Dec16","year","All","16-24","16-64","Male","Non-disabled","!","!","!","!","!"
"Inactive","Percentage of individuals inactive","Unknown","ONS 2011 5+1","Jan16-Dec16","year","All","16-24","16-64","Male","unknown","!","!","!","!","!"
"Inactive","Percentage of individuals inactive","Unknown","ONS 2011 5+1","Jan16-Dec16","year","All","25-49","16-64","All","All","!","!","!","!","!"
"Inactive","Percentage of individuals inactive","Unknown","ONS 2011 5+1","Jan16-Dec16","year","All","25-49","16-64","All","Disabled","!","!","!","!","!"
"Inactive","Percentage of individuals inactive","Unknown","ONS 2011 5+1","Jan16-Dec16","year","All","25-49","16-64","All","Non-disabled","!","!","!","!","!"
"Inactive","Percentage of individuals inactive","Unknown","ONS 2011 5+1","Jan16-Dec16","year","All","25-49","16-64","All","unknown","!","!","!","!","!"
"Inactive","Percentage of individuals inactive","Unknown","ONS 2011 5+1","Jan16-Dec16","year","All","25-49","16-64","Female","All","!","!","!","!","!"
"Inactive","Percentage of individuals inactive","Unknown","ONS 2011 5+1","Jan16-Dec16","year","All","25-49","16-64","Female","Disabled","!","!","!","!","!"
"Inactive","Percentage of individuals inactive","Unknown","ONS 2011 5+1","Jan16-Dec16","year","All","25-49","16-64","Female","Non-disabled","!","!","!","!","!"
"Inactive","Percentage of individuals inactive","Unknown","ONS 2011 5+1","Jan16-Dec16","year","All","25-49","16-64","Female","unknown","!","!","!","!","!"
"Inactive","Percentage of individuals inactive","Unknown","ONS 2011 5+1","Jan16-Dec16","year","All","25-49","16-64","Male","All","!","!","!","!","!"
"Inactive","Percentage of individuals inactive","Unknown","ONS 2011 5+1","Jan16-Dec16","year","All","25-49","16-64","Male","Disabled","!","!","!","!","!"
"Inactive","Percentage of individuals inactive","Unknown","ONS 2011 5+1","Jan16-Dec16","year","All","25-49","16-64","Male","Non-disabled","!","!","!","!","!"
"Inactive","Percentage of individuals inactive","Unknown","ONS 2011 5+1","Jan16-Dec16","year","All","25-49","16-64","Male","unknown","!","!","!","!","!"
"Inactive","Percentage of individuals inactive","Unknown","ONS 2011 5+1","Jan16-Dec16","year","All","50-64","16-64","All","All","!","!","!","!","!"
"Inactive","Percentage of individuals inactive","Unknown","ONS 2011 5+1","Jan16-Dec16","year","All","50-64","16-64","All","Disabled","!","!","!","!","!"
"Inactive","Percentage of individuals inactive","Unknown","ONS 2011 5+1","Jan16-Dec16","year","All","50-64","16-64","All","Non-disabled","!","!","!","!","!"
"Inactive","Percentage of individuals inactive","Unknown","ONS 2011 5+1","Jan16-Dec16","year","All","50-64","16-64","All","unknown","!","!","!","!","!"
"Inactive","Percentage of individuals inactive","Unknown","ONS 2011 5+1","Jan16-Dec16","year","All","50-64","16-64","Female","All","!","!","!","!","!"
"Inactive","Percentage of individuals inactive","Unknown","ONS 2011 5+1","Jan16-Dec16","year","All","50-64","16-64","Female","Disabled","!","!","!","!","!"
"Inactive","Percentage of individuals inactive","Unknown","ONS 2011 5+1","Jan16-Dec16","year","All","50-64","16-64","Female","Non-disabled","!","!","!","!","!"
"Inactive","Percentage of individuals inactive","Unknown","ONS 2011 5+1","Jan16-Dec16","year","All","50-64","16-64","Female","unknown","!","!","!","!","!"
"Inactive","Percentage of individuals inactive","Unknown","ONS 2011 5+1","Jan16-Dec16","year","All","50-64","16-64","Male","All","!","!","!","!","!"
"Inactive","Percentage of individuals inactive","Unknown","ONS 2011 5+1","Jan16-Dec16","year","All","50-64","16-64","Male","Disabled","!","!","!","!","!"
"Inactive","Percentage of individuals inactive","Unknown","ONS 2011 5+1","Jan16-Dec16","year","All","50-64","16-64","Male","Non-disabled","!","!","!","!","!"
"Inactive","Percentage of individuals inactive","Unknown","ONS 2011 5+1","Jan16-Dec16","year","All","50-64","16-64","Male","unknown","!","!","!","!","!"
"Inactive","Percentage of individuals inactive","Unknown","ONS 2011 5+1","Jan16-Dec16","year","All","All","16-64","All","All","32.3","12.5","11700","36300","135"
"Inactive","Percentage of individuals inactive","Unknown","ONS 2011 5+1","Jan16-Dec16","year","All","All","16-64","All","Disabled","!","!","!","!","!"
"Inactive","Percentage of individuals inactive","Unknown","ONS 2011 5+1","Jan16-Dec16","year","All","All","16-64","All","Non-disabled","!","!","!","!","!"
"Inactive","Percentage of individuals inactive","Unknown","ONS 2011 5+1","Jan16-Dec16","year","All","All","16-64","All","unknown","!","!","!","!","!"
"Inactive","Percentage of individuals inactive","Unknown","ONS 2011 5+1","Jan16-Dec16","year","All","All","16-64","Female","All","!","!","!","!","!"
"Inactive","Percentage of individuals inactive","Unknown","ONS 2011 5+1","Jan16-Dec16","year","All","All","16-64","Female","Disabled","!","!","!","!","!"
"Inactive","Percentage of individuals inactive","Unknown","ONS 2011 5+1","Jan16-Dec16","year","All","All","16-64","Female","Non-disabled","!","!","!","!","!"
"Inactive","Percentage of individuals inactive","Unknown","ONS 2011 5+1","Jan16-Dec16","year","All","All","16-64","Female","unknown","!","!","!","!","!"
"Inactive","Percentage of individuals inactive","Unknown","ONS 2011 5+1","Jan16-Dec16","year","All","All","16-64","Male","All","!","!","!","!","!"
"Inactive","Percentage of individuals inactive","Unknown","ONS 2011 5+1","Jan16-Dec16","year","All","All","16-64","Male","Disabled","!","!","!","!","!"
"Inactive","Percentage of individuals inactive","Unknown","ONS 2011 5+1","Jan16-Dec16","year","All","All","16-64","Male","Non-disabled","!","!","!","!","!"
"Inactive","Percentage of individuals inactive","Unknown","ONS 2011 5+1","Jan16-Dec16","year","All","All","16-64","Male","unknown","!","!","!","!","!"
"Inactive","Percentage of individuals inactive","Unknown","ONS 2011 5+1","Jan16-Dec16","year","East Midlands","All","16-64","All","All","!","!","!","!","!"
"Inactive","Percentage of individuals inactive","Unknown","ONS 2011 5+1","Jan16-Dec16","year","East Midlands","All","16-64","All","Disabled","!","!","!","!","!"
"Inactive","Percentage of individuals inactive","Unknown","ONS 2011 5+1","Jan16-Dec16","year","East Midlands","All","16-64","All","Non-disabled","!","!","!","!","!"
"Inactive","Percentage of individuals inactive","Unknown","ONS 2011 5+1","Jan16-Dec16","year","East Midlands","All","16-64","All","unknown","!","!","!","!","!"
"Inactive","Percentage of individuals inactive","Unknown","ONS 2011 5+1","Jan16-Dec16","year","East of England","All","16-64","All","All","!","!","!","!","!"
"Inactive","Percentage of individuals inactive","Unknown","ONS 2011 5+1","Jan16-Dec16","year","East of England","All","16-64","All","Disabled","!","!","!","!","!"
"Inactive","Percentage of individuals inactive","Unknown","ONS 2011 5+1","Jan16-Dec16","year","East of England","All","16-64","All","Non-disabled","!","!","!","!","!"
"Inactive","Percentage of individuals inactive","Unknown","ONS 2011 5+1","Jan16-Dec16","year","East of England","All","16-64","All","unknown","!","!","!","!","!"
"Inactive","Percentage of individuals inactive","Unknown","ONS 2011 5+1","Jan16-Dec16","year","London","All","16-64","All","All","!","!","!","!","!"
"Inactive","Percentage of individuals inactive","Unknown","ONS 2011 5+1","Jan16-Dec16","year","London","All","16-64","All","Disabled","!","!","!","!","!"
"Inactive","Percentage of individuals inactive","Unknown","ONS 2011 5+1","Jan16-Dec16","year","London","All","16-64","All","Non-disabled","!","!","!","!","!"
"Inactive","Percentage of individuals inactive","Unknown","ONS 2011 5+1","Jan16-Dec16","year","London","All","16-64","All","unknown","!","!","!","!","!"
"Inactive","Percentage of individuals inactive","Unknown","ONS 2011 5+1","Jan16-Dec16","year","North East","All","16-64","All","All","!","!","!","!","!"
"Inactive","Percentage of individuals inactive","Unknown","ONS 2011 5+1","Jan16-Dec16","year","North East","All","16-64","All","Disabled","!","!","!","!","!"
"Inactive","Percentage of individuals inactive","Unknown","ONS 2011 5+1","Jan16-Dec16","year","North East","All","16-64","All","Non-disabled","!","!","!","!","!"
"Inactive","Percentage of individuals inactive","Unknown","ONS 2011 5+1","Jan16-Dec16","year","North East","All","16-64","All","unknown","!","!","!","!","!"
"Inactive","Percentage of individuals inactive","Unknown","ONS 2011 5+1","Jan16-Dec16","year","North West","All","16-64","All","All","!","!","!","!","!"
"Inactive","Percentage of individuals inactive","Unknown","ONS 2011 5+1","Jan16-Dec16","year","North West","All","16-64","All","Disabled","!","!","!","!","!"
"Inactive","Percentage of individuals inactive","Unknown","ONS 2011 5+1","Jan16-Dec16","year","North West","All","16-64","All","Non-disabled","!","!","!","!","!"
"Inactive","Percentage of individuals inactive","Unknown","ONS 2011 5+1","Jan16-Dec16","year","North West","All","16-64","All","unknown","!","!","!","!","!"
"Inactive","Percentage of individuals inactive","Unknown","ONS 2011 5+1","Jan16-Dec16","year","Scotland","All","16-64","All","All","!","!","!","!","!"
"Inactive","Percentage of individuals inactive","Unknown","ONS 2011 5+1","Jan16-Dec16","year","Scotland","All","16-64","All","Disabled","!","!","!","!","!"
"Inactive","Percentage of individuals inactive","Unknown","ONS 2011 5+1","Jan16-Dec16","year","Scotland","All","16-64","All","Non-disabled","!","!","!","!","!"
"Inactive","Percentage of individuals inactive","Unknown","ONS 2011 5+1","Jan16-Dec16","year","Scotland","All","16-64","All","unknown","!","!","!","!","!"
"Inactive","Percentage of individuals inactive","Unknown","ONS 2011 5+1","Jan16-Dec16","year","South East","All","16-64","All","All","!","!","!","!","!"
"Inactive","Percentage of individuals inactive","Unknown","ONS 2011 5+1","Jan16-Dec16","year","South East","All","16-64","All","Disabled","!","!","!","!","!"
"Inactive","Percentage of individuals inactive","Unknown","ONS 2011 5+1","Jan16-Dec16","year","South East","All","16-64","All","Non-disabled","!","!","!","!","!"
"Inactive","Percentage of individuals inactive","Unknown","ONS 2011 5+1","Jan16-Dec16","year","South East","All","16-64","All","unknown","!","!","!","!","!"
"Inactive","Percentage of individuals inactive","Unknown","ONS 2011 5+1","Jan16-Dec16","year","South West","All","16-64","All","All","!","!","!","!","!"
"Inactive","Percentage of individuals inactive","Unknown","ONS 2011 5+1","Jan16-Dec16","year","South West","All","16-64","All","Disabled","!","!","!","!","!"
"Inactive","Percentage of individuals inactive","Unknown","ONS 2011 5+1","Jan16-Dec16","year","South West","All","16-64","All","Non-disabled","!","!","!","!","!"
"Inactive","Percentage of individuals inactive","Unknown","ONS 2011 5+1","Jan16-Dec16","year","South West","All","16-64","All","unknown","!","!","!","!","!"
"Inactive","Percentage of individuals inactive","Unknown","ONS 2011 5+1","Jan16-Dec16","year","Wales","All","16-64","All","All","!","!","!","!","!"
"Inactive","Percentage of individuals inactive","Unknown","ONS 2011 5+1","Jan16-Dec16","year","Wales","All","16-64","All","Disabled","!","!","!","!","!"
"Inactive","Percentage of individuals inactive","Unknown","ONS 2011 5+1","Jan16-Dec16","year","Wales","All","16-64","All","Non-disabled","!","!","!","!","!"
"Inactive","Percentage of individuals inactive","Unknown","ONS 2011 5+1","Jan16-Dec16","year","Wales","All","16-64","All","unknown","!","!","!","!","!"
"Inactive","Percentage of individuals inactive","Unknown","ONS 2011 5+1","Jan16-Dec16","year","West Midlands","All","16-64","All","All","!","!","!","!","!"
"Inactive","Percentage of individuals inactive","Unknown","ONS 2011 5+1","Jan16-Dec16","year","West Midlands","All","16-64","All","Disabled","!","!","!","!","!"
"Inactive","Percentage of individuals inactive","Unknown","ONS 2011 5+1","Jan16-Dec16","year","West Midlands","All","16-64","All","Non-disabled","!","!","!","!","!"
"Inactive","Percentage of individuals inactive","Unknown","ONS 2011 5+1","Jan16-Dec16","year","West Midlands","All","16-64","All","unknown","!","!","!","!","!"
"Inactive","Percentage of individuals inactive","Unknown","ONS 2011 5+1","Jan16-Dec16","year","Yorkshire and The Humber","All","16-64","All","All","!","!","!","!","!"
"Inactive","Percentage of individuals inactive","Unknown","ONS 2011 5+1","Jan16-Dec16","year","Yorkshire and The Humber","All","16-64","All","Disabled","!","!","!","!","!"
"Inactive","Percentage of individuals inactive","Unknown","ONS 2011 5+1","Jan16-Dec16","year","Yorkshire and The Humber","All","16-64","All","Non-disabled","!","!","!","!","!"
"Inactive","Percentage of individuals inactive","Unknown","ONS 2011 5+1","Jan16-Dec16","year","Yorkshire and The Humber","All","16-64","All","unknown","!","!","!","!","!"
"Inactive","Percentage of individuals inactive","White","ONS 2011 5+1","Jan16-Dec16","year","All","16-24","16-64","All","All","34.7","1","2006400","5788500","20714"
"Inactive","Percentage of individuals inactive","White","ONS 2011 5+1","Jan16-Dec16","year","All","16-24","16-64","All","Disabled","51.1","3","389600","762300","2745"
"Inactive","Percentage of individuals inactive","White","ONS 2011 5+1","Jan16-Dec16","year","All","16-24","16-64","All","Non-disabled","31.9","1.1","1589700","4986400","17817"
"Inactive","Percentage of individuals inactive","White","ONS 2011 5+1","Jan16-Dec16","year","All","16-24","16-64","All","unknown","67.8","11.7","27000","39800","152"
"Inactive","Percentage of individuals inactive","White","ONS 2011 5+1","Jan16-Dec16","year","All","16-24","16-64","Female","All","36","1.5","1018300","2828900","10337"
"Inactive","Percentage of individuals inactive","White","ONS 2011 5+1","Jan16-Dec16","year","All","16-24","16-64","Female","Disabled","48.7","4","204800","420700","1534"
"Inactive","Percentage of individuals inactive","White","ONS 2011 5+1","Jan16-Dec16","year","All","16-24","16-64","Female","Non-disabled","33.4","1.6","798400","2387300","8717"
"Inactive","Percentage of individuals inactive","White","ONS 2011 5+1","Jan16-Dec16","year","All","16-24","16-64","Female","unknown","72","15","15100","21000","86"
"Inactive","Percentage of individuals inactive","White","ONS 2011 5+1","Jan16-Dec16","year","All","16-24","16-64","Male","All","33.4","1.4","988100","2959600","10377"
"Inactive","Percentage of individuals inactive","White","ONS 2011 5+1","Jan16-Dec16","year","All","16-24","16-64","Male","Disabled","54.1","4.4","184900","341700","1211"
"Inactive","Percentage of individuals inactive","White","ONS 2011 5+1","Jan16-Dec16","year","All","16-24","16-64","Male","Non-disabled","30.4","1.5","791400","2599200","9100"
"Inactive","Percentage of individuals inactive","White","ONS 2011 5+1","Jan16-Dec16","year","All","16-24","16-64","Male","unknown","63.2","18.4","11800","18700","66"
"Inactive","Percentage of individuals inactive","White","ONS 2011 5+1","Jan16-Dec16","year","All","25-49","16-64","All","All","12.3","0.4","2158900","17548000","71566"
"Inactive","Percentage of individuals inactive","White","ONS 2011 5+1","Jan16-Dec16","year","All","25-49","16-64","All","Disabled","36.7","1.4","1011000","2756400","11877"
"Inactive","Percentage of individuals inactive","White","ONS 2011 5+1","Jan16-Dec16","year","All","25-49","16-64","All","Non-disabled","7.6","0.3","1123900","14692300","59242"
"Inactive","Percentage of individuals inactive","White","ONS 2011 5+1","Jan16-Dec16","year","All","25-49","16-64","All","unknown","24.1","6.3","24000","99300","447"
"Inactive","Percentage of individuals inactive","White","ONS 2011 5+1","Jan16-Dec16","year","All","25-49","16-64","Female","All","17.6","0.6","1543000","8791000","38008"
"Inactive","Percentage of individuals inactive","White","ONS 2011 5+1","Jan16-Dec16","year","All","25-49","16-64","Female","Disabled","38.9","1.8","612800","1575400","7046"
"Inactive","Percentage of individuals inactive","White","ONS 2011 5+1","Jan16-Dec16","year","All","25-49","16-64","Female","Non-disabled","12.8","0.6","917200","7161300","30709"
"Inactive","Percentage of individuals inactive","White","ONS 2011 5+1","Jan16-Dec16","year","All","25-49","16-64","Female","unknown","23.9","8.3","13000","54300","253"
"Inactive","Percentage of individuals inactive","White","ONS 2011 5+1","Jan16-Dec16","year","All","25-49","16-64","Male","All","7","0.4","615900","8757100","33558"
"Inactive","Percentage of individuals inactive","White","ONS 2011 5+1","Jan16-Dec16","year","All","25-49","16-64","Male","Disabled","33.7","2.1","398200","1181000","4831"
"Inactive","Percentage of individuals inactive","White","ONS 2011 5+1","Jan16-Dec16","year","All","25-49","16-64","Male","Non-disabled","2.7","0.3","206700","7531000","28533"
"Inactive","Percentage of individuals inactive","White","ONS 2011 5+1","Jan16-Dec16","year","All","25-49","16-64","Male","unknown","24.3","9.5","11000","45000","194"
"Inactive","Percentage of individuals inactive","White","ONS 2011 5+1","Jan16-Dec16","year","All","50-64","16-64","All","All","27.2","0.6","2938500","10795400","53336"
"Inactive","Percentage of individuals inactive","White","ONS 2011 5+1","Jan16-Dec16","year","All","50-64","16-64","All","Disabled","52.8","1.3","1481000","2802700","14418"
"Inactive","Percentage of individuals inactive","White","ONS 2011 5+1","Jan16-Dec16","year","All","50-64","16-64","All","Non-disabled","18.1","0.6","1431200","7914700","38506"
"Inactive","Percentage of individuals inactive","White","ONS 2011 5+1","Jan16-Dec16","year","All","50-64","16-64","All","unknown","33.7","7.2","26300","78000","412"
"Inactive","Percentage of individuals inactive","White","ONS 2011 5+1","Jan16-Dec16","year","All","50-64","16-64","Female","All","32.4","0.9","1780600","5497600","27944"
"Inactive","Percentage of individuals inactive","White","ONS 2011 5+1","Jan16-Dec16","year","All","50-64","16-64","Female","Disabled","55.1","1.7","844600","1533500","8063"
"Inactive","Percentage of individuals inactive","White","ONS 2011 5+1","Jan16-Dec16","year","All","50-64","16-64","Female","Non-disabled","23.5","0.9","920100","3918600","19633"
"Inactive","Percentage of individuals inactive","White","ONS 2011 5+1","Jan16-Dec16","year","All","50-64","16-64","Female","unknown","35.1","9.4","16000","45500","248"
"Inactive","Percentage of individuals inactive","White","ONS 2011 5+1","Jan16-Dec16","year","All","50-64","16-64","Male","All","21.9","0.8","1157800","5297800","25392"
"Inactive","Percentage of individuals inactive","White","ONS 2011 5+1","Jan16-Dec16","year","All","50-64","16-64","Male","Disabled","50.1","1.9","636400","1269200","6355"
"Inactive","Percentage of individuals inactive","White","ONS 2011 5+1","Jan16-Dec16","year","All","50-64","16-64","Male","Non-disabled","12.8","0.8","511100","3996200","18873"
"Inactive","Percentage of individuals inactive","White","ONS 2011 5+1","Jan16-Dec16","year","All","50-64","16-64","Male","unknown","31.7","11.3","10300","32500","164"
"Inactive","Percentage of individuals inactive","White","ONS 2011 5+1","Jan16-Dec16","year","All","All","16-64","All","All","20.8","0.3","7103700","34131900","145616"
"Inactive","Percentage of individuals inactive","White","ONS 2011 5+1","Jan16-Dec16","year","All","All","16-64","All","Disabled","45.6","0.9","2881600","6321400","29040"
"Inactive","Percentage of individuals inactive","White","ONS 2011 5+1","Jan16-Dec16","year","All","All","16-64","All","Non-disabled","15","0.3","4144900","27593500","115565"
"Inactive","Percentage of individuals inactive","White","ONS 2011 5+1","Jan16-Dec16","year","All","All","16-64","All","unknown","35.6","4.7","77200","217100","1011"
"Inactive","Percentage of individuals inactive","White","ONS 2011 5+1","Jan16-Dec16","year","All","All","16-64","Female","All","25.4","0.5","4341900","17117400","76289"
"Inactive","Percentage of individuals inactive","White","ONS 2011 5+1","Jan16-Dec16","year","All","All","16-64","Female","Disabled","47.1","1.2","1662100","3529500","16643"
"Inactive","Percentage of individuals inactive","White","ONS 2011 5+1","Jan16-Dec16","year","All","All","16-64","Female","Non-disabled","19.6","0.5","2635700","13467100","59059"
"Inactive","Percentage of individuals inactive","White","ONS 2011 5+1","Jan16-Dec16","year","All","All","16-64","Female","unknown","36.5","6.2","44100","120800","587"
"Inactive","Percentage of individuals inactive","White","ONS 2011 5+1","Jan16-Dec16","year","All","All","16-64","Male","All","16.2","0.4","2761800","17014500","69327"
"Inactive","Percentage of individuals inactive","White","ONS 2011 5+1","Jan16-Dec16","year","All","All","16-64","Male","Disabled","43.7","1.4","1219500","2791900","12397"
"Inactive","Percentage of individuals inactive","White","ONS 2011 5+1","Jan16-Dec16","year","All","All","16-64","Male","Non-disabled","10.7","0.4","1509200","14126400","56506"
"Inactive","Percentage of individuals inactive","White","ONS 2011 5+1","Jan16-Dec16","year","All","All","16-64","Male","unknown","34.4","7.1","33100","96300","424"
"Inactive","Percentage of individuals inactive","White","ONS 2011 5+1","Jan16-Dec16","year","East Midlands","All","16-64","All","All","20.7","1.5","539400","2607200","7243"
"Inactive","Percentage of individuals inactive","White","ONS 2011 5+1","Jan16-Dec16","year","East Midlands","All","16-64","All","Disabled","43.5","4","215400","494800","1455"
"Inactive","Percentage of individuals inactive","White","ONS 2011 5+1","Jan16-Dec16","year","East Midlands","All","16-64","All","Non-disabled","15","1.5","313400","2092600","5726"
"Inactive","Percentage of individuals inactive","White","ONS 2011 5+1","Jan16-Dec16","year","East Midlands","All","16-64","All","unknown","53.6","19.6","10600","19800","62"
"Inactive","Percentage of individuals inactive","White","ONS 2011 5+1","Jan16-Dec16","year","East of England","All","16-64","All","All","19.3","1.2","647100","3358600","9695"
"Inactive","Percentage of individuals inactive","White","ONS 2011 5+1","Jan16-Dec16","year","East of England","All","16-64","All","Disabled","41.2","3.6","240800","583800","1763"
"Inactive","Percentage of individuals inactive","White","ONS 2011 5+1","Jan16-Dec16","year","East of England","All","16-64","All","Non-disabled","14.5","1.2","398200","2748900","7851"
"Inactive","Percentage of individuals inactive","White","ONS 2011 5+1","Jan16-Dec16","year","East of England","All","16-64","All","unknown","31.5","16","8200","25800","81"
"Inactive","Percentage of individuals inactive","White","ONS 2011 5+1","Jan16-Dec16","year","London","All","16-64","All","All","18.1","1.2","640700","3544700","9334"
"Inactive","Percentage of individuals inactive","White","ONS 2011 5+1","Jan16-Dec16","year","London","All","16-64","All","Disabled","42.4","4.1","212500","501300","1427"
"Inactive","Percentage of individuals inactive","White","ONS 2011 5+1","Jan16-Dec16","year","London","All","16-64","All","Non-disabled","13.9","1.2","420200","3018000","7839"
"Inactive","Percentage of individuals inactive","White","ONS 2011 5+1","Jan16-Dec16","year","London","All","16-64","All","unknown","31.8","17.5","8100","25400","68"
"Inactive","Percentage of individuals inactive","White","ONS 2011 5+1","Jan16-Dec16","year","North East","All","16-64","All","All","23.8","1.3","371500","1560800","9747"
"Inactive","Percentage of individuals inactive","White","ONS 2011 5+1","Jan16-Dec16","year","North East","All","16-64","All","Disabled","51.8","3.3","175800","339100","2223"
"Inactive","Percentage of individuals inactive","White","ONS 2011 5+1","Jan16-Dec16","year","North East","All","16-64","All","Non-disabled","15.8","1.3","191600","1212700","7461"
"Inactive","Percentage of individuals inactive","White","ONS 2011 5+1","Jan16-Dec16","year","North East","All","16-64","All","unknown","45.5","19.4","4100","9000","63"
"Inactive","Percentage of individuals inactive","White","ONS 2011 5+1","Jan16-Dec16","year","North West","All","16-64","All","All","23.1","1","921100","3994000","18844"
"Inactive","Percentage of individuals inactive","White","ONS 2011 5+1","Jan16-Dec16","year","North West","All","16-64","All","Disabled","51.5","2.4","420700","816300","4180"
"Inactive","Percentage of individuals inactive","White","ONS 2011 5+1","Jan16-Dec16","year","North West","All","16-64","All","Non-disabled","15.6","0.9","493800","3157300","14560"
"Inactive","Percentage of individuals inactive","White","ONS 2011 5+1","Jan16-Dec16","year","North West","All","16-64","All","unknown","32.3","14.2","6600","20400","104"
"Inactive","Percentage of individuals inactive","White","ONS 2011 5+1","Jan16-Dec16","year","Scotland","All","16-64","All","All","22.5","0.9","731900","3253700","20012"
"Inactive","Percentage of individuals inactive","White","ONS 2011 5+1","Jan16-Dec16","year","Scotland","All","16-64","All","Disabled","52.6","2.4","331100","629400","4028"
"Inactive","Percentage of individuals inactive","White","ONS 2011 5+1","Jan16-Dec16","year","Scotland","All","16-64","All","Non-disabled","15.1","0.9","394300","2605700","15851"
"Inactive","Percentage of individuals inactive","White","ONS 2011 5+1","Jan16-Dec16","year","Scotland","All","16-64","All","unknown","35.1","12.8","6500","18600","133"
"Inactive","Percentage of individuals inactive","White","ONS 2011 5+1","Jan16-Dec16","year","South East","All","16-64","All","All","18.3","0.9","917600","5006300","17485"
"Inactive","Percentage of individuals inactive","White","ONS 2011 5+1","Jan16-Dec16","year","South East","All","16-64","All","Disabled","38.1","2.7","329000","864400","3083"
"Inactive","Percentage of individuals inactive","White","ONS 2011 5+1","Jan16-Dec16","year","South East","All","16-64","All","Non-disabled","14.1","0.9","579300","4112500","14286"
"Inactive","Percentage of individuals inactive","White","ONS 2011 5+1","Jan16-Dec16","year","South East","All","16-64","All","unknown","31.6","13.4","9300","29400","116"
"Inactive","Percentage of individuals inactive","White","ONS 2011 5+1","Jan16-Dec16","year","South West","All","16-64","All","All","19.4","1.1","607500","3137100","12562"
"Inactive","Percentage of individuals inactive","White","ONS 2011 5+1","Jan16-Dec16","year","South West","All","16-64","All","Disabled","38.4","3","226400","588900","2440"
"Inactive","Percentage of individuals inactive","White","ONS 2011 5+1","Jan16-Dec16","year","South West","All","16-64","All","Non-disabled","14.9","1.1","376400","2530500","10048"
"Inactive","Percentage of individuals inactive","White","ONS 2011 5+1","Jan16-Dec16","year","South West","All","16-64","All","unknown","26.8","15.9","4700","17700","74"
"Inactive","Percentage of individuals inactive","White","ONS 2011 5+1","Jan16-Dec16","year","Wales","All","16-64","All","All","24.5","1","445900","1818800","17137"
"Inactive","Percentage of individuals inactive","White","ONS 2011 5+1","Jan16-Dec16","year","Wales","All","16-64","All","Disabled","51.8","2.5","200700","387300","3791"
"Inactive","Percentage of individuals inactive","White","ONS 2011 5+1","Jan16-Dec16","year","Wales","All","16-64","All","Non-disabled","16.9","1","239800","1415900","13184"
"Inactive","Percentage of individuals inactive","White","ONS 2011 5+1","Jan16-Dec16","year","Wales","All","16-64","All","unknown","34.8","11.6","5400","15500","162"
"Inactive","Percentage of individuals inactive","White","ONS 2011 5+1","Jan16-Dec16","year","West Midlands","All","16-64","All","All","21.9","1.2","624400","2852600","11152"
"Inactive","Percentage of individuals inactive","White","ONS 2011 5+1","Jan16-Dec16","year","West Midlands","All","16-64","All","Disabled","48","3.4","247100","515100","2110"
"Inactive","Percentage of individuals inactive","White","ONS 2011 5+1","Jan16-Dec16","year","West Midlands","All","16-64","All","Non-disabled","15.9","1.2","368400","2316000","8959"
"Inactive","Percentage of individuals inactive","White","ONS 2011 5+1","Jan16-Dec16","year","West Midlands","All","16-64","All","unknown","41.3","16.7","8900","21500","83"
"Inactive","Percentage of individuals inactive","White","ONS 2011 5+1","Jan16-Dec16","year","Yorkshire and The Humber","All","16-64","All","All","21.9","1.1","656600","2998100","12405"
"Inactive","Percentage of individuals inactive","White","ONS 2011 5+1","Jan16-Dec16","year","Yorkshire and The Humber","All","16-64","All","Disabled","47","3.1","282200","601000","2540"
"Inactive","Percentage of individuals inactive","White","ONS 2011 5+1","Jan16-Dec16","year","Yorkshire and The Humber","All","16-64","All","Non-disabled","15.5","1.1","369500","2383100","9800"
"Inactive","Percentage of individuals inactive","White","ONS 2011 5+1","Jan16-Dec16","year","Yorkshire and The Humber","All","16-64","All","unknown","34.8","18.3","4900","14000","65"
"Inactive","Percentage of individuals inactive","White British","Detailed","Jan16-Dec16","year","All","16-24","16-64","All","All","34.6","1.1","1871000","5414600","19551"
"Inactive","Percentage of individuals inactive","White British","Detailed","Jan16-Dec16","year","All","16-24","16-64","All","Disabled","51.4","3","379100","737400","2662"
"Inactive","Percentage of individuals inactive","White British","Detailed","Jan16-Dec16","year","All","16-24","16-64","All","Non-disabled","31.6","1.1","1467400","4641700","16753"
"Inactive","Percentage of individuals inactive","White British","Detailed","Jan16-Dec16","year","All","16-24","16-64","All","unknown","69","12.3","24500","35500","136"
"Inactive","Percentage of individuals inactive","White British","Detailed","Jan16-Dec16","year","All","16-24","16-64","Female","All","35.8","1.5","944900","2641800","9733"
"Inactive","Percentage of individuals inactive","White British","Detailed","Jan16-Dec16","year","All","16-24","16-64","Female","Disabled","48.6","4","197600","406400","1485"
"Inactive","Percentage of individuals inactive","White British","Detailed","Jan16-Dec16","year","All","16-24","16-64","Female","Non-disabled","33.1","1.6","733000","2215400","8167"
"Inactive","Percentage of individuals inactive","White British","Detailed","Jan16-Dec16","year","All","16-24","16-64","Female","unknown","!","!","!","!","!"
"Inactive","Percentage of individuals inactive","White British","Detailed","Jan16-Dec16","year","All","16-24","16-64","Male","All","33.4","1.5","926000","2772700","9818"
"Inactive","Percentage of individuals inactive","White British","Detailed","Jan16-Dec16","year","All","16-24","16-64","Male","Disabled","54.8","4.5","181500","331000","1177"
"Inactive","Percentage of individuals inactive","White British","Detailed","Jan16-Dec16","year","All","16-24","16-64","Male","Non-disabled","30.3","1.5","734400","2426300","8586"
"Inactive","Percentage of individuals inactive","White British","Detailed","Jan16-Dec16","year","All","16-24","16-64","Male","unknown","!","!","!","!","!"
"Inactive","Percentage of individuals inactive","White British","Detailed","Jan16-Dec16","year","All","25-49","16-64","All","All","12.4","0.4","1899200","15370300","64096"
"Inactive","Percentage of individuals inactive","White British","Detailed","Jan16-Dec16","year","All","25-49","16-64","All","Disabled","37.5","1.4","966100","2578200","11225"
"Inactive","Percentage of individuals inactive","White British","Detailed","Jan16-Dec16","year","All","25-49","16-64","All","Non-disabled","7.2","0.3","911400","12705300","52473"
"Inactive","Percentage of individuals inactive","White British","Detailed","Jan16-Dec16","year","All","25-49","16-64","All","unknown","25","6.7","21700","86800","398"
"Inactive","Percentage of individuals inactive","White British","Detailed","Jan16-Dec16","year","All","25-49","16-64","Female","All","17.3","0.6","1325000","7668900","33922"
"Inactive","Percentage of individuals inactive","White British","Detailed","Jan16-Dec16","year","All","25-49","16-64","Female","Disabled","39.4","1.9","579400","1470700","6653"
"Inactive","Percentage of individuals inactive","White British","Detailed","Jan16-Dec16","year","All","25-49","16-64","Female","Non-disabled","11.9","0.6","733600","6150000","27042"
"Inactive","Percentage of individuals inactive","White British","Detailed","Jan16-Dec16","year","All","25-49","16-64","Female","unknown","25","8.9","12000","48200","227"
"Inactive","Percentage of individuals inactive","White British","Detailed","Jan16-Dec16","year","All","25-49","16-64","Male","All","7.5","0.5","574200","7701400","30174"
"Inactive","Percentage of individuals inactive","White British","Detailed","Jan16-Dec16","year","All","25-49","16-64","Male","Disabled","34.9","2.2","386700","1107500","4572"
"Inactive","Percentage of individuals inactive","White British","Detailed","Jan16-Dec16","year","All","25-49","16-64","Male","Non-disabled","2.7","0.3","177900","6555300","25431"
"Inactive","Percentage of individuals inactive","White British","Detailed","Jan16-Dec16","year","All","25-49","16-64","Male","unknown","25","10.3","9700","38600","171"
"Inactive","Percentage of individuals inactive","White British","Detailed","Jan16-Dec16","year","All","50-64","16-64","All","All","27.4","0.6","2837700","10362700","51549"
"Inactive","Percentage of individuals inactive","White British","Detailed","Jan16-Dec16","year","All","50-64","16-64","All","Disabled","52.9","1.3","1431600","2703700","14009"
"Inactive","Percentage of individuals inactive","White British","Detailed","Jan16-Dec16","year","All","50-64","16-64","All","Non-disabled","18.2","0.6","1381400","7586000","37143"
"Inactive","Percentage of individuals inactive","White British","Detailed","Jan16-Dec16","year","All","50-64","16-64","All","unknown","33.9","7.4","24800","73000","397"
"Inactive","Percentage of individuals inactive","White British","Detailed","Jan16-Dec16","year","All","50-64","16-64","Female","All","32.5","0.9","1711000","5263800","26941"
"Inactive","Percentage of individuals inactive","White British","Detailed","Jan16-Dec16","year","All","50-64","16-64","Female","Disabled","55.2","1.7","813300","1472500","7801"
"Inactive","Percentage of individuals inactive","White British","Detailed","Jan16-Dec16","year","All","50-64","16-64","Female","Non-disabled","23.5","1","883000","3749600","18904"
"Inactive","Percentage of individuals inactive","White British","Detailed","Jan16-Dec16","year","All","50-64","16-64","Female","unknown","35.4","9.6","14700","41600","236"
"Inactive","Percentage of individuals inactive","White British","Detailed","Jan16-Dec16","year","All","50-64","16-64","Male","All","22.1","0.8","1126700","5099000","24608"
"Inactive","Percentage of individuals inactive","White British","Detailed","Jan16-Dec16","year","All","50-64","16-64","Male","Disabled","50.2","2","618300","1231200","6208"
"Inactive","Percentage of individuals inactive","White British","Detailed","Jan16-Dec16","year","All","50-64","16-64","Male","Non-disabled","13","0.8","498400","3836400","18239"
"Inactive","Percentage of individuals inactive","White British","Detailed","Jan16-Dec16","year","All","50-64","16-64","Male","unknown","32.1","11.4","10100","31400","161"
"Inactive","Percentage of individuals inactive","White British","Detailed","Jan16-Dec16","year","All","All","16-64","All","All","21.2","0.3","6607900","31147600","135196"
"Inactive","Percentage of individuals inactive","White British","Detailed","Jan16-Dec16","year","All","All","16-64","All","Disabled","46.1","0.9","2776800","6019300","27896"
"Inactive","Percentage of individuals inactive","White British","Detailed","Jan16-Dec16","year","All","All","16-64","All","Non-disabled","15.1","0.3","3760200","24933000","106369"
"Inactive","Percentage of individuals inactive","White British","Detailed","Jan16-Dec16","year","All","All","16-64","All","unknown","36.3","4.9","71000","195300","931"
"Inactive","Percentage of individuals inactive","White British","Detailed","Jan16-Dec16","year","All","All","16-64","Female","All","25.6","0.5","3980900","15574500","70596"
"Inactive","Percentage of individuals inactive","White British","Detailed","Jan16-Dec16","year","All","All","16-64","Female","Disabled","47.5","1.2","1590300","3349700","15939"
"Inactive","Percentage of individuals inactive","White British","Detailed","Jan16-Dec16","year","All","All","16-64","Female","Non-disabled","19.4","0.5","2349500","12115000","54113"
"Inactive","Percentage of individuals inactive","White British","Detailed","Jan16-Dec16","year","All","All","16-64","Female","unknown","37.4","6.4","41000","109800","544"
"Inactive","Percentage of individuals inactive","White British","Detailed","Jan16-Dec16","year","All","All","16-64","Male","All","16.9","0.5","2627000","15573200","64600"
"Inactive","Percentage of individuals inactive","White British","Detailed","Jan16-Dec16","year","All","All","16-64","Male","Disabled","44.4","1.4","1186400","2669700","11957"
"Inactive","Percentage of individuals inactive","White British","Detailed","Jan16-Dec16","year","All","All","16-64","Male","Non-disabled","11","0.4","1410600","12818000","52256"
"Inactive","Percentage of individuals inactive","White British","Detailed","Jan16-Dec16","year","All","All","16-64","Male","unknown","35","7.5","30000","85500","387"
"Inactive","Percentage of individuals inactive","White British","Detailed","Jan16-Dec16","year","East Midlands","All","16-64","All","All","21","1.5","509100","2422300","6717"
"Inactive","Percentage of individuals inactive","White British","Detailed","Jan16-Dec16","year","East Midlands","All","16-64","All","Disabled","44.3","4.1","209600","473600","1395"
"Inactive","Percentage of individuals inactive","White British","Detailed","Jan16-Dec16","year","East Midlands","All","16-64","All","Non-disabled","15","1.5","289100","1929900","5263"
"Inactive","Percentage of individuals inactive","White British","Detailed","Jan16-Dec16","year","East Midlands","All","16-64","All","unknown","!","!","!","!","!"
"Inactive","Percentage of individuals inactive","White British","Detailed","Jan16-Dec16","year","East of England","All","16-64","All","All","19.8","1.3","606700","3066400","8707"
"Inactive","Percentage of individuals inactive","White British","Detailed","Jan16-Dec16","year","East of England","All","16-64","All","Disabled","41.9","3.8","231600","553400","1654"
"Inactive","Percentage of individuals inactive","White British","Detailed","Jan16-Dec16","year","East of England","All","16-64","All","Non-disabled","14.8","1.3","367400","2490700","6984"
"Inactive","Percentage of individuals inactive","White British","Detailed","Jan16-Dec16","year","East of England","All","16-64","All","unknown","!","!","!","!","!"
"Inactive","Percentage of individuals inactive","White British","Detailed","Jan16-Dec16","year","London","All","16-64","All","All","19.1","1.5","468700","2451200","6549"
"Inactive","Percentage of individuals inactive","White British","Detailed","Jan16-Dec16","year","London","All","16-64","All","Disabled","44","4.6","174500","396800","1134"
"Inactive","Percentage of individuals inactive","White British","Detailed","Jan16-Dec16","year","London","All","16-64","All","Non-disabled","14.2","1.5","288600","2036600","5365"
"Inactive","Percentage of individuals inactive","White British","Detailed","Jan16-Dec16","year","London","All","16-64","All","unknown","!","!","!","!","!"
"Inactive","Percentage of individuals inactive","White British","Detailed","Jan16-Dec16","year","North East","All","16-64","All","All","23.9","1.4","364700","1526800","9513"
"Inactive","Percentage of individuals inactive","White British","Detailed","Jan16-Dec16","year","North East","All","16-64","All","Disabled","51.9","3.3","174600","336200","2200"
"Inactive","Percentage of individuals inactive","White British","Detailed","Jan16-Dec16","year","North East","All","16-64","All","Non-disabled","15.8","1.3","186200","1182000","7253"
"Inactive","Percentage of individuals inactive","White British","Detailed","Jan16-Dec16","year","North East","All","16-64","All","unknown","!","!","!","!","!"
"Inactive","Percentage of individuals inactive","White British","Detailed","Jan16-Dec16","year","North West","All","16-64","All","All","23.3","1","888700","3812200","18011"
"Inactive","Percentage of individuals inactive","White British","Detailed","Jan16-Dec16","year","North West","All","16-64","All","Disabled","51.8","2.4","412400","796200","4082"
"Inactive","Percentage of individuals inactive","White British","Detailed","Jan16-Dec16","year","North West","All","16-64","All","Non-disabled","15.7","1","470200","2996500","13829"
"Inactive","Percentage of individuals inactive","White British","Detailed","Jan16-Dec16","year","North West","All","16-64","All","unknown","31.2","14.3","6100","19500","100"
"Inactive","Percentage of individuals inactive","White British","Detailed","Jan16-Dec16","year","Scotland","All","16-64","All","All","22.7","0.9","691200","3039400","19054"
"Inactive","Percentage of individuals inactive","White British","Detailed","Jan16-Dec16","year","Scotland","All","16-64","All","Disabled","53.5","2.5","323600","605000","3915"
"Inactive","Percentage of individuals inactive","White British","Detailed","Jan16-Dec16","year","Scotland","All","16-64","All","Non-disabled","15","0.9","361800","2417200","15012"
"Inactive","Percentage of individuals inactive","White British","Detailed","Jan16-Dec16","year","Scotland","All","16-64","All","unknown","33.8","13","5800","17200","127"
"Inactive","Percentage of individuals inactive","White British","Detailed","Jan16-Dec16","year","South East","All","16-64","All","All","18.6","1","856500","4610300","15971"
"Inactive","Percentage of individuals inactive","White British","Detailed","Jan16-Dec16","year","South East","All","16-64","All","Disabled","38.7","2.8","321300","830900","2939"
"Inactive","Percentage of individuals inactive","White British","Detailed","Jan16-Dec16","year","South East","All","16-64","All","Non-disabled","14","0.9","526400","3752800","12928"
"Inactive","Percentage of individuals inactive","White British","Detailed","Jan16-Dec16","year","South East","All","16-64","All","unknown","33.1","14.3","8800","26600","104"
"Inactive","Percentage of individuals inactive","White British","Detailed","Jan16-Dec16","year","South West","All","16-64","All","All","19.4","1.1","572100","2945900","11803"
"Inactive","Percentage of individuals inactive","White British","Detailed","Jan16-Dec16","year","South West","All","16-64","All","Disabled","38.5","3.1","218100","566700","2346"
"Inactive","Percentage of individuals inactive","White British","Detailed","Jan16-Dec16","year","South West","All","16-64","All","Non-disabled","14.8","1.1","349800","2363300","9392"
"Inactive","Percentage of individuals inactive","White British","Detailed","Jan16-Dec16","year","South West","All","16-64","All","unknown","!","!","!","!","!"
"Inactive","Percentage of individuals inactive","White British","Detailed","Jan16-Dec16","year","Wales","All","16-64","All","All","24.7","1","435200","1759100","16626"
"Inactive","Percentage of individuals inactive","White British","Detailed","Jan16-Dec16","year","Wales","All","16-64","All","Disabled","52","2.5","198100","380700","3726"
"Inactive","Percentage of individuals inactive","White British","Detailed","Jan16-Dec16","year","Wales","All","16-64","All","Non-disabled","17","1","231900","1363500","12744"
"Inactive","Percentage of individuals inactive","White British","Detailed","Jan16-Dec16","year","Wales","All","16-64","All","unknown","35","11.8","5200","14800","156"
"Inactive","Percentage of individuals inactive","White British","Detailed","Jan16-Dec16","year","West Midlands","All","16-64","All","All","21.9","1.3","584400","2663000","10416"
"Inactive","Percentage of individuals inactive","White British","Detailed","Jan16-Dec16","year","West Midlands","All","16-64","All","Disabled","47.8","3.4","236600","495300","2036"
"Inactive","Percentage of individuals inactive","White British","Detailed","Jan16-Dec16","year","West Midlands","All","16-64","All","Non-disabled","15.8","1.2","339100","2147300","8302"
"Inactive","Percentage of individuals inactive","White British","Detailed","Jan16-Dec16","year","West Midlands","All","16-64","All","unknown","!","!","!","!","!"
"Inactive","Percentage of individuals inactive","White British","Detailed","Jan16-Dec16","year","Yorkshire and The Humber","All","16-64","All","All","22.1","1.2","630500","2851100","11829"
"Inactive","Percentage of individuals inactive","White British","Detailed","Jan16-Dec16","year","Yorkshire and The Humber","All","16-64","All","Disabled","47.3","3.1","276300","584400","2469"
"Inactive","Percentage of individuals inactive","White British","Detailed","Jan16-Dec16","year","Yorkshire and The Humber","All","16-64","All","Non-disabled","15.5","1.2","349600","2253200","9297"
"Inactive","Percentage of individuals inactive","White British","Detailed","Jan16-Dec16","year","Yorkshire and The Humber","All","16-64","All","unknown","!","!","!","!","!"
"Inactive","Percentage of individuals inactive","White Other","Detailed","Jan16-Dec16","year","All","16-24","16-64","All","All","36.2","4.4","135400","373900","1163"
"Inactive","Percentage of individuals inactive","White Other","Detailed","Jan16-Dec16","year","All","16-24","16-64","All","Disabled","!","!","!","!","!"
"Inactive","Percentage of individuals inactive","White Other","Detailed","Jan16-Dec16","year","All","16-24","16-64","All","Non-disabled","35.5","4.5","122400","344700","1064"
"Inactive","Percentage of individuals inactive","White Other","Detailed","Jan16-Dec16","year","All","16-24","16-64","All","unknown","!","!","!","!","!"
"Inactive","Percentage of individuals inactive","White Other","Detailed","Jan16-Dec16","year","All","16-24","16-64","Female","All","39.2","6.2","73300","187100","604"
"Inactive","Percentage of individuals inactive","White Other","Detailed","Jan16-Dec16","year","All","16-24","16-64","Female","Disabled","!","!","!","!","!"
"Inactive","Percentage of individuals inactive","White Other","Detailed","Jan16-Dec16","year","All","16-24","16-64","Female","Non-disabled","38","6.4","65400","171900","550"
"Inactive","Percentage of individuals inactive","White Other","Detailed","Jan16-Dec16","year","All","16-24","16-64","Female","unknown","!","!","!","!","!"
"Inactive","Percentage of individuals inactive","White Other","Detailed","Jan16-Dec16","year","All","16-24","16-64","Male","All","33.2","6.2","62000","186800","559"
"Inactive","Percentage of individuals inactive","White Other","Detailed","Jan16-Dec16","year","All","16-24","16-64","Male","Disabled","!","!","!","!","!"
"Inactive","Percentage of individuals inactive","White Other","Detailed","Jan16-Dec16","year","All","16-24","16-64","Male","Non-disabled","33","6.4","57000","172800","514"
"Inactive","Percentage of individuals inactive","White Other","Detailed","Jan16-Dec16","year","All","16-24","16-64","Male","unknown","!","!","!","!","!"
"Inactive","Percentage of individuals inactive","White Other","Detailed","Jan16-Dec16","year","All","25-49","16-64","All","All","11.9","1.2","259700","2177700","7470"
"Inactive","Percentage of individuals inactive","White Other","Detailed","Jan16-Dec16","year","All","25-49","16-64","All","Disabled","25.2","5.3","44900","178200","652"
"Inactive","Percentage of individuals inactive","White Other","Detailed","Jan16-Dec16","year","All","25-49","16-64","All","Non-disabled","10.7","1.2","212500","1987000","6769"
"Inactive","Percentage of individuals inactive","White Other","Detailed","Jan16-Dec16","year","All","25-49","16-64","All","unknown","!","!","!","!","!"
"Inactive","Percentage of individuals inactive","White Other","Detailed","Jan16-Dec16","year","All","25-49","16-64","Female","All","19.4","1.9","218000","1122100","4086"
"Inactive","Percentage of individuals inactive","White Other","Detailed","Jan16-Dec16","year","All","25-49","16-64","Female","Disabled","31.9","7.3","33400","104700","393"
"Inactive","Percentage of individuals inactive","White Other","Detailed","Jan16-Dec16","year","All","25-49","16-64","Female","Non-disabled","18.2","2","183700","1011300","3667"
"Inactive","Percentage of individuals inactive","White Other","Detailed","Jan16-Dec16","year","All","25-49","16-64","Female","unknown","!","!","!","!","!"
"Inactive","Percentage of individuals inactive","White Other","Detailed","Jan16-Dec16","year","All","25-49","16-64","Male","All","3.9","1","41600","1055600","3384"
"Inactive","Percentage of individuals inactive","White Other","Detailed","Jan16-Dec16","year","All","25-49","16-64","Male","Disabled","15.7","7","11500","73500","259"
"Inactive","Percentage of individuals inactive","White Other","Detailed","Jan16-Dec16","year","All","25-49","16-64","Male","Non-disabled","3","0.9","28800","975700","3102"
"Inactive","Percentage of individuals inactive","White Other","Detailed","Jan16-Dec16","year","All","25-49","16-64","Male","unknown","!","!","!","!","!"
"Inactive","Percentage of individuals inactive","White Other","Detailed","Jan16-Dec16","year","All","50-64","16-64","All","All","23.3","3.1","100700","432700","1787"
"Inactive","Percentage of individuals inactive","White Other","Detailed","Jan16-Dec16","year","All","50-64","16-64","All","Disabled","49.9","7.7","49400","98900","409"
"Inactive","Percentage of individuals inactive","White Other","Detailed","Jan16-Dec16","year","All","50-64","16-64","All","Non-disabled","15.2","3","49800","328700","1363"
"Inactive","Percentage of individuals inactive","White Other","Detailed","Jan16-Dec16","year","All","50-64","16-64","All","unknown","!","!","!","!","!"
"Inactive","Percentage of individuals inactive","White Other","Detailed","Jan16-Dec16","year","All","50-64","16-64","Female","All","29.8","4.5","69600","233800","1003"
"Inactive","Percentage of individuals inactive","White Other","Detailed","Jan16-Dec16","year","All","50-64","16-64","Female","Disabled","51.3","9.6","31300","60900","262"
"Inactive","Percentage of individuals inactive","White Other","Detailed","Jan16-Dec16","year","All","50-64","16-64","Female","Non-disabled","22","4.7","37100","168900","729"
"Inactive","Percentage of individuals inactive","White Other","Detailed","Jan16-Dec16","year","All","50-64","16-64","Female","unknown","!","!","!","!","!"
"Inactive","Percentage of individuals inactive","White Other","Detailed","Jan16-Dec16","year","All","50-64","16-64","Male","All","15.6","4","31100","198900","784"
"Inactive","Percentage of individuals inactive","White Other","Detailed","Jan16-Dec16","year","All","50-64","16-64","Male","Disabled","47.7","12.8","18100","38000","147"
"Inactive","Percentage of individuals inactive","White Other","Detailed","Jan16-Dec16","year","All","50-64","16-64","Male","Non-disabled","8","3.3","12700","159800","634"
"Inactive","Percentage of individuals inactive","White Other","Detailed","Jan16-Dec16","year","All","50-64","16-64","Male","unknown","!","!","!","!","!"
"Inactive","Percentage of individuals inactive","White Other","Detailed","Jan16-Dec16","year","All","All","16-64","All","All","16.6","1.1","495800","2984300","10420"
"Inactive","Percentage of individuals inactive","White Other","Detailed","Jan16-Dec16","year","All","All","16-64","All","Disabled","34.7","4.4","104800","302100","1144"
"Inactive","Percentage of individuals inactive","White Other","Detailed","Jan16-Dec16","year","All","All","16-64","All","Non-disabled","14.5","1.1","384700","2660500","9196"
"Inactive","Percentage of individuals inactive","White Other","Detailed","Jan16-Dec16","year","All","All","16-64","All","unknown","!","!","!","!","!"
"Inactive","Percentage of individuals inactive","White Other","Detailed","Jan16-Dec16","year","All","All","16-64","Female","All","23.4","1.7","361000","1543000","5693"
"Inactive","Percentage of individuals inactive","White Other","Detailed","Jan16-Dec16","year","All","All","16-64","Female","Disabled","39.9","5.7","71800","179900","704"
"Inactive","Percentage of individuals inactive","White Other","Detailed","Jan16-Dec16","year","All","All","16-64","Female","Non-disabled","21.2","1.8","286100","1352100","4946"
"Inactive","Percentage of individuals inactive","White Other","Detailed","Jan16-Dec16","year","All","All","16-64","Female","unknown","!","!","!","!","!"
"Inactive","Percentage of individuals inactive","White Other","Detailed","Jan16-Dec16","year","All","All","16-64","Male","All","9.4","1.3","134800","1441300","4727"
"Inactive","Percentage of individuals inactive","White Other","Detailed","Jan16-Dec16","year","All","All","16-64","Male","Disabled","27","6.6","33100","122200","440"
"Inactive","Percentage of individuals inactive","White Other","Detailed","Jan16-Dec16","year","All","All","16-64","Male","Non-disabled","7.5","1.3","98600","1308400","4250"
"Inactive","Percentage of individuals inactive","White Other","Detailed","Jan16-Dec16","year","All","All","16-64","Male","unknown","!","!","!","!","!"
"Inactive","Percentage of individuals inactive","White Other","Detailed","Jan16-Dec16","year","East Midlands","All","16-64","All","All","16.4","5","30200","184800","526"
"Inactive","Percentage of individuals inactive","White Other","Detailed","Jan16-Dec16","year","East Midlands","All","16-64","All","Disabled","!","!","!","!","!"
"Inactive","Percentage of individuals inactive","White Other","Detailed","Jan16-Dec16","year","East Midlands","All","16-64","All","Non-disabled","14.9","5.1","24200","162700","463"
"Inactive","Percentage of individuals inactive","White Other","Detailed","Jan16-Dec16","year","East Midlands","All","16-64","All","unknown","!","!","!","!","!"
"Inactive","Percentage of individuals inactive","White Other","Detailed","Jan16-Dec16","year","East of England","All","16-64","All","All","13.8","3.4","40400","292200","988"
"Inactive","Percentage of individuals inactive","White Other","Detailed","Jan16-Dec16","year","East of England","All","16-64","All","Disabled","30.1","13.6","9100","30300","109"
"Inactive","Percentage of individuals inactive","White Other","Detailed","Jan16-Dec16","year","East of England","All","16-64","All","Non-disabled","11.9","3.4","30800","258300","867"
"Inactive","Percentage of individuals inactive","White Other","Detailed","Jan16-Dec16","year","East of England","All","16-64","All","unknown","!","!","!","!","!"
"Inactive","Percentage of individuals inactive","White Other","Detailed","Jan16-Dec16","year","London","All","16-64","All","All","15.7","2.1","172000","1093600","2785"
"Inactive","Percentage of individuals inactive","White Other","Detailed","Jan16-Dec16","year","London","All","16-64","All","Disabled","36.3","8.7","38000","104500","293"
"Inactive","Percentage of individuals inactive","White Other","Detailed","Jan16-Dec16","year","London","All","16-64","All","Non-disabled","13.4","2.1","131500","981400","2474"
"Inactive","Percentage of individuals inactive","White Other","Detailed","Jan16-Dec16","year","London","All","16-64","All","unknown","!","!","!","!","!"
"Inactive","Percentage of individuals inactive","White Other","Detailed","Jan16-Dec16","year","North East","All","16-64","All","All","19.9","8.1","6800","34100","234"
"Inactive","Percentage of individuals inactive","White Other","Detailed","Jan16-Dec16","year","North East","All","16-64","All","Disabled","!","!","!","!","!"
"Inactive","Percentage of individuals inactive","White Other","Detailed","Jan16-Dec16","year","North East","All","16-64","All","Non-disabled","17.7","8.2","5400","30700","208"
"Inactive","Percentage of individuals inactive","White Other","Detailed","Jan16-Dec16","year","North East","All","16-64","All","unknown","!","!","!","!","!"
"Inactive","Percentage of individuals inactive","White Other","Detailed","Jan16-Dec16","year","North West","All","16-64","All","All","17.8","4.1","32400","181800","833"
"Inactive","Percentage of individuals inactive","White Other","Detailed","Jan16-Dec16","year","North West","All","16-64","All","Disabled","!","!","!","!","!"
"Inactive","Percentage of individuals inactive","White Other","Detailed","Jan16-Dec16","year","North West","All","16-64","All","Non-disabled","14.7","4.1","23600","160900","731"
"Inactive","Percentage of individuals inactive","White Other","Detailed","Jan16-Dec16","year","North West","All","16-64","All","unknown","!","!","!","!","!"
"Inactive","Percentage of individuals inactive","White Other","Detailed","Jan16-Dec16","year","Scotland","All","16-64","All","All","19","3.9","40700","214300","958"
"Inactive","Percentage of individuals inactive","White Other","Detailed","Jan16-Dec16","year","Scotland","All","16-64","All","Disabled","31","13.5","7600","24400","113"
"Inactive","Percentage of individuals inactive","White Other","Detailed","Jan16-Dec16","year","Scotland","All","16-64","All","Non-disabled","17.2","4","32500","188500","839"
"Inactive","Percentage of individuals inactive","White Other","Detailed","Jan16-Dec16","year","Scotland","All","16-64","All","unknown","!","!","!","!","!"
"Inactive","Percentage of individuals inactive","White Other","Detailed","Jan16-Dec16","year","South East","All","16-64","All","All","15.4","2.9","61100","396000","1514"
"Inactive","Percentage of individuals inactive","White Other","Detailed","Jan16-Dec16","year","South East","All","16-64","All","Disabled","23","10.9","7700","33500","144"
"Inactive","Percentage of individuals inactive","White Other","Detailed","Jan16-Dec16","year","South East","All","16-64","All","Non-disabled","14.7","3","52900","359700","1358"
"Inactive","Percentage of individuals inactive","White Other","Detailed","Jan16-Dec16","year","South East","All","16-64","All","unknown","!","!","!","!","!"
"Inactive","Percentage of individuals inactive","White Other","Detailed","Jan16-Dec16","year","South West","All","16-64","All","All","18.5","4.4","35400","191200","759"
"Inactive","Percentage of individuals inactive","White Other","Detailed","Jan16-Dec16","year","South West","All","16-64","All","Disabled","!","!","!","!","!"
"Inactive","Percentage of individuals inactive","White Other","Detailed","Jan16-Dec16","year","South West","All","16-64","All","Non-disabled","15.9","4.4","26600","167200","656"
"Inactive","Percentage of individuals inactive","White Other","Detailed","Jan16-Dec16","year","South West","All","16-64","All","unknown","!","!","!","!","!"
"Inactive","Percentage of individuals inactive","White Other","Detailed","Jan16-Dec16","year","Wales","All","16-64","All","All","17.9","5.3","10700","59700","511"
"Inactive","Percentage of individuals inactive","White Other","Detailed","Jan16-Dec16","year","Wales","All","16-64","All","Disabled","!","!","!","!","!"
"Inactive","Percentage of individuals inactive","White Other","Detailed","Jan16-Dec16","year","Wales","All","16-64","All","Non-disabled","15","5.3","7900","52400","440"
"Inactive","Percentage of individuals inactive","White Other","Detailed","Jan16-Dec16","year","Wales","All","16-64","All","unknown","!","!","!","!","!"
"Inactive","Percentage of individuals inactive","White Other","Detailed","Jan16-Dec16","year","West Midlands","All","16-64","All","All","21.1","4.7","40000","189700","736"
"Inactive","Percentage of individuals inactive","White Other","Detailed","Jan16-Dec16","year","West Midlands","All","16-64","All","Disabled","!","!","!","!","!"
"Inactive","Percentage of individuals inactive","White Other","Detailed","Jan16-Dec16","year","West Midlands","All","16-64","All","Non-disabled","17.4","4.6","29300","168800","657"
"Inactive","Percentage of individuals inactive","White Other","Detailed","Jan16-Dec16","year","West Midlands","All","16-64","All","unknown","!","!","!","!","!"
"Inactive","Percentage of individuals inactive","White Other","Detailed","Jan16-Dec16","year","Yorkshire and The Humber","All","16-64","All","All","17.7","4.9","26000","147000","576"
"Inactive","Percentage of individuals inactive","White Other","Detailed","Jan16-Dec16","year","Yorkshire and The Humber","All","16-64","All","Disabled","!","!","!","!","!"
"Inactive","Percentage of individuals inactive","White Other","Detailed","Jan16-Dec16","year","Yorkshire and The Humber","All","16-64","All","Non-disabled","15.3","5","19900","129900","503"
"Inactive","Percentage of individuals inactive","White Other","Detailed","Jan16-Dec16","year","Yorkshire and The Humber","All","16-64","All","unknown","!","!","!","!","!"
"Inactive","Percentage of individuals inactive","All","All","Jan17-Dec17","year","All","16-24","16-64","All","All","38.4","0.6","2639100","6880500","23836"
"Inactive","Percentage of individuals inactive","All","All","Jan17-Dec17","year","All","16-24","16-64","All","Disabled","48.7","1.8","426500","875000","3087"
"Inactive","Percentage of individuals inactive","All","All","Jan17-Dec17","year","All","16-24","16-64","All","Non-disabled","36.6","0.7","2178100","5948100","20544"
"Inactive","Percentage of individuals inactive","All","All","Jan17-Dec17","year","All","16-24","16-64","All","unknown","60.1","6.7","34500","57400","205"
"Inactive","Percentage of individuals inactive","All","All","Jan17-Dec17","year","All","16-24","16-64","Female","All","39.7","0.9","1339300","3369500","11919"
"Inactive","Percentage of individuals inactive","All","All","Jan17-Dec17","year","All","16-24","16-64","Female","Disabled","45.3","2.4","215800","476400","1679"
"Inactive","Percentage of individuals inactive","All","All","Jan17-Dec17","year","All","16-24","16-64","Female","Non-disabled","38.6","0.9","1105700","2862500","10132"
"Inactive","Percentage of individuals inactive","All","All","Jan17-Dec17","year","All","16-24","16-64","Female","unknown","58.3","9.3","17800","30600","108"
"Inactive","Percentage of individuals inactive","All","All","Jan17-Dec17","year","All","16-24","16-64","Male","All","37","0.9","1299900","3511100","11917"
"Inactive","Percentage of individuals inactive","All","All","Jan17-Dec17","year","All","16-24","16-64","Male","Disabled","52.9","2.6","210800","398600","1408"
"Inactive","Percentage of individuals inactive","All","All","Jan17-Dec17","year","All","16-24","16-64","Male","Non-disabled","34.8","0.9","1072400","3085600","10412"
"Inactive","Percentage of individuals inactive","All","All","Jan17-Dec17","year","All","16-24","16-64","Male","unknown","62.3","9.6","16700","26900","97"
"Inactive","Percentage of individuals inactive","All","All","Jan17-Dec17","year","All","25-49","16-64","All","All","13.2","0.2","2794300","21090100","83772"
"Inactive","Percentage of individuals inactive","All","All","Jan17-Dec17","year","All","25-49","16-64","All","Disabled","35.4","0.8","1144000","3231800","13648"
"Inactive","Percentage of individuals inactive","All","All","Jan17-Dec17","year","All","25-49","16-64","All","Non-disabled","9.1","0.2","1620800","17737700","69663"
"Inactive","Percentage of individuals inactive","All","All","Jan17-Dec17","year","All","25-49","16-64","All","unknown","24.5","3.9","29500","120500","461"
"Inactive","Percentage of individuals inactive","All","All","Jan17-Dec17","year","All","25-49","16-64","Female","All","19.3","0.4","2056000","10630100","44709"
"Inactive","Percentage of individuals inactive","All","All","Jan17-Dec17","year","All","25-49","16-64","Female","Disabled","37.9","1","710700","1873300","8266"
"Inactive","Percentage of individuals inactive","All","All","Jan17-Dec17","year","All","25-49","16-64","Female","Non-disabled","15.3","0.4","1327100","8689800","36177"
"Inactive","Percentage of individuals inactive","All","All","Jan17-Dec17","year","All","25-49","16-64","Female","unknown","27.3","5.4","18300","67000","266"
"Inactive","Percentage of individuals inactive","All","All","Jan17-Dec17","year","All","25-49","16-64","Male","All","7.1","0.3","738300","10460000","39063"
"Inactive","Percentage of individuals inactive","All","All","Jan17-Dec17","year","All","25-49","16-64","Male","Disabled","31.9","1.2","433300","1358500","5382"
"Inactive","Percentage of individuals inactive","All","All","Jan17-Dec17","year","All","25-49","16-64","Male","Non-disabled","3.2","0.2","293700","9047900","33486"
"Inactive","Percentage of individuals inactive","All","All","Jan17-Dec17","year","All","25-49","16-64","Male","unknown","21","5.7","11200","53600","195"
"Inactive","Percentage of individuals inactive","All","All","Jan17-Dec17","year","All","50-64","16-64","All","All","26.7","0.4","3210900","12019800","58226"
"Inactive","Percentage of individuals inactive","All","All","Jan17-Dec17","year","All","50-64","16-64","All","Disabled","51.5","0.8","1611300","3129700","15656"
"Inactive","Percentage of individuals inactive","All","All","Jan17-Dec17","year","All","50-64","16-64","All","Non-disabled","17.8","0.4","1568400","8809000","42173"
"Inactive","Percentage of individuals inactive","All","All","Jan17-Dec17","year","All","50-64","16-64","All","unknown","38.5","4.8","31200","81200","397"
"Inactive","Percentage of individuals inactive","All","All","Jan17-Dec17","year","All","50-64","16-64","Female","All","31.9","0.5","1950800","6118200","30498"
"Inactive","Percentage of individuals inactive","All","All","Jan17-Dec17","year","All","50-64","16-64","Female","Disabled","54.2","1","926200","1709000","8791"
"Inactive","Percentage of individuals inactive","All","All","Jan17-Dec17","year","All","50-64","16-64","Female","Non-disabled","23","0.6","1006000","4364600","21490"
"Inactive","Percentage of individuals inactive","All","All","Jan17-Dec17","year","All","50-64","16-64","Female","unknown","41.9","6.6","18700","44600","217"
"Inactive","Percentage of individuals inactive","All","All","Jan17-Dec17","year","All","50-64","16-64","Male","All","21.4","0.5","1260000","5901700","27728"
"Inactive","Percentage of individuals inactive","All","All","Jan17-Dec17","year","All","50-64","16-64","Male","Disabled","48.2","1.2","685100","1420700","6865"
"Inactive","Percentage of individuals inactive","All","All","Jan17-Dec17","year","All","50-64","16-64","Male","Non-disabled","12.7","0.5","562400","4444400","20683"
"Inactive","Percentage of individuals inactive","All","All","Jan17-Dec17","year","All","50-64","16-64","Male","unknown","34.3","6.9","12600","36600","180"
"Inactive","Percentage of individuals inactive","All","All","Jan17-Dec17","year","All","All","16-64","All","All","21.6","0.2","8644300","39990500","165834"
"Inactive","Percentage of individuals inactive","All","All","Jan17-Dec17","year","All","All","16-64","All","Disabled","44","0.5","3181800","7236500","32391"
"Inactive","Percentage of individuals inactive","All","All","Jan17-Dec17","year","All","All","16-64","All","Non-disabled","16.5","0.2","5367200","32494800","132380"
"Inactive","Percentage of individuals inactive","All","All","Jan17-Dec17","year","All","All","16-64","All","unknown","36.8","2.9","95300","259200","1063"
"Inactive","Percentage of individuals inactive","All","All","Jan17-Dec17","year","All","All","16-64","Female","All","26.6","0.3","5346100","20117700","87126"
"Inactive","Percentage of individuals inactive","All","All","Jan17-Dec17","year","All","All","16-64","Female","Disabled","45.6","0.7","1852600","4058700","18736"
"Inactive","Percentage of individuals inactive","All","All","Jan17-Dec17","year","All","All","16-64","Female","Non-disabled","21.6","0.3","3438700","15916900","67799"
"Inactive","Percentage of individuals inactive","All","All","Jan17-Dec17","year","All","All","16-64","Female","unknown","38.5","3.9","54800","142100","591"
"Inactive","Percentage of individuals inactive","All","All","Jan17-Dec17","year","All","All","16-64","Male","All","16.6","0.3","3298200","19872700","78708"
"Inactive","Percentage of individuals inactive","All","All","Jan17-Dec17","year","All","All","16-64","Male","Disabled","41.8","0.8","1329200","3177800","13655"
"Inactive","Percentage of individuals inactive","All","All","Jan17-Dec17","year","All","All","16-64","Male","Non-disabled","11.6","0.2","1928500","16577900","64581"
"Inactive","Percentage of individuals inactive","All","All","Jan17-Dec17","year","All","All","16-64","Male","unknown","34.6","4.3","40500","117100","472"
"Inactive","Percentage of individuals inactive","All","All","Jan17-Dec17","year","East Midlands","All","16-64","All","All","22.4","0.9","660800","2948300","8217"
"Inactive","Percentage of individuals inactive","All","All","Jan17-Dec17","year","East Midlands","All","16-64","All","Disabled","44.1","2.4","261300","592300","1707"
"Inactive","Percentage of individuals inactive","All","All","Jan17-Dec17","year","East Midlands","All","16-64","All","Non-disabled","16.8","0.9","391500","2333500","6448"
"Inactive","Percentage of individuals inactive","All","All","Jan17-Dec17","year","East Midlands","All","16-64","All","unknown","35.5","11.9","8000","22500","62"
"Inactive","Percentage of individuals inactive","All","All","Jan17-Dec17","year","East of England","All","16-64","All","All","19.2","0.7","719800","3745600","11098"
"Inactive","Percentage of individuals inactive","All","All","Jan17-Dec17","year","East of England","All","16-64","All","Disabled","39.7","2.1","255400","643000","2018"
"Inactive","Percentage of individuals inactive","All","All","Jan17-Dec17","year","East of England","All","16-64","All","Non-disabled","14.8","0.7","457600","3083800","9025"
"Inactive","Percentage of individuals inactive","All","All","Jan17-Dec17","year","East of England","All","16-64","All","unknown","35.8","12.7","6700","18800","55"
"Inactive","Percentage of individuals inactive","All","All","Jan17-Dec17","year","London","All","16-64","All","All","21.9","0.7","1298300","5937200","15442"
"Inactive","Percentage of individuals inactive","All","All","Jan17-Dec17","year","London","All","16-64","All","Disabled","44.9","2","384800","857900","2366"
"Inactive","Percentage of individuals inactive","All","All","Jan17-Dec17","year","London","All","16-64","All","Non-disabled","17.8","0.7","896000","5036600","12957"
"Inactive","Percentage of individuals inactive","All","All","Jan17-Dec17","year","London","All","16-64","All","unknown","40.9","8.8","17500","42700","119"
"Inactive","Percentage of individuals inactive","All","All","Jan17-Dec17","year","North East","All","16-64","All","All","24.6","0.8","405300","1646000","10794"
"Inactive","Percentage of individuals inactive","All","All","Jan17-Dec17","year","North East","All","16-64","All","Disabled","49.5","2","182800","369600","2521"
"Inactive","Percentage of individuals inactive","All","All","Jan17-Dec17","year","North East","All","16-64","All","Non-disabled","17.3","0.8","219600","1270100","8226"
"Inactive","Percentage of individuals inactive","All","All","Jan17-Dec17","year","North East","All","16-64","All","unknown","46.2","14.3","2900","6200","47"
"Inactive","Percentage of individuals inactive","All","All","Jan17-Dec17","year","North West","All","16-64","All","All","23.5","0.6","1061400","4507300","20612"
"Inactive","Percentage of individuals inactive","All","All","Jan17-Dec17","year","North West","All","16-64","All","Disabled","48.3","1.5","438700","907400","4446"
"Inactive","Percentage of individuals inactive","All","All","Jan17-Dec17","year","North West","All","16-64","All","Non-disabled","17.1","0.6","610400","3569400","16033"
"Inactive","Percentage of individuals inactive","All","All","Jan17-Dec17","year","North West","All","16-64","All","unknown","40","8.3","12200","30600","133"
"Inactive","Percentage of individuals inactive","All","All","Jan17-Dec17","year","Scotland","All","16-64","All","All","22.6","0.6","776500","3440800","21070"
"Inactive","Percentage of individuals inactive","All","All","Jan17-Dec17","year","Scotland","All","16-64","All","Disabled","49.3","1.5","323700","656200","4170"
"Inactive","Percentage of individuals inactive","All","All","Jan17-Dec17","year","Scotland","All","16-64","All","Non-disabled","16.1","0.6","445900","2764300","16774"
"Inactive","Percentage of individuals inactive","All","All","Jan17-Dec17","year","Scotland","All","16-64","All","unknown","34.6","8.3","7000","20200","126"
"Inactive","Percentage of individuals inactive","All","All","Jan17-Dec17","year","South East","All","16-64","All","All","18.6","0.5","1031900","5542600","19725"
"Inactive","Percentage of individuals inactive","All","All","Jan17-Dec17","year","South East","All","16-64","All","Disabled","36.7","1.6","328800","895300","3317"
"Inactive","Percentage of individuals inactive","All","All","Jan17-Dec17","year","South East","All","16-64","All","Non-disabled","15","0.5","692900","4615200","16296"
"Inactive","Percentage of individuals inactive","All","All","Jan17-Dec17","year","South East","All","16-64","All","unknown","31.9","8.6","10300","32100","112"
"Inactive","Percentage of individuals inactive","All","All","Jan17-Dec17","year","South West","All","16-64","All","All","18.6","0.6","618200","3324800","13852"
"Inactive","Percentage of individuals inactive","All","All","Jan17-Dec17","year","South West","All","16-64","All","Disabled","36","1.8","220100","610700","2612"
"Inactive","Percentage of individuals inactive","All","All","Jan17-Dec17","year","South West","All","16-64","All","Non-disabled","14.6","0.7","393600","2697000","11176"
"Inactive","Percentage of individuals inactive","All","All","Jan17-Dec17","year","South West","All","16-64","All","unknown","26.3","10.8","4500","17000","64"
"Inactive","Percentage of individuals inactive","All","All","Jan17-Dec17","year","Wales","All","16-64","All","All","23.9","0.6","457100","1909900","18238"
"Inactive","Percentage of individuals inactive","All","All","Jan17-Dec17","year","Wales","All","16-64","All","Disabled","49.4","1.6","194900","394300","3935"
"Inactive","Percentage of individuals inactive","All","All","Jan17-Dec17","year","Wales","All","16-64","All","Non-disabled","17","0.6","255000","1499800","14166"
"Inactive","Percentage of individuals inactive","All","All","Jan17-Dec17","year","Wales","All","16-64","All","unknown","46","8.3","7300","15800","137"
"Inactive","Percentage of individuals inactive","All","All","Jan17-Dec17","year","West Midlands","All","16-64","All","All","23.6","0.7","849700","3606600","13132"
"Inactive","Percentage of individuals inactive","All","All","Jan17-Dec17","year","West Midlands","All","16-64","All","Disabled","46.5","2","299400","643300","2492"
"Inactive","Percentage of individuals inactive","All","All","Jan17-Dec17","year","West Midlands","All","16-64","All","Non-disabled","18.4","0.7","538400","2932100","10523"
"Inactive","Percentage of individuals inactive","All","All","Jan17-Dec17","year","West Midlands","All","16-64","All","unknown","38.1","8.8","11900","31200","117"
"Inactive","Percentage of individuals inactive","All","All","Jan17-Dec17","year","Yorkshire and The Humber","All","16-64","All","All","22.6","0.7","765400","3381500","13654"
"Inactive","Percentage of individuals inactive","All","All","Jan17-Dec17","year","Yorkshire and The Humber","All","16-64","All","Disabled","43.8","1.8","292000","666400","2807"
"Inactive","Percentage of individuals inactive","All","All","Jan17-Dec17","year","Yorkshire and The Humber","All","16-64","All","Non-disabled","17.3","0.7","466300","2692900","10756"
"Inactive","Percentage of individuals inactive","All","All","Jan17-Dec17","year","Yorkshire and The Humber","All","16-64","All","unknown","32.2","9.6","7100","22100","91"
"Inactive","Percentage of individuals inactive","Asian","ONS 2011 5+1","Jan17-Dec17","year","All","16-24","16-64","All","All","57.6","3.4","370600","643900","1991"
"Inactive","Percentage of individuals inactive","Asian","ONS 2011 5+1","Jan17-Dec17","year","All","16-24","16-64","All","Disabled","52","13","24200","46600","141"
"Inactive","Percentage of individuals inactive","Asian","ONS 2011 5+1","Jan17-Dec17","year","All","16-24","16-64","All","Non-disabled","57.9","3.6","342600","591500","1831"
"Inactive","Percentage of individuals inactive","Asian","ONS 2011 5+1","Jan17-Dec17","year","All","16-24","16-64","All","unknown","!","!","!","!","!"
"Inactive","Percentage of individuals inactive","Asian","ONS 2011 5+1","Jan17-Dec17","year","All","16-24","16-64","Female","All","58.5","4.8","189800","324600","1020"
"Inactive","Percentage of individuals inactive","Asian","ONS 2011 5+1","Jan17-Dec17","year","All","16-24","16-64","Female","Disabled","!","!","!","!","!"
"Inactive","Percentage of individuals inactive","Asian","ONS 2011 5+1","Jan17-Dec17","year","All","16-24","16-64","Female","Non-disabled","58.9","5","174400","295900","941"
"Inactive","Percentage of individuals inactive","Asian","ONS 2011 5+1","Jan17-Dec17","year","All","16-24","16-64","Female","unknown","!","!","!","!","!"
"Inactive","Percentage of individuals inactive","Asian","ONS 2011 5+1","Jan17-Dec17","year","All","16-24","16-64","Male","All","56.6","4.9","180800","319400","971"
"Inactive","Percentage of individuals inactive","Asian","ONS 2011 5+1","Jan17-Dec17","year","All","16-24","16-64","Male","Disabled","!","!","!","!","!"
"Inactive","Percentage of individuals inactive","Asian","ONS 2011 5+1","Jan17-Dec17","year","All","16-24","16-64","Male","Non-disabled","56.9","5.1","168300","295600","890"
"Inactive","Percentage of individuals inactive","Asian","ONS 2011 5+1","Jan17-Dec17","year","All","16-24","16-64","Male","unknown","!","!","!","!","!"
"Inactive","Percentage of individuals inactive","Asian","ONS 2011 5+1","Jan17-Dec17","year","All","25-49","16-64","All","All","22.3","1.5","442000","1978300","7134"
"Inactive","Percentage of individuals inactive","Asian","ONS 2011 5+1","Jan17-Dec17","year","All","25-49","16-64","All","Disabled","40.3","4.8","104800","260000","982"
"Inactive","Percentage of individuals inactive","Asian","ONS 2011 5+1","Jan17-Dec17","year","All","25-49","16-64","All","Non-disabled","19.5","1.6","333900","1709400","6118"
"Inactive","Percentage of individuals inactive","Asian","ONS 2011 5+1","Jan17-Dec17","year","All","25-49","16-64","All","unknown","!","!","!","!","!"
"Inactive","Percentage of individuals inactive","Asian","ONS 2011 5+1","Jan17-Dec17","year","All","25-49","16-64","Female","All","36.3","2.4","364200","1004000","3863"
"Inactive","Percentage of individuals inactive","Asian","ONS 2011 5+1","Jan17-Dec17","year","All","25-49","16-64","Female","Disabled","52.4","6.5","73300","139900","569"
"Inactive","Percentage of individuals inactive","Asian","ONS 2011 5+1","Jan17-Dec17","year","All","25-49","16-64","Female","Non-disabled","33.5","2.6","287700","857800","3270"
"Inactive","Percentage of individuals inactive","Asian","ONS 2011 5+1","Jan17-Dec17","year","All","25-49","16-64","Female","unknown","!","!","!","!","!"
"Inactive","Percentage of individuals inactive","Asian","ONS 2011 5+1","Jan17-Dec17","year","All","25-49","16-64","Male","All","8","1.5","77800","974300","3271"
"Inactive","Percentage of individuals inactive","Asian","ONS 2011 5+1","Jan17-Dec17","year","All","25-49","16-64","Male","Disabled","26.2","6.7","31500","120000","413"
"Inactive","Percentage of individuals inactive","Asian","ONS 2011 5+1","Jan17-Dec17","year","All","25-49","16-64","Male","Non-disabled","5.4","1.3","46200","851600","2848"
"Inactive","Percentage of individuals inactive","Asian","ONS 2011 5+1","Jan17-Dec17","year","All","25-49","16-64","Male","unknown","!","!","!","!","!"
"Inactive","Percentage of individuals inactive","Asian","ONS 2011 5+1","Jan17-Dec17","year","All","50-64","16-64","All","All","31.8","3.2","167200","526200","2076"
"Inactive","Percentage of individuals inactive","Asian","ONS 2011 5+1","Jan17-Dec17","year","All","50-64","16-64","All","Disabled","58.4","6","97800","167600","654"
"Inactive","Percentage of individuals inactive","Asian","ONS 2011 5+1","Jan17-Dec17","year","All","50-64","16-64","All","Non-disabled","19","3.2","67400","354300","1408"
"Inactive","Percentage of individuals inactive","Asian","ONS 2011 5+1","Jan17-Dec17","year","All","50-64","16-64","All","unknown","!","!","!","!","!"
"Inactive","Percentage of individuals inactive","Asian","ONS 2011 5+1","Jan17-Dec17","year","All","50-64","16-64","Female","All","43.6","4.7","113100","259500","1054"
"Inactive","Percentage of individuals inactive","Asian","ONS 2011 5+1","Jan17-Dec17","year","All","50-64","16-64","Female","Disabled","67.4","7.5","61800","91600","374"
"Inactive","Percentage of individuals inactive","Asian","ONS 2011 5+1","Jan17-Dec17","year","All","50-64","16-64","Female","Non-disabled","30.3","5.5","49800","164400","671"
"Inactive","Percentage of individuals inactive","Asian","ONS 2011 5+1","Jan17-Dec17","year","All","50-64","16-64","Female","unknown","!","!","!","!","!"
"Inactive","Percentage of individuals inactive","Asian","ONS 2011 5+1","Jan17-Dec17","year","All","50-64","16-64","Male","All","20.3","3.9","54100","266600","1022"
"Inactive","Percentage of individuals inactive","Asian","ONS 2011 5+1","Jan17-Dec17","year","All","50-64","16-64","Male","Disabled","47.5","9.2","36100","76000","280"
"Inactive","Percentage of individuals inactive","Asian","ONS 2011 5+1","Jan17-Dec17","year","All","50-64","16-64","Male","Non-disabled","9.3","3.3","17600","189900","737"
"Inactive","Percentage of individuals inactive","Asian","ONS 2011 5+1","Jan17-Dec17","year","All","50-64","16-64","Male","unknown","!","!","!","!","!"
"Inactive","Percentage of individuals inactive","Asian","ONS 2011 5+1","Jan17-Dec17","year","All","All","16-64","All","All","31.1","1.4","979800","3148300","11201"
"Inactive","Percentage of individuals inactive","Asian","ONS 2011 5+1","Jan17-Dec17","year","All","All","16-64","All","Disabled","47.8","3.7","226800","474100","1777"
"Inactive","Percentage of individuals inactive","Asian","ONS 2011 5+1","Jan17-Dec17","year","All","All","16-64","All","Non-disabled","28","1.4","743900","2655200","9357"
"Inactive","Percentage of individuals inactive","Asian","ONS 2011 5+1","Jan17-Dec17","year","All","All","16-64","All","unknown","!","!","!","!","!"
"Inactive","Percentage of individuals inactive","Asian","ONS 2011 5+1","Jan17-Dec17","year","All","All","16-64","Female","All","42","2","667100","1588100","5937"
"Inactive","Percentage of individuals inactive","Asian","ONS 2011 5+1","Jan17-Dec17","year","All","All","16-64","Female","Disabled","57.9","4.8","148900","257300","1012"
"Inactive","Percentage of individuals inactive","Asian","ONS 2011 5+1","Jan17-Dec17","year","All","All","16-64","Female","Non-disabled","38.8","2.2","511900","1318000","4882"
"Inactive","Percentage of individuals inactive","Asian","ONS 2011 5+1","Jan17-Dec17","year","All","All","16-64","Female","unknown","!","!","!","!","!"
"Inactive","Percentage of individuals inactive","Asian","ONS 2011 5+1","Jan17-Dec17","year","All","All","16-64","Male","All","20","1.7","312700","1560300","5264"
"Inactive","Percentage of individuals inactive","Asian","ONS 2011 5+1","Jan17-Dec17","year","All","All","16-64","Male","Disabled","35.9","5.4","77900","216800","765"
"Inactive","Percentage of individuals inactive","Asian","ONS 2011 5+1","Jan17-Dec17","year","All","All","16-64","Male","Non-disabled","17.4","1.8","232000","1337200","4475"
"Inactive","Percentage of individuals inactive","Asian","ONS 2011 5+1","Jan17-Dec17","year","All","All","16-64","Male","unknown","!","!","!","!","!"
"Inactive","Percentage of individuals inactive","Asian","ONS 2011 5+1","Jan17-Dec17","year","East Midlands","All","16-64","All","All","36.1","5.3","80700","223400","776"
"Inactive","Percentage of individuals inactive","Asian","ONS 2011 5+1","Jan17-Dec17","year","East Midlands","All","16-64","All","Disabled","50.3","13.4","17100","34100","133"
"Inactive","Percentage of individuals inactive","Asian","ONS 2011 5+1","Jan17-Dec17","year","East Midlands","All","16-64","All","Non-disabled","33.5","5.8","62800","187800","636"
"Inactive","Percentage of individuals inactive","Asian","ONS 2011 5+1","Jan17-Dec17","year","East Midlands","All","16-64","All","unknown","!","!","!","!","!"
"Inactive","Percentage of individuals inactive","Asian","ONS 2011 5+1","Jan17-Dec17","year","East of England","All","16-64","All","All","24.6","4.6","50300","204600","857"
"Inactive","Percentage of individuals inactive","Asian","ONS 2011 5+1","Jan17-Dec17","year","East of England","All","16-64","All","Disabled","42.8","13.3","11200","26300","133"
"Inactive","Percentage of individuals inactive","Asian","ONS 2011 5+1","Jan17-Dec17","year","East of England","All","16-64","All","Non-disabled","21.9","4.8","38900","178100","722"
"Inactive","Percentage of individuals inactive","Asian","ONS 2011 5+1","Jan17-Dec17","year","East of England","All","16-64","All","unknown","!","!","!","!","!"
"Inactive","Percentage of individuals inactive","Asian","ONS 2011 5+1","Jan17-Dec17","year","London","All","16-64","All","All","28.4","2.6","325200","1146200","2942"
"Inactive","Percentage of individuals inactive","Asian","ONS 2011 5+1","Jan17-Dec17","year","London","All","16-64","All","Disabled","47.2","7.1","84200","178400","478"
"Inactive","Percentage of individuals inactive","Asian","ONS 2011 5+1","Jan17-Dec17","year","London","All","16-64","All","Non-disabled","24.7","2.7","237200","958800","2440"
"Inactive","Percentage of individuals inactive","Asian","ONS 2011 5+1","Jan17-Dec17","year","London","All","16-64","All","unknown","!","!","!","!","!"
"Inactive","Percentage of individuals inactive","Asian","ONS 2011 5+1","Jan17-Dec17","year","North East","All","16-64","All","All","35.9","8.8","16000","44700","284"
"Inactive","Percentage of individuals inactive","Asian","ONS 2011 5+1","Jan17-Dec17","year","North East","All","16-64","All","Disabled","!","!","!","!","!"
"Inactive","Percentage of individuals inactive","Asian","ONS 2011 5+1","Jan17-Dec17","year","North East","All","16-64","All","Non-disabled","32.7","9.5","11900","36400","236"
"Inactive","Percentage of individuals inactive","Asian","ONS 2011 5+1","Jan17-Dec17","year","North East","All","16-64","All","unknown","!","!","!","!","!"
"Inactive","Percentage of individuals inactive","Asian","ONS 2011 5+1","Jan17-Dec17","year","North West","All","16-64","All","All","35.8","3.8","105300","293700","1492"
"Inactive","Percentage of individuals inactive","Asian","ONS 2011 5+1","Jan17-Dec17","year","North West","All","16-64","All","Disabled","58.1","9.4","27700","47600","264"
"Inactive","Percentage of individuals inactive","Asian","ONS 2011 5+1","Jan17-Dec17","year","North West","All","16-64","All","Non-disabled","31.4","4.1","76900","244900","1222"
"Inactive","Percentage of individuals inactive","Asian","ONS 2011 5+1","Jan17-Dec17","year","North West","All","16-64","All","unknown","!","!","!","!","!"
"Inactive","Percentage of individuals inactive","Asian","ONS 2011 5+1","Jan17-Dec17","year","Scotland","All","16-64","All","All","34.4","7.6","33100","96400","379"
"Inactive","Percentage of individuals inactive","Asian","ONS 2011 5+1","Jan17-Dec17","year","Scotland","All","16-64","All","Disabled","!","!","!","!","!"
"Inactive","Percentage of individuals inactive","Asian","ONS 2011 5+1","Jan17-Dec17","year","Scotland","All","16-64","All","Non-disabled","31.7","8","26000","82200","322"
"Inactive","Percentage of individuals inactive","Asian","ONS 2011 5+1","Jan17-Dec17","year","Scotland","All","16-64","All","unknown","!","!","!","!","!"
"Inactive","Percentage of individuals inactive","Asian","ONS 2011 5+1","Jan17-Dec17","year","South East","All","16-64","All","All","21.6","3.3","69800","322700","1536"
"Inactive","Percentage of individuals inactive","Asian","ONS 2011 5+1","Jan17-Dec17","year","South East","All","16-64","All","Disabled","28.9","9.4","12800","44200","225"
"Inactive","Percentage of individuals inactive","Asian","ONS 2011 5+1","Jan17-Dec17","year","South East","All","16-64","All","Non-disabled","20.4","3.5","56700","277800","1305"
"Inactive","Percentage of individuals inactive","Asian","ONS 2011 5+1","Jan17-Dec17","year","South East","All","16-64","All","unknown","!","!","!","!","!"
"Inactive","Percentage of individuals inactive","Asian","ONS 2011 5+1","Jan17-Dec17","year","South West","All","16-64","All","All","27.8","7","22900","82600","389"
"Inactive","Percentage of individuals inactive","Asian","ONS 2011 5+1","Jan17-Dec17","year","South West","All","16-64","All","Disabled","!","!","!","!","!"
"Inactive","Percentage of individuals inactive","Asian","ONS 2011 5+1","Jan17-Dec17","year","South West","All","16-64","All","Non-disabled","26.7","7.4","19300","72200","343"
"Inactive","Percentage of individuals inactive","Asian","ONS 2011 5+1","Jan17-Dec17","year","South West","All","16-64","All","unknown","!","!","!","!","!"
"Inactive","Percentage of individuals inactive","Asian","ONS 2011 5+1","Jan17-Dec17","year","Wales","All","16-64","All","All","38.2","8.4","19300","50600","322"
"Inactive","Percentage of individuals inactive","Asian","ONS 2011 5+1","Jan17-Dec17","year","Wales","All","16-64","All","Disabled","!","!","!","!","!"
"Inactive","Percentage of individuals inactive","Asian","ONS 2011 5+1","Jan17-Dec17","year","Wales","All","16-64","All","Non-disabled","36.2","8.8","16200","44800","285"
"Inactive","Percentage of individuals inactive","Asian","ONS 2011 5+1","Jan17-Dec17","year","Wales","All","16-64","All","unknown","!","!","!","!","!"
"Inactive","Percentage of individuals inactive","Asian","ONS 2011 5+1","Jan17-Dec17","year","West Midlands","All","16-64","All","All","36.2","3.9","159800","441500","1448"
"Inactive","Percentage of individuals inactive","Asian","ONS 2011 5+1","Jan17-Dec17","year","West Midlands","All","16-64","All","Disabled","56.3","10.1","37500","66600","233"
"Inactive","Percentage of individuals inactive","Asian","ONS 2011 5+1","Jan17-Dec17","year","West Midlands","All","16-64","All","Non-disabled","32.5","4.2","120600","371500","1206"
"Inactive","Percentage of individuals inactive","Asian","ONS 2011 5+1","Jan17-Dec17","year","West Midlands","All","16-64","All","unknown","!","!","!","!","!"
"Inactive","Percentage of individuals inactive","Asian","ONS 2011 5+1","Jan17-Dec17","year","Yorkshire and The Humber","All","16-64","All","All","40.3","5.5","97400","241900","776"
"Inactive","Percentage of individuals inactive","Asian","ONS 2011 5+1","Jan17-Dec17","year","Yorkshire and The Humber","All","16-64","All","Disabled","47.2","13.5","19000","40200","132"
"Inactive","Percentage of individuals inactive","Asian","ONS 2011 5+1","Jan17-Dec17","year","Yorkshire and The Humber","All","16-64","All","Non-disabled","38.6","6","77400","200700","640"
"Inactive","Percentage of individuals inactive","Asian","ONS 2011 5+1","Jan17-Dec17","year","Yorkshire and The Humber","All","16-64","All","unknown","!","!","!","!","!"
"Inactive","Percentage of individuals inactive","Black","ONS 2011 5+1","Jan17-Dec17","year","All","16-24","16-64","All","All","55.8","5.6","141300","253200","741"
"Inactive","Percentage of individuals inactive","Black","ONS 2011 5+1","Jan17-Dec17","year","All","16-24","16-64","All","Disabled","!","!","!","!","!"
"Inactive","Percentage of individuals inactive","Black","ONS 2011 5+1","Jan17-Dec17","year","All","16-24","16-64","All","Non-disabled","55.5","5.9","129500","233400","680"
"Inactive","Percentage of individuals inactive","Black","ONS 2011 5+1","Jan17-Dec17","year","All","16-24","16-64","All","unknown","!","!","!","!","!"
"Inactive","Percentage of individuals inactive","Black","ONS 2011 5+1","Jan17-Dec17","year","All","16-24","16-64","Female","All","54.7","7.8","73100","133600","391"
"Inactive","Percentage of individuals inactive","Black","ONS 2011 5+1","Jan17-Dec17","year","All","16-24","16-64","Female","Disabled","!","!","!","!","!"
"Inactive","Percentage of individuals inactive","Black","ONS 2011 5+1","Jan17-Dec17","year","All","16-24","16-64","Female","Non-disabled","55.1","8.1","68800","124800","364"
"Inactive","Percentage of individuals inactive","Black","ONS 2011 5+1","Jan17-Dec17","year","All","16-24","16-64","Female","unknown","!","!","!","!","!"
"Inactive","Percentage of individuals inactive","Black","ONS 2011 5+1","Jan17-Dec17","year","All","16-24","16-64","Male","All","57.1","8.2","68200","119500","350"
"Inactive","Percentage of individuals inactive","Black","ONS 2011 5+1","Jan17-Dec17","year","All","16-24","16-64","Male","Disabled","!","!","!","!","!"
"Inactive","Percentage of individuals inactive","Black","ONS 2011 5+1","Jan17-Dec17","year","All","16-24","16-64","Male","Non-disabled","55.9","8.6","60700","108500","316"
"Inactive","Percentage of individuals inactive","Black","ONS 2011 5+1","Jan17-Dec17","year","All","16-24","16-64","Male","unknown","!","!","!","!","!"
"Inactive","Percentage of individuals inactive","Black","ONS 2011 5+1","Jan17-Dec17","year","All","25-49","16-64","All","All","18.5","2.5","133100","718000","2407"
"Inactive","Percentage of individuals inactive","Black","ONS 2011 5+1","Jan17-Dec17","year","All","25-49","16-64","All","Disabled","40.4","8.7","33700","83400","303"
"Inactive","Percentage of individuals inactive","Black","ONS 2011 5+1","Jan17-Dec17","year","All","25-49","16-64","All","Non-disabled","15.6","2.5","98200","628800","2088"
"Inactive","Percentage of individuals inactive","Black","ONS 2011 5+1","Jan17-Dec17","year","All","25-49","16-64","All","unknown","!","!","!","!","!"
"Inactive","Percentage of individuals inactive","Black","ONS 2011 5+1","Jan17-Dec17","year","All","25-49","16-64","Female","All","25.7","3.6","106200","413500","1424"
"Inactive","Percentage of individuals inactive","Black","ONS 2011 5+1","Jan17-Dec17","year","All","25-49","16-64","Female","Disabled","44.3","10.7","25500","57400","206"
"Inactive","Percentage of individuals inactive","Black","ONS 2011 5+1","Jan17-Dec17","year","All","25-49","16-64","Female","Non-disabled","22.6","3.7","79900","353300","1211"
"Inactive","Percentage of individuals inactive","Black","ONS 2011 5+1","Jan17-Dec17","year","All","25-49","16-64","Female","unknown","!","!","!","!","!"
"Inactive","Percentage of individuals inactive","Black","ONS 2011 5+1","Jan17-Dec17","year","All","25-49","16-64","Male","All","8.8","2.8","26900","304400","983"
"Inactive","Percentage of individuals inactive","Black","ONS 2011 5+1","Jan17-Dec17","year","All","25-49","16-64","Male","Disabled","!","!","!","!","!"
"Inactive","Percentage of individuals inactive","Black","ONS 2011 5+1","Jan17-Dec17","year","All","25-49","16-64","Male","Non-disabled","6.7","2.6","18400","275500","877"
"Inactive","Percentage of individuals inactive","Black","ONS 2011 5+1","Jan17-Dec17","year","All","25-49","16-64","Male","unknown","!","!","!","!","!"
"Inactive","Percentage of individuals inactive","Black","ONS 2011 5+1","Jan17-Dec17","year","All","50-64","16-64","All","All","20.6","3.8","63900","310700","1093"
"Inactive","Percentage of individuals inactive","Black","ONS 2011 5+1","Jan17-Dec17","year","All","50-64","16-64","All","Disabled","58","9","45400","78400","286"
"Inactive","Percentage of individuals inactive","Black","ONS 2011 5+1","Jan17-Dec17","year","All","50-64","16-64","All","Non-disabled","7.6","2.9","17600","230600","800"
"Inactive","Percentage of individuals inactive","Black","ONS 2011 5+1","Jan17-Dec17","year","All","50-64","16-64","All","unknown","!","!","!","!","!"
"Inactive","Percentage of individuals inactive","Black","ONS 2011 5+1","Jan17-Dec17","year","All","50-64","16-64","Female","All","25","5.6","39700","158500","565"
"Inactive","Percentage of individuals inactive","Black","ONS 2011 5+1","Jan17-Dec17","year","All","50-64","16-64","Female","Disabled","60.5","11.7","26600","44000","167"
"Inactive","Percentage of individuals inactive","Black","ONS 2011 5+1","Jan17-Dec17","year","All","50-64","16-64","Female","Non-disabled","10.7","4.8","12100","113600","394"
"Inactive","Percentage of individuals inactive","Black","ONS 2011 5+1","Jan17-Dec17","year","All","50-64","16-64","Female","unknown","!","!","!","!","!"
"Inactive","Percentage of individuals inactive","Black","ONS 2011 5+1","Jan17-Dec17","year","All","50-64","16-64","Male","All","15.9","4.9","24300","152200","528"
"Inactive","Percentage of individuals inactive","Black","ONS 2011 5+1","Jan17-Dec17","year","All","50-64","16-64","Male","Disabled","54.7","14.1","18800","34400","119"
"Inactive","Percentage of individuals inactive","Black","ONS 2011 5+1","Jan17-Dec17","year","All","50-64","16-64","Male","Non-disabled","4.7","3.2","5500","117000","406"
"Inactive","Percentage of individuals inactive","Black","ONS 2011 5+1","Jan17-Dec17","year","All","50-64","16-64","Male","unknown","!","!","!","!","!"
"Inactive","Percentage of individuals inactive","Black","ONS 2011 5+1","Jan17-Dec17","year","All","All","16-64","All","All","26.4","2.1","338300","1281900","4241"
"Inactive","Percentage of individuals inactive","Black","ONS 2011 5+1","Jan17-Dec17","year","All","All","16-64","All","Disabled","49.9","6.1","89500","179400","644"
"Inactive","Percentage of individuals inactive","Black","ONS 2011 5+1","Jan17-Dec17","year","All","All","16-64","All","Non-disabled","22.5","2.2","245300","1092700","3568"
"Inactive","Percentage of individuals inactive","Black","ONS 2011 5+1","Jan17-Dec17","year","All","All","16-64","All","unknown","!","!","!","!","!"
"Inactive","Percentage of individuals inactive","Black","ONS 2011 5+1","Jan17-Dec17","year","All","All","16-64","Female","All","31","2.9","218900","705700","2380"
"Inactive","Percentage of individuals inactive","Black","ONS 2011 5+1","Jan17-Dec17","year","All","All","16-64","Female","Disabled","50.9","7.8","55900","109900","399"
"Inactive","Percentage of individuals inactive","Black","ONS 2011 5+1","Jan17-Dec17","year","All","All","16-64","Female","Non-disabled","27.2","3.1","160800","591700","1969"
"Inactive","Percentage of individuals inactive","Black","ONS 2011 5+1","Jan17-Dec17","year","All","All","16-64","Female","unknown","!","!","!","!","!"
"Inactive","Percentage of individuals inactive","Black","ONS 2011 5+1","Jan17-Dec17","year","All","All","16-64","Male","All","20.7","2.9","119400","576200","1861"
"Inactive","Percentage of individuals inactive","Black","ONS 2011 5+1","Jan17-Dec17","year","All","All","16-64","Male","Disabled","48.3","9.9","33600","69500","245"
"Inactive","Percentage of individuals inactive","Black","ONS 2011 5+1","Jan17-Dec17","year","All","All","16-64","Male","Non-disabled","16.9","2.9","84500","501000","1599"
"Inactive","Percentage of individuals inactive","Black","ONS 2011 5+1","Jan17-Dec17","year","All","All","16-64","Male","unknown","!","!","!","!","!"
"Inactive","Percentage of individuals inactive","Black","ONS 2011 5+1","Jan17-Dec17","year","East Midlands","All","16-64","All","All","31.3","9.4","21400","68300","235"
"Inactive","Percentage of individuals inactive","Black","ONS 2011 5+1","Jan17-Dec17","year","East Midlands","All","16-64","All","Disabled","!","!","!","!","!"
"Inactive","Percentage of individuals inactive","Black","ONS 2011 5+1","Jan17-Dec17","year","East Midlands","All","16-64","All","Non-disabled","25.6","9.8","14800","57700","191"
"Inactive","Percentage of individuals inactive","Black","ONS 2011 5+1","Jan17-Dec17","year","East Midlands","All","16-64","All","unknown","!","!","!","!","!"
"Inactive","Percentage of individuals inactive","Black","ONS 2011 5+1","Jan17-Dec17","year","East of England","All","16-64","All","All","18.9","6.2","17700","93900","382"
"Inactive","Percentage of individuals inactive","Black","ONS 2011 5+1","Jan17-Dec17","year","East of England","All","16-64","All","Disabled","!","!","!","!","!"
"Inactive","Percentage of individuals inactive","Black","ONS 2011 5+1","Jan17-Dec17","year","East of England","All","16-64","All","Non-disabled","14.7","6.1","11800","80400","324"
"Inactive","Percentage of individuals inactive","Black","ONS 2011 5+1","Jan17-Dec17","year","East of England","All","16-64","All","unknown","!","!","!","!","!"
"Inactive","Percentage of individuals inactive","Black","ONS 2011 5+1","Jan17-Dec17","year","London","All","16-64","All","All","25.6","3.3","164400","641000","1710"
"Inactive","Percentage of individuals inactive","Black","ONS 2011 5+1","Jan17-Dec17","year","London","All","16-64","All","Disabled","51.5","9.7","46700","90800","255"
"Inactive","Percentage of individuals inactive","Black","ONS 2011 5+1","Jan17-Dec17","year","London","All","16-64","All","Non-disabled","21.2","3.3","115300","543700","1439"
"Inactive","Percentage of individuals inactive","Black","ONS 2011 5+1","Jan17-Dec17","year","London","All","16-64","All","unknown","!","!","!","!","!"
"Inactive","Percentage of individuals inactive","Black","ONS 2011 5+1","Jan17-Dec17","year","North East","All","16-64","All","All","!","!","!","!","!"
"Inactive","Percentage of individuals inactive","Black","ONS 2011 5+1","Jan17-Dec17","year","North East","All","16-64","All","Disabled","!","!","!","!","!"
"Inactive","Percentage of individuals inactive","Black","ONS 2011 5+1","Jan17-Dec17","year","North East","All","16-64","All","Non-disabled","!","!","!","!","!"
"Inactive","Percentage of individuals inactive","Black","ONS 2011 5+1","Jan17-Dec17","year","North East","All","16-64","All","unknown","!","!","!","!","!"
"Inactive","Percentage of individuals inactive","Black","ONS 2011 5+1","Jan17-Dec17","year","North West","All","16-64","All","All","31.2","7.1","32000","102300","408"
"Inactive","Percentage of individuals inactive","Black","ONS 2011 5+1","Jan17-Dec17","year","North West","All","16-64","All","Disabled","!","!","!","!","!"
"Inactive","Percentage of individuals inactive","Black","ONS 2011 5+1","Jan17-Dec17","year","North West","All","16-64","All","Non-disabled","30.7","7.8","26000","85000","335"
"Inactive","Percentage of individuals inactive","Black","ONS 2011 5+1","Jan17-Dec17","year","North West","All","16-64","All","unknown","!","!","!","!","!"
"Inactive","Percentage of individuals inactive","Black","ONS 2011 5+1","Jan17-Dec17","year","Scotland","All","16-64","All","All","29.3","12.7","9300","31800","124"
"Inactive","Percentage of individuals inactive","Black","ONS 2011 5+1","Jan17-Dec17","year","Scotland","All","16-64","All","Disabled","!","!","!","!","!"
"Inactive","Percentage of individuals inactive","Black","ONS 2011 5+1","Jan17-Dec17","year","Scotland","All","16-64","All","Non-disabled","27.3","13.1","7900","28900","111"
"Inactive","Percentage of individuals inactive","Black","ONS 2011 5+1","Jan17-Dec17","year","Scotland","All","16-64","All","unknown","!","!","!","!","!"
"Inactive","Percentage of individuals inactive","Black","ONS 2011 5+1","Jan17-Dec17","year","South East","All","16-64","All","All","22.3","6.1","21600","96600","450"
"Inactive","Percentage of individuals inactive","Black","ONS 2011 5+1","Jan17-Dec17","year","South East","All","16-64","All","Disabled","!","!","!","!","!"
"Inactive","Percentage of individuals inactive","Black","ONS 2011 5+1","Jan17-Dec17","year","South East","All","16-64","All","Non-disabled","17.5","6","14500","82800","383"
"Inactive","Percentage of individuals inactive","Black","ONS 2011 5+1","Jan17-Dec17","year","South East","All","16-64","All","unknown","!","!","!","!","!"
"Inactive","Percentage of individuals inactive","Black","ONS 2011 5+1","Jan17-Dec17","year","South West","All","16-64","All","All","17.7","11.2","4900","27600","111"
"Inactive","Percentage of individuals inactive","Black","ONS 2011 5+1","Jan17-Dec17","year","South West","All","16-64","All","Disabled","!","!","!","!","!"
"Inactive","Percentage of individuals inactive","Black","ONS 2011 5+1","Jan17-Dec17","year","South West","All","16-64","All","Non-disabled","!","!","!","!","!"
"Inactive","Percentage of individuals inactive","Black","ONS 2011 5+1","Jan17-Dec17","year","South West","All","16-64","All","unknown","!","!","!","!","!"
"Inactive","Percentage of individuals inactive","Black","ONS 2011 5+1","Jan17-Dec17","year","Wales","All","16-64","All","All","!","!","!","!","!"
"Inactive","Percentage of individuals inactive","Black","ONS 2011 5+1","Jan17-Dec17","year","Wales","All","16-64","All","Disabled","!","!","!","!","!"
"Inactive","Percentage of individuals inactive","Black","ONS 2011 5+1","Jan17-Dec17","year","Wales","All","16-64","All","Non-disabled","!","!","!","!","!"
"Inactive","Percentage of individuals inactive","Black","ONS 2011 5+1","Jan17-Dec17","year","Wales","All","16-64","All","unknown","!","!","!","!","!"
"Inactive","Percentage of individuals inactive","Black","ONS 2011 5+1","Jan17-Dec17","year","West Midlands","All","16-64","All","All","29.8","6.6","40200","134900","458"
"Inactive","Percentage of individuals inactive","Black","ONS 2011 5+1","Jan17-Dec17","year","West Midlands","All","16-64","All","Disabled","!","!","!","!","!"
"Inactive","Percentage of individuals inactive","Black","ONS 2011 5+1","Jan17-Dec17","year","West Midlands","All","16-64","All","Non-disabled","25.6","6.9","29800","116600","384"
"Inactive","Percentage of individuals inactive","Black","ONS 2011 5+1","Jan17-Dec17","year","West Midlands","All","16-64","All","unknown","!","!","!","!","!"
"Inactive","Percentage of individuals inactive","Black","ONS 2011 5+1","Jan17-Dec17","year","Yorkshire and The Humber","All","16-64","All","All","29.8","10.4","17100","57400","184"
"Inactive","Percentage of individuals inactive","Black","ONS 2011 5+1","Jan17-Dec17","year","Yorkshire and The Humber","All","16-64","All","Disabled","!","!","!","!","!"
"Inactive","Percentage of individuals inactive","Black","ONS 2011 5+1","Jan17-Dec17","year","Yorkshire and The Humber","All","16-64","All","Non-disabled","28.8","10.9","14800","51300","164"
"Inactive","Percentage of individuals inactive","Black","ONS 2011 5+1","Jan17-Dec17","year","Yorkshire and The Humber","All","16-64","All","unknown","!","!","!","!","!"
"Inactive","Percentage of individuals inactive","Indian","Detailed","Jan17-Dec17","year","All","16-24","16-64","All","All","49.4","6.6","85500","173000","543"
"Inactive","Percentage of individuals inactive","Indian","Detailed","Jan17-Dec17","year","All","16-24","16-64","All","Disabled","!","!","!","!","!"
"Inactive","Percentage of individuals inactive","Indian","Detailed","Jan17-Dec17","year","All","16-24","16-64","All","Non-disabled","49.6","6.9","79900","161100","506"
"Inactive","Percentage of individuals inactive","Indian","Detailed","Jan17-Dec17","year","All","16-24","16-64","All","unknown","!","!","!","!","!"
"Inactive","Percentage of individuals inactive","Indian","Detailed","Jan17-Dec17","year","All","16-24","16-64","Female","All","50.2","9.5","41700","83100","263"
"Inactive","Percentage of individuals inactive","Indian","Detailed","Jan17-Dec17","year","All","16-24","16-64","Female","Disabled","!","!","!","!","!"
"Inactive","Percentage of individuals inactive","Indian","Detailed","Jan17-Dec17","year","All","16-24","16-64","Female","Non-disabled","51.6","9.9","39100","75900","243"
"Inactive","Percentage of individuals inactive","Indian","Detailed","Jan17-Dec17","year","All","16-24","16-64","Female","unknown","!","!","!","!","!"
"Inactive","Percentage of individuals inactive","Indian","Detailed","Jan17-Dec17","year","All","16-24","16-64","Male","All","48.7","9.3","43800","89900","280"
"Inactive","Percentage of individuals inactive","Indian","Detailed","Jan17-Dec17","year","All","16-24","16-64","Male","Disabled","!","!","!","!","!"
"Inactive","Percentage of individuals inactive","Indian","Detailed","Jan17-Dec17","year","All","16-24","16-64","Male","Non-disabled","47.9","9.5","40800","85200","263"
"Inactive","Percentage of individuals inactive","Indian","Detailed","Jan17-Dec17","year","All","16-24","16-64","Male","unknown","!","!","!","!","!"
"Inactive","Percentage of individuals inactive","Indian","Detailed","Jan17-Dec17","year","All","25-49","16-64","All","All","13.3","2","96400","727300","2655"
"Inactive","Percentage of individuals inactive","Indian","Detailed","Jan17-Dec17","year","All","25-49","16-64","All","Disabled","28.4","8.6","19200","67400","265"
"Inactive","Percentage of individuals inactive","Indian","Detailed","Jan17-Dec17","year","All","25-49","16-64","All","Non-disabled","11.6","2","76000","656600","2378"
"Inactive","Percentage of individuals inactive","Indian","Detailed","Jan17-Dec17","year","All","25-49","16-64","All","unknown","!","!","!","!","!"
"Inactive","Percentage of individuals inactive","Indian","Detailed","Jan17-Dec17","year","All","25-49","16-64","Female","All","23.1","3.5","81900","354500","1383"
"Inactive","Percentage of individuals inactive","Indian","Detailed","Jan17-Dec17","year","All","25-49","16-64","Female","Disabled","32.4","11.4","12900","39800","161"
"Inactive","Percentage of individuals inactive","Indian","Detailed","Jan17-Dec17","year","All","25-49","16-64","Female","Non-disabled","21.7","3.7","67700","312400","1214"
"Inactive","Percentage of individuals inactive","Indian","Detailed","Jan17-Dec17","year","All","25-49","16-64","Female","unknown","!","!","!","!","!"
"Inactive","Percentage of individuals inactive","Indian","Detailed","Jan17-Dec17","year","All","25-49","16-64","Male","All","3.9","1.7","14500","372800","1272"
"Inactive","Percentage of individuals inactive","Indian","Detailed","Jan17-Dec17","year","All","25-49","16-64","Male","Disabled","22.6","12.7","6200","27600","104"
"Inactive","Percentage of individuals inactive","Indian","Detailed","Jan17-Dec17","year","All","25-49","16-64","Male","Non-disabled","2.4","1.4","8300","344300","1164"
"Inactive","Percentage of individuals inactive","Indian","Detailed","Jan17-Dec17","year","All","25-49","16-64","Male","unknown","!","!","!","!","!"
"Inactive","Percentage of individuals inactive","Indian","Detailed","Jan17-Dec17","year","All","50-64","16-64","All","All","28.2","4.6","64900","229700","905"
"Inactive","Percentage of individuals inactive","Indian","Detailed","Jan17-Dec17","year","All","50-64","16-64","All","Disabled","56.8","9.2","40300","70900","277"
"Inactive","Percentage of individuals inactive","Indian","Detailed","Jan17-Dec17","year","All","50-64","16-64","All","Non-disabled","14.8","4.4","23300","157100","620"
"Inactive","Percentage of individuals inactive","Indian","Detailed","Jan17-Dec17","year","All","50-64","16-64","All","unknown","!","!","!","!","!"
"Inactive","Percentage of individuals inactive","Indian","Detailed","Jan17-Dec17","year","All","50-64","16-64","Female","All","33.4","6.6","41100","122800","488"
"Inactive","Percentage of individuals inactive","Indian","Detailed","Jan17-Dec17","year","All","50-64","16-64","Female","Disabled","56.5","11.9","23500","41600","166"
"Inactive","Percentage of individuals inactive","Indian","Detailed","Jan17-Dec17","year","All","50-64","16-64","Female","Non-disabled","20.8","7.1","16700","80000","317"
"Inactive","Percentage of individuals inactive","Indian","Detailed","Jan17-Dec17","year","All","50-64","16-64","Female","unknown","!","!","!","!","!"
"Inactive","Percentage of individuals inactive","Indian","Detailed","Jan17-Dec17","year","All","50-64","16-64","Male","All","22.3","6.3","23800","107000","417"
"Inactive","Percentage of individuals inactive","Indian","Detailed","Jan17-Dec17","year","All","50-64","16-64","Male","Disabled","57.2","14.5","16800","29300","111"
"Inactive","Percentage of individuals inactive","Indian","Detailed","Jan17-Dec17","year","All","50-64","16-64","Male","Non-disabled","8.6","5","6600","77100","303"
"Inactive","Percentage of individuals inactive","Indian","Detailed","Jan17-Dec17","year","All","50-64","16-64","Male","unknown","!","!","!","!","!"
"Inactive","Percentage of individuals inactive","Indian","Detailed","Jan17-Dec17","year","All","All","16-64","All","All","21.8","2","246800","1130000","4103"
"Inactive","Percentage of individuals inactive","Indian","Detailed","Jan17-Dec17","year","All","All","16-64","All","Disabled","43","6.4","63700","148200","573"
"Inactive","Percentage of individuals inactive","Indian","Detailed","Jan17-Dec17","year","All","All","16-64","All","Non-disabled","18.4","2","179200","974800","3504"
"Inactive","Percentage of individuals inactive","Indian","Detailed","Jan17-Dec17","year","All","All","16-64","All","unknown","!","!","!","!","!"
"Inactive","Percentage of individuals inactive","Indian","Detailed","Jan17-Dec17","year","All","All","16-64","Female","All","29.4","3.1","164700","560400","2134"
"Inactive","Percentage of individuals inactive","Indian","Detailed","Jan17-Dec17","year","All","All","16-64","Female","Disabled","44","8.3","38300","87200","342"
"Inactive","Percentage of individuals inactive","Indian","Detailed","Jan17-Dec17","year","All","All","16-64","Female","Non-disabled","26.4","3.2","123500","468200","1774"
"Inactive","Percentage of individuals inactive","Indian","Detailed","Jan17-Dec17","year","All","All","16-64","Female","unknown","!","!","!","!","!"
"Inactive","Percentage of individuals inactive","Indian","Detailed","Jan17-Dec17","year","All","All","16-64","Male","All","14.4","2.5","82100","569700","1969"
"Inactive","Percentage of individuals inactive","Indian","Detailed","Jan17-Dec17","year","All","All","16-64","Male","Disabled","41.6","10","25400","61100","231"
"Inactive","Percentage of individuals inactive","Indian","Detailed","Jan17-Dec17","year","All","All","16-64","Male","Non-disabled","11","2.3","55700","506600","1730"
"Inactive","Percentage of individuals inactive","Indian","Detailed","Jan17-Dec17","year","All","All","16-64","Male","unknown","!","!","!","!","!"
"Inactive","Percentage of individuals inactive","Indian","Detailed","Jan17-Dec17","year","East Midlands","All","16-64","All","All","26.3","6.4","33600","128100","460"
"Inactive","Percentage of individuals inactive","Indian","Detailed","Jan17-Dec17","year","East Midlands","All","16-64","All","Disabled","!","!","!","!","!"
"Inactive","Percentage of individuals inactive","Indian","Detailed","Jan17-Dec17","year","East Midlands","All","16-64","All","Non-disabled","22.1","6.7","23600","107000","371"
"Inactive","Percentage of individuals inactive","Indian","Detailed","Jan17-Dec17","year","East Midlands","All","16-64","All","unknown","!","!","!","!","!"
"Inactive","Percentage of individuals inactive","Indian","Detailed","Jan17-Dec17","year","East of England","All","16-64","All","All","17.4","7.6","12700","73300","241"
"Inactive","Percentage of individuals inactive","Indian","Detailed","Jan17-Dec17","year","East of England","All","16-64","All","Disabled","!","!","!","!","!"
"Inactive","Percentage of individuals inactive","Indian","Detailed","Jan17-Dec17","year","East of England","All","16-64","All","Non-disabled","16","7.8","10700","66900","215"
"Inactive","Percentage of individuals inactive","Indian","Detailed","Jan17-Dec17","year","East of England","All","16-64","All","unknown","!","!","!","!","!"
"Inactive","Percentage of individuals inactive","Indian","Detailed","Jan17-Dec17","year","London","All","16-64","All","All","20.3","3.8","87300","429900","1089"
"Inactive","Percentage of individuals inactive","Indian","Detailed","Jan17-Dec17","year","London","All","16-64","All","Disabled","45.6","12","28900","63200","166"
"Inactive","Percentage of individuals inactive","Indian","Detailed","Jan17-Dec17","year","London","All","16-64","All","Non-disabled","15.5","3.7","56300","364200","916"
"Inactive","Percentage of individuals inactive","Indian","Detailed","Jan17-Dec17","year","London","All","16-64","All","unknown","!","!","!","!","!"
"Inactive","Percentage of individuals inactive","Indian","Detailed","Jan17-Dec17","year","North East","All","16-64","All","All","!","!","!","!","!"
"Inactive","Percentage of individuals inactive","Indian","Detailed","Jan17-Dec17","year","North East","All","16-64","All","Disabled","!","!","!","!","!"
"Inactive","Percentage of individuals inactive","Indian","Detailed","Jan17-Dec17","year","North East","All","16-64","All","Non-disabled","!","!","!","!","!"
"Inactive","Percentage of individuals inactive","Indian","Detailed","Jan17-Dec17","year","North East","All","16-64","All","unknown","!","!","!","!","!"
"Inactive","Percentage of individuals inactive","Indian","Detailed","Jan17-Dec17","year","North West","All","16-64","All","All","27.6","7","19600","71200","388"
"Inactive","Percentage of individuals inactive","Indian","Detailed","Jan17-Dec17","year","North West","All","16-64","All","Disabled","!","!","!","!","!"
"Inactive","Percentage of individuals inactive","Indian","Detailed","Jan17-Dec17","year","North West","All","16-64","All","Non-disabled","24.1","7.3","14900","62000","331"
"Inactive","Percentage of individuals inactive","Indian","Detailed","Jan17-Dec17","year","North West","All","16-64","All","unknown","!","!","!","!","!"
"Inactive","Percentage of individuals inactive","Indian","Detailed","Jan17-Dec17","year","Scotland","All","16-64","All","All","!","!","!","!","!"
"Inactive","Percentage of individuals inactive","Indian","Detailed","Jan17-Dec17","year","Scotland","All","16-64","All","Disabled","!","!","!","!","!"
"Inactive","Percentage of individuals inactive","Indian","Detailed","Jan17-Dec17","year","Scotland","All","16-64","All","Non-disabled","!","!","!","!","!"
"Inactive","Percentage of individuals inactive","Indian","Detailed","Jan17-Dec17","year","Scotland","All","16-64","All","unknown","!","!","!","!","!"
"Inactive","Percentage of individuals inactive","Indian","Detailed","Jan17-Dec17","year","South East","All","16-64","All","All","15.1","4.2","20800","137800","712"
"Inactive","Percentage of individuals inactive","Indian","Detailed","Jan17-Dec17","year","South East","All","16-64","All","Disabled","!","!","!","!","!"
"Inactive","Percentage of individuals inactive","Indian","Detailed","Jan17-Dec17","year","South East","All","16-64","All","Non-disabled","14.3","4.4","17400","121300","614"
"Inactive","Percentage of individuals inactive","Indian","Detailed","Jan17-Dec17","year","South East","All","16-64","All","unknown","!","!","!","!","!"
"Inactive","Percentage of individuals inactive","Indian","Detailed","Jan17-Dec17","year","South West","All","16-64","All","All","18","9.8","4900","27100","146"
"Inactive","Percentage of individuals inactive","Indian","Detailed","Jan17-Dec17","year","South West","All","16-64","All","Disabled","!","!","!","!","!"
"Inactive","Percentage of individuals inactive","Indian","Detailed","Jan17-Dec17","year","South West","All","16-64","All","Non-disabled","18.5","10.5","4600","24700","132"
"Inactive","Percentage of individuals inactive","Indian","Detailed","Jan17-Dec17","year","South West","All","16-64","All","unknown","!","!","!","!","!"
"Inactive","Percentage of individuals inactive","Indian","Detailed","Jan17-Dec17","year","Wales","All","16-64","All","All","!","!","!","!","!"
"Inactive","Percentage of individuals inactive","Indian","Detailed","Jan17-Dec17","year","Wales","All","16-64","All","Disabled","!","!","!","!","!"
"Inactive","Percentage of individuals inactive","Indian","Detailed","Jan17-Dec17","year","Wales","All","16-64","All","Non-disabled","!","!","!","!","!"
"Inactive","Percentage of individuals inactive","Indian","Detailed","Jan17-Dec17","year","Wales","All","16-64","All","unknown","!","!","!","!","!"
"Inactive","Percentage of individuals inactive","Indian","Detailed","Jan17-Dec17","year","West Midlands","All","16-64","All","All","25.6","5.2","44500","173600","677"
"Inactive","Percentage of individuals inactive","Indian","Detailed","Jan17-Dec17","year","West Midlands","All","16-64","All","Disabled","!","!","!","!","!"
"Inactive","Percentage of individuals inactive","Indian","Detailed","Jan17-Dec17","year","West Midlands","All","16-64","All","Non-disabled","21.2","5.3","31500","148700","577"
"Inactive","Percentage of individuals inactive","Indian","Detailed","Jan17-Dec17","year","West Midlands","All","16-64","All","unknown","!","!","!","!","!"
"Inactive","Percentage of individuals inactive","Indian","Detailed","Jan17-Dec17","year","Yorkshire and The Humber","All","16-64","All","All","26.7","11.2","11800","44300","149"
"Inactive","Percentage of individuals inactive","Indian","Detailed","Jan17-Dec17","year","Yorkshire and The Humber","All","16-64","All","Disabled","!","!","!","!","!"
"Inactive","Percentage of individuals inactive","Indian","Detailed","Jan17-Dec17","year","Yorkshire and The Humber","All","16-64","All","Non-disabled","26.9","11.9","10700","39700","133"
"Inactive","Percentage of individuals inactive","Indian","Detailed","Jan17-Dec17","year","Yorkshire and The Humber","All","16-64","All","unknown","!","!","!","!","!"
"Inactive","Percentage of individuals inactive","Mixed","ONS 2011 5+1","Jan17-Dec17","year","All","16-24","16-64","All","All","45.2","6.5","83100","184100","568"
"Inactive","Percentage of individuals inactive","Mixed","ONS 2011 5+1","Jan17-Dec17","year","All","16-24","16-64","All","Disabled","!","!","!","!","!"
"Inactive","Percentage of individuals inactive","Mixed","ONS 2011 5+1","Jan17-Dec17","year","All","16-24","16-64","All","Non-disabled","41.3","6.9","64300","155700","486"
"Inactive","Percentage of individuals inactive","Mixed","ONS 2011 5+1","Jan17-Dec17","year","All","16-24","16-64","All","unknown","!","!","!","!","!"
"Inactive","Percentage of individuals inactive","Mixed","ONS 2011 5+1","Jan17-Dec17","year","All","16-24","16-64","Female","All","44.5","8.9","42600","95800","300"
"Inactive","Percentage of individuals inactive","Mixed","ONS 2011 5+1","Jan17-Dec17","year","All","16-24","16-64","Female","Disabled","!","!","!","!","!"
"Inactive","Percentage of individuals inactive","Mixed","ONS 2011 5+1","Jan17-Dec17","year","All","16-24","16-64","Female","Non-disabled","40.3","9.5","32600","81100","257"
"Inactive","Percentage of individuals inactive","Mixed","ONS 2011 5+1","Jan17-Dec17","year","All","16-24","16-64","Female","unknown","!","!","!","!","!"
"Inactive","Percentage of individuals inactive","Mixed","ONS 2011 5+1","Jan17-Dec17","year","All","16-24","16-64","Male","All","45.9","9.4","40500","88200","268"
"Inactive","Percentage of individuals inactive","Mixed","ONS 2011 5+1","Jan17-Dec17","year","All","16-24","16-64","Male","Disabled","!","!","!","!","!"
"Inactive","Percentage of individuals inactive","Mixed","ONS 2011 5+1","Jan17-Dec17","year","All","16-24","16-64","Male","Non-disabled","42.4","10.1","31700","74700","229"
"Inactive","Percentage of individuals inactive","Mixed","ONS 2011 5+1","Jan17-Dec17","year","All","16-24","16-64","Male","unknown","!","!","!","!","!"
"Inactive","Percentage of individuals inactive","Mixed","ONS 2011 5+1","Jan17-Dec17","year","All","25-49","16-64","All","All","14.9","3.7","42000","281200","913"
"Inactive","Percentage of individuals inactive","Mixed","ONS 2011 5+1","Jan17-Dec17","year","All","25-49","16-64","All","Disabled","39.7","12.1","18500","46700","156"
"Inactive","Percentage of individuals inactive","Mixed","ONS 2011 5+1","Jan17-Dec17","year","All","25-49","16-64","All","Non-disabled","10","3.4","23400","233700","754"
"Inactive","Percentage of individuals inactive","Mixed","ONS 2011 5+1","Jan17-Dec17","year","All","25-49","16-64","All","unknown","!","!","!","!","!"
"Inactive","Percentage of individuals inactive","Mixed","ONS 2011 5+1","Jan17-Dec17","year","All","25-49","16-64","Female","All","17.6","5.2","26100","148000","522"
"Inactive","Percentage of individuals inactive","Mixed","ONS 2011 5+1","Jan17-Dec17","year","All","25-49","16-64","Female","Disabled","!","!","!","!","!"
"Inactive","Percentage of individuals inactive","Mixed","ONS 2011 5+1","Jan17-Dec17","year","All","25-49","16-64","Female","Non-disabled","14","5.2","16700","119300","425"
"Inactive","Percentage of individuals inactive","Mixed","ONS 2011 5+1","Jan17-Dec17","year","All","25-49","16-64","Female","unknown","!","!","!","!","!"
"Inactive","Percentage of individuals inactive","Mixed","ONS 2011 5+1","Jan17-Dec17","year","All","25-49","16-64","Male","All","11.9","5.1","15900","133200","391"
"Inactive","Percentage of individuals inactive","Mixed","ONS 2011 5+1","Jan17-Dec17","year","All","25-49","16-64","Male","Disabled","!","!","!","!","!"
"Inactive","Percentage of individuals inactive","Mixed","ONS 2011 5+1","Jan17-Dec17","year","All","25-49","16-64","Male","Non-disabled","5.8","4","6700","114400","329"
"Inactive","Percentage of individuals inactive","Mixed","ONS 2011 5+1","Jan17-Dec17","year","All","25-49","16-64","Male","unknown","!","!","!","!","!"
"Inactive","Percentage of individuals inactive","Mixed","ONS 2011 5+1","Jan17-Dec17","year","All","50-64","16-64","All","All","30.6","8.3","22100","72300","294"
"Inactive","Percentage of individuals inactive","Mixed","ONS 2011 5+1","Jan17-Dec17","year","All","50-64","16-64","All","Disabled","!","!","!","!","!"
"Inactive","Percentage of individuals inactive","Mixed","ONS 2011 5+1","Jan17-Dec17","year","All","50-64","16-64","All","Non-disabled","20.5","8.8","10000","48800","201"
"Inactive","Percentage of individuals inactive","Mixed","ONS 2011 5+1","Jan17-Dec17","year","All","50-64","16-64","All","unknown","!","!","!","!","!"
"Inactive","Percentage of individuals inactive","Mixed","ONS 2011 5+1","Jan17-Dec17","year","All","50-64","16-64","Female","All","35.7","11.4","14800","41500","170"
"Inactive","Percentage of individuals inactive","Mixed","ONS 2011 5+1","Jan17-Dec17","year","All","50-64","16-64","Female","Disabled","!","!","!","!","!"
"Inactive","Percentage of individuals inactive","Mixed","ONS 2011 5+1","Jan17-Dec17","year","All","50-64","16-64","Female","Non-disabled","27.8","12.7","7900","28400","119"
"Inactive","Percentage of individuals inactive","Mixed","ONS 2011 5+1","Jan17-Dec17","year","All","50-64","16-64","Female","unknown","!","!","!","!","!"
"Inactive","Percentage of individuals inactive","Mixed","ONS 2011 5+1","Jan17-Dec17","year","All","50-64","16-64","Male","All","23.7","11.8","7300","30800","124"
"Inactive","Percentage of individuals inactive","Mixed","ONS 2011 5+1","Jan17-Dec17","year","All","50-64","16-64","Male","Disabled","!","!","!","!","!"
"Inactive","Percentage of individuals inactive","Mixed","ONS 2011 5+1","Jan17-Dec17","year","All","50-64","16-64","Male","Non-disabled","!","!","!","!","!"
"Inactive","Percentage of individuals inactive","Mixed","ONS 2011 5+1","Jan17-Dec17","year","All","50-64","16-64","Male","unknown","!","!","!","!","!"
"Inactive","Percentage of individuals inactive","Mixed","ONS 2011 5+1","Jan17-Dec17","year","All","All","16-64","All","All","27.4","3.3","147200","537500","1775"
"Inactive","Percentage of individuals inactive","Mixed","ONS 2011 5+1","Jan17-Dec17","year","All","All","16-64","All","Disabled","49.9","8.7","47400","95000","318"
"Inactive","Percentage of individuals inactive","Mixed","ONS 2011 5+1","Jan17-Dec17","year","All","All","16-64","All","Non-disabled","22.3","3.4","97700","438200","1441"
"Inactive","Percentage of individuals inactive","Mixed","ONS 2011 5+1","Jan17-Dec17","year","All","All","16-64","All","unknown","!","!","!","!","!"
"Inactive","Percentage of individuals inactive","Mixed","ONS 2011 5+1","Jan17-Dec17","year","All","All","16-64","Female","All","29.3","4.5","83500","285300","992"
"Inactive","Percentage of individuals inactive","Mixed","ONS 2011 5+1","Jan17-Dec17","year","All","All","16-64","Female","Disabled","45.1","11.4","24400","54100","183"
"Inactive","Percentage of individuals inactive","Mixed","ONS 2011 5+1","Jan17-Dec17","year","All","All","16-64","Female","Non-disabled","25","4.7","57200","228700","801"
"Inactive","Percentage of individuals inactive","Mixed","ONS 2011 5+1","Jan17-Dec17","year","All","All","16-64","Female","unknown","!","!","!","!","!"
"Inactive","Percentage of individuals inactive","Mixed","ONS 2011 5+1","Jan17-Dec17","year","All","All","16-64","Male","All","25.3","4.8","63700","252200","783"
"Inactive","Percentage of individuals inactive","Mixed","ONS 2011 5+1","Jan17-Dec17","year","All","All","16-64","Male","Disabled","56.3","13.2","23100","41000","135"
"Inactive","Percentage of individuals inactive","Mixed","ONS 2011 5+1","Jan17-Dec17","year","All","All","16-64","Male","Non-disabled","19.3","4.8","40500","209500","640"
"Inactive","Percentage of individuals inactive","Mixed","ONS 2011 5+1","Jan17-Dec17","year","All","All","16-64","Male","unknown","!","!","!","!","!"
"Inactive","Percentage of individuals inactive","Mixed","ONS 2011 5+1","Jan17-Dec17","year","East Midlands","All","16-64","All","All","!","!","!","!","!"
"Inactive","Percentage of individuals inactive","Mixed","ONS 2011 5+1","Jan17-Dec17","year","East Midlands","All","16-64","All","Disabled","!","!","!","!","!"
"Inactive","Percentage of individuals inactive","Mixed","ONS 2011 5+1","Jan17-Dec17","year","East Midlands","All","16-64","All","Non-disabled","!","!","!","!","!"
"Inactive","Percentage of individuals inactive","Mixed","ONS 2011 5+1","Jan17-Dec17","year","East Midlands","All","16-64","All","unknown","!","!","!","!","!"
"Inactive","Percentage of individuals inactive","Mixed","ONS 2011 5+1","Jan17-Dec17","year","East of England","All","16-64","All","All","28.4","11","15500","54700","160"
"Inactive","Percentage of individuals inactive","Mixed","ONS 2011 5+1","Jan17-Dec17","year","East of England","All","16-64","All","Disabled","!","!","!","!","!"
"Inactive","Percentage of individuals inactive","Mixed","ONS 2011 5+1","Jan17-Dec17","year","East of England","All","16-64","All","Non-disabled","23.1","11.4","10200","44200","132"
"Inactive","Percentage of individuals inactive","Mixed","ONS 2011 5+1","Jan17-Dec17","year","East of England","All","16-64","All","unknown","!","!","!","!","!"
"Inactive","Percentage of individuals inactive","Mixed","ONS 2011 5+1","Jan17-Dec17","year","London","All","16-64","All","All","27","6.7","46900","173800","427"
"Inactive","Percentage of individuals inactive","Mixed","ONS 2011 5+1","Jan17-Dec17","year","London","All","16-64","All","Disabled","!","!","!","!","!"
"Inactive","Percentage of individuals inactive","Mixed","ONS 2011 5+1","Jan17-Dec17","year","London","All","16-64","All","Non-disabled","20.2","6.7","28600","141500","345"
"Inactive","Percentage of individuals inactive","Mixed","ONS 2011 5+1","Jan17-Dec17","year","London","All","16-64","All","unknown","!","!","!","!","!"
"Inactive","Percentage of individuals inactive","Mixed","ONS 2011 5+1","Jan17-Dec17","year","North East","All","16-64","All","All","!","!","!","!","!"
"Inactive","Percentage of individuals inactive","Mixed","ONS 2011 5+1","Jan17-Dec17","year","North East","All","16-64","All","Disabled","!","!","!","!","!"
"Inactive","Percentage of individuals inactive","Mixed","ONS 2011 5+1","Jan17-Dec17","year","North East","All","16-64","All","Non-disabled","!","!","!","!","!"
"Inactive","Percentage of individuals inactive","Mixed","ONS 2011 5+1","Jan17-Dec17","year","North East","All","16-64","All","unknown","!","!","!","!","!"
"Inactive","Percentage of individuals inactive","Mixed","ONS 2011 5+1","Jan17-Dec17","year","North West","All","16-64","All","All","28.4","10.1","13500","47300","191"
"Inactive","Percentage of individuals inactive","Mixed","ONS 2011 5+1","Jan17-Dec17","year","North West","All","16-64","All","Disabled","!","!","!","!","!"
"Inactive","Percentage of individuals inactive","Mixed","ONS 2011 5+1","Jan17-Dec17","year","North West","All","16-64","All","Non-disabled","23.3","10.5","9200","39400","157"
"Inactive","Percentage of individuals inactive","Mixed","ONS 2011 5+1","Jan17-Dec17","year","North West","All","16-64","All","unknown","!","!","!","!","!"
"Inactive","Percentage of individuals inactive","Mixed","ONS 2011 5+1","Jan17-Dec17","year","Scotland","All","16-64","All","All","!","!","!","!","!"
"Inactive","Percentage of individuals inactive","Mixed","ONS 2011 5+1","Jan17-Dec17","year","Scotland","All","16-64","All","Disabled","!","!","!","!","!"
"Inactive","Percentage of individuals inactive","Mixed","ONS 2011 5+1","Jan17-Dec17","year","Scotland","All","16-64","All","Non-disabled","!","!","!","!","!"
"Inactive","Percentage of individuals inactive","Mixed","ONS 2011 5+1","Jan17-Dec17","year","Scotland","All","16-64","All","unknown","!","!","!","!","!"
"Inactive","Percentage of individuals inactive","Mixed","ONS 2011 5+1","Jan17-Dec17","year","South East","All","16-64","All","All","24.1","8","16900","70200","276"
"Inactive","Percentage of individuals inactive","Mixed","ONS 2011 5+1","Jan17-Dec17","year","South East","All","16-64","All","Disabled","!","!","!","!","!"
"Inactive","Percentage of individuals inactive","Mixed","ONS 2011 5+1","Jan17-Dec17","year","South East","All","16-64","All","Non-disabled","23.4","8.7","13500","57600","227"
"Inactive","Percentage of individuals inactive","Mixed","ONS 2011 5+1","Jan17-Dec17","year","South East","All","16-64","All","unknown","!","!","!","!","!"
"Inactive","Percentage of individuals inactive","Mixed","ONS 2011 5+1","Jan17-Dec17","year","South West","All","16-64","All","All","27.1","12","9300","34500","132"
"Inactive","Percentage of individuals inactive","Mixed","ONS 2011 5+1","Jan17-Dec17","year","South West","All","16-64","All","Disabled","!","!","!","!","!"
"Inactive","Percentage of individuals inactive","Mixed","ONS 2011 5+1","Jan17-Dec17","year","South West","All","16-64","All","Non-disabled","22.8","12.5","6400","27900","108"
"Inactive","Percentage of individuals inactive","Mixed","ONS 2011 5+1","Jan17-Dec17","year","South West","All","16-64","All","unknown","!","!","!","!","!"
"Inactive","Percentage of individuals inactive","Mixed","ONS 2011 5+1","Jan17-Dec17","year","Wales","All","16-64","All","All","!","!","!","!","!"
"Inactive","Percentage of individuals inactive","Mixed","ONS 2011 5+1","Jan17-Dec17","year","Wales","All","16-64","All","Disabled","!","!","!","!","!"
"Inactive","Percentage of individuals inactive","Mixed","ONS 2011 5+1","Jan17-Dec17","year","Wales","All","16-64","All","Non-disabled","!","!","!","!","!"
"Inactive","Percentage of individuals inactive","Mixed","ONS 2011 5+1","Jan17-Dec17","year","Wales","All","16-64","All","unknown","!","!","!","!","!"
"Inactive","Percentage of individuals inactive","Mixed","ONS 2011 5+1","Jan17-Dec17","year","West Midlands","All","16-64","All","All","34.3","12","15800","46200","149"
"Inactive","Percentage of individuals inactive","Mixed","ONS 2011 5+1","Jan17-Dec17","year","West Midlands","All","16-64","All","Disabled","!","!","!","!","!"
"Inactive","Percentage of individuals inactive","Mixed","ONS 2011 5+1","Jan17-Dec17","year","West Midlands","All","16-64","All","Non-disabled","28.7","12.9","10600","36900","118"
"Inactive","Percentage of individuals inactive","Mixed","ONS 2011 5+1","Jan17-Dec17","year","West Midlands","All","16-64","All","unknown","!","!","!","!","!"
"Inactive","Percentage of individuals inactive","Mixed","ONS 2011 5+1","Jan17-Dec17","year","Yorkshire and The Humber","All","16-64","All","All","27.9","11.9","12400","44200","136"
"Inactive","Percentage of individuals inactive","Mixed","ONS 2011 5+1","Jan17-Dec17","year","Yorkshire and The Humber","All","16-64","All","Disabled","!","!","!","!","!"
"Inactive","Percentage of individuals inactive","Mixed","ONS 2011 5+1","Jan17-Dec17","year","Yorkshire and The Humber","All","16-64","All","Non-disabled","17.4","11.1","6200","35900","111"
"Inactive","Percentage of individuals inactive","Mixed","ONS 2011 5+1","Jan17-Dec17","year","Yorkshire and The Humber","All","16-64","All","unknown","!","!","!","!","!"
"Inactive","Percentage of individuals inactive","Other","ONS 2011 5+1","Jan17-Dec17","year","All","16-24","16-64","All","All","63.4","7.2","83100","131000","425"
"Inactive","Percentage of individuals inactive","Other","ONS 2011 5+1","Jan17-Dec17","year","All","16-24","16-64","All","Disabled","!","!","!","!","!"
"Inactive","Percentage of individuals inactive","Other","ONS 2011 5+1","Jan17-Dec17","year","All","16-24","16-64","All","Non-disabled","64","7.5","77100","120400","388"
"Inactive","Percentage of individuals inactive","Other","ONS 2011 5+1","Jan17-Dec17","year","All","16-24","16-64","All","unknown","!","!","!","!","!"
"Inactive","Percentage of individuals inactive","Other","ONS 2011 5+1","Jan17-Dec17","year","All","16-24","16-64","Female","All","66","10.2","42400","64200","209"
"Inactive","Percentage of individuals inactive","Other","ONS 2011 5+1","Jan17-Dec17","year","All","16-24","16-64","Female","Disabled","!","!","!","!","!"
"Inactive","Percentage of individuals inactive","Other","ONS 2011 5+1","Jan17-Dec17","year","All","16-24","16-64","Female","Non-disabled","66.7","10.6","39600","59400","191"
"Inactive","Percentage of individuals inactive","Other","ONS 2011 5+1","Jan17-Dec17","year","All","16-24","16-64","Female","unknown","!","!","!","!","!"
"Inactive","Percentage of individuals inactive","Other","ONS 2011 5+1","Jan17-Dec17","year","All","16-24","16-64","Male","All","61","10.3","40700","66800","216"
"Inactive","Percentage of individuals inactive","Other","ONS 2011 5+1","Jan17-Dec17","year","All","16-24","16-64","Male","Disabled","!","!","!","!","!"
"Inactive","Percentage of individuals inactive","Other","ONS 2011 5+1","Jan17-Dec17","year","All","16-24","16-64","Male","Non-disabled","61.5","10.7","37500","61100","197"
"Inactive","Percentage of individuals inactive","Other","ONS 2011 5+1","Jan17-Dec17","year","All","16-24","16-64","Male","unknown","!","!","!","!","!"
"Inactive","Percentage of individuals inactive","Other","ONS 2011 5+1","Jan17-Dec17","year","All","25-49","16-64","All","All","26.1","3.3","135200","518200","1667"
"Inactive","Percentage of individuals inactive","Other","ONS 2011 5+1","Jan17-Dec17","year","All","25-49","16-64","All","Disabled","39.7","10.1","27600","69400","226"
"Inactive","Percentage of individuals inactive","Other","ONS 2011 5+1","Jan17-Dec17","year","All","25-49","16-64","All","Non-disabled","23.8","3.5","105700","444500","1426"
"Inactive","Percentage of individuals inactive","Other","ONS 2011 5+1","Jan17-Dec17","year","All","25-49","16-64","All","unknown","!","!","!","!","!"
"Inactive","Percentage of individuals inactive","Other","ONS 2011 5+1","Jan17-Dec17","year","All","25-49","16-64","Female","All","38.9","5.1","101700","261700","886"
"Inactive","Percentage of individuals inactive","Other","ONS 2011 5+1","Jan17-Dec17","year","All","25-49","16-64","Female","Disabled","51.1","14.3","16800","32900","118"
"Inactive","Percentage of individuals inactive","Other","ONS 2011 5+1","Jan17-Dec17","year","All","25-49","16-64","Female","Non-disabled","36.8","5.4","83400","226900","761"
"Inactive","Percentage of individuals inactive","Other","ONS 2011 5+1","Jan17-Dec17","year","All","25-49","16-64","Female","unknown","!","!","!","!","!"
"Inactive","Percentage of individuals inactive","Other","ONS 2011 5+1","Jan17-Dec17","year","All","25-49","16-64","Male","All","13.1","3.7","33500","256500","781"
"Inactive","Percentage of individuals inactive","Other","ONS 2011 5+1","Jan17-Dec17","year","All","25-49","16-64","Male","Disabled","29.5","13.6","10800","36500","108"
"Inactive","Percentage of individuals inactive","Other","ONS 2011 5+1","Jan17-Dec17","year","All","25-49","16-64","Male","Non-disabled","10.2","3.6","22200","217500","665"
"Inactive","Percentage of individuals inactive","Other","ONS 2011 5+1","Jan17-Dec17","year","All","25-49","16-64","Male","unknown","!","!","!","!","!"
"Inactive","Percentage of individuals inactive","Other","ONS 2011 5+1","Jan17-Dec17","year","All","50-64","16-64","All","All","31.4","6.4","41700","132600","505"
"Inactive","Percentage of individuals inactive","Other","ONS 2011 5+1","Jan17-Dec17","year","All","50-64","16-64","All","Disabled","61.1","11.7","27200","44500","167"
"Inactive","Percentage of individuals inactive","Other","ONS 2011 5+1","Jan17-Dec17","year","All","50-64","16-64","All","Non-disabled","15.8","6.2","13700","86800","335"
"Inactive","Percentage of individuals inactive","Other","ONS 2011 5+1","Jan17-Dec17","year","All","50-64","16-64","All","unknown","!","!","!","!","!"
"Inactive","Percentage of individuals inactive","Other","ONS 2011 5+1","Jan17-Dec17","year","All","50-64","16-64","Female","All","40.6","9.4","26000","63900","264"
"Inactive","Percentage of individuals inactive","Other","ONS 2011 5+1","Jan17-Dec17","year","All","50-64","16-64","Female","Disabled","!","!","!","!","!"
"Inactive","Percentage of individuals inactive","Other","ONS 2011 5+1","Jan17-Dec17","year","All","50-64","16-64","Female","Non-disabled","23.5","10.2","9100","38600","166"
"Inactive","Percentage of individuals inactive","Other","ONS 2011 5+1","Jan17-Dec17","year","All","50-64","16-64","Female","unknown","!","!","!","!","!"
"Inactive","Percentage of individuals inactive","Other","ONS 2011 5+1","Jan17-Dec17","year","All","50-64","16-64","Male","All","22.9","8.4","15700","68700","241"
"Inactive","Percentage of individuals inactive","Other","ONS 2011 5+1","Jan17-Dec17","year","All","50-64","16-64","Male","Disabled","!","!","!","!","!"
"Inactive","Percentage of individuals inactive","Other","ONS 2011 5+1","Jan17-Dec17","year","All","50-64","16-64","Male","Non-disabled","9.7","7","4700","48200","169"
"Inactive","Percentage of individuals inactive","Other","ONS 2011 5+1","Jan17-Dec17","year","All","50-64","16-64","Male","unknown","!","!","!","!","!"
"Inactive","Percentage of individuals inactive","Other","ONS 2011 5+1","Jan17-Dec17","year","All","All","16-64","All","All","33.3","2.9","260000","781800","2597"
"Inactive","Percentage of individuals inactive","Other","ONS 2011 5+1","Jan17-Dec17","year","All","All","16-64","All","Disabled","48.7","7.5","59900","123000","426"
"Inactive","Percentage of individuals inactive","Other","ONS 2011 5+1","Jan17-Dec17","year","All","All","16-64","All","Non-disabled","30.2","3.1","196500","651700","2149"
"Inactive","Percentage of individuals inactive","Other","ONS 2011 5+1","Jan17-Dec17","year","All","All","16-64","All","unknown","!","!","!","!","!"
"Inactive","Percentage of individuals inactive","Other","ONS 2011 5+1","Jan17-Dec17","year","All","All","16-64","Female","All","43.6","4.2","170000","389800","1359"
"Inactive","Percentage of individuals inactive","Other","ONS 2011 5+1","Jan17-Dec17","year","All","All","16-64","Female","Disabled","58.5","10.1","35700","61000","229"
"Inactive","Percentage of individuals inactive","Other","ONS 2011 5+1","Jan17-Dec17","year","All","All","16-64","Female","Non-disabled","40.7","4.5","132100","324900","1118"
"Inactive","Percentage of individuals inactive","Other","ONS 2011 5+1","Jan17-Dec17","year","All","All","16-64","Female","unknown","!","!","!","!","!"
"Inactive","Percentage of individuals inactive","Other","ONS 2011 5+1","Jan17-Dec17","year","All","All","16-64","Male","All","22.9","3.7","89900","392000","1238"
"Inactive","Percentage of individuals inactive","Other","ONS 2011 5+1","Jan17-Dec17","year","All","All","16-64","Male","Disabled","39.2","10.8","24300","61900","197"
"Inactive","Percentage of individuals inactive","Other","ONS 2011 5+1","Jan17-Dec17","year","All","All","16-64","Male","Non-disabled","19.7","3.8","64500","326900","1031"
"Inactive","Percentage of individuals inactive","Other","ONS 2011 5+1","Jan17-Dec17","year","All","All","16-64","Male","unknown","!","!","!","!","!"
"Inactive","Percentage of individuals inactive","Other","ONS 2011 5+1","Jan17-Dec17","year","East Midlands","All","16-64","All","All","!","!","!","!","!"
"Inactive","Percentage of individuals inactive","Other","ONS 2011 5+1","Jan17-Dec17","year","East Midlands","All","16-64","All","Disabled","!","!","!","!","!"
"Inactive","Percentage of individuals inactive","Other","ONS 2011 5+1","Jan17-Dec17","year","East Midlands","All","16-64","All","Non-disabled","!","!","!","!","!"
"Inactive","Percentage of individuals inactive","Other","ONS 2011 5+1","Jan17-Dec17","year","East Midlands","All","16-64","All","unknown","!","!","!","!","!"
"Inactive","Percentage of individuals inactive","Other","ONS 2011 5+1","Jan17-Dec17","year","East of England","All","16-64","All","All","22","11.3","8300","37600","128"
"Inactive","Percentage of individuals inactive","Other","ONS 2011 5+1","Jan17-Dec17","year","East of England","All","16-64","All","Disabled","!","!","!","!","!"
"Inactive","Percentage of individuals inactive","Other","ONS 2011 5+1","Jan17-Dec17","year","East of England","All","16-64","All","Non-disabled","21","12.2","6800","32500","107"
"Inactive","Percentage of individuals inactive","Other","ONS 2011 5+1","Jan17-Dec17","year","East of England","All","16-64","All","unknown","!","!","!","!","!"
"Inactive","Percentage of individuals inactive","Other","ONS 2011 5+1","Jan17-Dec17","year","London","All","16-64","All","All","30.2","4.5","113800","377000","1001"
"Inactive","Percentage of individuals inactive","Other","ONS 2011 5+1","Jan17-Dec17","year","London","All","16-64","All","Disabled","50.9","11.3","33000","64800","189"
"Inactive","Percentage of individuals inactive","Other","ONS 2011 5+1","Jan17-Dec17","year","London","All","16-64","All","Non-disabled","25.6","4.8","79300","309900","805"
"Inactive","Percentage of individuals inactive","Other","ONS 2011 5+1","Jan17-Dec17","year","London","All","16-64","All","unknown","!","!","!","!","!"
"Inactive","Percentage of individuals inactive","Other","ONS 2011 5+1","Jan17-Dec17","year","North East","All","16-64","All","All","43.3","13.8","8700","20100","123"
"Inactive","Percentage of individuals inactive","Other","ONS 2011 5+1","Jan17-Dec17","year","North East","All","16-64","All","Disabled","!","!","!","!","!"
"Inactive","Percentage of individuals inactive","Other","ONS 2011 5+1","Jan17-Dec17","year","North East","All","16-64","All","Non-disabled","43.4","15.1","7000","16200","103"
"Inactive","Percentage of individuals inactive","Other","ONS 2011 5+1","Jan17-Dec17","year","North East","All","16-64","All","unknown","!","!","!","!","!"
"Inactive","Percentage of individuals inactive","Other","ONS 2011 5+1","Jan17-Dec17","year","North West","All","16-64","All","All","43.1","9.6","26200","60800","255"
"Inactive","Percentage of individuals inactive","Other","ONS 2011 5+1","Jan17-Dec17","year","North West","All","16-64","All","Disabled","!","!","!","!","!"
"Inactive","Percentage of individuals inactive","Other","ONS 2011 5+1","Jan17-Dec17","year","North West","All","16-64","All","Non-disabled","40.9","10.6","20500","50100","206"
"Inactive","Percentage of individuals inactive","Other","ONS 2011 5+1","Jan17-Dec17","year","North West","All","16-64","All","unknown","!","!","!","!","!"
"Inactive","Percentage of individuals inactive","Other","ONS 2011 5+1","Jan17-Dec17","year","Scotland","All","16-64","All","All","51","13.6","17200","33700","130"
"Inactive","Percentage of individuals inactive","Other","ONS 2011 5+1","Jan17-Dec17","year","Scotland","All","16-64","All","Disabled","!","!","!","!","!"
"Inactive","Percentage of individuals inactive","Other","ONS 2011 5+1","Jan17-Dec17","year","Scotland","All","16-64","All","Non-disabled","46.8","14.4","13800","29600","115"
"Inactive","Percentage of individuals inactive","Other","ONS 2011 5+1","Jan17-Dec17","year","Scotland","All","16-64","All","unknown","!","!","!","!","!"
"Inactive","Percentage of individuals inactive","Other","ONS 2011 5+1","Jan17-Dec17","year","South East","All","16-64","All","All","30.6","9","22500","73400","254"
"Inactive","Percentage of individuals inactive","Other","ONS 2011 5+1","Jan17-Dec17","year","South East","All","16-64","All","Disabled","!","!","!","!","!"
"Inactive","Percentage of individuals inactive","Other","ONS 2011 5+1","Jan17-Dec17","year","South East","All","16-64","All","Non-disabled","30.4","9.9","18200","60000","209"
"Inactive","Percentage of individuals inactive","Other","ONS 2011 5+1","Jan17-Dec17","year","South East","All","16-64","All","unknown","!","!","!","!","!"
"Inactive","Percentage of individuals inactive","Other","ONS 2011 5+1","Jan17-Dec17","year","South West","All","16-64","All","All","26.5","11.6","7900","29600","139"
"Inactive","Percentage of individuals inactive","Other","ONS 2011 5+1","Jan17-Dec17","year","South West","All","16-64","All","Disabled","!","!","!","!","!"
"Inactive","Percentage of individuals inactive","Other","ONS 2011 5+1","Jan17-Dec17","year","South West","All","16-64","All","Non-disabled","23.7","12","5900","25000","120"
"Inactive","Percentage of individuals inactive","Other","ONS 2011 5+1","Jan17-Dec17","year","South West","All","16-64","All","unknown","!","!","!","!","!"
"Inactive","Percentage of individuals inactive","Other","ONS 2011 5+1","Jan17-Dec17","year","Wales","All","16-64","All","All","40.6","12.7","8400","20600","143"
"Inactive","Percentage of individuals inactive","Other","ONS 2011 5+1","Jan17-Dec17","year","Wales","All","16-64","All","Disabled","!","!","!","!","!"
"Inactive","Percentage of individuals inactive","Other","ONS 2011 5+1","Jan17-Dec17","year","Wales","All","16-64","All","Non-disabled","42.6","13.9","7400","17300","122"
"Inactive","Percentage of individuals inactive","Other","ONS 2011 5+1","Jan17-Dec17","year","Wales","All","16-64","All","unknown","!","!","!","!","!"
"Inactive","Percentage of individuals inactive","Other","ONS 2011 5+1","Jan17-Dec17","year","West Midlands","All","16-64","All","All","36.8","11","20300","55100","184"
"Inactive","Percentage of individuals inactive","Other","ONS 2011 5+1","Jan17-Dec17","year","West Midlands","All","16-64","All","Disabled","!","!","!","!","!"
"Inactive","Percentage of individuals inactive","Other","ONS 2011 5+1","Jan17-Dec17","year","West Midlands","All","16-64","All","Non-disabled","32.8","11.5","15900","48400","161"
"Inactive","Percentage of individuals inactive","Other","ONS 2011 5+1","Jan17-Dec17","year","West Midlands","All","16-64","All","unknown","!","!","!","!","!"
"Inactive","Percentage of individuals inactive","Other","ONS 2011 5+1","Jan17-Dec17","year","Yorkshire and The Humber","All","16-64","All","All","35.7","12.3","16200","45400","146"
"Inactive","Percentage of individuals inactive","Other","ONS 2011 5+1","Jan17-Dec17","year","Yorkshire and The Humber","All","16-64","All","Disabled","!","!","!","!","!"
"Inactive","Percentage of individuals inactive","Other","ONS 2011 5+1","Jan17-Dec17","year","Yorkshire and The Humber","All","16-64","All","Non-disabled","34.3","13.5","12800","37200","118"
"Inactive","Percentage of individuals inactive","Other","ONS 2011 5+1","Jan17-Dec17","year","Yorkshire and The Humber","All","16-64","All","unknown","!","!","!","!","!"
"Inactive","Percentage of individuals inactive","Other Asian","Detailed","Jan17-Dec17","year","All","16-24","16-64","All","All","65.4","6.6","116100","177500","505"
"Inactive","Percentage of individuals inactive","Other Asian","Detailed","Jan17-Dec17","year","All","16-24","16-64","All","Disabled","!","!","!","!","!"
"Inactive","Percentage of individuals inactive","Other Asian","Detailed","Jan17-Dec17","year","All","16-24","16-64","All","Non-disabled","66.7","6.6","112700","169000","482"
"Inactive","Percentage of individuals inactive","Other Asian","Detailed","Jan17-Dec17","year","All","16-24","16-64","All","unknown","!","!","!","!","!"
"Inactive","Percentage of individuals inactive","Other Asian","Detailed","Jan17-Dec17","year","All","16-24","16-64","Female","All","68","8.9","63500","93400","262"
"Inactive","Percentage of individuals inactive","Other Asian","Detailed","Jan17-Dec17","year","All","16-24","16-64","Female","Disabled","!","!","!","!","!"
"Inactive","Percentage of individuals inactive","Other Asian","Detailed","Jan17-Dec17","year","All","16-24","16-64","Female","Non-disabled","69.9","9","61800","88400","251"
"Inactive","Percentage of individuals inactive","Other Asian","Detailed","Jan17-Dec17","year","All","16-24","16-64","Female","unknown","!","!","!","!","!"
"Inactive","Percentage of individuals inactive","Other Asian","Detailed","Jan17-Dec17","year","All","16-24","16-64","Male","All","62.5","9.6","52600","84100","243"
"Inactive","Percentage of individuals inactive","Other Asian","Detailed","Jan17-Dec17","year","All","16-24","16-64","Male","Disabled","!","!","!","!","!"
"Inactive","Percentage of individuals inactive","Other Asian","Detailed","Jan17-Dec17","year","All","16-24","16-64","Male","Non-disabled","63.1","9.8","50900","80600","231"
"Inactive","Percentage of individuals inactive","Other Asian","Detailed","Jan17-Dec17","year","All","16-24","16-64","Male","unknown","!","!","!","!","!"
"Inactive","Percentage of individuals inactive","Other Asian","Detailed","Jan17-Dec17","year","All","25-49","16-64","All","All","21.5","3.1","105200","489800","1647"
"Inactive","Percentage of individuals inactive","Other Asian","Detailed","Jan17-Dec17","year","All","25-49","16-64","All","Disabled","31.2","10.5","15700","50400","188"
"Inactive","Percentage of individuals inactive","Other Asian","Detailed","Jan17-Dec17","year","All","25-49","16-64","All","Non-disabled","20.4","3.3","89300","438300","1455"
"Inactive","Percentage of individuals inactive","Other Asian","Detailed","Jan17-Dec17","year","All","25-49","16-64","All","unknown","!","!","!","!","!"
"Inactive","Percentage of individuals inactive","Other Asian","Detailed","Jan17-Dec17","year","All","25-49","16-64","Female","All","29.3","4.5","79000","269200","969"
"Inactive","Percentage of individuals inactive","Other Asian","Detailed","Jan17-Dec17","year","All","25-49","16-64","Female","Disabled","36.9","14.2","10000","27100","111"
"Inactive","Percentage of individuals inactive","Other Asian","Detailed","Jan17-Dec17","year","All","25-49","16-64","Female","Non-disabled","28.5","4.8","69000","241700","856"
"Inactive","Percentage of individuals inactive","Other Asian","Detailed","Jan17-Dec17","year","All","25-49","16-64","Female","unknown","!","!","!","!","!"
"Inactive","Percentage of individuals inactive","Other Asian","Detailed","Jan17-Dec17","year","All","25-49","16-64","Male","All","11.9","3.9","26300","220600","678"
"Inactive","Percentage of individuals inactive","Other Asian","Detailed","Jan17-Dec17","year","All","25-49","16-64","Male","Disabled","!","!","!","!","!"
"Inactive","Percentage of individuals inactive","Other Asian","Detailed","Jan17-Dec17","year","All","25-49","16-64","Male","Non-disabled","10.3","3.8","20300","196600","599"
"Inactive","Percentage of individuals inactive","Other Asian","Detailed","Jan17-Dec17","year","All","25-49","16-64","Male","unknown","!","!","!","!","!"
"Inactive","Percentage of individuals inactive","Other Asian","Detailed","Jan17-Dec17","year","All","50-64","16-64","All","All","26.5","5.7","39200","147900","569"
"Inactive","Percentage of individuals inactive","Other Asian","Detailed","Jan17-Dec17","year","All","50-64","16-64","All","Disabled","46.3","13.3","17300","37300","135"
"Inactive","Percentage of individuals inactive","Other Asian","Detailed","Jan17-Dec17","year","All","50-64","16-64","All","Non-disabled","20.1","6","21900","108900","432"
"Inactive","Percentage of individuals inactive","Other Asian","Detailed","Jan17-Dec17","year","All","50-64","16-64","All","unknown","!","!","!","!","!"
"Inactive","Percentage of individuals inactive","Other Asian","Detailed","Jan17-Dec17","year","All","50-64","16-64","Female","All","37.4","8.5","28900","77300","310"
"Inactive","Percentage of individuals inactive","Other Asian","Detailed","Jan17-Dec17","year","All","50-64","16-64","Female","Disabled","!","!","!","!","!"
"Inactive","Percentage of individuals inactive","Other Asian","Detailed","Jan17-Dec17","year","All","50-64","16-64","Female","Non-disabled","31","9.4","17200","55300","231"
"Inactive","Percentage of individuals inactive","Other Asian","Detailed","Jan17-Dec17","year","All","50-64","16-64","Female","unknown","!","!","!","!","!"
"Inactive","Percentage of individuals inactive","Other Asian","Detailed","Jan17-Dec17","year","All","50-64","16-64","Male","All","14.5","6.8","10200","70600","259"
"Inactive","Percentage of individuals inactive","Other Asian","Detailed","Jan17-Dec17","year","All","50-64","16-64","Male","Disabled","!","!","!","!","!"
"Inactive","Percentage of individuals inactive","Other Asian","Detailed","Jan17-Dec17","year","All","50-64","16-64","Male","Non-disabled","8.9","6.2","4800","53600","201"
"Inactive","Percentage of individuals inactive","Other Asian","Detailed","Jan17-Dec17","year","All","50-64","16-64","Male","unknown","!","!","!","!","!"
"Inactive","Percentage of individuals inactive","Other Asian","Detailed","Jan17-Dec17","year","All","All","16-64","All","All","32","2.8","260500","815300","2721"
"Inactive","Percentage of individuals inactive","Other Asian","Detailed","Jan17-Dec17","year","All","All","16-64","All","Disabled","37.3","8.1","35600","95400","343"
"Inactive","Percentage of individuals inactive","Other Asian","Detailed","Jan17-Dec17","year","All","All","16-64","All","Non-disabled","31.3","2.9","223900","716200","2369"
"Inactive","Percentage of individuals inactive","Other Asian","Detailed","Jan17-Dec17","year","All","All","16-64","All","unknown","!","!","!","!","!"
"Inactive","Percentage of individuals inactive","Other Asian","Detailed","Jan17-Dec17","year","All","All","16-64","Female","All","39","3.8","171400","439900","1541"
"Inactive","Percentage of individuals inactive","Other Asian","Detailed","Jan17-Dec17","year","All","All","16-64","Female","Disabled","44.8","10.9","23400","52300","199"
"Inactive","Percentage of individuals inactive","Other Asian","Detailed","Jan17-Dec17","year","All","All","16-64","Female","Non-disabled","38.4","4.1","148000","385400","1338"
"Inactive","Percentage of individuals inactive","Other Asian","Detailed","Jan17-Dec17","year","All","All","16-64","Female","unknown","!","!","!","!","!"
"Inactive","Percentage of individuals inactive","Other Asian","Detailed","Jan17-Dec17","year","All","All","16-64","Male","All","23.7","3.8","89100","375400","1180"
"Inactive","Percentage of individuals inactive","Other Asian","Detailed","Jan17-Dec17","year","All","All","16-64","Male","Disabled","28.1","11.6","12100","43200","144"
"Inactive","Percentage of individuals inactive","Other Asian","Detailed","Jan17-Dec17","year","All","All","16-64","Male","Non-disabled","23","4.1","75900","330800","1031"
"Inactive","Percentage of individuals inactive","Other Asian","Detailed","Jan17-Dec17","year","All","All","16-64","Male","unknown","!","!","!","!","!"
"Inactive","Percentage of individuals inactive","Other Asian","Detailed","Jan17-Dec17","year","East Midlands","All","16-64","All","All","51.2","13.6","23400","45700","130"
"Inactive","Percentage of individuals inactive","Other Asian","Detailed","Jan17-Dec17","year","East Midlands","All","16-64","All","Disabled","!","!","!","!","!"
"Inactive","Percentage of individuals inactive","Other Asian","Detailed","Jan17-Dec17","year","East Midlands","All","16-64","All","Non-disabled","52.8","14.5","21900","41500","114"
"Inactive","Percentage of individuals inactive","Other Asian","Detailed","Jan17-Dec17","year","East Midlands","All","16-64","All","unknown","!","!","!","!","!"
"Inactive","Percentage of individuals inactive","Other Asian","Detailed","Jan17-Dec17","year","East of England","All","16-64","All","All","16.9","8.2","10000","59200","201"
"Inactive","Percentage of individuals inactive","Other Asian","Detailed","Jan17-Dec17","year","East of England","All","16-64","All","Disabled","!","!","!","!","!"
"Inactive","Percentage of individuals inactive","Other Asian","Detailed","Jan17-Dec17","year","East of England","All","16-64","All","Non-disabled","16","8.4","8900","55400","185"
"Inactive","Percentage of individuals inactive","Other Asian","Detailed","Jan17-Dec17","year","East of England","All","16-64","All","unknown","!","!","!","!","!"
"Inactive","Percentage of individuals inactive","Other Asian","Detailed","Jan17-Dec17","year","London","All","16-64","All","All","28.8","4.7","99200","344200","891"
"Inactive","Percentage of individuals inactive","Other Asian","Detailed","Jan17-Dec17","year","London","All","16-64","All","Disabled","35","13.3","15300","43800","123"
"Inactive","Percentage of individuals inactive","Other Asian","Detailed","Jan17-Dec17","year","London","All","16-64","All","Non-disabled","28","5","83300","297700","763"
"Inactive","Percentage of individuals inactive","Other Asian","Detailed","Jan17-Dec17","year","London","All","16-64","All","unknown","!","!","!","!","!"
"Inactive","Percentage of individuals inactive","Other Asian","Detailed","Jan17-Dec17","year","North East","All","16-64","All","All","!","!","!","!","!"
"Inactive","Percentage of individuals inactive","Other Asian","Detailed","Jan17-Dec17","year","North East","All","16-64","All","Disabled","!","!","!","!","!"
"Inactive","Percentage of individuals inactive","Other Asian","Detailed","Jan17-Dec17","year","North East","All","16-64","All","Non-disabled","!","!","!","!","!"
"Inactive","Percentage of individuals inactive","Other Asian","Detailed","Jan17-Dec17","year","North East","All","16-64","All","unknown","!","!","!","!","!"
"Inactive","Percentage of individuals inactive","Other Asian","Detailed","Jan17-Dec17","year","North West","All","16-64","All","All","31.5","9.3","17400","55200","239"
"Inactive","Percentage of individuals inactive","Other Asian","Detailed","Jan17-Dec17","year","North West","All","16-64","All","Disabled","!","!","!","!","!"
"Inactive","Percentage of individuals inactive","Other Asian","Detailed","Jan17-Dec17","year","North West","All","16-64","All","Non-disabled","29.6","9.8","14700","49800","210"
"Inactive","Percentage of individuals inactive","Other Asian","Detailed","Jan17-Dec17","year","North West","All","16-64","All","unknown","!","!","!","!","!"
"Inactive","Percentage of individuals inactive","Other Asian","Detailed","Jan17-Dec17","year","Scotland","All","16-64","All","All","43.6","14","12600","28900","121"
"Inactive","Percentage of individuals inactive","Other Asian","Detailed","Jan17-Dec17","year","Scotland","All","16-64","All","Disabled","!","!","!","!","!"
"Inactive","Percentage of individuals inactive","Other Asian","Detailed","Jan17-Dec17","year","Scotland","All","16-64","All","Non-disabled","41.5","15","10300","24900","103"
"Inactive","Percentage of individuals inactive","Other Asian","Detailed","Jan17-Dec17","year","Scotland","All","16-64","All","unknown","!","!","!","!","!"
"Inactive","Percentage of individuals inactive","Other Asian","Detailed","Jan17-Dec17","year","South East","All","16-64","All","All","24.7","6.7","26600","107700","398"
"Inactive","Percentage of individuals inactive","Other Asian","Detailed","Jan17-Dec17","year","South East","All","16-64","All","Disabled","!","!","!","!","!"
"Inactive","Percentage of individuals inactive","Other Asian","Detailed","Jan17-Dec17","year","South East","All","16-64","All","Non-disabled","24.4","7.2","22400","91900","339"
"Inactive","Percentage of individuals inactive","Other Asian","Detailed","Jan17-Dec17","year","South East","All","16-64","All","unknown","!","!","!","!","!"
"Inactive","Percentage of individuals inactive","Other Asian","Detailed","Jan17-Dec17","year","South West","All","16-64","All","All","30.8","11","11500","37300","168"
"Inactive","Percentage of individuals inactive","Other Asian","Detailed","Jan17-Dec17","year","South West","All","16-64","All","Disabled","!","!","!","!","!"
"Inactive","Percentage of individuals inactive","Other Asian","Detailed","Jan17-Dec17","year","South West","All","16-64","All","Non-disabled","29","11.6","9500","32700","148"
"Inactive","Percentage of individuals inactive","Other Asian","Detailed","Jan17-Dec17","year","South West","All","16-64","All","unknown","!","!","!","!","!"
"Inactive","Percentage of individuals inactive","Other Asian","Detailed","Jan17-Dec17","year","Wales","All","16-64","All","All","48.2","12.2","12300","25400","162"
"Inactive","Percentage of individuals inactive","Other Asian","Detailed","Jan17-Dec17","year","Wales","All","16-64","All","Disabled","!","!","!","!","!"
"Inactive","Percentage of individuals inactive","Other Asian","Detailed","Jan17-Dec17","year","Wales","All","16-64","All","Non-disabled","47.9","12.8","11000","23000","146"
"Inactive","Percentage of individuals inactive","Other Asian","Detailed","Jan17-Dec17","year","Wales","All","16-64","All","unknown","!","!","!","!","!"
"Inactive","Percentage of individuals inactive","Other Asian","Detailed","Jan17-Dec17","year","West Midlands","All","16-64","All","All","47.2","11.2","26800","56700","190"
"Inactive","Percentage of individuals inactive","Other Asian","Detailed","Jan17-Dec17","year","West Midlands","All","16-64","All","Disabled","!","!","!","!","!"
"Inactive","Percentage of individuals inactive","Other Asian","Detailed","Jan17-Dec17","year","West Midlands","All","16-64","All","Non-disabled","46.4","11.9","23700","51100","167"
"Inactive","Percentage of individuals inactive","Other Asian","Detailed","Jan17-Dec17","year","West Midlands","All","16-64","All","unknown","!","!","!","!","!"
"Inactive","Percentage of individuals inactive","Other Asian","Detailed","Jan17-Dec17","year","Yorkshire and The Humber","All","16-64","All","All","37.9","13","14700","38700","134"
"Inactive","Percentage of individuals inactive","Other Asian","Detailed","Jan17-Dec17","year","Yorkshire and The Humber","All","16-64","All","Disabled","!","!","!","!","!"
"Inactive","Percentage of individuals inactive","Other Asian","Detailed","Jan17-Dec17","year","Yorkshire and The Humber","All","16-64","All","Non-disabled","39.1","13.9","13600","34700","119"
"Inactive","Percentage of individuals inactive","Other Asian","Detailed","Jan17-Dec17","year","Yorkshire and The Humber","All","16-64","All","unknown","!","!","!","!","!"
"Inactive","Percentage of individuals inactive","Other than White","White and other","Jan17-Dec17","year","All","16-24","16-64","All","All","55.9","2.5","678100","1212200","3725"
"Inactive","Percentage of individuals inactive","Other than White","White and other","Jan17-Dec17","year","All","16-24","16-64","All","Disabled","57.3","8.8","57200","99900","306"
"Inactive","Percentage of individuals inactive","Other than White","White and other","Jan17-Dec17","year","All","16-24","16-64","All","Non-disabled","55.7","2.6","613500","1101100","3385"
"Inactive","Percentage of individuals inactive","Other than White","White and other","Jan17-Dec17","year","All","16-24","16-64","All","unknown","65.5","25.2","7400","11200","34"
"Inactive","Percentage of individuals inactive","Other than White","White and other","Jan17-Dec17","year","All","16-24","16-64","Female","All","56.3","3.5","347900","618200","1920"
"Inactive","Percentage of individuals inactive","Other than White","White and other","Jan17-Dec17","year","All","16-24","16-64","Female","Disabled","55.4","12.7","28200","50900","148"
"Inactive","Percentage of individuals inactive","Other than White","White and other","Jan17-Dec17","year","All","16-24","16-64","Female","Non-disabled","56.2","3.7","315400","561100","1753"
"Inactive","Percentage of individuals inactive","Other than White","White and other","Jan17-Dec17","year","All","16-24","16-64","Female","unknown","!","!","!","!","!"
"Inactive","Percentage of individuals inactive","Other than White","White and other","Jan17-Dec17","year","All","16-24","16-64","Male","All","55.6","3.6","330200","593900","1805"
"Inactive","Percentage of individuals inactive","Other than White","White and other","Jan17-Dec17","year","All","16-24","16-64","Male","Disabled","59.2","12.1","29000","49000","158"
"Inactive","Percentage of individuals inactive","Other than White","White and other","Jan17-Dec17","year","All","16-24","16-64","Male","Non-disabled","55.2","3.8","298200","539900","1632"
"Inactive","Percentage of individuals inactive","Other than White","White and other","Jan17-Dec17","year","All","16-24","16-64","Male","unknown","!","!","!","!","!"
"Inactive","Percentage of individuals inactive","Other than White","White and other","Jan17-Dec17","year","All","25-49","16-64","All","All","21.5","1.2","752300","3495600","12121"
"Inactive","Percentage of individuals inactive","Other than White","White and other","Jan17-Dec17","year","All","25-49","16-64","All","Disabled","40.2","3.7","184600","459500","1667"
"Inactive","Percentage of individuals inactive","Other than White","White and other","Jan17-Dec17","year","All","25-49","16-64","All","Non-disabled","18.6","1.2","561200","3016300","10386"
"Inactive","Percentage of individuals inactive","Other than White","White and other","Jan17-Dec17","year","All","25-49","16-64","All","unknown","33.2","17.7","6600","19800","68"
"Inactive","Percentage of individuals inactive","Other than White","White and other","Jan17-Dec17","year","All","25-49","16-64","Female","All","32.7","1.8","598200","1827200","6695"
"Inactive","Percentage of individuals inactive","Other than White","White and other","Jan17-Dec17","year","All","25-49","16-64","Female","Disabled","48.3","4.9","124900","258400","988"
"Inactive","Percentage of individuals inactive","Other than White","White and other","Jan17-Dec17","year","All","25-49","16-64","Female","Non-disabled","30","1.9","467700","1557300","5667"
"Inactive","Percentage of individuals inactive","Other than White","White and other","Jan17-Dec17","year","All","25-49","16-64","Female","unknown","48","24.5","5500","11500","40"
"Inactive","Percentage of individuals inactive","Other than White","White and other","Jan17-Dec17","year","All","25-49","16-64","Male","All","9.2","1.2","154200","1668400","5426"
"Inactive","Percentage of individuals inactive","Other than White","White and other","Jan17-Dec17","year","All","25-49","16-64","Male","Disabled","29.7","5.4","59700","201100","679"
"Inactive","Percentage of individuals inactive","Other than White","White and other","Jan17-Dec17","year","All","25-49","16-64","Male","Non-disabled","6.4","1.1","93500","1459000","4719"
"Inactive","Percentage of individuals inactive","Other than White","White and other","Jan17-Dec17","year","All","25-49","16-64","Male","unknown","!","!","!","!","!"
"Inactive","Percentage of individuals inactive","Other than White","White and other","Jan17-Dec17","year","All","50-64","16-64","All","All","28.3","2.2","294900","1041700","3968"
"Inactive","Percentage of individuals inactive","Other than White","White and other","Jan17-Dec17","year","All","50-64","16-64","All","Disabled","58.3","4.4","182000","312100","1192"
"Inactive","Percentage of individuals inactive","Other than White","White and other","Jan17-Dec17","year","All","50-64","16-64","All","Non-disabled","15.1","2.1","108700","720400","2744"
"Inactive","Percentage of individuals inactive","Other than White","White and other","Jan17-Dec17","year","All","50-64","16-64","All","unknown","45.9","27.3","4200","9200","32"
"Inactive","Percentage of individuals inactive","Other than White","White and other","Jan17-Dec17","year","All","50-64","16-64","Female","All","37","3.3","193500","523400","2053"
"Inactive","Percentage of individuals inactive","Other than White","White and other","Jan17-Dec17","year","All","50-64","16-64","Female","Disabled","64.6","5.6","111800","173000","687"
"Inactive","Percentage of individuals inactive","Other than White","White and other","Jan17-Dec17","year","All","50-64","16-64","Female","Non-disabled","22.9","3.5","78900","344900","1350"
"Inactive","Percentage of individuals inactive","Other than White","White and other","Jan17-Dec17","year","All","50-64","16-64","Female","unknown","!","!","!","!","!"
"Inactive","Percentage of individuals inactive","Other than White","White and other","Jan17-Dec17","year","All","50-64","16-64","Male","All","19.6","2.8","101400","518300","1915"
"Inactive","Percentage of individuals inactive","Other than White","White and other","Jan17-Dec17","year","All","50-64","16-64","Male","Disabled","50.5","6.9","70200","139200","505"
"Inactive","Percentage of individuals inactive","Other than White","White and other","Jan17-Dec17","year","All","50-64","16-64","Male","Non-disabled","7.9","2.2","29800","375600","1394"
"Inactive","Percentage of individuals inactive","Other than White","White and other","Jan17-Dec17","year","All","50-64","16-64","Male","unknown","!","!","!","!","!"
"Inactive","Percentage of individuals inactive","Other than White","White and other","Jan17-Dec17","year","All","All","16-64","All","All","30","1","1725300","5749500","19814"
"Inactive","Percentage of individuals inactive","Other than White","White and other","Jan17-Dec17","year","All","All","16-64","All","Disabled","48.6","2.8","423700","871500","3165"
"Inactive","Percentage of individuals inactive","Other than White","White and other","Jan17-Dec17","year","All","All","16-64","All","Non-disabled","26.5","1.1","1283500","4837800","16515"
"Inactive","Percentage of individuals inactive","Other than White","White and other","Jan17-Dec17","year","All","All","16-64","All","unknown","45.1","13.3","18100","40200","134"
"Inactive","Percentage of individuals inactive","Other than White","White and other","Jan17-Dec17","year","All","All","16-64","Female","All","38.4","1.5","1139600","2968800","10668"
"Inactive","Percentage of individuals inactive","Other than White","White and other","Jan17-Dec17","year","All","All","16-64","Female","Disabled","54.9","3.6","264900","482300","1823"
"Inactive","Percentage of individuals inactive","Other than White","White and other","Jan17-Dec17","year","All","All","16-64","Female","Non-disabled","35","1.6","862000","2463300","8770"
"Inactive","Percentage of individuals inactive","Other than White","White and other","Jan17-Dec17","year","All","All","16-64","Female","unknown","54.3","17.8","12700","23300","75"
"Inactive","Percentage of individuals inactive","Other than White","White and other","Jan17-Dec17","year","All","All","16-64","Male","All","21.1","1.3","585800","2780600","9146"
"Inactive","Percentage of individuals inactive","Other than White","White and other","Jan17-Dec17","year","All","All","16-64","Male","Disabled","40.8","4.2","158800","389200","1342"
"Inactive","Percentage of individuals inactive","Other than White","White and other","Jan17-Dec17","year","All","All","16-64","Male","Non-disabled","17.7","1.3","421400","2374500","7745"
"Inactive","Percentage of individuals inactive","Other than White","White and other","Jan17-Dec17","year","All","All","16-64","Male","unknown","32.5","18.9","5500","16900","59"
"Inactive","Percentage of individuals inactive","Other than White","White and other","Jan17-Dec17","year","East Midlands","All","16-64","All","All","34.2","4.2","120600","352200","1199"
"Inactive","Percentage of individuals inactive","Other than White","White and other","Jan17-Dec17","year","East Midlands","All","16-64","All","Disabled","51","10.8","27000","53000","206"
"Inactive","Percentage of individuals inactive","Other than White","White and other","Jan17-Dec17","year","East Midlands","All","16-64","All","Non-disabled","31","4.6","92000","296400","982"
"Inactive","Percentage of individuals inactive","Other than White","White and other","Jan17-Dec17","year","East Midlands","All","16-64","All","unknown","!","!","!","!","!"
"Inactive","Percentage of individuals inactive","Other than White","White and other","Jan17-Dec17","year","East of England","All","16-64","All","All","23.5","3.4","91800","390700","1527"
"Inactive","Percentage of individuals inactive","Other than White","White and other","Jan17-Dec17","year","East of England","All","16-64","All","Disabled","42.5","10","23000","54100","235"
"Inactive","Percentage of individuals inactive","Other than White","White and other","Jan17-Dec17","year","East of England","All","16-64","All","Non-disabled","20.2","3.5","67800","335200","1285"
"Inactive","Percentage of individuals inactive","Other than White","White and other","Jan17-Dec17","year","East of England","All","16-64","All","unknown","!","!","!","!","!"
"Inactive","Percentage of individuals inactive","Other than White","White and other","Jan17-Dec17","year","London","All","16-64","All","All","27.8","1.8","650200","2337900","6080"
"Inactive","Percentage of individuals inactive","Other than White","White and other","Jan17-Dec17","year","London","All","16-64","All","Disabled","49.8","4.9","181800","364900","1000"
"Inactive","Percentage of individuals inactive","Other than White","White and other","Jan17-Dec17","year","London","All","16-64","All","Non-disabled","23.6","1.9","460400","1953800","5029"
"Inactive","Percentage of individuals inactive","Other than White","White and other","Jan17-Dec17","year","London","All","16-64","All","unknown","41.8","21.4","8100","19300","51"
"Inactive","Percentage of individuals inactive","Other than White","White and other","Jan17-Dec17","year","North East","All","16-64","All","All","36.3","6.3","31300","86100","554"
"Inactive","Percentage of individuals inactive","Other than White","White and other","Jan17-Dec17","year","North East","All","16-64","All","Disabled","46.4","16.3","6900","14900","90"
"Inactive","Percentage of individuals inactive","Other than White","White and other","Jan17-Dec17","year","North East","All","16-64","All","Non-disabled","34.2","6.8","24300","71200","464"
"Inactive","Percentage of individuals inactive","Other than White","White and other","Jan17-Dec17","year","North East","All","16-64","All","unknown","!","!","!","!","!"
"Inactive","Percentage of individuals inactive","Other than White","White and other","Jan17-Dec17","year","North West","All","16-64","All","All","35.1","3.1","176900","504100","2346"
"Inactive","Percentage of individuals inactive","Other than White","White and other","Jan17-Dec17","year","North West","All","16-64","All","Disabled","52","7.6","42100","81000","411"
"Inactive","Percentage of individuals inactive","Other than White","White and other","Jan17-Dec17","year","North West","All","16-64","All","Non-disabled","31.6","3.3","132600","419400","1920"
"Inactive","Percentage of individuals inactive","Other than White","White and other","Jan17-Dec17","year","North West","All","16-64","All","unknown","!","!","!","!","!"
"Inactive","Percentage of individuals inactive","Other than White","White and other","Jan17-Dec17","year","Scotland","All","16-64","All","All","35.8","5.6","63600","177400","697"
"Inactive","Percentage of individuals inactive","Other than White","White and other","Jan17-Dec17","year","Scotland","All","16-64","All","Disabled","53.4","16.4","11800","22000","89"
"Inactive","Percentage of individuals inactive","Other than White","White and other","Jan17-Dec17","year","Scotland","All","16-64","All","Non-disabled","33.4","5.9","51600","154300","603"
"Inactive","Percentage of individuals inactive","Other than White","White and other","Jan17-Dec17","year","Scotland","All","16-64","All","unknown","!","!","!","!","!"
"Inactive","Percentage of individuals inactive","Other than White","White and other","Jan17-Dec17","year","South East","All","16-64","All","All","23.2","2.6","130800","562900","2516"
"Inactive","Percentage of individuals inactive","Other than White","White and other","Jan17-Dec17","year","South East","All","16-64","All","Disabled","32.9","7.5","27300","82800","381"
"Inactive","Percentage of individuals inactive","Other than White","White and other","Jan17-Dec17","year","South East","All","16-64","All","Non-disabled","21.5","2.8","102800","478100","2124"
"Inactive","Percentage of individuals inactive","Other than White","White and other","Jan17-Dec17","year","South East","All","16-64","All","unknown","!","!","!","!","!"
"Inactive","Percentage of individuals inactive","Other than White","White and other","Jan17-Dec17","year","South West","All","16-64","All","All","25.8","4.9","45000","174300","771"
"Inactive","Percentage of individuals inactive","Other than White","White and other","Jan17-Dec17","year","South West","All","16-64","All","Disabled","39.1","14.5","10200","26100","108"
"Inactive","Percentage of individuals inactive","Other than White","White and other","Jan17-Dec17","year","South West","All","16-64","All","Non-disabled","23.4","5.1","34500","147300","660"
"Inactive","Percentage of individuals inactive","Other than White","White and other","Jan17-Dec17","year","South West","All","16-64","All","unknown","!","!","!","!","!"
"Inactive","Percentage of individuals inactive","Other than White","White and other","Jan17-Dec17","year","Wales","All","16-64","All","All","37.1","5.9","36000","97100","643"
"Inactive","Percentage of individuals inactive","Other than White","White and other","Jan17-Dec17","year","Wales","All","16-64","All","Disabled","50.1","16.4","6000","11900","89"
"Inactive","Percentage of individuals inactive","Other than White","White and other","Jan17-Dec17","year","Wales","All","16-64","All","Non-disabled","35.1","6.3","29400","83600","546"
"Inactive","Percentage of individuals inactive","Other than White","White and other","Jan17-Dec17","year","Wales","All","16-64","All","unknown","!","!","!","!","!"
"Inactive","Percentage of individuals inactive","Other than White","White and other","Jan17-Dec17","year","West Midlands","All","16-64","All","All","34.8","3.1","236200","677700","2239"
"Inactive","Percentage of individuals inactive","Other than White","White and other","Jan17-Dec17","year","West Midlands","All","16-64","All","Disabled","57.6","8.1","56900","98800","353"
"Inactive","Percentage of individuals inactive","Other than White","White and other","Jan17-Dec17","year","West Midlands","All","16-64","All","Non-disabled","30.8","3.3","176800","573400","1869"
"Inactive","Percentage of individuals inactive","Other than White","White and other","Jan17-Dec17","year","West Midlands","All","16-64","All","unknown","!","!","!","!","!"
"Inactive","Percentage of individuals inactive","Other than White","White and other","Jan17-Dec17","year","Yorkshire and The Humber","All","16-64","All","All","36.8","4.2","143100","388900","1242"
"Inactive","Percentage of individuals inactive","Other than White","White and other","Jan17-Dec17","year","Yorkshire and The Humber","All","16-64","All","Disabled","49.8","10.9","30800","61900","203"
"Inactive","Percentage of individuals inactive","Other than White","White and other","Jan17-Dec17","year","Yorkshire and The Humber","All","16-64","All","Non-disabled","34.2","4.6","111200","325100","1033"
"Inactive","Percentage of individuals inactive","Other than White","White and other","Jan17-Dec17","year","Yorkshire and The Humber","All","16-64","All","unknown","!","!","!","!","!"
"Inactive","Percentage of individuals inactive","Pakistani/Bangladeshi","Detailed","Jan17-Dec17","year","All","16-24","16-64","All","All","57.6","5","169000","293400","943"
"Inactive","Percentage of individuals inactive","Pakistani/Bangladeshi","Detailed","Jan17-Dec17","year","All","16-24","16-64","All","Disabled","!","!","!","!","!"
"Inactive","Percentage of individuals inactive","Pakistani/Bangladeshi","Detailed","Jan17-Dec17","year","All","16-24","16-64","All","Non-disabled","57.4","5.3","150000","261400","843"
"Inactive","Percentage of individuals inactive","Pakistani/Bangladeshi","Detailed","Jan17-Dec17","year","All","16-24","16-64","All","unknown","!","!","!","!","!"
"Inactive","Percentage of individuals inactive","Pakistani/Bangladeshi","Detailed","Jan17-Dec17","year","All","16-24","16-64","Female","All","57.1","6.9","84600","148100","495"
"Inactive","Percentage of individuals inactive","Pakistani/Bangladeshi","Detailed","Jan17-Dec17","year","All","16-24","16-64","Female","Disabled","!","!","!","!","!"
"Inactive","Percentage of individuals inactive","Pakistani/Bangladeshi","Detailed","Jan17-Dec17","year","All","16-24","16-64","Female","Non-disabled","55.8","7.3","73400","131600","447"
"Inactive","Percentage of individuals inactive","Pakistani/Bangladeshi","Detailed","Jan17-Dec17","year","All","16-24","16-64","Female","unknown","!","!","!","!","!"
"Inactive","Percentage of individuals inactive","Pakistani/Bangladeshi","Detailed","Jan17-Dec17","year","All","16-24","16-64","Male","All","58.1","7.2","84400","145300","448"
"Inactive","Percentage of individuals inactive","Pakistani/Bangladeshi","Detailed","Jan17-Dec17","year","All","16-24","16-64","Male","Disabled","!","!","!","!","!"
"Inactive","Percentage of individuals inactive","Pakistani/Bangladeshi","Detailed","Jan17-Dec17","year","All","16-24","16-64","Male","Non-disabled","59","7.7","76600","129800","396"
"Inactive","Percentage of individuals inactive","Pakistani/Bangladeshi","Detailed","Jan17-Dec17","year","All","16-24","16-64","Male","unknown","!","!","!","!","!"
"Inactive","Percentage of individuals inactive","Pakistani/Bangladeshi","Detailed","Jan17-Dec17","year","All","25-49","16-64","All","All","31.6","2.7","240400","761200","2832"
"Inactive","Percentage of individuals inactive","Pakistani/Bangladeshi","Detailed","Jan17-Dec17","year","All","25-49","16-64","All","Disabled","49.2","6.7","69900","142100","529"
"Inactive","Percentage of individuals inactive","Pakistani/Bangladeshi","Detailed","Jan17-Dec17","year","All","25-49","16-64","All","Non-disabled","27.4","2.9","168600","614500","2285"
"Inactive","Percentage of individuals inactive","Pakistani/Bangladeshi","Detailed","Jan17-Dec17","year","All","25-49","16-64","All","unknown","!","!","!","!","!"
"Inactive","Percentage of individuals inactive","Pakistani/Bangladeshi","Detailed","Jan17-Dec17","year","All","25-49","16-64","Female","All","53.5","4","203300","380300","1511"
"Inactive","Percentage of individuals inactive","Pakistani/Bangladeshi","Detailed","Jan17-Dec17","year","All","25-49","16-64","Female","Disabled","69","8.3","50400","73000","297"
"Inactive","Percentage of individuals inactive","Pakistani/Bangladeshi","Detailed","Jan17-Dec17","year","All","25-49","16-64","Female","Non-disabled","49.7","4.5","151000","303700","1200"
"Inactive","Percentage of individuals inactive","Pakistani/Bangladeshi","Detailed","Jan17-Dec17","year","All","25-49","16-64","Female","unknown","!","!","!","!","!"
"Inactive","Percentage of individuals inactive","Pakistani/Bangladeshi","Detailed","Jan17-Dec17","year","All","25-49","16-64","Male","All","9.7","2.5","37100","380900","1321"
"Inactive","Percentage of individuals inactive","Pakistani/Bangladeshi","Detailed","Jan17-Dec17","year","All","25-49","16-64","Male","Disabled","28.2","9.1","19500","69100","232"
"Inactive","Percentage of individuals inactive","Pakistani/Bangladeshi","Detailed","Jan17-Dec17","year","All","25-49","16-64","Male","Non-disabled","5.7","2.2","17600","310800","1085"
"Inactive","Percentage of individuals inactive","Pakistani/Bangladeshi","Detailed","Jan17-Dec17","year","All","25-49","16-64","Male","unknown","!","!","!","!","!"
"Inactive","Percentage of individuals inactive","Pakistani/Bangladeshi","Detailed","Jan17-Dec17","year","All","50-64","16-64","All","All","42.5","6.2","63200","148500","602"
"Inactive","Percentage of individuals inactive","Pakistani/Bangladeshi","Detailed","Jan17-Dec17","year","All","50-64","16-64","All","Disabled","67.9","9.3","40300","59300","242"
"Inactive","Percentage of individuals inactive","Pakistani/Bangladeshi","Detailed","Jan17-Dec17","year","All","50-64","16-64","All","Non-disabled","25.2","7.1","22200","88300","356"
"Inactive","Percentage of individuals inactive","Pakistani/Bangladeshi","Detailed","Jan17-Dec17","year","All","50-64","16-64","All","unknown","!","!","!","!","!"
"Inactive","Percentage of individuals inactive","Pakistani/Bangladeshi","Detailed","Jan17-Dec17","year","All","50-64","16-64","Female","All","72.5","8.6","43100","59500","256"
"Inactive","Percentage of individuals inactive","Pakistani/Bangladeshi","Detailed","Jan17-Dec17","year","All","50-64","16-64","Female","Disabled","89.1","8.4","26500","29700","131"
"Inactive","Percentage of individuals inactive","Pakistani/Bangladeshi","Detailed","Jan17-Dec17","year","All","50-64","16-64","Female","Non-disabled","55.1","13.9","16000","29100","123"
"Inactive","Percentage of individuals inactive","Pakistani/Bangladeshi","Detailed","Jan17-Dec17","year","All","50-64","16-64","Female","unknown","!","!","!","!","!"
"Inactive","Percentage of individuals inactive","Pakistani/Bangladeshi","Detailed","Jan17-Dec17","year","All","50-64","16-64","Male","All","22.5","7","20000","89000","346"
"Inactive","Percentage of individuals inactive","Pakistani/Bangladeshi","Detailed","Jan17-Dec17","year","All","50-64","16-64","Male","Disabled","46.7","14.7","13800","29600","111"
"Inactive","Percentage of individuals inactive","Pakistani/Bangladeshi","Detailed","Jan17-Dec17","year","All","50-64","16-64","Male","Non-disabled","10.5","6.2","6200","59200","233"
"Inactive","Percentage of individuals inactive","Pakistani/Bangladeshi","Detailed","Jan17-Dec17","year","All","50-64","16-64","Male","unknown","!","!","!","!","!"
"Inactive","Percentage of individuals inactive","Pakistani/Bangladeshi","Detailed","Jan17-Dec17","year","All","All","16-64","All","All","39.3","2.3","472600","1203000","4377"
"Inactive","Percentage of individuals inactive","Pakistani/Bangladeshi","Detailed","Jan17-Dec17","year","All","All","16-64","All","Disabled","55.4","5.2","127600","230400","861"
"Inactive","Percentage of individuals inactive","Pakistani/Bangladeshi","Detailed","Jan17-Dec17","year","All","All","16-64","All","Non-disabled","35.3","2.5","340800","964200","3484"
"Inactive","Percentage of individuals inactive","Pakistani/Bangladeshi","Detailed","Jan17-Dec17","year","All","All","16-64","All","unknown","!","!","!","!","!"
"Inactive","Percentage of individuals inactive","Pakistani/Bangladeshi","Detailed","Jan17-Dec17","year","All","All","16-64","Female","All","56.3","3.2","331000","587800","2262"
"Inactive","Percentage of individuals inactive","Pakistani/Bangladeshi","Detailed","Jan17-Dec17","year","All","All","16-64","Female","Disabled","74","6.3","87200","117900","471"
"Inactive","Percentage of individuals inactive","Pakistani/Bangladeshi","Detailed","Jan17-Dec17","year","All","All","16-64","Female","Non-disabled","51.8","3.7","240500","464400","1770"
"Inactive","Percentage of individuals inactive","Pakistani/Bangladeshi","Detailed","Jan17-Dec17","year","All","All","16-64","Female","unknown","!","!","!","!","!"
"Inactive","Percentage of individuals inactive","Pakistani/Bangladeshi","Detailed","Jan17-Dec17","year","All","All","16-64","Male","All","23","2.8","141600","615200","2115"
"Inactive","Percentage of individuals inactive","Pakistani/Bangladeshi","Detailed","Jan17-Dec17","year","All","All","16-64","Male","Disabled","35.9","7.5","40400","112600","390"
"Inactive","Percentage of individuals inactive","Pakistani/Bangladeshi","Detailed","Jan17-Dec17","year","All","All","16-64","Male","Non-disabled","20.1","3","100400","499800","1714"
"Inactive","Percentage of individuals inactive","Pakistani/Bangladeshi","Detailed","Jan17-Dec17","year","All","All","16-64","Male","unknown","!","!","!","!","!"
"Inactive","Percentage of individuals inactive","Pakistani/Bangladeshi","Detailed","Jan17-Dec17","year","East Midlands","All","16-64","All","All","47.6","11.3","23600","49600","186"
"Inactive","Percentage of individuals inactive","Pakistani/Bangladeshi","Detailed","Jan17-Dec17","year","East Midlands","All","16-64","All","Disabled","!","!","!","!","!"
"Inactive","Percentage of individuals inactive","Pakistani/Bangladeshi","Detailed","Jan17-Dec17","year","East Midlands","All","16-64","All","Non-disabled","44","12.5","17300","39300","151"
"Inactive","Percentage of individuals inactive","Pakistani/Bangladeshi","Detailed","Jan17-Dec17","year","East Midlands","All","16-64","All","unknown","!","!","!","!","!"
"Inactive","Percentage of individuals inactive","Pakistani/Bangladeshi","Detailed","Jan17-Dec17","year","East of England","All","16-64","All","All","38.2","7.4","27600","72100","415"
"Inactive","Percentage of individuals inactive","Pakistani/Bangladeshi","Detailed","Jan17-Dec17","year","East of England","All","16-64","All","Disabled","!","!","!","!","!"
"Inactive","Percentage of individuals inactive","Pakistani/Bangladeshi","Detailed","Jan17-Dec17","year","East of England","All","16-64","All","Non-disabled","34.6","8.2","19300","55800","322"
"Inactive","Percentage of individuals inactive","Pakistani/Bangladeshi","Detailed","Jan17-Dec17","year","East of England","All","16-64","All","unknown","!","!","!","!","!"
"Inactive","Percentage of individuals inactive","Pakistani/Bangladeshi","Detailed","Jan17-Dec17","year","London","All","16-64","All","All","37.3","4.8","138700","372100","962"
"Inactive","Percentage of individuals inactive","Pakistani/Bangladeshi","Detailed","Jan17-Dec17","year","London","All","16-64","All","Disabled","56.1","11.2","40100","71400","189"
"Inactive","Percentage of individuals inactive","Pakistani/Bangladeshi","Detailed","Jan17-Dec17","year","London","All","16-64","All","Non-disabled","32.9","5.3","97600","297000","761"
"Inactive","Percentage of individuals inactive","Pakistani/Bangladeshi","Detailed","Jan17-Dec17","year","London","All","16-64","All","unknown","!","!","!","!","!"
"Inactive","Percentage of individuals inactive","Pakistani/Bangladeshi","Detailed","Jan17-Dec17","year","North East","All","16-64","All","All","40.3","13.5","7200","17800","127"
"Inactive","Percentage of individuals inactive","Pakistani/Bangladeshi","Detailed","Jan17-Dec17","year","North East","All","16-64","All","Disabled","!","!","!","!","!"
"Inactive","Percentage of individuals inactive","Pakistani/Bangladeshi","Detailed","Jan17-Dec17","year","North East","All","16-64","All","Non-disabled","39.7","15.1","5400","13700","101"
"Inactive","Percentage of individuals inactive","Pakistani/Bangladeshi","Detailed","Jan17-Dec17","year","North East","All","16-64","All","unknown","!","!","!","!","!"
"Inactive","Percentage of individuals inactive","Pakistani/Bangladeshi","Detailed","Jan17-Dec17","year","North West","All","16-64","All","All","40.8","5.2","68300","167400","865"
"Inactive","Percentage of individuals inactive","Pakistani/Bangladeshi","Detailed","Jan17-Dec17","year","North West","All","16-64","All","Disabled","61.5","11.3","20400","33100","179"
"Inactive","Percentage of individuals inactive","Pakistani/Bangladeshi","Detailed","Jan17-Dec17","year","North West","All","16-64","All","Non-disabled","35.4","5.7","47200","133200","681"
"Inactive","Percentage of individuals inactive","Pakistani/Bangladeshi","Detailed","Jan17-Dec17","year","North West","All","16-64","All","unknown","!","!","!","!","!"
"Inactive","Percentage of individuals inactive","Pakistani/Bangladeshi","Detailed","Jan17-Dec17","year","Scotland","All","16-64","All","All","31","11","14200","45900","169"
"Inactive","Percentage of individuals inactive","Pakistani/Bangladeshi","Detailed","Jan17-Dec17","year","Scotland","All","16-64","All","Disabled","!","!","!","!","!"
"Inactive","Percentage of individuals inactive","Pakistani/Bangladeshi","Detailed","Jan17-Dec17","year","Scotland","All","16-64","All","Non-disabled","26.2","11.5","9800","37300","140"
"Inactive","Percentage of individuals inactive","Pakistani/Bangladeshi","Detailed","Jan17-Dec17","year","Scotland","All","16-64","All","unknown","!","!","!","!","!"
"Inactive","Percentage of individuals inactive","Pakistani/Bangladeshi","Detailed","Jan17-Dec17","year","South East","All","16-64","All","All","29","6.8","22400","77300","426"
"Inactive","Percentage of individuals inactive","Pakistani/Bangladeshi","Detailed","Jan17-Dec17","year","South East","All","16-64","All","Disabled","!","!","!","!","!"
"Inactive","Percentage of individuals inactive","Pakistani/Bangladeshi","Detailed","Jan17-Dec17","year","South East","All","16-64","All","Non-disabled","26.2","7.3","16900","64600","352"
"Inactive","Percentage of individuals inactive","Pakistani/Bangladeshi","Detailed","Jan17-Dec17","year","South East","All","16-64","All","unknown","!","!","!","!","!"
"Inactive","Percentage of individuals inactive","Pakistani/Bangladeshi","Detailed","Jan17-Dec17","year","South West","All","16-64","All","All","!","!","!","!","!"
"Inactive","Percentage of individuals inactive","Pakistani/Bangladeshi","Detailed","Jan17-Dec17","year","South West","All","16-64","All","Disabled","!","!","!","!","!"
"Inactive","Percentage of individuals inactive","Pakistani/Bangladeshi","Detailed","Jan17-Dec17","year","South West","All","16-64","All","Non-disabled","!","!","!","!","!"
"Inactive","Percentage of individuals inactive","Pakistani/Bangladeshi","Detailed","Jan17-Dec17","year","South West","All","16-64","All","unknown","!","!","!","!","!"
"Inactive","Percentage of individuals inactive","Pakistani/Bangladeshi","Detailed","Jan17-Dec17","year","Wales","All","16-64","All","All","!","!","!","!","!"
"Inactive","Percentage of individuals inactive","Pakistani/Bangladeshi","Detailed","Jan17-Dec17","year","Wales","All","16-64","All","Disabled","!","!","!","!","!"
"Inactive","Percentage of individuals inactive","Pakistani/Bangladeshi","Detailed","Jan17-Dec17","year","Wales","All","16-64","All","Non-disabled","!","!","!","!","!"
"Inactive","Percentage of individuals inactive","Pakistani/Bangladeshi","Detailed","Jan17-Dec17","year","Wales","All","16-64","All","unknown","!","!","!","!","!"
"Inactive","Percentage of individuals inactive","Pakistani/Bangladeshi","Detailed","Jan17-Dec17","year","West Midlands","All","16-64","All","All","41.9","6.3","88500","211200","581"
"Inactive","Percentage of individuals inactive","Pakistani/Bangladeshi","Detailed","Jan17-Dec17","year","West Midlands","All","16-64","All","Disabled","58.2","14.3","21900","37700","114"
"Inactive","Percentage of individuals inactive","Pakistani/Bangladeshi","Detailed","Jan17-Dec17","year","West Midlands","All","16-64","All","Non-disabled","38.1","7","65400","171800","462"
"Inactive","Percentage of individuals inactive","Pakistani/Bangladeshi","Detailed","Jan17-Dec17","year","West Midlands","All","16-64","All","unknown","!","!","!","!","!"
"Inactive","Percentage of individuals inactive","Pakistani/Bangladeshi","Detailed","Jan17-Dec17","year","Yorkshire and The Humber","All","16-64","All","All","44.6","6.9","70900","158900","493"
"Inactive","Percentage of individuals inactive","Pakistani/Bangladeshi","Detailed","Jan17-Dec17","year","Yorkshire and The Humber","All","16-64","All","Disabled","53.3","15.3","17000","31900","102"
"Inactive","Percentage of individuals inactive","Pakistani/Bangladeshi","Detailed","Jan17-Dec17","year","Yorkshire and The Humber","All","16-64","All","Non-disabled","42.1","7.8","53200","126300","388"
"Inactive","Percentage of individuals inactive","Pakistani/Bangladeshi","Detailed","Jan17-Dec17","year","Yorkshire and The Humber","All","16-64","All","unknown","!","!","!","!","!"
"Inactive","Percentage of individuals inactive","Unknown","ONS 2011 5+1","Jan17-Dec17","year","All","16-24","16-64","All","All","!","!","!","!","!"
"Inactive","Percentage of individuals inactive","Unknown","ONS 2011 5+1","Jan17-Dec17","year","All","16-24","16-64","All","Disabled","!","!","!","!","!"
"Inactive","Percentage of individuals inactive","Unknown","ONS 2011 5+1","Jan17-Dec17","year","All","16-24","16-64","All","Non-disabled","!","!","!","!","!"
"Inactive","Percentage of individuals inactive","Unknown","ONS 2011 5+1","Jan17-Dec17","year","All","16-24","16-64","All","unknown","!","!","!","!","!"
"Inactive","Percentage of individuals inactive","Unknown","ONS 2011 5+1","Jan17-Dec17","year","All","16-24","16-64","Female","All","!","!","!","!","!"
"Inactive","Percentage of individuals inactive","Unknown","ONS 2011 5+1","Jan17-Dec17","year","All","16-24","16-64","Female","Disabled","!","!","!","!","!"
"Inactive","Percentage of individuals inactive","Unknown","ONS 2011 5+1","Jan17-Dec17","year","All","16-24","16-64","Female","Non-disabled","!","!","!","!","!"
"Inactive","Percentage of individuals inactive","Unknown","ONS 2011 5+1","Jan17-Dec17","year","All","16-24","16-64","Female","unknown","!","!","!","!","!"
"Inactive","Percentage of individuals inactive","Unknown","ONS 2011 5+1","Jan17-Dec17","year","All","16-24","16-64","Male","All","!","!","!","!","!"
"Inactive","Percentage of individuals inactive","Unknown","ONS 2011 5+1","Jan17-Dec17","year","All","16-24","16-64","Male","Disabled","!","!","!","!","!"
"Inactive","Percentage of individuals inactive","Unknown","ONS 2011 5+1","Jan17-Dec17","year","All","16-24","16-64","Male","Non-disabled","!","!","!","!","!"
"Inactive","Percentage of individuals inactive","Unknown","ONS 2011 5+1","Jan17-Dec17","year","All","16-24","16-64","Male","unknown","!","!","!","!","!"
"Inactive","Percentage of individuals inactive","Unknown","ONS 2011 5+1","Jan17-Dec17","year","All","25-49","16-64","All","All","!","!","!","!","!"
"Inactive","Percentage of individuals inactive","Unknown","ONS 2011 5+1","Jan17-Dec17","year","All","25-49","16-64","All","Disabled","!","!","!","!","!"
"Inactive","Percentage of individuals inactive","Unknown","ONS 2011 5+1","Jan17-Dec17","year","All","25-49","16-64","All","Non-disabled","!","!","!","!","!"
"Inactive","Percentage of individuals inactive","Unknown","ONS 2011 5+1","Jan17-Dec17","year","All","25-49","16-64","All","unknown","!","!","!","!","!"
"Inactive","Percentage of individuals inactive","Unknown","ONS 2011 5+1","Jan17-Dec17","year","All","25-49","16-64","Female","All","!","!","!","!","!"
"Inactive","Percentage of individuals inactive","Unknown","ONS 2011 5+1","Jan17-Dec17","year","All","25-49","16-64","Female","Disabled","!","!","!","!","!"
"Inactive","Percentage of individuals inactive","Unknown","ONS 2011 5+1","Jan17-Dec17","year","All","25-49","16-64","Female","Non-disabled","!","!","!","!","!"
"Inactive","Percentage of individuals inactive","Unknown","ONS 2011 5+1","Jan17-Dec17","year","All","25-49","16-64","Female","unknown","!","!","!","!","!"
"Inactive","Percentage of individuals inactive","Unknown","ONS 2011 5+1","Jan17-Dec17","year","All","25-49","16-64","Male","All","!","!","!","!","!"
"Inactive","Percentage of individuals inactive","Unknown","ONS 2011 5+1","Jan17-Dec17","year","All","25-49","16-64","Male","Disabled","!","!","!","!","!"
"Inactive","Percentage of individuals inactive","Unknown","ONS 2011 5+1","Jan17-Dec17","year","All","25-49","16-64","Male","Non-disabled","!","!","!","!","!"
"Inactive","Percentage of individuals inactive","Unknown","ONS 2011 5+1","Jan17-Dec17","year","All","25-49","16-64","Male","unknown","!","!","!","!","!"
"Inactive","Percentage of individuals inactive","Unknown","ONS 2011 5+1","Jan17-Dec17","year","All","50-64","16-64","All","All","!","!","!","!","!"
"Inactive","Percentage of individuals inactive","Unknown","ONS 2011 5+1","Jan17-Dec17","year","All","50-64","16-64","All","Disabled","!","!","!","!","!"
"Inactive","Percentage of individuals inactive","Unknown","ONS 2011 5+1","Jan17-Dec17","year","All","50-64","16-64","All","Non-disabled","!","!","!","!","!"
"Inactive","Percentage of individuals inactive","Unknown","ONS 2011 5+1","Jan17-Dec17","year","All","50-64","16-64","All","unknown","!","!","!","!","!"
"Inactive","Percentage of individuals inactive","Unknown","ONS 2011 5+1","Jan17-Dec17","year","All","50-64","16-64","Female","All","!","!","!","!","!"
"Inactive","Percentage of individuals inactive","Unknown","ONS 2011 5+1","Jan17-Dec17","year","All","50-64","16-64","Female","Disabled","!","!","!","!","!"
"Inactive","Percentage of individuals inactive","Unknown","ONS 2011 5+1","Jan17-Dec17","year","All","50-64","16-64","Female","Non-disabled","!","!","!","!","!"
"Inactive","Percentage of individuals inactive","Unknown","ONS 2011 5+1","Jan17-Dec17","year","All","50-64","16-64","Female","unknown","!","!","!","!","!"
"Inactive","Percentage of individuals inactive","Unknown","ONS 2011 5+1","Jan17-Dec17","year","All","50-64","16-64","Male","All","!","!","!","!","!"
"Inactive","Percentage of individuals inactive","Unknown","ONS 2011 5+1","Jan17-Dec17","year","All","50-64","16-64","Male","Disabled","!","!","!","!","!"
"Inactive","Percentage of individuals inactive","Unknown","ONS 2011 5+1","Jan17-Dec17","year","All","50-64","16-64","Male","Non-disabled","!","!","!","!","!"
"Inactive","Percentage of individuals inactive","Unknown","ONS 2011 5+1","Jan17-Dec17","year","All","50-64","16-64","Male","unknown","!","!","!","!","!"
"Inactive","Percentage of individuals inactive","Unknown","ONS 2011 5+1","Jan17-Dec17","year","All","All","16-64","All","All","37.9","13.4","12700","33600","126"
"Inactive","Percentage of individuals inactive","Unknown","ONS 2011 5+1","Jan17-Dec17","year","All","All","16-64","All","Disabled","!","!","!","!","!"
"Inactive","Percentage of individuals inactive","Unknown","ONS 2011 5+1","Jan17-Dec17","year","All","All","16-64","All","Non-disabled","!","!","!","!","!"
"Inactive","Percentage of individuals inactive","Unknown","ONS 2011 5+1","Jan17-Dec17","year","All","All","16-64","All","unknown","!","!","!","!","!"
"Inactive","Percentage of individuals inactive","Unknown","ONS 2011 5+1","Jan17-Dec17","year","All","All","16-64","Female","All","!","!","!","!","!"
"Inactive","Percentage of individuals inactive","Unknown","ONS 2011 5+1","Jan17-Dec17","year","All","All","16-64","Female","Disabled","!","!","!","!","!"
"Inactive","Percentage of individuals inactive","Unknown","ONS 2011 5+1","Jan17-Dec17","year","All","All","16-64","Female","Non-disabled","!","!","!","!","!"
"Inactive","Percentage of individuals inactive","Unknown","ONS 2011 5+1","Jan17-Dec17","year","All","All","16-64","Female","unknown","!","!","!","!","!"
"Inactive","Percentage of individuals inactive","Unknown","ONS 2011 5+1","Jan17-Dec17","year","All","All","16-64","Male","All","!","!","!","!","!"
"Inactive","Percentage of individuals inactive","Unknown","ONS 2011 5+1","Jan17-Dec17","year","All","All","16-64","Male","Disabled","!","!","!","!","!"
"Inactive","Percentage of individuals inactive","Unknown","ONS 2011 5+1","Jan17-Dec17","year","All","All","16-64","Male","Non-disabled","!","!","!","!","!"
"Inactive","Percentage of individuals inactive","Unknown","ONS 2011 5+1","Jan17-Dec17","year","All","All","16-64","Male","unknown","!","!","!","!","!"
"Inactive","Percentage of individuals inactive","Unknown","ONS 2011 5+1","Jan17-Dec17","year","East Midlands","All","16-64","All","All","!","!","!","!","!"
"Inactive","Percentage of individuals inactive","Unknown","ONS 2011 5+1","Jan17-Dec17","year","East Midlands","All","16-64","All","Disabled","!","!","!","!","!"
"Inactive","Percentage of individuals inactive","Unknown","ONS 2011 5+1","Jan17-Dec17","year","East Midlands","All","16-64","All","Non-disabled","!","!","!","!","!"
"Inactive","Percentage of individuals inactive","Unknown","ONS 2011 5+1","Jan17-Dec17","year","East Midlands","All","16-64","All","unknown","!","!","!","!","!"
"Inactive","Percentage of individuals inactive","Unknown","ONS 2011 5+1","Jan17-Dec17","year","East of England","All","16-64","All","All","!","!","!","!","!"
"Inactive","Percentage of individuals inactive","Unknown","ONS 2011 5+1","Jan17-Dec17","year","East of England","All","16-64","All","Disabled","!","!","!","!","!"
"Inactive","Percentage of individuals inactive","Unknown","ONS 2011 5+1","Jan17-Dec17","year","East of England","All","16-64","All","Non-disabled","!","!","!","!","!"
"Inactive","Percentage of individuals inactive","Unknown","ONS 2011 5+1","Jan17-Dec17","year","East of England","All","16-64","All","unknown","!","!","!","!","!"
"Inactive","Percentage of individuals inactive","Unknown","ONS 2011 5+1","Jan17-Dec17","year","London","All","16-64","All","All","!","!","!","!","!"
"Inactive","Percentage of individuals inactive","Unknown","ONS 2011 5+1","Jan17-Dec17","year","London","All","16-64","All","Disabled","!","!","!","!","!"
"Inactive","Percentage of individuals inactive","Unknown","ONS 2011 5+1","Jan17-Dec17","year","London","All","16-64","All","Non-disabled","!","!","!","!","!"
"Inactive","Percentage of individuals inactive","Unknown","ONS 2011 5+1","Jan17-Dec17","year","London","All","16-64","All","unknown","!","!","!","!","!"
"Inactive","Percentage of individuals inactive","Unknown","ONS 2011 5+1","Jan17-Dec17","year","North East","All","16-64","All","All","!","!","!","!","!"
"Inactive","Percentage of individuals inactive","Unknown","ONS 2011 5+1","Jan17-Dec17","year","North East","All","16-64","All","Disabled","!","!","!","!","!"
"Inactive","Percentage of individuals inactive","Unknown","ONS 2011 5+1","Jan17-Dec17","year","North East","All","16-64","All","Non-disabled","!","!","!","!","!"
"Inactive","Percentage of individuals inactive","Unknown","ONS 2011 5+1","Jan17-Dec17","year","North East","All","16-64","All","unknown","!","!","!","!","!"
"Inactive","Percentage of individuals inactive","Unknown","ONS 2011 5+1","Jan17-Dec17","year","North West","All","16-64","All","All","!","!","!","!","!"
"Inactive","Percentage of individuals inactive","Unknown","ONS 2011 5+1","Jan17-Dec17","year","North West","All","16-64","All","Disabled","!","!","!","!","!"
"Inactive","Percentage of individuals inactive","Unknown","ONS 2011 5+1","Jan17-Dec17","year","North West","All","16-64","All","Non-disabled","!","!","!","!","!"
"Inactive","Percentage of individuals inactive","Unknown","ONS 2011 5+1","Jan17-Dec17","year","North West","All","16-64","All","unknown","!","!","!","!","!"
"Inactive","Percentage of individuals inactive","Unknown","ONS 2011 5+1","Jan17-Dec17","year","Scotland","All","16-64","All","All","!","!","!","!","!"
"Inactive","Percentage of individuals inactive","Unknown","ONS 2011 5+1","Jan17-Dec17","year","Scotland","All","16-64","All","Disabled","!","!","!","!","!"
"Inactive","Percentage of individuals inactive","Unknown","ONS 2011 5+1","Jan17-Dec17","year","Scotland","All","16-64","All","Non-disabled","!","!","!","!","!"
"Inactive","Percentage of individuals inactive","Unknown","ONS 2011 5+1","Jan17-Dec17","year","Scotland","All","16-64","All","unknown","!","!","!","!","!"
"Inactive","Percentage of individuals inactive","Unknown","ONS 2011 5+1","Jan17-Dec17","year","South East","All","16-64","All","All","!","!","!","!","!"
"Inactive","Percentage of individuals inactive","Unknown","ONS 2011 5+1","Jan17-Dec17","year","South East","All","16-64","All","Disabled","!","!","!","!","!"
"Inactive","Percentage of individuals inactive","Unknown","ONS 2011 5+1","Jan17-Dec17","year","South East","All","16-64","All","Non-disabled","!","!","!","!","!"
"Inactive","Percentage of individuals inactive","Unknown","ONS 2011 5+1","Jan17-Dec17","year","South East","All","16-64","All","unknown","!","!","!","!","!"
"Inactive","Percentage of individuals inactive","Unknown","ONS 2011 5+1","Jan17-Dec17","year","South West","All","16-64","All","All","!","!","!","!","!"
"Inactive","Percentage of individuals inactive","Unknown","ONS 2011 5+1","Jan17-Dec17","year","South West","All","16-64","All","Disabled","!","!","!","!","!"
"Inactive","Percentage of individuals inactive","Unknown","ONS 2011 5+1","Jan17-Dec17","year","South West","All","16-64","All","Non-disabled","!","!","!","!","!"
"Inactive","Percentage of individuals inactive","Unknown","ONS 2011 5+1","Jan17-Dec17","year","South West","All","16-64","All","unknown","!","!","!","!","!"
"Inactive","Percentage of individuals inactive","Unknown","ONS 2011 5+1","Jan17-Dec17","year","Wales","All","16-64","All","All","!","!","!","!","!"
"Inactive","Percentage of individuals inactive","Unknown","ONS 2011 5+1","Jan17-Dec17","year","Wales","All","16-64","All","Disabled","!","!","!","!","!"
"Inactive","Percentage of individuals inactive","Unknown","ONS 2011 5+1","Jan17-Dec17","year","Wales","All","16-64","All","Non-disabled","!","!","!","!","!"
"Inactive","Percentage of individuals inactive","Unknown","ONS 2011 5+1","Jan17-Dec17","year","Wales","All","16-64","All","unknown","!","!","!","!","!"
"Inactive","Percentage of individuals inactive","Unknown","ONS 2011 5+1","Jan17-Dec17","year","West Midlands","All","16-64","All","All","!","!","!","!","!"
"Inactive","Percentage of individuals inactive","Unknown","ONS 2011 5+1","Jan17-Dec17","year","West Midlands","All","16-64","All","Disabled","!","!","!","!","!"
"Inactive","Percentage of individuals inactive","Unknown","ONS 2011 5+1","Jan17-Dec17","year","West Midlands","All","16-64","All","Non-disabled","!","!","!","!","!"
"Inactive","Percentage of individuals inactive","Unknown","ONS 2011 5+1","Jan17-Dec17","year","West Midlands","All","16-64","All","unknown","!","!","!","!","!"
"Inactive","Percentage of individuals inactive","Unknown","ONS 2011 5+1","Jan17-Dec17","year","Yorkshire and The Humber","All","16-64","All","All","!","!","!","!","!"
"Inactive","Percentage of individuals inactive","Unknown","ONS 2011 5+1","Jan17-Dec17","year","Yorkshire and The Humber","All","16-64","All","Disabled","!","!","!","!","!"
"Inactive","Percentage of individuals inactive","Unknown","ONS 2011 5+1","Jan17-Dec17","year","Yorkshire and The Humber","All","16-64","All","Non-disabled","!","!","!","!","!"
"Inactive","Percentage of individuals inactive","Unknown","ONS 2011 5+1","Jan17-Dec17","year","Yorkshire and The Humber","All","16-64","All","unknown","!","!","!","!","!"
"Inactive","Percentage of individuals inactive","White","ONS 2011 5+1","Jan17-Dec17","year","All","16-24","16-64","All","All","34.5","1","1954900","5659300","20084"
"Inactive","Percentage of individuals inactive","White","ONS 2011 5+1","Jan17-Dec17","year","All","16-24","16-64","All","Disabled","47.6","2.9","368700","774100","2778"
"Inactive","Percentage of individuals inactive","White","ONS 2011 5+1","Jan17-Dec17","year","All","16-24","16-64","All","Non-disabled","32.2","1.1","1561300","4841300","17141"
"Inactive","Percentage of individuals inactive","White","ONS 2011 5+1","Jan17-Dec17","year","All","16-24","16-64","All","unknown","56.7","11.9","24900","43900","165"
"Inactive","Percentage of individuals inactive","White","ONS 2011 5+1","Jan17-Dec17","year","All","16-24","16-64","Female","All","36","1.5","989200","2747800","9989"
"Inactive","Percentage of individuals inactive","White","ONS 2011 5+1","Jan17-Dec17","year","All","16-24","16-64","Female","Disabled","44","3.9","187100","424700","1529"
"Inactive","Percentage of individuals inactive","White","ONS 2011 5+1","Jan17-Dec17","year","All","16-24","16-64","Female","Non-disabled","34.3","1.6","789400","2299500","8373"
"Inactive","Percentage of individuals inactive","White","ONS 2011 5+1","Jan17-Dec17","year","All","16-24","16-64","Female","unknown","54.1","16.5","12700","23500","87"
"Inactive","Percentage of individuals inactive","White","ONS 2011 5+1","Jan17-Dec17","year","All","16-24","16-64","Male","All","33.2","1.5","965700","2911600","10095"
"Inactive","Percentage of individuals inactive","White","ONS 2011 5+1","Jan17-Dec17","year","All","16-24","16-64","Male","Disabled","52","4.4","181600","349400","1249"
"Inactive","Percentage of individuals inactive","White","ONS 2011 5+1","Jan17-Dec17","year","All","16-24","16-64","Male","Non-disabled","30.4","1.5","771900","2541700","8768"
"Inactive","Percentage of individuals inactive","White","ONS 2011 5+1","Jan17-Dec17","year","All","16-24","16-64","Male","unknown","59.7","17.2","12200","20400","78"
"Inactive","Percentage of individuals inactive","White","ONS 2011 5+1","Jan17-Dec17","year","All","25-49","16-64","All","All","11.6","0.4","2038600","17579300","71598"
"Inactive","Percentage of individuals inactive","White","ONS 2011 5+1","Jan17-Dec17","year","All","25-49","16-64","All","Disabled","34.6","1.3","959400","2771500","11977"
"Inactive","Percentage of individuals inactive","White","ONS 2011 5+1","Jan17-Dec17","year","All","25-49","16-64","All","Non-disabled","7.2","0.3","1057900","14709700","59236"
"Inactive","Percentage of individuals inactive","White","ONS 2011 5+1","Jan17-Dec17","year","All","25-49","16-64","All","unknown","21.7","6.5","21300","98100","385"
"Inactive","Percentage of individuals inactive","White","ONS 2011 5+1","Jan17-Dec17","year","All","25-49","16-64","Female","All","16.5","0.6","1455400","8794900","37986"
"Inactive","Percentage of individuals inactive","White","ONS 2011 5+1","Jan17-Dec17","year","All","25-49","16-64","Female","Disabled","36.3","1.7","585700","1614200","7275"
"Inactive","Percentage of individuals inactive","White","ONS 2011 5+1","Jan17-Dec17","year","All","25-49","16-64","Female","Non-disabled","12","0.6","857800","7126600","30490"
"Inactive","Percentage of individuals inactive","White","ONS 2011 5+1","Jan17-Dec17","year","All","25-49","16-64","Female","unknown","22.1","8.6","11900","54100","221"
"Inactive","Percentage of individuals inactive","White","ONS 2011 5+1","Jan17-Dec17","year","All","25-49","16-64","Male","All","6.6","0.4","583200","8784400","33612"
"Inactive","Percentage of individuals inactive","White","ONS 2011 5+1","Jan17-Dec17","year","All","25-49","16-64","Male","Disabled","32.3","2.1","373700","1157300","4702"
"Inactive","Percentage of individuals inactive","White","ONS 2011 5+1","Jan17-Dec17","year","All","25-49","16-64","Male","Non-disabled","2.6","0.3","200100","7583100","28746"
"Inactive","Percentage of individuals inactive","White","ONS 2011 5+1","Jan17-Dec17","year","All","25-49","16-64","Male","unknown","21.2","9.9","9400","44000","164"
"Inactive","Percentage of individuals inactive","White","ONS 2011 5+1","Jan17-Dec17","year","All","50-64","16-64","All","All","26.6","0.6","2912800","10968700","54212"
"Inactive","Percentage of individuals inactive","White","ONS 2011 5+1","Jan17-Dec17","year","All","50-64","16-64","All","Disabled","50.7","1.3","1428300","2814700","14452"
"Inactive","Percentage of individuals inactive","White","ONS 2011 5+1","Jan17-Dec17","year","All","50-64","16-64","All","Non-disabled","18","0.6","1458000","8082500","39398"
"Inactive","Percentage of individuals inactive","White","ONS 2011 5+1","Jan17-Dec17","year","All","50-64","16-64","All","unknown","37.1","7.9","26500","71500","362"
"Inactive","Percentage of individuals inactive","White","ONS 2011 5+1","Jan17-Dec17","year","All","50-64","16-64","Female","All","31.4","0.9","1755800","5590600","28422"
"Inactive","Percentage of individuals inactive","White","ONS 2011 5+1","Jan17-Dec17","year","All","50-64","16-64","Female","Disabled","53","1.7","814100","1535200","8099"
"Inactive","Percentage of individuals inactive","White","ONS 2011 5+1","Jan17-Dec17","year","All","50-64","16-64","Female","Non-disabled","23.1","0.9","926300","4016800","20124"
"Inactive","Percentage of individuals inactive","White","ONS 2011 5+1","Jan17-Dec17","year","All","50-64","16-64","Female","unknown","39.9","10.7","15400","38600","199"
"Inactive","Percentage of individuals inactive","White","ONS 2011 5+1","Jan17-Dec17","year","All","50-64","16-64","Male","All","21.5","0.8","1157000","5378100","25790"
"Inactive","Percentage of individuals inactive","White","ONS 2011 5+1","Jan17-Dec17","year","All","50-64","16-64","Male","Disabled","48","1.9","614200","1279500","6353"
"Inactive","Percentage of individuals inactive","White","ONS 2011 5+1","Jan17-Dec17","year","All","50-64","16-64","Male","Non-disabled","13.1","0.8","531700","4065800","19274"
"Inactive","Percentage of individuals inactive","White","ONS 2011 5+1","Jan17-Dec17","year","All","50-64","16-64","Male","unknown","33.8","11.5","11100","32900","163"
"Inactive","Percentage of individuals inactive","White","ONS 2011 5+1","Jan17-Dec17","year","All","All","16-64","All","All","20.2","0.3","6906300","34207300","145894"
"Inactive","Percentage of individuals inactive","White","ONS 2011 5+1","Jan17-Dec17","year","All","All","16-64","All","Disabled","43.3","0.9","2756400","6360300","29207"
"Inactive","Percentage of individuals inactive","White","ONS 2011 5+1","Jan17-Dec17","year","All","All","16-64","All","Non-disabled","14.8","0.3","4077100","27633500","115775"
"Inactive","Percentage of individuals inactive","White","ONS 2011 5+1","Jan17-Dec17","year","All","All","16-64","All","unknown","34.1","4.9","72700","213600","912"
"Inactive","Percentage of individuals inactive","White","ONS 2011 5+1","Jan17-Dec17","year","All","All","16-64","Female","All","24.5","0.5","4200400","17133200","76397"
"Inactive","Percentage of individuals inactive","White","ONS 2011 5+1","Jan17-Dec17","year","All","All","16-64","Female","Disabled","44.4","1.2","1586900","3574100","16903"
"Inactive","Percentage of individuals inactive","White","ONS 2011 5+1","Jan17-Dec17","year","All","All","16-64","Female","Non-disabled","19.1","0.5","2573400","13442900","58987"
"Inactive","Percentage of individuals inactive","White","ONS 2011 5+1","Jan17-Dec17","year","All","All","16-64","Female","unknown","34.5","6.5","40100","116200","507"
"Inactive","Percentage of individuals inactive","White","ONS 2011 5+1","Jan17-Dec17","year","All","All","16-64","Male","All","15.8","0.4","2705900","17074100","69497"
"Inactive","Percentage of individuals inactive","White","ONS 2011 5+1","Jan17-Dec17","year","All","All","16-64","Male","Disabled","42","1.4","1169500","2786200","12304"
"Inactive","Percentage of individuals inactive","White","ONS 2011 5+1","Jan17-Dec17","year","All","All","16-64","Male","Non-disabled","10.6","0.4","1503700","14190600","56788"
"Inactive","Percentage of individuals inactive","White","ONS 2011 5+1","Jan17-Dec17","year","All","All","16-64","Male","unknown","33.5","7.3","32700","97400","405"
"Inactive","Percentage of individuals inactive","White","ONS 2011 5+1","Jan17-Dec17","year","East Midlands","All","16-64","All","All","20.8","1.5","538800","2593200","7009"
"Inactive","Percentage of individuals inactive","White","ONS 2011 5+1","Jan17-Dec17","year","East Midlands","All","16-64","All","Disabled","43.4","4","234300","539400","1501"
"Inactive","Percentage of individuals inactive","White","ONS 2011 5+1","Jan17-Dec17","year","East Midlands","All","16-64","All","Non-disabled","14.7","1.5","299200","2035400","5460"
"Inactive","Percentage of individuals inactive","White","ONS 2011 5+1","Jan17-Dec17","year","East Midlands","All","16-64","All","unknown","28.5","20.2","5200","18400","48"
"Inactive","Percentage of individuals inactive","White","ONS 2011 5+1","Jan17-Dec17","year","East of England","All","16-64","All","All","18.7","1.2","627500","3353800","9567"
"Inactive","Percentage of individuals inactive","White","ONS 2011 5+1","Jan17-Dec17","year","East of England","All","16-64","All","Disabled","39.4","3.6","231900","588400","1782"
"Inactive","Percentage of individuals inactive","White","ONS 2011 5+1","Jan17-Dec17","year","East of England","All","16-64","All","Non-disabled","14.2","1.2","389800","2748000","7737"
"Inactive","Percentage of individuals inactive","White","ONS 2011 5+1","Jan17-Dec17","year","East of England","All","16-64","All","unknown","33.3","21.1","5800","17400","48"
"Inactive","Percentage of individuals inactive","White","ONS 2011 5+1","Jan17-Dec17","year","London","All","16-64","All","All","17.9","1.2","644300","3591400","9341"
"Inactive","Percentage of individuals inactive","White","ONS 2011 5+1","Jan17-Dec17","year","London","All","16-64","All","Disabled","41.2","4.1","202600","492000","1363"
"Inactive","Percentage of individuals inactive","White","ONS 2011 5+1","Jan17-Dec17","year","London","All","16-64","All","Non-disabled","14.1","1.2","432800","3076900","7913"
"Inactive","Percentage of individuals inactive","White","ONS 2011 5+1","Jan17-Dec17","year","London","All","16-64","All","unknown","39.8","18.8","9000","22500","65"
"Inactive","Percentage of individuals inactive","White","ONS 2011 5+1","Jan17-Dec17","year","North East","All","16-64","All","All","24","1.3","374000","1558500","10233"
"Inactive","Percentage of individuals inactive","White","ONS 2011 5+1","Jan17-Dec17","year","North East","All","16-64","All","Disabled","49.6","3.1","175900","354500","2430"
"Inactive","Percentage of individuals inactive","White","ONS 2011 5+1","Jan17-Dec17","year","North East","All","16-64","All","Non-disabled","16.3","1.3","195300","1197800","7756"
"Inactive","Percentage of individuals inactive","White","ONS 2011 5+1","Jan17-Dec17","year","North East","All","16-64","All","unknown","46.2","22.5","2900","6200","47"
"Inactive","Percentage of individuals inactive","White","ONS 2011 5+1","Jan17-Dec17","year","North West","All","16-64","All","All","22.1","1","883900","4001300","18257"
"Inactive","Percentage of individuals inactive","White","ONS 2011 5+1","Jan17-Dec17","year","North West","All","16-64","All","Disabled","48","2.4","396500","826300","4034"
"Inactive","Percentage of individuals inactive","White","ONS 2011 5+1","Jan17-Dec17","year","North West","All","16-64","All","Non-disabled","15.2","0.9","477700","3148500","14107"
"Inactive","Percentage of individuals inactive","White","ONS 2011 5+1","Jan17-Dec17","year","North West","All","16-64","All","unknown","36.7","13.9","9700","26500","116"
"Inactive","Percentage of individuals inactive","White","ONS 2011 5+1","Jan17-Dec17","year","Scotland","All","16-64","All","All","21.9","0.9","712300","3258500","20348"
"Inactive","Percentage of individuals inactive","White","ONS 2011 5+1","Jan17-Dec17","year","Scotland","All","16-64","All","Disabled","49.2","2.4","311800","634000","4079"
"Inactive","Percentage of individuals inactive","White","ONS 2011 5+1","Jan17-Dec17","year","Scotland","All","16-64","All","Non-disabled","15.1","0.9","393900","2605400","16149"
"Inactive","Percentage of individuals inactive","White","ONS 2011 5+1","Jan17-Dec17","year","Scotland","All","16-64","All","unknown","35.1","13.5","6700","19000","120"
"Inactive","Percentage of individuals inactive","White","ONS 2011 5+1","Jan17-Dec17","year","South East","All","16-64","All","All","18.1","0.9","899600","4975600","17194"
"Inactive","Percentage of individuals inactive","White","ONS 2011 5+1","Jan17-Dec17","year","South East","All","16-64","All","Disabled","37.1","2.8","301100","810600","2929"
"Inactive","Percentage of individuals inactive","White","ONS 2011 5+1","Jan17-Dec17","year","South East","All","16-64","All","Non-disabled","14.3","0.9","590100","4135900","14166"
"Inactive","Percentage of individuals inactive","White","ONS 2011 5+1","Jan17-Dec17","year","South East","All","16-64","All","unknown","29.2","14.2","8500","29100","99"
"Inactive","Percentage of individuals inactive","White","ONS 2011 5+1","Jan17-Dec17","year","South West","All","16-64","All","All","18.2","1","572600","3147600","13070"
"Inactive","Percentage of individuals inactive","White","ONS 2011 5+1","Jan17-Dec17","year","South West","All","16-64","All","Disabled","35.9","3","209900","584300","2503"
"Inactive","Percentage of individuals inactive","White","ONS 2011 5+1","Jan17-Dec17","year","South West","All","16-64","All","Non-disabled","14.1","1.1","358700","2547200","10507"
"Inactive","Percentage of individuals inactive","White","ONS 2011 5+1","Jan17-Dec17","year","South West","All","16-64","All","unknown","25.4","17.4","4100","16000","60"
"Inactive","Percentage of individuals inactive","White","ONS 2011 5+1","Jan17-Dec17","year","Wales","All","16-64","All","All","23.2","1","420800","1812300","17588"
"Inactive","Percentage of individuals inactive","White","ONS 2011 5+1","Jan17-Dec17","year","Wales","All","16-64","All","Disabled","49.4","2.5","188900","382300","3845"
"Inactive","Percentage of individuals inactive","White","ONS 2011 5+1","Jan17-Dec17","year","Wales","All","16-64","All","Non-disabled","15.9","1","225600","1415900","13615"
"Inactive","Percentage of individuals inactive","White","ONS 2011 5+1","Jan17-Dec17","year","Wales","All","16-64","All","unknown","45.1","13.6","6300","14000","128"
"Inactive","Percentage of individuals inactive","White","ONS 2011 5+1","Jan17-Dec17","year","West Midlands","All","16-64","All","All","20.9","1.2","611400","2924500","10880"
"Inactive","Percentage of individuals inactive","White","ONS 2011 5+1","Jan17-Dec17","year","West Midlands","All","16-64","All","Disabled","44.6","3.3","242300","543900","2137"
"Inactive","Percentage of individuals inactive","White","ONS 2011 5+1","Jan17-Dec17","year","West Midlands","All","16-64","All","Non-disabled","15.3","1.2","359800","2355600","8646"
"Inactive","Percentage of individuals inactive","White","ONS 2011 5+1","Jan17-Dec17","year","West Midlands","All","16-64","All","unknown","36.9","15.2","9200","24900","97"
"Inactive","Percentage of individuals inactive","White","ONS 2011 5+1","Jan17-Dec17","year","Yorkshire and The Humber","All","16-64","All","All","20.8","1.1","620900","2990700","12407"
"Inactive","Percentage of individuals inactive","White","ONS 2011 5+1","Jan17-Dec17","year","Yorkshire and The Humber","All","16-64","All","Disabled","43.2","3","261200","604500","2604"
"Inactive","Percentage of individuals inactive","White","ONS 2011 5+1","Jan17-Dec17","year","Yorkshire and The Humber","All","16-64","All","Non-disabled","15","1.1","354300","2366700","9719"
"Inactive","Percentage of individuals inactive","White","ONS 2011 5+1","Jan17-Dec17","year","Yorkshire and The Humber","All","16-64","All","unknown","27.7","15.1","5400","19500","84"
"Inactive","Percentage of individuals inactive","White British","Detailed","Jan17-Dec17","year","All","16-24","16-64","All","All","34.1","1.1","1789500","5243500","18888"
"Inactive","Percentage of individuals inactive","White British","Detailed","Jan17-Dec17","year","All","16-24","16-64","All","Disabled","48","3","360000","750500","2700"
"Inactive","Percentage of individuals inactive","White British","Detailed","Jan17-Dec17","year","All","16-24","16-64","All","Non-disabled","31.6","1.1","1407700","4454300","16039"
"Inactive","Percentage of individuals inactive","White British","Detailed","Jan17-Dec17","year","All","16-24","16-64","All","unknown","56.3","12.6","21800","38700","149"
"Inactive","Percentage of individuals inactive","White British","Detailed","Jan17-Dec17","year","All","16-24","16-64","Female","All","35.2","1.5","881500","2506000","9304"
"Inactive","Percentage of individuals inactive","White British","Detailed","Jan17-Dec17","year","All","16-24","16-64","Female","Disabled","44.3","4","181400","409100","1481"
"Inactive","Percentage of individuals inactive","White British","Detailed","Jan17-Dec17","year","All","16-24","16-64","Female","Non-disabled","33.2","1.7","689500","2076300","7745"
"Inactive","Percentage of individuals inactive","White British","Detailed","Jan17-Dec17","year","All","16-24","16-64","Female","unknown","!","!","!","!","!"
"Inactive","Percentage of individuals inactive","White British","Detailed","Jan17-Dec17","year","All","16-24","16-64","Male","All","33.2","1.5","908000","2737500","9584"
"Inactive","Percentage of individuals inactive","White British","Detailed","Jan17-Dec17","year","All","16-24","16-64","Male","Disabled","52.3","4.4","178600","341400","1219"
"Inactive","Percentage of individuals inactive","White British","Detailed","Jan17-Dec17","year","All","16-24","16-64","Male","Non-disabled","30.2","1.6","718200","2378000","8294"
"Inactive","Percentage of individuals inactive","White British","Detailed","Jan17-Dec17","year","All","16-24","16-64","Male","unknown","!","!","!","!","!"
"Inactive","Percentage of individuals inactive","White British","Detailed","Jan17-Dec17","year","All","25-49","16-64","All","All","11.8","0.4","1812900","15346000","64128"
"Inactive","Percentage of individuals inactive","White British","Detailed","Jan17-Dec17","year","All","25-49","16-64","All","Disabled","35.6","1.4","920900","2589200","11315"
"Inactive","Percentage of individuals inactive","White British","Detailed","Jan17-Dec17","year","All","25-49","16-64","All","Non-disabled","6.9","0.3","873000","12669100","52459"
"Inactive","Percentage of individuals inactive","White British","Detailed","Jan17-Dec17","year","All","25-49","16-64","All","unknown","21.7","6.8","19000","87700","354"
"Inactive","Percentage of individuals inactive","White British","Detailed","Jan17-Dec17","year","All","25-49","16-64","Female","All","16.6","0.6","1265600","7639700","33854"
"Inactive","Percentage of individuals inactive","White British","Detailed","Jan17-Dec17","year","All","25-49","16-64","Female","Disabled","37.3","1.8","559200","1500600","6849"
"Inactive","Percentage of individuals inactive","White British","Detailed","Jan17-Dec17","year","All","25-49","16-64","Female","Non-disabled","11.4","0.6","695500","6092700","26806"
"Inactive","Percentage of individuals inactive","White British","Detailed","Jan17-Dec17","year","All","25-49","16-64","Female","unknown","23.7","9.3","11000","46300","199"
"Inactive","Percentage of individuals inactive","White British","Detailed","Jan17-Dec17","year","All","25-49","16-64","Male","All","7.1","0.5","547300","7706400","30274"
"Inactive","Percentage of individuals inactive","White British","Detailed","Jan17-Dec17","year","All","25-49","16-64","Male","Disabled","33.2","2.2","361700","1088600","4466"
"Inactive","Percentage of individuals inactive","White British","Detailed","Jan17-Dec17","year","All","25-49","16-64","Male","Non-disabled","2.7","0.3","177500","6576400","25653"
"Inactive","Percentage of individuals inactive","White British","Detailed","Jan17-Dec17","year","All","25-49","16-64","Male","unknown","19.4","9.8","8000","41400","155"
"Inactive","Percentage of individuals inactive","White British","Detailed","Jan17-Dec17","year","All","50-64","16-64","All","All","26.7","0.6","2800400","10495400","52306"
"Inactive","Percentage of individuals inactive","White British","Detailed","Jan17-Dec17","year","All","50-64","16-64","All","Disabled","50.8","1.3","1377700","2712700","14039"
"Inactive","Percentage of individuals inactive","White British","Detailed","Jan17-Dec17","year","All","50-64","16-64","All","Non-disabled","18.1","0.6","1397900","7714600","37921"
"Inactive","Percentage of individuals inactive","White British","Detailed","Jan17-Dec17","year","All","50-64","16-64","All","unknown","36.4","8","24800","68100","346"
"Inactive","Percentage of individuals inactive","White British","Detailed","Jan17-Dec17","year","All","50-64","16-64","Female","All","31.6","0.9","1684700","5339500","27379"
"Inactive","Percentage of individuals inactive","White British","Detailed","Jan17-Dec17","year","All","50-64","16-64","Female","Disabled","53.3","1.7","784700","1472800","7838"
"Inactive","Percentage of individuals inactive","White British","Detailed","Jan17-Dec17","year","All","50-64","16-64","Female","Non-disabled","23.1","0.9","885900","3830100","19352"
"Inactive","Percentage of individuals inactive","White British","Detailed","Jan17-Dec17","year","All","50-64","16-64","Female","unknown","38.4","11","14100","36600","189"
"Inactive","Percentage of individuals inactive","White British","Detailed","Jan17-Dec17","year","All","50-64","16-64","Male","All","21.6","0.8","1115700","5155900","24927"
"Inactive","Percentage of individuals inactive","White British","Detailed","Jan17-Dec17","year","All","50-64","16-64","Male","Disabled","47.8","2","593000","1239900","6201"
"Inactive","Percentage of individuals inactive","White British","Detailed","Jan17-Dec17","year","All","50-64","16-64","Male","Non-disabled","13.2","0.8","512000","3884500","18569"
"Inactive","Percentage of individuals inactive","White British","Detailed","Jan17-Dec17","year","All","50-64","16-64","Male","unknown","34","11.7","10700","31500","157"
"Inactive","Percentage of individuals inactive","White British","Detailed","Jan17-Dec17","year","All","All","16-64","All","All","20.6","0.3","6402800","31085000","135322"
"Inactive","Percentage of individuals inactive","White British","Detailed","Jan17-Dec17","year","All","All","16-64","All","Disabled","43.9","0.9","2658600","6052400","28054"
"Inactive","Percentage of individuals inactive","White British","Detailed","Jan17-Dec17","year","All","All","16-64","All","Non-disabled","14.8","0.3","3678600","24838100","106419"
"Inactive","Percentage of individuals inactive","White British","Detailed","Jan17-Dec17","year","All","All","16-64","All","unknown","33.7","5","65500","194500","849"
"Inactive","Percentage of individuals inactive","White British","Detailed","Jan17-Dec17","year","All","All","16-64","Female","All","24.7","0.5","3831800","15485200","70537"
"Inactive","Percentage of individuals inactive","White British","Detailed","Jan17-Dec17","year","All","All","16-64","Female","Disabled","45.1","1.2","1525300","3382600","16168"
"Inactive","Percentage of individuals inactive","White British","Detailed","Jan17-Dec17","year","All","All","16-64","Female","Non-disabled","18.9","0.5","2270900","11999100","53903"
"Inactive","Percentage of individuals inactive","White British","Detailed","Jan17-Dec17","year","All","All","16-64","Female","unknown","34.4","6.8","35600","103500","466"
"Inactive","Percentage of individuals inactive","White British","Detailed","Jan17-Dec17","year","All","All","16-64","Male","All","16.5","0.5","2571000","15599800","64785"
"Inactive","Percentage of individuals inactive","White British","Detailed","Jan17-Dec17","year","All","All","16-64","Male","Disabled","42.5","1.4","1133400","2669800","11886"
"Inactive","Percentage of individuals inactive","White British","Detailed","Jan17-Dec17","year","All","All","16-64","Male","Non-disabled","11","0.4","1407700","12839000","52516"
"Inactive","Percentage of individuals inactive","White British","Detailed","Jan17-Dec17","year","All","All","16-64","Male","unknown","32.8","7.4","29900","91000","383"
"Inactive","Percentage of individuals inactive","White British","Detailed","Jan17-Dec17","year","East Midlands","All","16-64","All","All","21.1","1.6","503200","2382100","6431"
"Inactive","Percentage of individuals inactive","White British","Detailed","Jan17-Dec17","year","East Midlands","All","16-64","All","Disabled","44","4.1","225400","512500","1422"
"Inactive","Percentage of individuals inactive","White British","Detailed","Jan17-Dec17","year","East Midlands","All","16-64","All","Non-disabled","14.7","1.6","273300","1854100","4967"
"Inactive","Percentage of individuals inactive","White British","Detailed","Jan17-Dec17","year","East Midlands","All","16-64","All","unknown","!","!","!","!","!"
"Inactive","Percentage of individuals inactive","White British","Detailed","Jan17-Dec17","year","East of England","All","16-64","All","All","19.3","1.3","593600","3068400","8661"
"Inactive","Percentage of individuals inactive","White British","Detailed","Jan17-Dec17","year","East of England","All","16-64","All","Disabled","39.6","3.7","222800","561900","1691"
"Inactive","Percentage of individuals inactive","White British","Detailed","Jan17-Dec17","year","East of England","All","16-64","All","Non-disabled","14.7","1.3","365700","2490300","6925"
"Inactive","Percentage of individuals inactive","White British","Detailed","Jan17-Dec17","year","East of England","All","16-64","All","unknown","!","!","!","!","!"
"Inactive","Percentage of individuals inactive","White British","Detailed","Jan17-Dec17","year","London","All","16-64","All","All","18.6","1.5","460500","2480400","6589"
"Inactive","Percentage of individuals inactive","White British","Detailed","Jan17-Dec17","year","London","All","16-64","All","Disabled","42.4","4.6","166200","392400","1089"
"Inactive","Percentage of individuals inactive","White British","Detailed","Jan17-Dec17","year","London","All","16-64","All","Non-disabled","13.9","1.5","288300","2070700","5451"
"Inactive","Percentage of individuals inactive","White British","Detailed","Jan17-Dec17","year","London","All","16-64","All","unknown","!","!","!","!","!"
"Inactive","Percentage of individuals inactive","White British","Detailed","Jan17-Dec17","year","North East","All","16-64","All","All","23.9","1.3","363200","1518500","9963"
"Inactive","Percentage of individuals inactive","White British","Detailed","Jan17-Dec17","year","North East","All","16-64","All","Disabled","49.8","3.2","173600","348800","2389"
"Inactive","Percentage of individuals inactive","White British","Detailed","Jan17-Dec17","year","North East","All","16-64","All","Non-disabled","16.1","1.3","187800","1164700","7530"
"Inactive","Percentage of individuals inactive","White British","Detailed","Jan17-Dec17","year","North East","All","16-64","All","unknown","!","!","!","!","!"
"Inactive","Percentage of individuals inactive","White British","Detailed","Jan17-Dec17","year","North West","All","16-64","All","All","22.3","1","850300","3818400","17466"
"Inactive","Percentage of individuals inactive","White British","Detailed","Jan17-Dec17","year","North West","All","16-64","All","Disabled","48.5","2.5","390200","804800","3936"
"Inactive","Percentage of individuals inactive","White British","Detailed","Jan17-Dec17","year","North West","All","16-64","All","Non-disabled","15.1","1","451100","2989000","13422"
"Inactive","Percentage of individuals inactive","White British","Detailed","Jan17-Dec17","year","North West","All","16-64","All","unknown","36.7","14.4","9000","24600","108"
"Inactive","Percentage of individuals inactive","White British","Detailed","Jan17-Dec17","year","Scotland","All","16-64","All","All","22.1","0.9","669600","3028100","19327"
"Inactive","Percentage of individuals inactive","White British","Detailed","Jan17-Dec17","year","Scotland","All","16-64","All","Disabled","49.9","2.5","306500","614700","3974"
"Inactive","Percentage of individuals inactive","White British","Detailed","Jan17-Dec17","year","Scotland","All","16-64","All","Non-disabled","14.9","0.9","356500","2395000","15237"
"Inactive","Percentage of individuals inactive","White British","Detailed","Jan17-Dec17","year","Scotland","All","16-64","All","unknown","35.6","13.8","6500","18400","116"
"Inactive","Percentage of individuals inactive","White British","Detailed","Jan17-Dec17","year","South East","All","16-64","All","All","18.4","1","836400","4554400","15634"
"Inactive","Percentage of individuals inactive","White British","Detailed","Jan17-Dec17","year","South East","All","16-64","All","Disabled","37.9","2.9","291700","770500","2772"
"Inactive","Percentage of individuals inactive","White British","Detailed","Jan17-Dec17","year","South East","All","16-64","All","Non-disabled","14.3","1","536200","3756900","12769"
"Inactive","Percentage of individuals inactive","White British","Detailed","Jan17-Dec17","year","South East","All","16-64","All","unknown","!","!","!","!","!"
"Inactive","Percentage of individuals inactive","White British","Detailed","Jan17-Dec17","year","South West","All","16-64","All","All","18.6","1.1","547600","2938700","12218"
"Inactive","Percentage of individuals inactive","White British","Detailed","Jan17-Dec17","year","South West","All","16-64","All","Disabled","36.5","3","205700","563200","2414"
"Inactive","Percentage of individuals inactive","White British","Detailed","Jan17-Dec17","year","South West","All","16-64","All","Non-disabled","14.3","1.1","337900","2360600","9748"
"Inactive","Percentage of individuals inactive","White British","Detailed","Jan17-Dec17","year","South West","All","16-64","All","unknown","!","!","!","!","!"
"Inactive","Percentage of individuals inactive","White British","Detailed","Jan17-Dec17","year","Wales","All","16-64","All","All","23.3","1","407400","1751200","17093"
"Inactive","Percentage of individuals inactive","White British","Detailed","Jan17-Dec17","year","Wales","All","16-64","All","Disabled","49.7","2.5","186600","375600","3785"
"Inactive","Percentage of individuals inactive","White British","Detailed","Jan17-Dec17","year","Wales","All","16-64","All","Non-disabled","15.8","1","214700","1362000","13184"
"Inactive","Percentage of individuals inactive","White British","Detailed","Jan17-Dec17","year","Wales","All","16-64","All","unknown","44.5","13.8","6100","13600","124"
"Inactive","Percentage of individuals inactive","White British","Detailed","Jan17-Dec17","year","West Midlands","All","16-64","All","All","21.2","1.3","576500","2719700","10180"
"Inactive","Percentage of individuals inactive","White British","Detailed","Jan17-Dec17","year","West Midlands","All","16-64","All","Disabled","44.9","3.4","234200","521900","2056"
"Inactive","Percentage of individuals inactive","White British","Detailed","Jan17-Dec17","year","West Midlands","All","16-64","All","Non-disabled","15.3","1.2","333600","2174800","8033"
"Inactive","Percentage of individuals inactive","White British","Detailed","Jan17-Dec17","year","West Midlands","All","16-64","All","unknown","!","!","!","!","!"
"Inactive","Percentage of individuals inactive","White British","Detailed","Jan17-Dec17","year","Yorkshire and The Humber","All","16-64","All","All","21","1.2","594600","2825000","11760"
"Inactive","Percentage of individuals inactive","White British","Detailed","Jan17-Dec17","year","Yorkshire and The Humber","All","16-64","All","Disabled","43.6","3.1","255700","586100","2526"
"Inactive","Percentage of individuals inactive","White British","Detailed","Jan17-Dec17","year","Yorkshire and The Humber","All","16-64","All","Non-disabled","15","1.2","333400","2220000","9153"
"Inactive","Percentage of individuals inactive","White British","Detailed","Jan17-Dec17","year","Yorkshire and The Humber","All","16-64","All","unknown","!","!","!","!","!"
"Inactive","Percentage of individuals inactive","White Other","Detailed","Jan17-Dec17","year","All","16-24","16-64","All","All","39.8","4.4","165400","415800","1196"
"Inactive","Percentage of individuals inactive","White Other","Detailed","Jan17-Dec17","year","All","16-24","16-64","All","Disabled","!","!","!","!","!"
"Inactive","Percentage of individuals inactive","White Other","Detailed","Jan17-Dec17","year","All","16-24","16-64","All","Non-disabled","39.7","4.6","153600","386900","1102"
"Inactive","Percentage of individuals inactive","White Other","Detailed","Jan17-Dec17","year","All","16-24","16-64","All","unknown","!","!","!","!","!"
"Inactive","Percentage of individuals inactive","White Other","Detailed","Jan17-Dec17","year","All","16-24","16-64","Female","All","44.5","5.9","107700","241700","685"
"Inactive","Percentage of individuals inactive","White Other","Detailed","Jan17-Dec17","year","All","16-24","16-64","Female","Disabled","!","!","!","!","!"
"Inactive","Percentage of individuals inactive","White Other","Detailed","Jan17-Dec17","year","All","16-24","16-64","Female","Non-disabled","44.8","6.1","99900","223200","628"
"Inactive","Percentage of individuals inactive","White Other","Detailed","Jan17-Dec17","year","All","16-24","16-64","Female","unknown","!","!","!","!","!"
"Inactive","Percentage of individuals inactive","White Other","Detailed","Jan17-Dec17","year","All","16-24","16-64","Male","All","33.2","6.4","57700","174100","511"
"Inactive","Percentage of individuals inactive","White Other","Detailed","Jan17-Dec17","year","All","16-24","16-64","Male","Disabled","!","!","!","!","!"
"Inactive","Percentage of individuals inactive","White Other","Detailed","Jan17-Dec17","year","All","16-24","16-64","Male","Non-disabled","32.8","6.7","53700","163700","474"
"Inactive","Percentage of individuals inactive","White Other","Detailed","Jan17-Dec17","year","All","16-24","16-64","Male","unknown","!","!","!","!","!"
"Inactive","Percentage of individuals inactive","White Other","Detailed","Jan17-Dec17","year","All","25-49","16-64","All","All","10.1","1.1","225700","2233300","7470"
"Inactive","Percentage of individuals inactive","White Other","Detailed","Jan17-Dec17","year","All","25-49","16-64","All","Disabled","21.1","4.9","38500","182300","662"
"Inactive","Percentage of individuals inactive","White Other","Detailed","Jan17-Dec17","year","All","25-49","16-64","All","Non-disabled","9.1","1.1","184900","2040500","6777"
"Inactive","Percentage of individuals inactive","White Other","Detailed","Jan17-Dec17","year","All","25-49","16-64","All","unknown","!","!","!","!","!"
"Inactive","Percentage of individuals inactive","White Other","Detailed","Jan17-Dec17","year","All","25-49","16-64","Female","All","16.4","1.8","189800","1155200","4132"
"Inactive","Percentage of individuals inactive","White Other","Detailed","Jan17-Dec17","year","All","25-49","16-64","Female","Disabled","23.4","6.3","26500","113600","426"
"Inactive","Percentage of individuals inactive","White Other","Detailed","Jan17-Dec17","year","All","25-49","16-64","Female","Non-disabled","15.7","1.9","162300","1033900","3684"
"Inactive","Percentage of individuals inactive","White Other","Detailed","Jan17-Dec17","year","All","25-49","16-64","Female","unknown","!","!","!","!","!"
"Inactive","Percentage of individuals inactive","White Other","Detailed","Jan17-Dec17","year","All","25-49","16-64","Male","All","3.3","1","35900","1078000","3338"
"Inactive","Percentage of individuals inactive","White Other","Detailed","Jan17-Dec17","year","All","25-49","16-64","Male","Disabled","17.4","7.6","11900","68700","236"
"Inactive","Percentage of individuals inactive","White Other","Detailed","Jan17-Dec17","year","All","25-49","16-64","Male","Non-disabled","2.2","0.8","22600","1006700","3093"
"Inactive","Percentage of individuals inactive","White Other","Detailed","Jan17-Dec17","year","All","25-49","16-64","Male","unknown","!","!","!","!","!"
"Inactive","Percentage of individuals inactive","White Other","Detailed","Jan17-Dec17","year","All","50-64","16-64","All","All","23.7","3","112400","473300","1906"
"Inactive","Percentage of individuals inactive","White Other","Detailed","Jan17-Dec17","year","All","50-64","16-64","All","Disabled","49.6","7.6","50600","102000","413"
"Inactive","Percentage of individuals inactive","White Other","Detailed","Jan17-Dec17","year","All","50-64","16-64","All","Non-disabled","16.3","3","60000","367900","1477"
"Inactive","Percentage of individuals inactive","White Other","Detailed","Jan17-Dec17","year","All","50-64","16-64","All","unknown","!","!","!","!","!"
"Inactive","Percentage of individuals inactive","White Other","Detailed","Jan17-Dec17","year","All","50-64","16-64","Female","All","28.3","4.3","71100","251100","1043"
"Inactive","Percentage of individuals inactive","White Other","Detailed","Jan17-Dec17","year","All","50-64","16-64","Female","Disabled","47.1","9.6","29400","62400","261"
"Inactive","Percentage of individuals inactive","White Other","Detailed","Jan17-Dec17","year","All","50-64","16-64","Female","Non-disabled","21.6","4.6","40400","186700","772"
"Inactive","Percentage of individuals inactive","White Other","Detailed","Jan17-Dec17","year","All","50-64","16-64","Female","unknown","!","!","!","!","!"
"Inactive","Percentage of individuals inactive","White Other","Detailed","Jan17-Dec17","year","All","50-64","16-64","Male","All","18.6","4.1","41300","222200","863"
"Inactive","Percentage of individuals inactive","White Other","Detailed","Jan17-Dec17","year","All","50-64","16-64","Male","Disabled","53.6","12.5","21200","39600","152"
"Inactive","Percentage of individuals inactive","White Other","Detailed","Jan17-Dec17","year","All","50-64","16-64","Male","Non-disabled","10.8","3.6","19700","181200","705"
"Inactive","Percentage of individuals inactive","White Other","Detailed","Jan17-Dec17","year","All","50-64","16-64","Male","unknown","!","!","!","!","!"
"Inactive","Percentage of individuals inactive","White Other","Detailed","Jan17-Dec17","year","All","All","16-64","All","All","16.1","1.1","503500","3122400","10572"
"Inactive","Percentage of individuals inactive","White Other","Detailed","Jan17-Dec17","year","All","All","16-64","All","Disabled","31.7","4.2","97800","307900","1153"
"Inactive","Percentage of individuals inactive","White Other","Detailed","Jan17-Dec17","year","All","All","16-64","All","Non-disabled","14.3","1.1","398500","2795400","9356"
"Inactive","Percentage of individuals inactive","White Other","Detailed","Jan17-Dec17","year","All","All","16-64","All","unknown","!","!","!","!","!"
"Inactive","Percentage of individuals inactive","White Other","Detailed","Jan17-Dec17","year","All","All","16-64","Female","All","22.4","1.7","368600","1648000","5860"
"Inactive","Percentage of individuals inactive","White Other","Detailed","Jan17-Dec17","year","All","All","16-64","Female","Disabled","32.2","5.3","61600","191600","735"
"Inactive","Percentage of individuals inactive","White Other","Detailed","Jan17-Dec17","year","All","All","16-64","Female","Non-disabled","21","1.8","302500","1443800","5084"
"Inactive","Percentage of individuals inactive","White Other","Detailed","Jan17-Dec17","year","All","All","16-64","Female","unknown","!","!","!","!","!"
"Inactive","Percentage of individuals inactive","White Other","Detailed","Jan17-Dec17","year","All","All","16-64","Male","All","9.2","1.3","134900","1474300","4712"
"Inactive","Percentage of individuals inactive","White Other","Detailed","Jan17-Dec17","year","All","All","16-64","Male","Disabled","31.1","7","36200","116400","418"
"Inactive","Percentage of individuals inactive","White Other","Detailed","Jan17-Dec17","year","All","All","16-64","Male","Non-disabled","7.1","1.2","95900","1351600","4272"
"Inactive","Percentage of individuals inactive","White Other","Detailed","Jan17-Dec17","year","All","All","16-64","Male","unknown","!","!","!","!","!"
"Inactive","Percentage of individuals inactive","White Other","Detailed","Jan17-Dec17","year","East Midlands","All","16-64","All","All","16.8","4.8","35500","211100","578"
"Inactive","Percentage of individuals inactive","White Other","Detailed","Jan17-Dec17","year","East Midlands","All","16-64","All","Disabled","!","!","!","!","!"
"Inactive","Percentage of individuals inactive","White Other","Detailed","Jan17-Dec17","year","East Midlands","All","16-64","All","Non-disabled","14.3","4.9","26000","181300","493"
"Inactive","Percentage of individuals inactive","White Other","Detailed","Jan17-Dec17","year","East Midlands","All","16-64","All","unknown","!","!","!","!","!"
"Inactive","Percentage of individuals inactive","White Other","Detailed","Jan17-Dec17","year","East of England","All","16-64","All","All","11.9","3.3","33900","285500","906"
"Inactive","Percentage of individuals inactive","White Other","Detailed","Jan17-Dec17","year","East of England","All","16-64","All","Disabled","!","!","!","!","!"
"Inactive","Percentage of individuals inactive","White Other","Detailed","Jan17-Dec17","year","East of England","All","16-64","All","Non-disabled","9.4","3.2","24100","257700","812"
"Inactive","Percentage of individuals inactive","White Other","Detailed","Jan17-Dec17","year","East of England","All","16-64","All","unknown","!","!","!","!","!"
"Inactive","Percentage of individuals inactive","White Other","Detailed","Jan17-Dec17","year","London","All","16-64","All","All","16.5","2.2","183900","1111000","2752"
"Inactive","Percentage of individuals inactive","White Other","Detailed","Jan17-Dec17","year","London","All","16-64","All","Disabled","36.5","9","36400","99700","274"
"Inactive","Percentage of individuals inactive","White Other","Detailed","Jan17-Dec17","year","London","All","16-64","All","Non-disabled","14.4","2.2","144500","1006100","2462"
"Inactive","Percentage of individuals inactive","White Other","Detailed","Jan17-Dec17","year","London","All","16-64","All","unknown","!","!","!","!","!"
"Inactive","Percentage of individuals inactive","White Other","Detailed","Jan17-Dec17","year","North East","All","16-64","All","All","27.1","8.4","10900","40000","270"
"Inactive","Percentage of individuals inactive","White Other","Detailed","Jan17-Dec17","year","North East","All","16-64","All","Disabled","!","!","!","!","!"
"Inactive","Percentage of individuals inactive","White Other","Detailed","Jan17-Dec17","year","North East","All","16-64","All","Non-disabled","22.5","8.6","7400","33100","226"
"Inactive","Percentage of individuals inactive","White Other","Detailed","Jan17-Dec17","year","North East","All","16-64","All","unknown","!","!","!","!","!"
"Inactive","Percentage of individuals inactive","White Other","Detailed","Jan17-Dec17","year","North West","All","16-64","All","All","18.4","4.3","33600","182900","791"
"Inactive","Percentage of individuals inactive","White Other","Detailed","Jan17-Dec17","year","North West","All","16-64","All","Disabled","!","!","!","!","!"
"Inactive","Percentage of individuals inactive","White Other","Detailed","Jan17-Dec17","year","North West","All","16-64","All","Non-disabled","16.6","4.4","26500","159500","685"
"Inactive","Percentage of individuals inactive","White Other","Detailed","Jan17-Dec17","year","North West","All","16-64","All","unknown","!","!","!","!","!"
"Inactive","Percentage of individuals inactive","White Other","Detailed","Jan17-Dec17","year","Scotland","All","16-64","All","All","18.6","3.8","42800","230300","1021"
"Inactive","Percentage of individuals inactive","White Other","Detailed","Jan17-Dec17","year","Scotland","All","16-64","All","Disabled","27.3","13.5","5300","19400","105"
"Inactive","Percentage of individuals inactive","White Other","Detailed","Jan17-Dec17","year","Scotland","All","16-64","All","Non-disabled","17.8","3.9","37400","210400","912"
"Inactive","Percentage of individuals inactive","White Other","Detailed","Jan17-Dec17","year","Scotland","All","16-64","All","unknown","!","!","!","!","!"
"Inactive","Percentage of individuals inactive","White Other","Detailed","Jan17-Dec17","year","South East","All","16-64","All","All","15","2.8","63200","421100","1560"
"Inactive","Percentage of individuals inactive","White Other","Detailed","Jan17-Dec17","year","South East","All","16-64","All","Disabled","23.3","10.5","9400","40100","157"
"Inactive","Percentage of individuals inactive","White Other","Detailed","Jan17-Dec17","year","South East","All","16-64","All","Non-disabled","14.2","2.9","53900","379000","1397"
"Inactive","Percentage of individuals inactive","White Other","Detailed","Jan17-Dec17","year","South East","All","16-64","All","unknown","!","!","!","!","!"
"Inactive","Percentage of individuals inactive","White Other","Detailed","Jan17-Dec17","year","South West","All","16-64","All","All","12","3.4","25100","208900","852"
"Inactive","Percentage of individuals inactive","White Other","Detailed","Jan17-Dec17","year","South West","All","16-64","All","Disabled","!","!","!","!","!"
"Inactive","Percentage of individuals inactive","White Other","Detailed","Jan17-Dec17","year","South West","All","16-64","All","Non-disabled","11.1","3.5","20700","186700","759"
"Inactive","Percentage of individuals inactive","White Other","Detailed","Jan17-Dec17","year","South West","All","16-64","All","unknown","!","!","!","!","!"
"Inactive","Percentage of individuals inactive","White Other","Detailed","Jan17-Dec17","year","Wales","All","16-64","All","All","22","5.8","13400","61100","495"
"Inactive","Percentage of individuals inactive","White Other","Detailed","Jan17-Dec17","year","Wales","All","16-64","All","Disabled","!","!","!","!","!"
"Inactive","Percentage of individuals inactive","White Other","Detailed","Jan17-Dec17","year","Wales","All","16-64","All","Non-disabled","20.1","6","10900","54000","431"
"Inactive","Percentage of individuals inactive","White Other","Detailed","Jan17-Dec17","year","Wales","All","16-64","All","unknown","!","!","!","!","!"
"Inactive","Percentage of individuals inactive","White Other","Detailed","Jan17-Dec17","year","West Midlands","All","16-64","All","All","17","4.4","34900","204700","700"
"Inactive","Percentage of individuals inactive","White Other","Detailed","Jan17-Dec17","year","West Midlands","All","16-64","All","Disabled","!","!","!","!","!"
"Inactive","Percentage of individuals inactive","White Other","Detailed","Jan17-Dec17","year","West Midlands","All","16-64","All","Non-disabled","14.5","4.4","26200","180900","613"
"Inactive","Percentage of individuals inactive","White Other","Detailed","Jan17-Dec17","year","West Midlands","All","16-64","All","unknown","!","!","!","!","!"
"Inactive","Percentage of individuals inactive","White Other","Detailed","Jan17-Dec17","year","Yorkshire and The Humber","All","16-64","All","All","15.9","4.5","26300","165700","647"
"Inactive","Percentage of individuals inactive","White Other","Detailed","Jan17-Dec17","year","Yorkshire and The Humber","All","16-64","All","Disabled","!","!","!","!","!"
"Inactive","Percentage of individuals inactive","White Other","Detailed","Jan17-Dec17","year","Yorkshire and The Humber","All","16-64","All","Non-disabled","14.2","4.5","20900","146700","566"
"Inactive","Percentage of individuals inactive","White Other","Detailed","Jan17-Dec17","year","Yorkshire and The Humber","All","16-64","All","unknown","!","!","!","!","!"
"Inactive","Percentage of individuals inactive","All","All","Jan18-Dec18","year","All","16-24","16-64","All","All","39","0.6","2647500","6789700","22690"
"Inactive","Percentage of individuals inactive","All","All","Jan18-Dec18","year","All","16-24","16-64","All","Disabled","51.9","1.8","459500","884700","3065"
"Inactive","Percentage of individuals inactive","All","All","Jan18-Dec18","year","All","16-24","16-64","All","Non-disabled","36.8","0.7","2149900","5842700","19423"
"Inactive","Percentage of individuals inactive","All","All","Jan18-Dec18","year","All","16-24","16-64","All","unknown","61.1","6.7","38100","62300","202"
"Inactive","Percentage of individuals inactive","All","All","Jan18-Dec18","year","All","16-24","16-64","Female","All","40.5","0.9","1346200","3321300","11211"
"Inactive","Percentage of individuals inactive","All","All","Jan18-Dec18","year","All","16-24","16-64","Female","Disabled","48.8","2.4","232700","476600","1642"
"Inactive","Percentage of individuals inactive","All","All","Jan18-Dec18","year","All","16-24","16-64","Female","Non-disabled","38.8","1","1090400","2811600","9461"
"Inactive","Percentage of individuals inactive","All","All","Jan18-Dec18","year","All","16-24","16-64","Female","unknown","69.6","8.7","23000","33000","108"
"Inactive","Percentage of individuals inactive","All","All","Jan18-Dec18","year","All","16-24","16-64","Male","All","37.5","0.9","1301300","3468400","11479"
"Inactive","Percentage of individuals inactive","All","All","Jan18-Dec18","year","All","16-24","16-64","Male","Disabled","55.6","2.6","226800","408000","1423"
"Inactive","Percentage of individuals inactive","All","All","Jan18-Dec18","year","All","16-24","16-64","Male","Non-disabled","35","0.9","1059500","3031100","9962"
"Inactive","Percentage of individuals inactive","All","All","Jan18-Dec18","year","All","16-24","16-64","Male","unknown","51.6","10.1","15100","29300","94"
"Inactive","Percentage of individuals inactive","All","All","Jan18-Dec18","year","All","25-49","16-64","All","All","13.2","0.2","2780200","21093300","80779"
"Inactive","Percentage of individuals inactive","All","All","Jan18-Dec18","year","All","25-49","16-64","All","Disabled","35.3","0.8","1195700","3387300","13827"
"Inactive","Percentage of individuals inactive","All","All","Jan18-Dec18","year","All","25-49","16-64","All","Non-disabled","8.8","0.2","1554300","17578100","66468"
"Inactive","Percentage of individuals inactive","All","All","Jan18-Dec18","year","All","25-49","16-64","All","unknown","23.6","3.8","30200","127900","484"
"Inactive","Percentage of individuals inactive","All","All","Jan18-Dec18","year","All","25-49","16-64","Female","All","19.1","0.4","2032200","10613200","43202"
"Inactive","Percentage of individuals inactive","All","All","Jan18-Dec18","year","All","25-49","16-64","Female","Disabled","37.5","1","732500","1952100","8403"
"Inactive","Percentage of individuals inactive","All","All","Jan18-Dec18","year","All","25-49","16-64","Female","Non-disabled","14.9","0.4","1276500","8588700","34509"
"Inactive","Percentage of individuals inactive","All","All","Jan18-Dec18","year","All","25-49","16-64","Female","unknown","32","5.4","23200","72500","290"
"Inactive","Percentage of individuals inactive","All","All","Jan18-Dec18","year","All","25-49","16-64","Male","All","7.1","0.3","748000","10480100","37577"
"Inactive","Percentage of individuals inactive","All","All","Jan18-Dec18","year","All","25-49","16-64","Male","Disabled","32.3","1.2","463200","1435200","5424"
"Inactive","Percentage of individuals inactive","All","All","Jan18-Dec18","year","All","25-49","16-64","Male","Non-disabled","3.1","0.2","277800","8989400","31959"
"Inactive","Percentage of individuals inactive","All","All","Jan18-Dec18","year","All","25-49","16-64","Male","unknown","12.5","4.7","6900","55400","194"
"Inactive","Percentage of individuals inactive","All","All","Jan18-Dec18","year","All","50-64","16-64","All","All","26.2","0.4","3196400","12199600","56864"
"Inactive","Percentage of individuals inactive","All","All","Jan18-Dec18","year","All","50-64","16-64","All","Disabled","50.4","0.8","1628300","3229600","15610"
"Inactive","Percentage of individuals inactive","All","All","Jan18-Dec18","year","All","50-64","16-64","All","Non-disabled","17.3","0.4","1542900","8894000","40862"
"Inactive","Percentage of individuals inactive","All","All","Jan18-Dec18","year","All","50-64","16-64","All","unknown","33.2","4.7","25200","76000","392"
"Inactive","Percentage of individuals inactive","All","All","Jan18-Dec18","year","All","50-64","16-64","Female","All","30.9","0.5","1921200","6212500","29665"
"Inactive","Percentage of individuals inactive","All","All","Jan18-Dec18","year","All","50-64","16-64","Female","Disabled","52.4","1","938300","1789700","8806"
"Inactive","Percentage of individuals inactive","All","All","Jan18-Dec18","year","All","50-64","16-64","Female","Non-disabled","22.1","0.6","968100","4382700","20649"
"Inactive","Percentage of individuals inactive","All","All","Jan18-Dec18","year","All","50-64","16-64","Female","unknown","36.6","6.5","14700","40200","210"
"Inactive","Percentage of individuals inactive","All","All","Jan18-Dec18","year","All","50-64","16-64","Male","All","21.3","0.5","1275200","5987100","27199"
"Inactive","Percentage of individuals inactive","All","All","Jan18-Dec18","year","All","50-64","16-64","Male","Disabled","47.9","1.2","689900","1440000","6804"
"Inactive","Percentage of individuals inactive","All","All","Jan18-Dec18","year","All","50-64","16-64","Male","Non-disabled","12.7","0.5","574800","4511300","20213"
"Inactive","Percentage of individuals inactive","All","All","Jan18-Dec18","year","All","50-64","16-64","Male","unknown","29.3","6.6","10500","35800","182"
"Inactive","Percentage of individuals inactive","All","All","Jan18-Dec18","year","All","All","16-64","All","All","21.5","0.2","8624100","40082600","160333"
"Inactive","Percentage of individuals inactive","All","All","Jan18-Dec18","year","All","All","16-64","All","Disabled","43.8","0.5","3283500","7501600","32502"
"Inactive","Percentage of individuals inactive","All","All","Jan18-Dec18","year","All","All","16-64","All","Non-disabled","16.2","0.2","5247100","32314800","126753"
"Inactive","Percentage of individuals inactive","All","All","Jan18-Dec18","year","All","All","16-64","All","unknown","35.1","2.8","93500","266300","1078"
"Inactive","Percentage of individuals inactive","All","All","Jan18-Dec18","year","All","All","16-64","Female","All","26.3","0.3","5299600","20147000","84078"
"Inactive","Percentage of individuals inactive","All","All","Jan18-Dec18","year","All","All","16-64","Female","Disabled","45.1","0.7","1903600","4218400","18851"
"Inactive","Percentage of individuals inactive","All","All","Jan18-Dec18","year","All","All","16-64","Female","Non-disabled","21.1","0.3","3335000","15782900","64619"
"Inactive","Percentage of individuals inactive","All","All","Jan18-Dec18","year","All","All","16-64","Female","unknown","41.8","3.9","61000","145700","608"
"Inactive","Percentage of individuals inactive","All","All","Jan18-Dec18","year","All","All","16-64","Male","All","16.7","0.3","3324600","19935600","76255"
"Inactive","Percentage of individuals inactive","All","All","Jan18-Dec18","year","All","All","16-64","Male","Disabled","42","0.8","1379900","3283200","13651"
"Inactive","Percentage of individuals inactive","All","All","Jan18-Dec18","year","All","All","16-64","Male","Non-disabled","11.6","0.3","1912100","16531900","62134"
"Inactive","Percentage of individuals inactive","All","All","Jan18-Dec18","year","All","All","16-64","Male","unknown","27","4","32500","120600","470"
"Inactive","Percentage of individuals inactive","All","All","Jan18-Dec18","year","East Midlands","All","16-64","All","All","21.7","0.9","638700","2939500","8162"
"Inactive","Percentage of individuals inactive","All","All","Jan18-Dec18","year","East Midlands","All","16-64","All","Disabled","44.5","2.4","259600","583800","1665"
"Inactive","Percentage of individuals inactive","All","All","Jan18-Dec18","year","East Midlands","All","16-64","All","Non-disabled","15.9","0.9","373000","2341100","6454"
"Inactive","Percentage of individuals inactive","All","All","Jan18-Dec18","year","East Midlands","All","16-64","All","unknown","41.5","14.7","6000","14500","43"
"Inactive","Percentage of individuals inactive","All","All","Jan18-Dec18","year","East of England","All","16-64","All","All","19.2","0.7","720400","3759800","10801"
"Inactive","Percentage of individuals inactive","All","All","Jan18-Dec18","year","East of England","All","16-64","All","Disabled","39.9","2.2","263500","660100","1971"
"Inactive","Percentage of individuals inactive","All","All","Jan18-Dec18","year","East of England","All","16-64","All","Non-disabled","14.6","0.7","450600","3082800","8773"
"Inactive","Percentage of individuals inactive","All","All","Jan18-Dec18","year","East of England","All","16-64","All","unknown","37.5","12.6","6300","16800","57"
"Inactive","Percentage of individuals inactive","All","All","Jan18-Dec18","year","London","All","16-64","All","All","21.8","0.7","1310900","6024100","14319"
"Inactive","Percentage of individuals inactive","All","All","Jan18-Dec18","year","London","All","16-64","All","Disabled","44.4","2","405700","914000","2295"
"Inactive","Percentage of individuals inactive","All","All","Jan18-Dec18","year","London","All","16-64","All","Non-disabled","17.6","0.7","889000","5059900","11901"
"Inactive","Percentage of individuals inactive","All","All","Jan18-Dec18","year","London","All","16-64","All","unknown","32.2","8.3","16200","50100","123"
"Inactive","Percentage of individuals inactive","All","All","Jan18-Dec18","year","North East","All","16-64","All","All","24.7","0.8","406200","1641300","10698"
"Inactive","Percentage of individuals inactive","All","All","Jan18-Dec18","year","North East","All","16-64","All","Disabled","48.9","1.9","189000","386100","2578"
"Inactive","Percentage of individuals inactive","All","All","Jan18-Dec18","year","North East","All","16-64","All","Non-disabled","17.2","0.8","214200","1245400","8058"
"Inactive","Percentage of individuals inactive","All","All","Jan18-Dec18","year","North East","All","16-64","All","unknown","30.5","11.5","3000","9700","62"
"Inactive","Percentage of individuals inactive","All","All","Jan18-Dec18","year","North West","All","16-64","All","All","23.1","0.6","1037200","4498500","20432"
"Inactive","Percentage of individuals inactive","All","All","Jan18-Dec18","year","North West","All","16-64","All","Disabled","47.3","1.5","428700","906800","4414"
"Inactive","Percentage of individuals inactive","All","All","Jan18-Dec18","year","North West","All","16-64","All","Non-disabled","16.8","0.6","599300","3567600","15910"
"Inactive","Percentage of individuals inactive","All","All","Jan18-Dec18","year","North West","All","16-64","All","unknown","38.3","9.2","9200","24100","108"
"Inactive","Percentage of individuals inactive","All","All","Jan18-Dec18","year","Scotland","All","16-64","All","All","22.6","0.6","777600","3442700","20546"
"Inactive","Percentage of individuals inactive","All","All","Jan18-Dec18","year","Scotland","All","16-64","All","Disabled","49.7","1.5","334000","672600","4108"
"Inactive","Percentage of individuals inactive","All","All","Jan18-Dec18","year","Scotland","All","16-64","All","Non-disabled","15.9","0.6","437500","2751100","16316"
"Inactive","Percentage of individuals inactive","All","All","Jan18-Dec18","year","Scotland","All","16-64","All","unknown","32.1","8.3","6100","19100","122"
"Inactive","Percentage of individuals inactive","All","All","Jan18-Dec18","year","South East","All","16-64","All","All","19.2","0.6","1065300","5559000","18187"
"Inactive","Percentage of individuals inactive","All","All","Jan18-Dec18","year","South East","All","16-64","All","Disabled","36.8","1.7","344100","934600","3238"
"Inactive","Percentage of individuals inactive","All","All","Jan18-Dec18","year","South East","All","16-64","All","Non-disabled","15.4","0.6","705400","4576800","14820"
"Inactive","Percentage of individuals inactive","All","All","Jan18-Dec18","year","South East","All","16-64","All","unknown","33.3","8.1","15800","47600","129"
"Inactive","Percentage of individuals inactive","All","All","Jan18-Dec18","year","South West","All","16-64","All","All","18.7","0.7","621200","3324200","13342"
"Inactive","Percentage of individuals inactive","All","All","Jan18-Dec18","year","South West","All","16-64","All","Disabled","37.9","1.8","244300","645000","2727"
"Inactive","Percentage of individuals inactive","All","All","Jan18-Dec18","year","South West","All","16-64","All","Non-disabled","13.9","0.7","369800","2660800","10537"
"Inactive","Percentage of individuals inactive","All","All","Jan18-Dec18","year","South West","All","16-64","All","unknown","38.9","10.8","7100","18400","78"
"Inactive","Percentage of individuals inactive","All","All","Jan18-Dec18","year","Wales","All","16-64","All","All","23.3","0.6","446200","1911300","17526"
"Inactive","Percentage of individuals inactive","All","All","Jan18-Dec18","year","Wales","All","16-64","All","Disabled","48.1","1.6","199100","413600","3942"
"Inactive","Percentage of individuals inactive","All","All","Jan18-Dec18","year","Wales","All","16-64","All","Non-disabled","16.2","0.6","240100","1480000","13427"
"Inactive","Percentage of individuals inactive","All","All","Jan18-Dec18","year","Wales","All","16-64","All","unknown","38.9","7.6","6900","17700","157"
"Inactive","Percentage of individuals inactive","All","All","Jan18-Dec18","year","West Midlands","All","16-64","All","All","23","0.7","826600","3601900","13243"
"Inactive","Percentage of individuals inactive","All","All","Jan18-Dec18","year","West Midlands","All","16-64","All","Disabled","44.9","1.9","303800","677400","2667"
"Inactive","Percentage of individuals inactive","All","All","Jan18-Dec18","year","West Midlands","All","16-64","All","Non-disabled","17.7","0.7","514000","2899300","10471"
"Inactive","Percentage of individuals inactive","All","All","Jan18-Dec18","year","West Midlands","All","16-64","All","unknown","35","9.1","8800","25200","105"
"Inactive","Percentage of individuals inactive","All","All","Jan18-Dec18","year","Yorkshire and The Humber","All","16-64","All","All","22.9","0.7","773800","3380400","13077"
"Inactive","Percentage of individuals inactive","All","All","Jan18-Dec18","year","Yorkshire and The Humber","All","16-64","All","Disabled","44","1.8","311600","707500","2897"
"Inactive","Percentage of individuals inactive","All","All","Jan18-Dec18","year","Yorkshire and The Humber","All","16-64","All","Non-disabled","17.1","0.7","454200","2649900","10086"
"Inactive","Percentage of individuals inactive","All","All","Jan18-Dec18","year","Yorkshire and The Humber","All","16-64","All","unknown","34.7","9.6","8000","23000","94"
"Inactive","Percentage of individuals inactive","Asian","ONS 2011 5+1","Jan18-Dec18","year","All","16-24","16-64","All","All","55.6","3.5","352600","634000","1886"
"Inactive","Percentage of individuals inactive","Asian","ONS 2011 5+1","Jan18-Dec18","year","All","16-24","16-64","All","Disabled","57.7","13.5","25000","43300","129"
"Inactive","Percentage of individuals inactive","Asian","ONS 2011 5+1","Jan18-Dec18","year","All","16-24","16-64","All","Non-disabled","55.4","3.7","325400","587000","1747"
"Inactive","Percentage of individuals inactive","Asian","ONS 2011 5+1","Jan18-Dec18","year","All","16-24","16-64","All","unknown","!","!","!","!","!"
"Inactive","Percentage of individuals inactive","Asian","ONS 2011 5+1","Jan18-Dec18","year","All","16-24","16-64","Female","All","57.5","5","177500","308900","933"
"Inactive","Percentage of individuals inactive","Asian","ONS 2011 5+1","Jan18-Dec18","year","All","16-24","16-64","Female","Disabled","!","!","!","!","!"
"Inactive","Percentage of individuals inactive","Asian","ONS 2011 5+1","Jan18-Dec18","year","All","16-24","16-64","Female","Non-disabled","57.8","5.2","163800","283700","856"
"Inactive","Percentage of individuals inactive","Asian","ONS 2011 5+1","Jan18-Dec18","year","All","16-24","16-64","Female","unknown","!","!","!","!","!"
"Inactive","Percentage of individuals inactive","Asian","ONS 2011 5+1","Jan18-Dec18","year","All","16-24","16-64","Male","All","53.8","5","175000","325100","953"
"Inactive","Percentage of individuals inactive","Asian","ONS 2011 5+1","Jan18-Dec18","year","All","16-24","16-64","Male","Disabled","!","!","!","!","!"
"Inactive","Percentage of individuals inactive","Asian","ONS 2011 5+1","Jan18-Dec18","year","All","16-24","16-64","Male","Non-disabled","53.3","5.2","161600","303300","891"
"Inactive","Percentage of individuals inactive","Asian","ONS 2011 5+1","Jan18-Dec18","year","All","16-24","16-64","Male","unknown","!","!","!","!","!"
"Inactive","Percentage of individuals inactive","Asian","ONS 2011 5+1","Jan18-Dec18","year","All","25-49","16-64","All","All","21.8","1.5","440100","2014800","6941"
"Inactive","Percentage of individuals inactive","Asian","ONS 2011 5+1","Jan18-Dec18","year","All","25-49","16-64","All","Disabled","38.2","4.9","103400","270700","957"
"Inactive","Percentage of individuals inactive","Asian","ONS 2011 5+1","Jan18-Dec18","year","All","25-49","16-64","All","Non-disabled","19.2","1.6","332600","1729400","5930"
"Inactive","Percentage of individuals inactive","Asian","ONS 2011 5+1","Jan18-Dec18","year","All","25-49","16-64","All","unknown","!","!","!","!","!"
"Inactive","Percentage of individuals inactive","Asian","ONS 2011 5+1","Jan18-Dec18","year","All","25-49","16-64","Female","All","35.7","2.4","366600","1026400","3797"
"Inactive","Percentage of individuals inactive","Asian","ONS 2011 5+1","Jan18-Dec18","year","All","25-49","16-64","Female","Disabled","48.6","6.5","73200","150700","573"
"Inactive","Percentage of individuals inactive","Asian","ONS 2011 5+1","Jan18-Dec18","year","All","25-49","16-64","Female","Non-disabled","33.4","2.6","290200","868500","3196"
"Inactive","Percentage of individuals inactive","Asian","ONS 2011 5+1","Jan18-Dec18","year","All","25-49","16-64","Female","unknown","!","!","!","!","!"
"Inactive","Percentage of individuals inactive","Asian","ONS 2011 5+1","Jan18-Dec18","year","All","25-49","16-64","Male","All","7.4","1.4","73500","988400","3144"
"Inactive","Percentage of individuals inactive","Asian","ONS 2011 5+1","Jan18-Dec18","year","All","25-49","16-64","Male","Disabled","25.2","6.9","30200","119900","384"
"Inactive","Percentage of individuals inactive","Asian","ONS 2011 5+1","Jan18-Dec18","year","All","25-49","16-64","Male","Non-disabled","4.9","1.3","42400","860900","2734"
"Inactive","Percentage of individuals inactive","Asian","ONS 2011 5+1","Jan18-Dec18","year","All","25-49","16-64","Male","unknown","!","!","!","!","!"
"Inactive","Percentage of individuals inactive","Asian","ONS 2011 5+1","Jan18-Dec18","year","All","50-64","16-64","All","All","31.5","3.1","168000","533800","2098"
"Inactive","Percentage of individuals inactive","Asian","ONS 2011 5+1","Jan18-Dec18","year","All","50-64","16-64","All","Disabled","55.4","5.9","94400","170500","670"
"Inactive","Percentage of individuals inactive","Asian","ONS 2011 5+1","Jan18-Dec18","year","All","50-64","16-64","All","Non-disabled","20.1","3.3","72500","360400","1411"
"Inactive","Percentage of individuals inactive","Asian","ONS 2011 5+1","Jan18-Dec18","year","All","50-64","16-64","All","unknown","!","!","!","!","!"
"Inactive","Percentage of individuals inactive","Asian","ONS 2011 5+1","Jan18-Dec18","year","All","50-64","16-64","Female","All","42.5","4.7","114200","268800","1065"
"Inactive","Percentage of individuals inactive","Asian","ONS 2011 5+1","Jan18-Dec18","year","All","50-64","16-64","Female","Disabled","64.3","7.6","61200","95100","382"
"Inactive","Percentage of individuals inactive","Asian","ONS 2011 5+1","Jan18-Dec18","year","All","50-64","16-64","Female","Non-disabled","30.4","5.5","52600","172900","678"
"Inactive","Percentage of individuals inactive","Asian","ONS 2011 5+1","Jan18-Dec18","year","All","50-64","16-64","Female","unknown","!","!","!","!","!"
"Inactive","Percentage of individuals inactive","Asian","ONS 2011 5+1","Jan18-Dec18","year","All","50-64","16-64","Male","All","20.3","3.9","53800","265000","1033"
"Inactive","Percentage of individuals inactive","Asian","ONS 2011 5+1","Jan18-Dec18","year","All","50-64","16-64","Male","Disabled","44","9.1","33200","75300","288"
"Inactive","Percentage of individuals inactive","Asian","ONS 2011 5+1","Jan18-Dec18","year","All","50-64","16-64","Male","Non-disabled","10.6","3.5","19900","187600","733"
"Inactive","Percentage of individuals inactive","Asian","ONS 2011 5+1","Jan18-Dec18","year","All","50-64","16-64","Male","unknown","!","!","!","!","!"
"Inactive","Percentage of individuals inactive","Asian","ONS 2011 5+1","Jan18-Dec18","year","All","All","16-64","All","All","30.2","1.4","960700","3182600","10925"
"Inactive","Percentage of individuals inactive","Asian","ONS 2011 5+1","Jan18-Dec18","year","All","All","16-64","All","Disabled","46","3.7","222800","484500","1756"
"Inactive","Percentage of individuals inactive","Asian","ONS 2011 5+1","Jan18-Dec18","year","All","All","16-64","All","Non-disabled","27.3","1.4","730600","2676800","9088"
"Inactive","Percentage of individuals inactive","Asian","ONS 2011 5+1","Jan18-Dec18","year","All","All","16-64","All","unknown","!","!","!","!","!"
"Inactive","Percentage of individuals inactive","Asian","ONS 2011 5+1","Jan18-Dec18","year","All","All","16-64","Female","All","41","2","658400","1604100","5795"
"Inactive","Percentage of individuals inactive","Asian","ONS 2011 5+1","Jan18-Dec18","year","All","All","16-64","Female","Disabled","54.5","4.8","146500","268700","1025"
"Inactive","Percentage of individuals inactive","Asian","ONS 2011 5+1","Jan18-Dec18","year","All","All","16-64","Female","Non-disabled","38.2","2.2","506600","1325100","4730"
"Inactive","Percentage of individuals inactive","Asian","ONS 2011 5+1","Jan18-Dec18","year","All","All","16-64","Female","unknown","!","!","!","!","!"
"Inactive","Percentage of individuals inactive","Asian","ONS 2011 5+1","Jan18-Dec18","year","All","All","16-64","Male","All","19.2","1.7","302300","1578500","5130"
"Inactive","Percentage of individuals inactive","Asian","ONS 2011 5+1","Jan18-Dec18","year","All","All","16-64","Male","Disabled","35.4","5.5","76300","215800","731"
"Inactive","Percentage of individuals inactive","Asian","ONS 2011 5+1","Jan18-Dec18","year","All","All","16-64","Male","Non-disabled","16.6","1.7","223900","1351700","4358"
"Inactive","Percentage of individuals inactive","Asian","ONS 2011 5+1","Jan18-Dec18","year","All","All","16-64","Male","unknown","!","!","!","!","!"
"Inactive","Percentage of individuals inactive","Asian","ONS 2011 5+1","Jan18-Dec18","year","East Midlands","All","16-64","All","All","32.2","5.2","71900","223400","762"
"Inactive","Percentage of individuals inactive","Asian","ONS 2011 5+1","Jan18-Dec18","year","East Midlands","All","16-64","All","Disabled","53.1","12.7","22100","41600","147"
"Inactive","Percentage of individuals inactive","Asian","ONS 2011 5+1","Jan18-Dec18","year","East Midlands","All","16-64","All","Non-disabled","27.4","5.6","49400","180500","610"
"Inactive","Percentage of individuals inactive","Asian","ONS 2011 5+1","Jan18-Dec18","year","East Midlands","All","16-64","All","unknown","!","!","!","!","!"
"Inactive","Percentage of individuals inactive","Asian","ONS 2011 5+1","Jan18-Dec18","year","East of England","All","16-64","All","All","25.7","4.9","50500","196800","768"
"Inactive","Percentage of individuals inactive","Asian","ONS 2011 5+1","Jan18-Dec18","year","East of England","All","16-64","All","Disabled","45.5","14.6","10300","22600","112"
"Inactive","Percentage of individuals inactive","Asian","ONS 2011 5+1","Jan18-Dec18","year","East of England","All","16-64","All","Non-disabled","22.8","5.1","39500","173100","650"
"Inactive","Percentage of individuals inactive","Asian","ONS 2011 5+1","Jan18-Dec18","year","East of England","All","16-64","All","unknown","!","!","!","!","!"
"Inactive","Percentage of individuals inactive","Asian","ONS 2011 5+1","Jan18-Dec18","year","London","All","16-64","All","All","27.4","2.7","313800","1143900","2637"
"Inactive","Percentage of individuals inactive","Asian","ONS 2011 5+1","Jan18-Dec18","year","London","All","16-64","All","Disabled","45.5","7.5","79000","173400","422"
"Inactive","Percentage of individuals inactive","Asian","ONS 2011 5+1","Jan18-Dec18","year","London","All","16-64","All","Non-disabled","24","2.8","231300","962300","2197"
"Inactive","Percentage of individuals inactive","Asian","ONS 2011 5+1","Jan18-Dec18","year","London","All","16-64","All","unknown","!","!","!","!","!"
"Inactive","Percentage of individuals inactive","Asian","ONS 2011 5+1","Jan18-Dec18","year","North East","All","16-64","All","All","34.1","8.8","14700","43100","280"
"Inactive","Percentage of individuals inactive","Asian","ONS 2011 5+1","Jan18-Dec18","year","North East","All","16-64","All","Disabled","!","!","!","!","!"
"Inactive","Percentage of individuals inactive","Asian","ONS 2011 5+1","Jan18-Dec18","year","North East","All","16-64","All","Non-disabled","32.3","9.5","11700","36200","232"
"Inactive","Percentage of individuals inactive","Asian","ONS 2011 5+1","Jan18-Dec18","year","North East","All","16-64","All","unknown","!","!","!","!","!"
"Inactive","Percentage of individuals inactive","Asian","ONS 2011 5+1","Jan18-Dec18","year","North West","All","16-64","All","All","36.7","3.6","127000","346300","1723"
"Inactive","Percentage of individuals inactive","Asian","ONS 2011 5+1","Jan18-Dec18","year","North West","All","16-64","All","Disabled","46.6","8.9","26700","57400","302"
"Inactive","Percentage of individuals inactive","Asian","ONS 2011 5+1","Jan18-Dec18","year","North West","All","16-64","All","Non-disabled","34.7","3.9","99700","287300","1412"
"Inactive","Percentage of individuals inactive","Asian","ONS 2011 5+1","Jan18-Dec18","year","North West","All","16-64","All","unknown","!","!","!","!","!"
"Inactive","Percentage of individuals inactive","Asian","ONS 2011 5+1","Jan18-Dec18","year","Scotland","All","16-64","All","All","38.5","7.5","34400","89300","399"
"Inactive","Percentage of individuals inactive","Asian","ONS 2011 5+1","Jan18-Dec18","year","Scotland","All","16-64","All","Disabled","!","!","!","!","!"
"Inactive","Percentage of individuals inactive","Asian","ONS 2011 5+1","Jan18-Dec18","year","Scotland","All","16-64","All","Non-disabled","37.6","8.1","28200","75100","340"
"Inactive","Percentage of individuals inactive","Asian","ONS 2011 5+1","Jan18-Dec18","year","Scotland","All","16-64","All","unknown","!","!","!","!","!"
"Inactive","Percentage of individuals inactive","Asian","ONS 2011 5+1","Jan18-Dec18","year","South East","All","16-64","All","All","22.5","3.4","75100","334200","1461"
"Inactive","Percentage of individuals inactive","Asian","ONS 2011 5+1","Jan18-Dec18","year","South East","All","16-64","All","Disabled","27.5","9.6","11300","41000","208"
"Inactive","Percentage of individuals inactive","Asian","ONS 2011 5+1","Jan18-Dec18","year","South East","All","16-64","All","Non-disabled","21.7","3.6","63000","290800","1242"
"Inactive","Percentage of individuals inactive","Asian","ONS 2011 5+1","Jan18-Dec18","year","South East","All","16-64","All","unknown","!","!","!","!","!"
"Inactive","Percentage of individuals inactive","Asian","ONS 2011 5+1","Jan18-Dec18","year","South West","All","16-64","All","All","25.8","6.9","21600","83500","388"
"Inactive","Percentage of individuals inactive","Asian","ONS 2011 5+1","Jan18-Dec18","year","South West","All","16-64","All","Disabled","!","!","!","!","!"
"Inactive","Percentage of individuals inactive","Asian","ONS 2011 5+1","Jan18-Dec18","year","South West","All","16-64","All","Non-disabled","25.2","7.2","18800","74700","346"
"Inactive","Percentage of individuals inactive","Asian","ONS 2011 5+1","Jan18-Dec18","year","South West","All","16-64","All","unknown","!","!","!","!","!"
"Inactive","Percentage of individuals inactive","Asian","ONS 2011 5+1","Jan18-Dec18","year","Wales","All","16-64","All","All","33.7","8.3","15400","45800","309"
"Inactive","Percentage of individuals inactive","Asian","ONS 2011 5+1","Jan18-Dec18","year","Wales","All","16-64","All","Disabled","!","!","!","!","!"
"Inactive","Percentage of individuals inactive","Asian","ONS 2011 5+1","Jan18-Dec18","year","Wales","All","16-64","All","Non-disabled","31.1","8.8","12200","39300","266"
"Inactive","Percentage of individuals inactive","Asian","ONS 2011 5+1","Jan18-Dec18","year","Wales","All","16-64","All","unknown","!","!","!","!","!"
"Inactive","Percentage of individuals inactive","Asian","ONS 2011 5+1","Jan18-Dec18","year","West Midlands","All","16-64","All","All","33.1","3.9","138800","418900","1394"
"Inactive","Percentage of individuals inactive","Asian","ONS 2011 5+1","Jan18-Dec18","year","West Midlands","All","16-64","All","Disabled","47.9","9.9","34500","72000","245"
"Inactive","Percentage of individuals inactive","Asian","ONS 2011 5+1","Jan18-Dec18","year","West Midlands","All","16-64","All","Non-disabled","30.3","4.2","104100","343900","1137"
"Inactive","Percentage of individuals inactive","Asian","ONS 2011 5+1","Jan18-Dec18","year","West Midlands","All","16-64","All","unknown","!","!","!","!","!"
"Inactive","Percentage of individuals inactive","Asian","ONS 2011 5+1","Jan18-Dec18","year","Yorkshire and The Humber","All","16-64","All","All","37.9","5.3","97500","257400","804"
"Inactive","Percentage of individuals inactive","Asian","ONS 2011 5+1","Jan18-Dec18","year","Yorkshire and The Humber","All","16-64","All","Disabled","57","12.8","24200","42500","143"
"Inactive","Percentage of individuals inactive","Asian","ONS 2011 5+1","Jan18-Dec18","year","Yorkshire and The Humber","All","16-64","All","Non-disabled","34","5.7","72600","213700","656"
"Inactive","Percentage of individuals inactive","Asian","ONS 2011 5+1","Jan18-Dec18","year","Yorkshire and The Humber","All","16-64","All","unknown","!","!","!","!","!"
"Inactive","Percentage of individuals inactive","Black","ONS 2011 5+1","Jan18-Dec18","year","All","16-24","16-64","All","All","56.6","5.4","165000","291700","796"
"Inactive","Percentage of individuals inactive","Black","ONS 2011 5+1","Jan18-Dec18","year","All","16-24","16-64","All","Disabled","!","!","!","!","!"
"Inactive","Percentage of individuals inactive","Black","ONS 2011 5+1","Jan18-Dec18","year","All","16-24","16-64","All","Non-disabled","55.9","5.7","150000","268500","736"
"Inactive","Percentage of individuals inactive","Black","ONS 2011 5+1","Jan18-Dec18","year","All","16-24","16-64","All","unknown","!","!","!","!","!"
"Inactive","Percentage of individuals inactive","Black","ONS 2011 5+1","Jan18-Dec18","year","All","16-24","16-64","Female","All","57.9","7.6","84800","146500","410"
"Inactive","Percentage of individuals inactive","Black","ONS 2011 5+1","Jan18-Dec18","year","All","16-24","16-64","Female","Disabled","!","!","!","!","!"
"Inactive","Percentage of individuals inactive","Black","ONS 2011 5+1","Jan18-Dec18","year","All","16-24","16-64","Female","Non-disabled","58.2","7.8","79100","136000","382"
"Inactive","Percentage of individuals inactive","Black","ONS 2011 5+1","Jan18-Dec18","year","All","16-24","16-64","Female","unknown","!","!","!","!","!"
"Inactive","Percentage of individuals inactive","Black","ONS 2011 5+1","Jan18-Dec18","year","All","16-24","16-64","Male","All","55.2","7.8","80200","145200","386"
"Inactive","Percentage of individuals inactive","Black","ONS 2011 5+1","Jan18-Dec18","year","All","16-24","16-64","Male","Disabled","!","!","!","!","!"
"Inactive","Percentage of individuals inactive","Black","ONS 2011 5+1","Jan18-Dec18","year","All","16-24","16-64","Male","Non-disabled","53.5","8.2","70900","132500","354"
"Inactive","Percentage of individuals inactive","Black","ONS 2011 5+1","Jan18-Dec18","year","All","16-24","16-64","Male","unknown","!","!","!","!","!"
"Inactive","Percentage of individuals inactive","Black","ONS 2011 5+1","Jan18-Dec18","year","All","25-49","16-64","All","All","18","2.4","137900","765400","2379"
"Inactive","Percentage of individuals inactive","Black","ONS 2011 5+1","Jan18-Dec18","year","All","25-49","16-64","All","Disabled","41.3","8.6","40600","98200","316"
"Inactive","Percentage of individuals inactive","Black","ONS 2011 5+1","Jan18-Dec18","year","All","25-49","16-64","All","Non-disabled","14.6","2.4","96000","659200","2040"
"Inactive","Percentage of individuals inactive","Black","ONS 2011 5+1","Jan18-Dec18","year","All","25-49","16-64","All","unknown","!","!","!","!","!"
"Inactive","Percentage of individuals inactive","Black","ONS 2011 5+1","Jan18-Dec18","year","All","25-49","16-64","Female","All","24.9","3.6","106700","428200","1408"
"Inactive","Percentage of individuals inactive","Black","ONS 2011 5+1","Jan18-Dec18","year","All","25-49","16-64","Female","Disabled","43.9","10.6","28100","64000","211"
"Inactive","Percentage of individuals inactive","Black","ONS 2011 5+1","Jan18-Dec18","year","All","25-49","16-64","Female","Non-disabled","21.5","3.7","77200","359900","1183"
"Inactive","Percentage of individuals inactive","Black","ONS 2011 5+1","Jan18-Dec18","year","All","25-49","16-64","Female","unknown","!","!","!","!","!"
"Inactive","Percentage of individuals inactive","Black","ONS 2011 5+1","Jan18-Dec18","year","All","25-49","16-64","Male","All","9.3","2.9","31200","337100","971"
"Inactive","Percentage of individuals inactive","Black","ONS 2011 5+1","Jan18-Dec18","year","All","25-49","16-64","Male","Disabled","36.5","14.6","12500","34200","105"
"Inactive","Percentage of individuals inactive","Black","ONS 2011 5+1","Jan18-Dec18","year","All","25-49","16-64","Male","Non-disabled","6.3","2.6","18700","299300","857"
"Inactive","Percentage of individuals inactive","Black","ONS 2011 5+1","Jan18-Dec18","year","All","25-49","16-64","Male","unknown","!","!","!","!","!"
"Inactive","Percentage of individuals inactive","Black","ONS 2011 5+1","Jan18-Dec18","year","All","50-64","16-64","All","All","20.6","3.7","71900","349400","1136"
"Inactive","Percentage of individuals inactive","Black","ONS 2011 5+1","Jan18-Dec18","year","All","50-64","16-64","All","Disabled","50.8","8.9","47000","92500","301"
"Inactive","Percentage of individuals inactive","Black","ONS 2011 5+1","Jan18-Dec18","year","All","50-64","16-64","All","Non-disabled","9.6","3.2","24200","253100","822"
"Inactive","Percentage of individuals inactive","Black","ONS 2011 5+1","Jan18-Dec18","year","All","50-64","16-64","All","unknown","!","!","!","!","!"
"Inactive","Percentage of individuals inactive","Black","ONS 2011 5+1","Jan18-Dec18","year","All","50-64","16-64","Female","All","24.8","5.5","43800","176600","587"
"Inactive","Percentage of individuals inactive","Black","ONS 2011 5+1","Jan18-Dec18","year","All","50-64","16-64","Female","Disabled","49.8","11.4","28800","57800","186"
"Inactive","Percentage of individuals inactive","Black","ONS 2011 5+1","Jan18-Dec18","year","All","50-64","16-64","Female","Non-disabled","12.6","5.2","14700","116600","393"
"Inactive","Percentage of individuals inactive","Black","ONS 2011 5+1","Jan18-Dec18","year","All","50-64","16-64","Female","unknown","!","!","!","!","!"
"Inactive","Percentage of individuals inactive","Black","ONS 2011 5+1","Jan18-Dec18","year","All","50-64","16-64","Male","All","16.2","4.9","28100","172800","549"
"Inactive","Percentage of individuals inactive","Black","ONS 2011 5+1","Jan18-Dec18","year","All","50-64","16-64","Male","Disabled","52.6","14.4","18300","34700","115"
"Inactive","Percentage of individuals inactive","Black","ONS 2011 5+1","Jan18-Dec18","year","All","50-64","16-64","Male","Non-disabled","6.9","3.8","9500","136400","429"
"Inactive","Percentage of individuals inactive","Black","ONS 2011 5+1","Jan18-Dec18","year","All","50-64","16-64","Male","unknown","!","!","!","!","!"
"Inactive","Percentage of individuals inactive","Black","ONS 2011 5+1","Jan18-Dec18","year","All","All","16-64","All","All","26.6","2.1","374800","1406500","4311"
"Inactive","Percentage of individuals inactive","Black","ONS 2011 5+1","Jan18-Dec18","year","All","All","16-64","All","Disabled","47.5","6","100700","212000","672"
"Inactive","Percentage of individuals inactive","Black","ONS 2011 5+1","Jan18-Dec18","year","All","All","16-64","All","Non-disabled","22.9","2.2","270100","1180700","3598"
"Inactive","Percentage of individuals inactive","Black","ONS 2011 5+1","Jan18-Dec18","year","All","All","16-64","All","unknown","!","!","!","!","!"
"Inactive","Percentage of individuals inactive","Black","ONS 2011 5+1","Jan18-Dec18","year","All","All","16-64","Female","All","31.3","2.9","235300","751300","2405"
"Inactive","Percentage of individuals inactive","Black","ONS 2011 5+1","Jan18-Dec18","year","All","All","16-64","Female","Disabled","46.7","7.5","61100","130800","421"
"Inactive","Percentage of individuals inactive","Black","ONS 2011 5+1","Jan18-Dec18","year","All","All","16-64","Female","Non-disabled","27.9","3.1","171000","612600","1958"
"Inactive","Percentage of individuals inactive","Black","ONS 2011 5+1","Jan18-Dec18","year","All","All","16-64","Female","unknown","!","!","!","!","!"
"Inactive","Percentage of individuals inactive","Black","ONS 2011 5+1","Jan18-Dec18","year","All","All","16-64","Male","All","21.3","2.9","139500","655100","1906"
"Inactive","Percentage of individuals inactive","Black","ONS 2011 5+1","Jan18-Dec18","year","All","All","16-64","Male","Disabled","48.8","9.8","39600","81200","251"
"Inactive","Percentage of individuals inactive","Black","ONS 2011 5+1","Jan18-Dec18","year","All","All","16-64","Male","Non-disabled","17.4","2.9","99100","568200","1640"
"Inactive","Percentage of individuals inactive","Black","ONS 2011 5+1","Jan18-Dec18","year","All","All","16-64","Male","unknown","!","!","!","!","!"
"Inactive","Percentage of individuals inactive","Black","ONS 2011 5+1","Jan18-Dec18","year","East Midlands","All","16-64","All","All","28.1","8.1","23900","85300","292"
"Inactive","Percentage of individuals inactive","Black","ONS 2011 5+1","Jan18-Dec18","year","East Midlands","All","16-64","All","Disabled","!","!","!","!","!"
"Inactive","Percentage of individuals inactive","Black","ONS 2011 5+1","Jan18-Dec18","year","East Midlands","All","16-64","All","Non-disabled","26.8","8.8","19200","71700","244"
"Inactive","Percentage of individuals inactive","Black","ONS 2011 5+1","Jan18-Dec18","year","East Midlands","All","16-64","All","unknown","!","!","!","!","!"
"Inactive","Percentage of individuals inactive","Black","ONS 2011 5+1","Jan18-Dec18","year","East of England","All","16-64","All","All","14.9","5.9","12900","86700","355"
"Inactive","Percentage of individuals inactive","Black","ONS 2011 5+1","Jan18-Dec18","year","East of England","All","16-64","All","Disabled","!","!","!","!","!"
"Inactive","Percentage of individuals inactive","Black","ONS 2011 5+1","Jan18-Dec18","year","East of England","All","16-64","All","Non-disabled","10.2","5.3","7700","76300","308"
"Inactive","Percentage of individuals inactive","Black","ONS 2011 5+1","Jan18-Dec18","year","East of England","All","16-64","All","unknown","!","!","!","!","!"
"Inactive","Percentage of individuals inactive","Black","ONS 2011 5+1","Jan18-Dec18","year","London","All","16-64","All","All","26.8","3.4","182400","681500","1611"
"Inactive","Percentage of individuals inactive","Black","ONS 2011 5+1","Jan18-Dec18","year","London","All","16-64","All","Disabled","52.7","9.3","59500","112900","278"
"Inactive","Percentage of individuals inactive","Black","ONS 2011 5+1","Jan18-Dec18","year","London","All","16-64","All","Non-disabled","21.5","3.5","120600","561100","1314"
"Inactive","Percentage of individuals inactive","Black","ONS 2011 5+1","Jan18-Dec18","year","London","All","16-64","All","unknown","!","!","!","!","!"
"Inactive","Percentage of individuals inactive","Black","ONS 2011 5+1","Jan18-Dec18","year","North East","All","16-64","All","All","36.2","14.8","5100","14100","101"
"Inactive","Percentage of individuals inactive","Black","ONS 2011 5+1","Jan18-Dec18","year","North East","All","16-64","All","Disabled","!","!","!","!","!"
"Inactive","Percentage of individuals inactive","Black","ONS 2011 5+1","Jan18-Dec18","year","North East","All","16-64","All","Non-disabled","!","!","!","!","!"
"Inactive","Percentage of individuals inactive","Black","ONS 2011 5+1","Jan18-Dec18","year","North East","All","16-64","All","unknown","!","!","!","!","!"
"Inactive","Percentage of individuals inactive","Black","ONS 2011 5+1","Jan18-Dec18","year","North West","All","16-64","All","All","28.4","6.9","28300","99600","413"
"Inactive","Percentage of individuals inactive","Black","ONS 2011 5+1","Jan18-Dec18","year","North West","All","16-64","All","Disabled","!","!","!","!","!"
"Inactive","Percentage of individuals inactive","Black","ONS 2011 5+1","Jan18-Dec18","year","North West","All","16-64","All","Non-disabled","26.8","7.3","22900","85500","349"
"Inactive","Percentage of individuals inactive","Black","ONS 2011 5+1","Jan18-Dec18","year","North West","All","16-64","All","unknown","!","!","!","!","!"
"Inactive","Percentage of individuals inactive","Black","ONS 2011 5+1","Jan18-Dec18","year","Scotland","All","16-64","All","All","30.6","12.5","10800","35100","130"
"Inactive","Percentage of individuals inactive","Black","ONS 2011 5+1","Jan18-Dec18","year","Scotland","All","16-64","All","Disabled","!","!","!","!","!"
"Inactive","Percentage of individuals inactive","Black","ONS 2011 5+1","Jan18-Dec18","year","Scotland","All","16-64","All","Non-disabled","23.9","12.3","7100","29700","115"
"Inactive","Percentage of individuals inactive","Black","ONS 2011 5+1","Jan18-Dec18","year","Scotland","All","16-64","All","unknown","!","!","!","!","!"
"Inactive","Percentage of individuals inactive","Black","ONS 2011 5+1","Jan18-Dec18","year","South East","All","16-64","All","All","25.2","6.7","27800","110400","399"
"Inactive","Percentage of individuals inactive","Black","ONS 2011 5+1","Jan18-Dec18","year","South East","All","16-64","All","Disabled","!","!","!","!","!"
"Inactive","Percentage of individuals inactive","Black","ONS 2011 5+1","Jan18-Dec18","year","South East","All","16-64","All","Non-disabled","24.4","7.2","23200","95000","343"
"Inactive","Percentage of individuals inactive","Black","ONS 2011 5+1","Jan18-Dec18","year","South East","All","16-64","All","unknown","!","!","!","!","!"
"Inactive","Percentage of individuals inactive","Black","ONS 2011 5+1","Jan18-Dec18","year","South West","All","16-64","All","All","25.7","10.8","10400","40300","157"
"Inactive","Percentage of individuals inactive","Black","ONS 2011 5+1","Jan18-Dec18","year","South West","All","16-64","All","Disabled","!","!","!","!","!"
"Inactive","Percentage of individuals inactive","Black","ONS 2011 5+1","Jan18-Dec18","year","South West","All","16-64","All","Non-disabled","25","11.7","8600","34500","131"
"Inactive","Percentage of individuals inactive","Black","ONS 2011 5+1","Jan18-Dec18","year","South West","All","16-64","All","unknown","!","!","!","!","!"
"Inactive","Percentage of individuals inactive","Black","ONS 2011 5+1","Jan18-Dec18","year","Wales","All","16-64","All","All","37.1","13.2","7000","18900","128"
"Inactive","Percentage of individuals inactive","Black","ONS 2011 5+1","Jan18-Dec18","year","Wales","All","16-64","All","Disabled","!","!","!","!","!"
"Inactive","Percentage of individuals inactive","Black","ONS 2011 5+1","Jan18-Dec18","year","Wales","All","16-64","All","Non-disabled","!","!","!","!","!"
"Inactive","Percentage of individuals inactive","Black","ONS 2011 5+1","Jan18-Dec18","year","Wales","All","16-64","All","unknown","!","!","!","!","!"
"Inactive","Percentage of individuals inactive","Black","ONS 2011 5+1","Jan18-Dec18","year","West Midlands","All","16-64","All","All","28.7","5.9","53700","186800","569"
"Inactive","Percentage of individuals inactive","Black","ONS 2011 5+1","Jan18-Dec18","year","West Midlands","All","16-64","All","Disabled","!","!","!","!","!"
"Inactive","Percentage of individuals inactive","Black","ONS 2011 5+1","Jan18-Dec18","year","West Midlands","All","16-64","All","Non-disabled","26.8","6.2","43700","163000","488"
"Inactive","Percentage of individuals inactive","Black","ONS 2011 5+1","Jan18-Dec18","year","West Midlands","All","16-64","All","unknown","!","!","!","!","!"
"Inactive","Percentage of individuals inactive","Black","ONS 2011 5+1","Jan18-Dec18","year","Yorkshire and The Humber","All","16-64","All","All","26.2","10.9","12500","47800","156"
"Inactive","Percentage of individuals inactive","Black","ONS 2011 5+1","Jan18-Dec18","year","Yorkshire and The Humber","All","16-64","All","Disabled","!","!","!","!","!"
"Inactive","Percentage of individuals inactive","Black","ONS 2011 5+1","Jan18-Dec18","year","Yorkshire and The Humber","All","16-64","All","Non-disabled","21.5","11.3","8100","37600","126"
"Inactive","Percentage of individuals inactive","Black","ONS 2011 5+1","Jan18-Dec18","year","Yorkshire and The Humber","All","16-64","All","unknown","!","!","!","!","!"
"Inactive","Percentage of individuals inactive","Indian","Detailed","Jan18-Dec18","year","All","16-24","16-64","All","All","51.8","6.9","81600","157400","500"
"Inactive","Percentage of individuals inactive","Indian","Detailed","Jan18-Dec18","year","All","16-24","16-64","All","Disabled","!","!","!","!","!"
"Inactive","Percentage of individuals inactive","Indian","Detailed","Jan18-Dec18","year","All","16-24","16-64","All","Non-disabled","51.8","7.1","76900","148400","470"
"Inactive","Percentage of individuals inactive","Indian","Detailed","Jan18-Dec18","year","All","16-24","16-64","All","unknown","!","!","!","!","!"
"Inactive","Percentage of individuals inactive","Indian","Detailed","Jan18-Dec18","year","All","16-24","16-64","Female","All","53.9","10.1","40900","75900","233"
"Inactive","Percentage of individuals inactive","Indian","Detailed","Jan18-Dec18","year","All","16-24","16-64","Female","Disabled","!","!","!","!","!"
"Inactive","Percentage of individuals inactive","Indian","Detailed","Jan18-Dec18","year","All","16-24","16-64","Female","Non-disabled","54.4","10.6","37800","69400","213"
"Inactive","Percentage of individuals inactive","Indian","Detailed","Jan18-Dec18","year","All","16-24","16-64","Female","unknown","!","!","!","!","!"
"Inactive","Percentage of individuals inactive","Indian","Detailed","Jan18-Dec18","year","All","16-24","16-64","Male","All","49.9","9.5","40700","81600","267"
"Inactive","Percentage of individuals inactive","Indian","Detailed","Jan18-Dec18","year","All","16-24","16-64","Male","Disabled","!","!","!","!","!"
"Inactive","Percentage of individuals inactive","Indian","Detailed","Jan18-Dec18","year","All","16-24","16-64","Male","Non-disabled","49.6","9.7","39100","79000","257"
"Inactive","Percentage of individuals inactive","Indian","Detailed","Jan18-Dec18","year","All","16-24","16-64","Male","unknown","!","!","!","!","!"
"Inactive","Percentage of individuals inactive","Indian","Detailed","Jan18-Dec18","year","All","25-49","16-64","All","All","12.9","2.1","95500","741700","2560"
"Inactive","Percentage of individuals inactive","Indian","Detailed","Jan18-Dec18","year","All","25-49","16-64","All","Disabled","24.5","8.1","18900","77100","272"
"Inactive","Percentage of individuals inactive","Indian","Detailed","Jan18-Dec18","year","All","25-49","16-64","All","Non-disabled","11.5","2.1","76000","660700","2270"
"Inactive","Percentage of individuals inactive","Indian","Detailed","Jan18-Dec18","year","All","25-49","16-64","All","unknown","!","!","!","!","!"
"Inactive","Percentage of individuals inactive","Indian","Detailed","Jan18-Dec18","year","All","25-49","16-64","Female","All","21.4","3.5","76400","357500","1335"
"Inactive","Percentage of individuals inactive","Indian","Detailed","Jan18-Dec18","year","All","25-49","16-64","Female","Disabled","28","10.8","12300","44000","167"
"Inactive","Percentage of individuals inactive","Indian","Detailed","Jan18-Dec18","year","All","25-49","16-64","Female","Non-disabled","20.5","3.7","63800","311700","1159"
"Inactive","Percentage of individuals inactive","Indian","Detailed","Jan18-Dec18","year","All","25-49","16-64","Female","unknown","!","!","!","!","!"
"Inactive","Percentage of individuals inactive","Indian","Detailed","Jan18-Dec18","year","All","25-49","16-64","Male","All","5","1.9","19100","384300","1225"
"Inactive","Percentage of individuals inactive","Indian","Detailed","Jan18-Dec18","year","All","25-49","16-64","Male","Disabled","19.8","12","6600","33100","105"
"Inactive","Percentage of individuals inactive","Indian","Detailed","Jan18-Dec18","year","All","25-49","16-64","Male","Non-disabled","3.5","1.7","12300","349000","1111"
"Inactive","Percentage of individuals inactive","Indian","Detailed","Jan18-Dec18","year","All","25-49","16-64","Male","unknown","!","!","!","!","!"
"Inactive","Percentage of individuals inactive","Indian","Detailed","Jan18-Dec18","year","All","50-64","16-64","All","All","24.5","4.5","56100","228700","874"
"Inactive","Percentage of individuals inactive","Indian","Detailed","Jan18-Dec18","year","All","50-64","16-64","All","Disabled","47.9","9.8","31700","66200","248"
"Inactive","Percentage of individuals inactive","Indian","Detailed","Jan18-Dec18","year","All","50-64","16-64","All","Non-disabled","14.7","4.4","23600","160900","619"
"Inactive","Percentage of individuals inactive","Indian","Detailed","Jan18-Dec18","year","All","50-64","16-64","All","unknown","!","!","!","!","!"
"Inactive","Percentage of individuals inactive","Indian","Detailed","Jan18-Dec18","year","All","50-64","16-64","Female","All","30.8","6.6","37300","121200","462"
"Inactive","Percentage of individuals inactive","Indian","Detailed","Jan18-Dec18","year","All","50-64","16-64","Female","Disabled","52.9","12.9","19800","37300","144"
"Inactive","Percentage of individuals inactive","Indian","Detailed","Jan18-Dec18","year","All","50-64","16-64","Female","Non-disabled","20.5","7.1","17100","83200","314"
"Inactive","Percentage of individuals inactive","Indian","Detailed","Jan18-Dec18","year","All","50-64","16-64","Female","unknown","!","!","!","!","!"
"Inactive","Percentage of individuals inactive","Indian","Detailed","Jan18-Dec18","year","All","50-64","16-64","Male","All","17.5","5.8","18800","107500","412"
"Inactive","Percentage of individuals inactive","Indian","Detailed","Jan18-Dec18","year","All","50-64","16-64","Male","Disabled","41.4","15","12000","28800","104"
"Inactive","Percentage of individuals inactive","Indian","Detailed","Jan18-Dec18","year","All","50-64","16-64","Male","Non-disabled","8.5","4.9","6600","77700","305"
"Inactive","Percentage of individuals inactive","Indian","Detailed","Jan18-Dec18","year","All","50-64","16-64","Male","unknown","!","!","!","!","!"
"Inactive","Percentage of individuals inactive","Indian","Detailed","Jan18-Dec18","year","All","All","16-64","All","All","20.7","2","233100","1127900","3934"
"Inactive","Percentage of individuals inactive","Indian","Detailed","Jan18-Dec18","year","All","All","16-64","All","Disabled","36","6.4","54300","151100","546"
"Inactive","Percentage of individuals inactive","Indian","Detailed","Jan18-Dec18","year","All","All","16-64","All","Non-disabled","18.2","2.1","176600","970000","3359"
"Inactive","Percentage of individuals inactive","Indian","Detailed","Jan18-Dec18","year","All","All","16-64","All","unknown","!","!","!","!","!"
"Inactive","Percentage of individuals inactive","Indian","Detailed","Jan18-Dec18","year","All","All","16-64","Female","All","27.9","3.1","154500","554500","2030"
"Inactive","Percentage of individuals inactive","Indian","Detailed","Jan18-Dec18","year","All","All","16-64","Female","Disabled","39.7","8.4","34500","86800","328"
"Inactive","Percentage of individuals inactive","Indian","Detailed","Jan18-Dec18","year","All","All","16-64","Female","Non-disabled","25.5","3.3","118600","464300","1686"
"Inactive","Percentage of individuals inactive","Indian","Detailed","Jan18-Dec18","year","All","All","16-64","Female","unknown","!","!","!","!","!"
"Inactive","Percentage of individuals inactive","Indian","Detailed","Jan18-Dec18","year","All","All","16-64","Male","All","13.7","2.4","78600","573400","1904"
"Inactive","Percentage of individuals inactive","Indian","Detailed","Jan18-Dec18","year","All","All","16-64","Male","Disabled","30.9","9.7","19800","64300","218"
"Inactive","Percentage of individuals inactive","Indian","Detailed","Jan18-Dec18","year","All","All","16-64","Male","Non-disabled","11.5","2.4","58000","505700","1673"
"Inactive","Percentage of individuals inactive","Indian","Detailed","Jan18-Dec18","year","All","All","16-64","Male","unknown","!","!","!","!","!"
"Inactive","Percentage of individuals inactive","Indian","Detailed","Jan18-Dec18","year","East Midlands","All","16-64","All","All","24.8","6.4","31500","126900","443"
"Inactive","Percentage of individuals inactive","Indian","Detailed","Jan18-Dec18","year","East Midlands","All","16-64","All","Disabled","!","!","!","!","!"
"Inactive","Percentage of individuals inactive","Indian","Detailed","Jan18-Dec18","year","East Midlands","All","16-64","All","Non-disabled","21.2","6.7","21600","101900","358"
"Inactive","Percentage of individuals inactive","Indian","Detailed","Jan18-Dec18","year","East Midlands","All","16-64","All","unknown","!","!","!","!","!"
"Inactive","Percentage of individuals inactive","Indian","Detailed","Jan18-Dec18","year","East of England","All","16-64","All","All","13.4","7.4","9100","67800","206"
"Inactive","Percentage of individuals inactive","Indian","Detailed","Jan18-Dec18","year","East of England","All","16-64","All","Disabled","!","!","!","!","!"
"Inactive","Percentage of individuals inactive","Indian","Detailed","Jan18-Dec18","year","East of England","All","16-64","All","Non-disabled","9.7","6.9","5900","60500","176"
"Inactive","Percentage of individuals inactive","Indian","Detailed","Jan18-Dec18","year","East of England","All","16-64","All","unknown","!","!","!","!","!"
"Inactive","Percentage of individuals inactive","Indian","Detailed","Jan18-Dec18","year","London","All","16-64","All","All","18.6","3.8","80100","430100","998"
"Inactive","Percentage of individuals inactive","Indian","Detailed","Jan18-Dec18","year","London","All","16-64","All","Disabled","36.8","12.8","20800","56500","136"
"Inactive","Percentage of individuals inactive","Indian","Detailed","Jan18-Dec18","year","London","All","16-64","All","Non-disabled","15.9","3.9","59300","372900","860"
"Inactive","Percentage of individuals inactive","Indian","Detailed","Jan18-Dec18","year","London","All","16-64","All","unknown","!","!","!","!","!"
"Inactive","Percentage of individuals inactive","Indian","Detailed","Jan18-Dec18","year","North East","All","16-64","All","All","!","!","!","!","!"
"Inactive","Percentage of individuals inactive","Indian","Detailed","Jan18-Dec18","year","North East","All","16-64","All","Disabled","!","!","!","!","!"
"Inactive","Percentage of individuals inactive","Indian","Detailed","Jan18-Dec18","year","North East","All","16-64","All","Non-disabled","!","!","!","!","!"
"Inactive","Percentage of individuals inactive","Indian","Detailed","Jan18-Dec18","year","North East","All","16-64","All","unknown","!","!","!","!","!"
"Inactive","Percentage of individuals inactive","Indian","Detailed","Jan18-Dec18","year","North West","All","16-64","All","All","28.9","6.3","25200","87200","489"
"Inactive","Percentage of individuals inactive","Indian","Detailed","Jan18-Dec18","year","North West","All","16-64","All","Disabled","!","!","!","!","!"
"Inactive","Percentage of individuals inactive","Indian","Detailed","Jan18-Dec18","year","North West","All","16-64","All","Non-disabled","26.4","6.8","19400","73300","408"
"Inactive","Percentage of individuals inactive","Indian","Detailed","Jan18-Dec18","year","North West","All","16-64","All","unknown","!","!","!","!","!"
"Inactive","Percentage of individuals inactive","Indian","Detailed","Jan18-Dec18","year","Scotland","All","16-64","All","All","!","!","!","!","!"
"Inactive","Percentage of individuals inactive","Indian","Detailed","Jan18-Dec18","year","Scotland","All","16-64","All","Disabled","!","!","!","!","!"
"Inactive","Percentage of individuals inactive","Indian","Detailed","Jan18-Dec18","year","Scotland","All","16-64","All","Non-disabled","!","!","!","!","!"
"Inactive","Percentage of individuals inactive","Indian","Detailed","Jan18-Dec18","year","Scotland","All","16-64","All","unknown","!","!","!","!","!"
"Inactive","Percentage of individuals inactive","Indian","Detailed","Jan18-Dec18","year","South East","All","16-64","All","All","14.4","4.5","18200","126100","584"
"Inactive","Percentage of individuals inactive","Indian","Detailed","Jan18-Dec18","year","South East","All","16-64","All","Disabled","!","!","!","!","!"
"Inactive","Percentage of individuals inactive","Indian","Detailed","Jan18-Dec18","year","South East","All","16-64","All","Non-disabled","14.3","4.8","15900","110800","507"
"Inactive","Percentage of individuals inactive","Indian","Detailed","Jan18-Dec18","year","South East","All","16-64","All","unknown","!","!","!","!","!"
"Inactive","Percentage of individuals inactive","Indian","Detailed","Jan18-Dec18","year","South West","All","16-64","All","All","22.2","10","7200","32300","165"
"Inactive","Percentage of individuals inactive","Indian","Detailed","Jan18-Dec18","year","South West","All","16-64","All","Disabled","!","!","!","!","!"
"Inactive","Percentage of individuals inactive","Indian","Detailed","Jan18-Dec18","year","South West","All","16-64","All","Non-disabled","22.7","10.5","6700","29700","152"
"Inactive","Percentage of individuals inactive","Indian","Detailed","Jan18-Dec18","year","South West","All","16-64","All","unknown","!","!","!","!","!"
"Inactive","Percentage of individuals inactive","Indian","Detailed","Jan18-Dec18","year","Wales","All","16-64","All","All","!","!","!","!","!"
"Inactive","Percentage of individuals inactive","Indian","Detailed","Jan18-Dec18","year","Wales","All","16-64","All","Disabled","!","!","!","!","!"
"Inactive","Percentage of individuals inactive","Indian","Detailed","Jan18-Dec18","year","Wales","All","16-64","All","Non-disabled","!","!","!","!","!"
"Inactive","Percentage of individuals inactive","Indian","Detailed","Jan18-Dec18","year","Wales","All","16-64","All","unknown","!","!","!","!","!"
"Inactive","Percentage of individuals inactive","Indian","Detailed","Jan18-Dec18","year","West Midlands","All","16-64","All","All","22.5","5.1","37000","164400","654"
"Inactive","Percentage of individuals inactive","Indian","Detailed","Jan18-Dec18","year","West Midlands","All","16-64","All","Disabled","!","!","!","!","!"
"Inactive","Percentage of individuals inactive","Indian","Detailed","Jan18-Dec18","year","West Midlands","All","16-64","All","Non-disabled","20","5.3","27700","138400","552"
"Inactive","Percentage of individuals inactive","Indian","Detailed","Jan18-Dec18","year","West Midlands","All","16-64","All","unknown","!","!","!","!","!"
"Inactive","Percentage of individuals inactive","Indian","Detailed","Jan18-Dec18","year","Yorkshire and The Humber","All","16-64","All","All","26.6","10.1","14600","54900","184"
"Inactive","Percentage of individuals inactive","Indian","Detailed","Jan18-Dec18","year","Yorkshire and The Humber","All","16-64","All","Disabled","!","!","!","!","!"
"Inactive","Percentage of individuals inactive","Indian","Detailed","Jan18-Dec18","year","Yorkshire and The Humber","All","16-64","All","Non-disabled","23","10.3","11100","48500","159"
"Inactive","Percentage of individuals inactive","Indian","Detailed","Jan18-Dec18","year","Yorkshire and The Humber","All","16-64","All","unknown","!","!","!","!","!"
"Inactive","Percentage of individuals inactive","Mixed","ONS 2011 5+1","Jan18-Dec18","year","All","16-24","16-64","All","All","46.2","6.6","85300","184800","548"
"Inactive","Percentage of individuals inactive","Mixed","ONS 2011 5+1","Jan18-Dec18","year","All","16-24","16-64","All","Disabled","!","!","!","!","!"
"Inactive","Percentage of individuals inactive","Mixed","ONS 2011 5+1","Jan18-Dec18","year","All","16-24","16-64","All","Non-disabled","43.9","7.2","67000","152800","461"
"Inactive","Percentage of individuals inactive","Mixed","ONS 2011 5+1","Jan18-Dec18","year","All","16-24","16-64","All","unknown","!","!","!","!","!"
"Inactive","Percentage of individuals inactive","Mixed","ONS 2011 5+1","Jan18-Dec18","year","All","16-24","16-64","Female","All","48.8","9.1","47800","98000","292"
"Inactive","Percentage of individuals inactive","Mixed","ONS 2011 5+1","Jan18-Dec18","year","All","16-24","16-64","Female","Disabled","!","!","!","!","!"
"Inactive","Percentage of individuals inactive","Mixed","ONS 2011 5+1","Jan18-Dec18","year","All","16-24","16-64","Female","Non-disabled","45","9.9","35400","78600","241"
"Inactive","Percentage of individuals inactive","Mixed","ONS 2011 5+1","Jan18-Dec18","year","All","16-24","16-64","Female","unknown","!","!","!","!","!"
"Inactive","Percentage of individuals inactive","Mixed","ONS 2011 5+1","Jan18-Dec18","year","All","16-24","16-64","Male","All","43.2","9.6","37500","86800","256"
"Inactive","Percentage of individuals inactive","Mixed","ONS 2011 5+1","Jan18-Dec18","year","All","16-24","16-64","Male","Disabled","!","!","!","!","!"
"Inactive","Percentage of individuals inactive","Mixed","ONS 2011 5+1","Jan18-Dec18","year","All","16-24","16-64","Male","Non-disabled","42.6","10.3","31600","74200","220"
"Inactive","Percentage of individuals inactive","Mixed","ONS 2011 5+1","Jan18-Dec18","year","All","16-24","16-64","Male","unknown","!","!","!","!","!"
"Inactive","Percentage of individuals inactive","Mixed","ONS 2011 5+1","Jan18-Dec18","year","All","25-49","16-64","All","All","16.2","3.8","46900","289900","906"
"Inactive","Percentage of individuals inactive","Mixed","ONS 2011 5+1","Jan18-Dec18","year","All","25-49","16-64","All","Disabled","38.3","12.1","18400","48100","154"
"Inactive","Percentage of individuals inactive","Mixed","ONS 2011 5+1","Jan18-Dec18","year","All","25-49","16-64","All","Non-disabled","11.8","3.7","28100","238200","741"
"Inactive","Percentage of individuals inactive","Mixed","ONS 2011 5+1","Jan18-Dec18","year","All","25-49","16-64","All","unknown","!","!","!","!","!"
"Inactive","Percentage of individuals inactive","Mixed","ONS 2011 5+1","Jan18-Dec18","year","All","25-49","16-64","Female","All","21.2","5.6","31200","147400","511"
"Inactive","Percentage of individuals inactive","Mixed","ONS 2011 5+1","Jan18-Dec18","year","All","25-49","16-64","Female","Disabled","!","!","!","!","!"
"Inactive","Percentage of individuals inactive","Mixed","ONS 2011 5+1","Jan18-Dec18","year","All","25-49","16-64","Female","Non-disabled","17.5","5.8","21100","120700","413"
"Inactive","Percentage of individuals inactive","Mixed","ONS 2011 5+1","Jan18-Dec18","year","All","25-49","16-64","Female","unknown","!","!","!","!","!"
"Inactive","Percentage of individuals inactive","Mixed","ONS 2011 5+1","Jan18-Dec18","year","All","25-49","16-64","Male","All","11","4.9","15700","142400","395"
"Inactive","Percentage of individuals inactive","Mixed","ONS 2011 5+1","Jan18-Dec18","year","All","25-49","16-64","Male","Disabled","!","!","!","!","!"
"Inactive","Percentage of individuals inactive","Mixed","ONS 2011 5+1","Jan18-Dec18","year","All","25-49","16-64","Male","Non-disabled","5.9","4","6900","117500","328"
"Inactive","Percentage of individuals inactive","Mixed","ONS 2011 5+1","Jan18-Dec18","year","All","25-49","16-64","Male","unknown","!","!","!","!","!"
"Inactive","Percentage of individuals inactive","Mixed","ONS 2011 5+1","Jan18-Dec18","year","All","50-64","16-64","All","All","28.1","8.3","20000","71100","280"
"Inactive","Percentage of individuals inactive","Mixed","ONS 2011 5+1","Jan18-Dec18","year","All","50-64","16-64","All","Disabled","!","!","!","!","!"
"Inactive","Percentage of individuals inactive","Mixed","ONS 2011 5+1","Jan18-Dec18","year","All","50-64","16-64","All","Non-disabled","15.6","8.1","7700","49400","194"
"Inactive","Percentage of individuals inactive","Mixed","ONS 2011 5+1","Jan18-Dec18","year","All","50-64","16-64","All","unknown","!","!","!","!","!"
"Inactive","Percentage of individuals inactive","Mixed","ONS 2011 5+1","Jan18-Dec18","year","All","50-64","16-64","Female","All","33.8","11.8","13200","39100","155"
"Inactive","Percentage of individuals inactive","Mixed","ONS 2011 5+1","Jan18-Dec18","year","All","50-64","16-64","Female","Disabled","!","!","!","!","!"
"Inactive","Percentage of individuals inactive","Mixed","ONS 2011 5+1","Jan18-Dec18","year","All","50-64","16-64","Female","Non-disabled","!","!","!","!","!"
"Inactive","Percentage of individuals inactive","Mixed","ONS 2011 5+1","Jan18-Dec18","year","All","50-64","16-64","Female","unknown","!","!","!","!","!"
"Inactive","Percentage of individuals inactive","Mixed","ONS 2011 5+1","Jan18-Dec18","year","All","50-64","16-64","Male","All","21.1","11.3","6800","32000","125"
"Inactive","Percentage of individuals inactive","Mixed","ONS 2011 5+1","Jan18-Dec18","year","All","50-64","16-64","Male","Disabled","!","!","!","!","!"
"Inactive","Percentage of individuals inactive","Mixed","ONS 2011 5+1","Jan18-Dec18","year","All","50-64","16-64","Male","Non-disabled","!","!","!","!","!"
"Inactive","Percentage of individuals inactive","Mixed","ONS 2011 5+1","Jan18-Dec18","year","All","50-64","16-64","Male","unknown","!","!","!","!","!"
"Inactive","Percentage of individuals inactive","Mixed","ONS 2011 5+1","Jan18-Dec18","year","All","All","16-64","All","All","27.9","3.3","152200","545900","1734"
"Inactive","Percentage of individuals inactive","Mixed","ONS 2011 5+1","Jan18-Dec18","year","All","All","16-64","All","Disabled","48.1","8.6","47800","99400","320"
"Inactive","Percentage of individuals inactive","Mixed","ONS 2011 5+1","Jan18-Dec18","year","All","All","16-64","All","Non-disabled","23.3","3.5","102800","440400","1396"
"Inactive","Percentage of individuals inactive","Mixed","ONS 2011 5+1","Jan18-Dec18","year","All","All","16-64","All","unknown","!","!","!","!","!"
"Inactive","Percentage of individuals inactive","Mixed","ONS 2011 5+1","Jan18-Dec18","year","All","All","16-64","Female","All","32.4","4.7","92300","284600","958"
"Inactive","Percentage of individuals inactive","Mixed","ONS 2011 5+1","Jan18-Dec18","year","All","All","16-64","Female","Disabled","52.8","11.1","30100","56900","195"
"Inactive","Percentage of individuals inactive","Mixed","ONS 2011 5+1","Jan18-Dec18","year","All","All","16-64","Female","Non-disabled","27.3","5","60800","223000","750"
"Inactive","Percentage of individuals inactive","Mixed","ONS 2011 5+1","Jan18-Dec18","year","All","All","16-64","Female","unknown","!","!","!","!","!"
"Inactive","Percentage of individuals inactive","Mixed","ONS 2011 5+1","Jan18-Dec18","year","All","All","16-64","Male","All","22.9","4.7","60000","261300","776"
"Inactive","Percentage of individuals inactive","Mixed","ONS 2011 5+1","Jan18-Dec18","year","All","All","16-64","Male","Disabled","41.7","13.7","17700","42500","125"
"Inactive","Percentage of individuals inactive","Mixed","ONS 2011 5+1","Jan18-Dec18","year","All","All","16-64","Male","Non-disabled","19.3","4.8","42000","217400","646"
"Inactive","Percentage of individuals inactive","Mixed","ONS 2011 5+1","Jan18-Dec18","year","All","All","16-64","Male","unknown","!","!","!","!","!"
"Inactive","Percentage of individuals inactive","Mixed","ONS 2011 5+1","Jan18-Dec18","year","East Midlands","All","16-64","All","All","34","14.7","10700","31400","100"
"Inactive","Percentage of individuals inactive","Mixed","ONS 2011 5+1","Jan18-Dec18","year","East Midlands","All","16-64","All","Disabled","!","!","!","!","!"
"Inactive","Percentage of individuals inactive","Mixed","ONS 2011 5+1","Jan18-Dec18","year","East Midlands","All","16-64","All","Non-disabled","!","!","!","!","!"
"Inactive","Percentage of individuals inactive","Mixed","ONS 2011 5+1","Jan18-Dec18","year","East Midlands","All","16-64","All","unknown","!","!","!","!","!"
"Inactive","Percentage of individuals inactive","Mixed","ONS 2011 5+1","Jan18-Dec18","year","East of England","All","16-64","All","All","22.8","10.3","12100","53100","158"
"Inactive","Percentage of individuals inactive","Mixed","ONS 2011 5+1","Jan18-Dec18","year","East of England","All","16-64","All","Disabled","!","!","!","!","!"
"Inactive","Percentage of individuals inactive","Mixed","ONS 2011 5+1","Jan18-Dec18","year","East of England","All","16-64","All","Non-disabled","17.3","10.4","7100","41200","127"
"Inactive","Percentage of individuals inactive","Mixed","ONS 2011 5+1","Jan18-Dec18","year","East of England","All","16-64","All","unknown","!","!","!","!","!"
"Inactive","Percentage of individuals inactive","Mixed","ONS 2011 5+1","Jan18-Dec18","year","London","All","16-64","All","All","26.4","6.5","53500","202600","445"
"Inactive","Percentage of individuals inactive","Mixed","ONS 2011 5+1","Jan18-Dec18","year","London","All","16-64","All","Disabled","!","!","!","!","!"
"Inactive","Percentage of individuals inactive","Mixed","ONS 2011 5+1","Jan18-Dec18","year","London","All","16-64","All","Non-disabled","20.8","6.6","34700","166500","361"
"Inactive","Percentage of individuals inactive","Mixed","ONS 2011 5+1","Jan18-Dec18","year","London","All","16-64","All","unknown","!","!","!","!","!"
"Inactive","Percentage of individuals inactive","Mixed","ONS 2011 5+1","Jan18-Dec18","year","North East","All","16-64","All","All","!","!","!","!","!"
"Inactive","Percentage of individuals inactive","Mixed","ONS 2011 5+1","Jan18-Dec18","year","North East","All","16-64","All","Disabled","!","!","!","!","!"
"Inactive","Percentage of individuals inactive","Mixed","ONS 2011 5+1","Jan18-Dec18","year","North East","All","16-64","All","Non-disabled","!","!","!","!","!"
"Inactive","Percentage of individuals inactive","Mixed","ONS 2011 5+1","Jan18-Dec18","year","North East","All","16-64","All","unknown","!","!","!","!","!"
"Inactive","Percentage of individuals inactive","Mixed","ONS 2011 5+1","Jan18-Dec18","year","North West","All","16-64","All","All","36.6","11.2","15600","42800","177"
"Inactive","Percentage of individuals inactive","Mixed","ONS 2011 5+1","Jan18-Dec18","year","North West","All","16-64","All","Disabled","!","!","!","!","!"
"Inactive","Percentage of individuals inactive","Mixed","ONS 2011 5+1","Jan18-Dec18","year","North West","All","16-64","All","Non-disabled","32.2","12.1","11000","34200","142"
"Inactive","Percentage of individuals inactive","Mixed","ONS 2011 5+1","Jan18-Dec18","year","North West","All","16-64","All","unknown","!","!","!","!","!"
"Inactive","Percentage of individuals inactive","Mixed","ONS 2011 5+1","Jan18-Dec18","year","Scotland","All","16-64","All","All","!","!","!","!","!"
"Inactive","Percentage of individuals inactive","Mixed","ONS 2011 5+1","Jan18-Dec18","year","Scotland","All","16-64","All","Disabled","!","!","!","!","!"
"Inactive","Percentage of individuals inactive","Mixed","ONS 2011 5+1","Jan18-Dec18","year","Scotland","All","16-64","All","Non-disabled","!","!","!","!","!"
"Inactive","Percentage of individuals inactive","Mixed","ONS 2011 5+1","Jan18-Dec18","year","Scotland","All","16-64","All","unknown","!","!","!","!","!"
"Inactive","Percentage of individuals inactive","Mixed","ONS 2011 5+1","Jan18-Dec18","year","South East","All","16-64","All","All","22.3","8.8","13500","60700","216"
"Inactive","Percentage of individuals inactive","Mixed","ONS 2011 5+1","Jan18-Dec18","year","South East","All","16-64","All","Disabled","!","!","!","!","!"
"Inactive","Percentage of individuals inactive","Mixed","ONS 2011 5+1","Jan18-Dec18","year","South East","All","16-64","All","Non-disabled","20.7","9.5","10000","48100","174"
"Inactive","Percentage of individuals inactive","Mixed","ONS 2011 5+1","Jan18-Dec18","year","South East","All","16-64","All","unknown","!","!","!","!","!"
"Inactive","Percentage of individuals inactive","Mixed","ONS 2011 5+1","Jan18-Dec18","year","South West","All","16-64","All","All","24","12","7300","30500","122"
"Inactive","Percentage of individuals inactive","Mixed","ONS 2011 5+1","Jan18-Dec18","year","South West","All","16-64","All","Disabled","!","!","!","!","!"
"Inactive","Percentage of individuals inactive","Mixed","ONS 2011 5+1","Jan18-Dec18","year","South West","All","16-64","All","Non-disabled","22","12.6","5700","26100","103"
"Inactive","Percentage of individuals inactive","Mixed","ONS 2011 5+1","Jan18-Dec18","year","South West","All","16-64","All","unknown","!","!","!","!","!"
"Inactive","Percentage of individuals inactive","Mixed","ONS 2011 5+1","Jan18-Dec18","year","Wales","All","16-64","All","All","18.4","11.9","2500","13800","101"
"Inactive","Percentage of individuals inactive","Mixed","ONS 2011 5+1","Jan18-Dec18","year","Wales","All","16-64","All","Disabled","!","!","!","!","!"
"Inactive","Percentage of individuals inactive","Mixed","ONS 2011 5+1","Jan18-Dec18","year","Wales","All","16-64","All","Non-disabled","!","!","!","!","!"
"Inactive","Percentage of individuals inactive","Mixed","ONS 2011 5+1","Jan18-Dec18","year","Wales","All","16-64","All","unknown","!","!","!","!","!"
"Inactive","Percentage of individuals inactive","Mixed","ONS 2011 5+1","Jan18-Dec18","year","West Midlands","All","16-64","All","All","36.1","12.3","15400","42500","147"
"Inactive","Percentage of individuals inactive","Mixed","ONS 2011 5+1","Jan18-Dec18","year","West Midlands","All","16-64","All","Disabled","!","!","!","!","!"
"Inactive","Percentage of individuals inactive","Mixed","ONS 2011 5+1","Jan18-Dec18","year","West Midlands","All","16-64","All","Non-disabled","29","13.3","8900","30800","112"
"Inactive","Percentage of individuals inactive","Mixed","ONS 2011 5+1","Jan18-Dec18","year","West Midlands","All","16-64","All","unknown","!","!","!","!","!"
"Inactive","Percentage of individuals inactive","Mixed","ONS 2011 5+1","Jan18-Dec18","year","Yorkshire and The Humber","All","16-64","All","All","26.6","12.1","10600","39900","128"
"Inactive","Percentage of individuals inactive","Mixed","ONS 2011 5+1","Jan18-Dec18","year","Yorkshire and The Humber","All","16-64","All","Disabled","!","!","!","!","!"
"Inactive","Percentage of individuals inactive","Mixed","ONS 2011 5+1","Jan18-Dec18","year","Yorkshire and The Humber","All","16-64","All","Non-disabled","21.8","12.4","7300","33700","106"
"Inactive","Percentage of individuals inactive","Mixed","ONS 2011 5+1","Jan18-Dec18","year","Yorkshire and The Humber","All","16-64","All","unknown","!","!","!","!","!"
"Inactive","Percentage of individuals inactive","Other","ONS 2011 5+1","Jan18-Dec18","year","All","16-24","16-64","All","All","64.4","7.3","95100","147800","410"
"Inactive","Percentage of individuals inactive","Other","ONS 2011 5+1","Jan18-Dec18","year","All","16-24","16-64","All","Disabled","!","!","!","!","!"
"Inactive","Percentage of individuals inactive","Other","ONS 2011 5+1","Jan18-Dec18","year","All","16-24","16-64","All","Non-disabled","63","7.7","85600","135800","373"
"Inactive","Percentage of individuals inactive","Other","ONS 2011 5+1","Jan18-Dec18","year","All","16-24","16-64","All","unknown","!","!","!","!","!"
"Inactive","Percentage of individuals inactive","Other","ONS 2011 5+1","Jan18-Dec18","year","All","16-24","16-64","Female","All","66.2","10.2","47500","71800","208"
"Inactive","Percentage of individuals inactive","Other","ONS 2011 5+1","Jan18-Dec18","year","All","16-24","16-64","Female","Disabled","!","!","!","!","!"
"Inactive","Percentage of individuals inactive","Other","ONS 2011 5+1","Jan18-Dec18","year","All","16-24","16-64","Female","Non-disabled","66.6","10.7","43700","65700","188"
"Inactive","Percentage of individuals inactive","Other","ONS 2011 5+1","Jan18-Dec18","year","All","16-24","16-64","Female","unknown","!","!","!","!","!"
"Inactive","Percentage of individuals inactive","Other","ONS 2011 5+1","Jan18-Dec18","year","All","16-24","16-64","Male","All","62.7","10.5","47600","76100","202"
"Inactive","Percentage of individuals inactive","Other","ONS 2011 5+1","Jan18-Dec18","year","All","16-24","16-64","Male","Disabled","!","!","!","!","!"
"Inactive","Percentage of individuals inactive","Other","ONS 2011 5+1","Jan18-Dec18","year","All","16-24","16-64","Male","Non-disabled","59.6","11.2","41800","70200","185"
"Inactive","Percentage of individuals inactive","Other","ONS 2011 5+1","Jan18-Dec18","year","All","16-24","16-64","Male","unknown","!","!","!","!","!"
"Inactive","Percentage of individuals inactive","Other","ONS 2011 5+1","Jan18-Dec18","year","All","25-49","16-64","All","All","26.3","3.4","134400","511900","1596"
"Inactive","Percentage of individuals inactive","Other","ONS 2011 5+1","Jan18-Dec18","year","All","25-49","16-64","All","Disabled","45.8","9.7","35600","77700","251"
"Inactive","Percentage of individuals inactive","Other","ONS 2011 5+1","Jan18-Dec18","year","All","25-49","16-64","All","Non-disabled","22.8","3.6","98200","430600","1336"
"Inactive","Percentage of individuals inactive","Other","ONS 2011 5+1","Jan18-Dec18","year","All","25-49","16-64","All","unknown","!","!","!","!","!"
"Inactive","Percentage of individuals inactive","Other","ONS 2011 5+1","Jan18-Dec18","year","All","25-49","16-64","Female","All","38.6","5.2","100800","261000","851"
"Inactive","Percentage of individuals inactive","Other","ONS 2011 5+1","Jan18-Dec18","year","All","25-49","16-64","Female","Disabled","50.9","13.7","19400","38100","127"
"Inactive","Percentage of individuals inactive","Other","ONS 2011 5+1","Jan18-Dec18","year","All","25-49","16-64","Female","Non-disabled","36.6","5.6","81000","221100","720"
"Inactive","Percentage of individuals inactive","Other","ONS 2011 5+1","Jan18-Dec18","year","All","25-49","16-64","Female","unknown","!","!","!","!","!"
"Inactive","Percentage of individuals inactive","Other","ONS 2011 5+1","Jan18-Dec18","year","All","25-49","16-64","Male","All","13.4","3.9","33500","250900","745"
"Inactive","Percentage of individuals inactive","Other","ONS 2011 5+1","Jan18-Dec18","year","All","25-49","16-64","Male","Disabled","40.8","13.7","16200","39600","124"
"Inactive","Percentage of individuals inactive","Other","ONS 2011 5+1","Jan18-Dec18","year","All","25-49","16-64","Male","Non-disabled","8.2","3.4","17200","209500","616"
"Inactive","Percentage of individuals inactive","Other","ONS 2011 5+1","Jan18-Dec18","year","All","25-49","16-64","Male","unknown","!","!","!","!","!"
"Inactive","Percentage of individuals inactive","Other","ONS 2011 5+1","Jan18-Dec18","year","All","50-64","16-64","All","All","32","6.4","46000","144000","515"
"Inactive","Percentage of individuals inactive","Other","ONS 2011 5+1","Jan18-Dec18","year","All","50-64","16-64","All","Disabled","57.4","11.9","27400","47800","166"
"Inactive","Percentage of individuals inactive","Other","ONS 2011 5+1","Jan18-Dec18","year","All","50-64","16-64","All","Non-disabled","18.7","6.5","17800","95100","344"
"Inactive","Percentage of individuals inactive","Other","ONS 2011 5+1","Jan18-Dec18","year","All","50-64","16-64","All","unknown","!","!","!","!","!"
"Inactive","Percentage of individuals inactive","Other","ONS 2011 5+1","Jan18-Dec18","year","All","50-64","16-64","Female","All","41.5","9.4","30000","72400","262"
"Inactive","Percentage of individuals inactive","Other","ONS 2011 5+1","Jan18-Dec18","year","All","50-64","16-64","Female","Disabled","!","!","!","!","!"
"Inactive","Percentage of individuals inactive","Other","ONS 2011 5+1","Jan18-Dec18","year","All","50-64","16-64","Female","Non-disabled","28.3","10.8","13300","46900","167"
"Inactive","Percentage of individuals inactive","Other","ONS 2011 5+1","Jan18-Dec18","year","All","50-64","16-64","Female","unknown","!","!","!","!","!"
"Inactive","Percentage of individuals inactive","Other","ONS 2011 5+1","Jan18-Dec18","year","All","50-64","16-64","Male","All","22.3","8.1","16000","71600","253"
"Inactive","Percentage of individuals inactive","Other","ONS 2011 5+1","Jan18-Dec18","year","All","50-64","16-64","Male","Disabled","!","!","!","!","!"
"Inactive","Percentage of individuals inactive","Other","ONS 2011 5+1","Jan18-Dec18","year","All","50-64","16-64","Male","Non-disabled","9.3","6.8","4500","48100","177"
"Inactive","Percentage of individuals inactive","Other","ONS 2011 5+1","Jan18-Dec18","year","All","50-64","16-64","Male","unknown","!","!","!","!","!"
"Inactive","Percentage of individuals inactive","Other","ONS 2011 5+1","Jan18-Dec18","year","All","All","16-64","All","All","34.3","2.9","275600","803800","2521"
"Inactive","Percentage of individuals inactive","Other","ONS 2011 5+1","Jan18-Dec18","year","All","All","16-64","All","Disabled","52.7","7.3","72400","137400","453"
"Inactive","Percentage of individuals inactive","Other","ONS 2011 5+1","Jan18-Dec18","year","All","All","16-64","All","Non-disabled","30.5","3.1","201500","661500","2053"
"Inactive","Percentage of individuals inactive","Other","ONS 2011 5+1","Jan18-Dec18","year","All","All","16-64","All","unknown","!","!","!","!","!"
"Inactive","Percentage of individuals inactive","Other","ONS 2011 5+1","Jan18-Dec18","year","All","All","16-64","Female","All","44","4.2","178400","405200","1321"
"Inactive","Percentage of individuals inactive","Other","ONS 2011 5+1","Jan18-Dec18","year","All","All","16-64","Female","Disabled","57","9.9","39300","69000","238"
"Inactive","Percentage of individuals inactive","Other","ONS 2011 5+1","Jan18-Dec18","year","All","All","16-64","Female","Non-disabled","41.4","4.7","138000","333700","1075"
"Inactive","Percentage of individuals inactive","Other","ONS 2011 5+1","Jan18-Dec18","year","All","All","16-64","Female","unknown","!","!","!","!","!"
"Inactive","Percentage of individuals inactive","Other","ONS 2011 5+1","Jan18-Dec18","year","All","All","16-64","Male","All","24.4","3.8","97200","398600","1200"
"Inactive","Percentage of individuals inactive","Other","ONS 2011 5+1","Jan18-Dec18","year","All","All","16-64","Male","Disabled","48.4","10.6","33100","68400","215"
"Inactive","Percentage of individuals inactive","Other","ONS 2011 5+1","Jan18-Dec18","year","All","All","16-64","Male","Non-disabled","19.4","3.9","63500","327800","978"
"Inactive","Percentage of individuals inactive","Other","ONS 2011 5+1","Jan18-Dec18","year","All","All","16-64","Male","unknown","!","!","!","!","!"
"Inactive","Percentage of individuals inactive","Other","ONS 2011 5+1","Jan18-Dec18","year","East Midlands","All","16-64","All","All","!","!","!","!","!"
"Inactive","Percentage of individuals inactive","Other","ONS 2011 5+1","Jan18-Dec18","year","East Midlands","All","16-64","All","Disabled","!","!","!","!","!"
"Inactive","Percentage of individuals inactive","Other","ONS 2011 5+1","Jan18-Dec18","year","East Midlands","All","16-64","All","Non-disabled","!","!","!","!","!"
"Inactive","Percentage of individuals inactive","Other","ONS 2011 5+1","Jan18-Dec18","year","East Midlands","All","16-64","All","unknown","!","!","!","!","!"
"Inactive","Percentage of individuals inactive","Other","ONS 2011 5+1","Jan18-Dec18","year","East of England","All","16-64","All","All","19.8","10.1","9800","49300","148"
"Inactive","Percentage of individuals inactive","Other","ONS 2011 5+1","Jan18-Dec18","year","East of England","All","16-64","All","Disabled","!","!","!","!","!"
"Inactive","Percentage of individuals inactive","Other","ONS 2011 5+1","Jan18-Dec18","year","East of England","All","16-64","All","Non-disabled","17.3","10.2","7500","43700","132"
"Inactive","Percentage of individuals inactive","Other","ONS 2011 5+1","Jan18-Dec18","year","East of England","All","16-64","All","unknown","!","!","!","!","!"
"Inactive","Percentage of individuals inactive","Other","ONS 2011 5+1","Jan18-Dec18","year","London","All","16-64","All","All","34.5","4.9","129100","373900","902"
"Inactive","Percentage of individuals inactive","Other","ONS 2011 5+1","Jan18-Dec18","year","London","All","16-64","All","Disabled","52.5","11.1","37600","71600","193"
"Inactive","Percentage of individuals inactive","Other","ONS 2011 5+1","Jan18-Dec18","year","London","All","16-64","All","Non-disabled","30.2","5.4","90200","299200","701"
"Inactive","Percentage of individuals inactive","Other","ONS 2011 5+1","Jan18-Dec18","year","London","All","16-64","All","unknown","!","!","!","!","!"
"Inactive","Percentage of individuals inactive","Other","ONS 2011 5+1","Jan18-Dec18","year","North East","All","16-64","All","All","48.9","14.2","9600","19600","119"
"Inactive","Percentage of individuals inactive","Other","ONS 2011 5+1","Jan18-Dec18","year","North East","All","16-64","All","Disabled","!","!","!","!","!"
"Inactive","Percentage of individuals inactive","Other","ONS 2011 5+1","Jan18-Dec18","year","North East","All","16-64","All","Non-disabled","!","!","!","!","!"
"Inactive","Percentage of individuals inactive","Other","ONS 2011 5+1","Jan18-Dec18","year","North East","All","16-64","All","unknown","!","!","!","!","!"
"Inactive","Percentage of individuals inactive","Other","ONS 2011 5+1","Jan18-Dec18","year","North West","All","16-64","All","All","39","9.9","24100","61800","233"
"Inactive","Percentage of individuals inactive","Other","ONS 2011 5+1","Jan18-Dec18","year","North West","All","16-64","All","Disabled","!","!","!","!","!"
"Inactive","Percentage of individuals inactive","Other","ONS 2011 5+1","Jan18-Dec18","year","North West","All","16-64","All","Non-disabled","33.3","10.8","16200","48500","184"
"Inactive","Percentage of individuals inactive","Other","ONS 2011 5+1","Jan18-Dec18","year","North West","All","16-64","All","unknown","!","!","!","!","!"
"Inactive","Percentage of individuals inactive","Other","ONS 2011 5+1","Jan18-Dec18","year","Scotland","All","16-64","All","All","45.5","13.6","13600","30000","128"
"Inactive","Percentage of individuals inactive","Other","ONS 2011 5+1","Jan18-Dec18","year","Scotland","All","16-64","All","Disabled","!","!","!","!","!"
"Inactive","Percentage of individuals inactive","Other","ONS 2011 5+1","Jan18-Dec18","year","Scotland","All","16-64","All","Non-disabled","37.8","14.1","9600","25400","113"
"Inactive","Percentage of individuals inactive","Other","ONS 2011 5+1","Jan18-Dec18","year","Scotland","All","16-64","All","unknown","!","!","!","!","!"
"Inactive","Percentage of individuals inactive","Other","ONS 2011 5+1","Jan18-Dec18","year","South East","All","16-64","All","All","25.7","7.9","22700","88300","294"
"Inactive","Percentage of individuals inactive","Other","ONS 2011 5+1","Jan18-Dec18","year","South East","All","16-64","All","Disabled","!","!","!","!","!"
"Inactive","Percentage of individuals inactive","Other","ONS 2011 5+1","Jan18-Dec18","year","South East","All","16-64","All","Non-disabled","25.5","8.5","20000","78500","253"
"Inactive","Percentage of individuals inactive","Other","ONS 2011 5+1","Jan18-Dec18","year","South East","All","16-64","All","unknown","!","!","!","!","!"
"Inactive","Percentage of individuals inactive","Other","ONS 2011 5+1","Jan18-Dec18","year","South West","All","16-64","All","All","35.3","12.5","11200","31700","141"
"Inactive","Percentage of individuals inactive","Other","ONS 2011 5+1","Jan18-Dec18","year","South West","All","16-64","All","Disabled","!","!","!","!","!"
"Inactive","Percentage of individuals inactive","Other","ONS 2011 5+1","Jan18-Dec18","year","South West","All","16-64","All","Non-disabled","33.8","13.3","9400","27800","122"
"Inactive","Percentage of individuals inactive","Other","ONS 2011 5+1","Jan18-Dec18","year","South West","All","16-64","All","unknown","!","!","!","!","!"
"Inactive","Percentage of individuals inactive","Other","ONS 2011 5+1","Jan18-Dec18","year","Wales","All","16-64","All","All","34.4","13.8","5600","16200","114"
"Inactive","Percentage of individuals inactive","Other","ONS 2011 5+1","Jan18-Dec18","year","Wales","All","16-64","All","Disabled","!","!","!","!","!"
"Inactive","Percentage of individuals inactive","Other","ONS 2011 5+1","Jan18-Dec18","year","Wales","All","16-64","All","Non-disabled","!","!","!","!","!"
"Inactive","Percentage of individuals inactive","Other","ONS 2011 5+1","Jan18-Dec18","year","Wales","All","16-64","All","unknown","!","!","!","!","!"
"Inactive","Percentage of individuals inactive","Other","ONS 2011 5+1","Jan18-Dec18","year","West Midlands","All","16-64","All","All","34.8","10.3","18800","54100","204"
"Inactive","Percentage of individuals inactive","Other","ONS 2011 5+1","Jan18-Dec18","year","West Midlands","All","16-64","All","Disabled","!","!","!","!","!"
"Inactive","Percentage of individuals inactive","Other","ONS 2011 5+1","Jan18-Dec18","year","West Midlands","All","16-64","All","Non-disabled","32","11.2","14200","44300","166"
"Inactive","Percentage of individuals inactive","Other","ONS 2011 5+1","Jan18-Dec18","year","West Midlands","All","16-64","All","unknown","!","!","!","!","!"
"Inactive","Percentage of individuals inactive","Other","ONS 2011 5+1","Jan18-Dec18","year","Yorkshire and The Humber","All","16-64","All","All","40","12.8","18800","47000","140"
"Inactive","Percentage of individuals inactive","Other","ONS 2011 5+1","Jan18-Dec18","year","Yorkshire and The Humber","All","16-64","All","Disabled","!","!","!","!","!"
"Inactive","Percentage of individuals inactive","Other","ONS 2011 5+1","Jan18-Dec18","year","Yorkshire and The Humber","All","16-64","All","Non-disabled","36.2","14.1","13700","37800","112"
"Inactive","Percentage of individuals inactive","Other","ONS 2011 5+1","Jan18-Dec18","year","Yorkshire and The Humber","All","16-64","All","unknown","!","!","!","!","!"
"Inactive","Percentage of individuals inactive","Other Asian","Detailed","Jan18-Dec18","year","All","16-24","16-64","All","All","64.5","7","106100","164500","443"
"Inactive","Percentage of individuals inactive","Other Asian","Detailed","Jan18-Dec18","year","All","16-24","16-64","All","Disabled","!","!","!","!","!"
"Inactive","Percentage of individuals inactive","Other Asian","Detailed","Jan18-Dec18","year","All","16-24","16-64","All","Non-disabled","63.9","7.3","98700","154300","419"
"Inactive","Percentage of individuals inactive","Other Asian","Detailed","Jan18-Dec18","year","All","16-24","16-64","All","unknown","!","!","!","!","!"
"Inactive","Percentage of individuals inactive","Other Asian","Detailed","Jan18-Dec18","year","All","16-24","16-64","Female","All","65.9","9.7","53700","81500","228"
"Inactive","Percentage of individuals inactive","Other Asian","Detailed","Jan18-Dec18","year","All","16-24","16-64","Female","Disabled","!","!","!","!","!"
"Inactive","Percentage of individuals inactive","Other Asian","Detailed","Jan18-Dec18","year","All","16-24","16-64","Female","Non-disabled","65.7","10","50900","77500","216"
"Inactive","Percentage of individuals inactive","Other Asian","Detailed","Jan18-Dec18","year","All","16-24","16-64","Female","unknown","!","!","!","!","!"
"Inactive","Percentage of individuals inactive","Other Asian","Detailed","Jan18-Dec18","year","All","16-24","16-64","Male","All","63.1","10.2","52400","83000","215"
"Inactive","Percentage of individuals inactive","Other Asian","Detailed","Jan18-Dec18","year","All","16-24","16-64","Male","Disabled","!","!","!","!","!"
"Inactive","Percentage of individuals inactive","Other Asian","Detailed","Jan18-Dec18","year","All","16-24","16-64","Male","Non-disabled","62.1","10.5","47700","76800","203"
"Inactive","Percentage of individuals inactive","Other Asian","Detailed","Jan18-Dec18","year","All","16-24","16-64","Male","unknown","!","!","!","!","!"
"Inactive","Percentage of individuals inactive","Other Asian","Detailed","Jan18-Dec18","year","All","25-49","16-64","All","All","22","3.2","107100","487400","1573"
"Inactive","Percentage of individuals inactive","Other Asian","Detailed","Jan18-Dec18","year","All","25-49","16-64","All","Disabled","37.9","11.7","18100","47800","165"
"Inactive","Percentage of individuals inactive","Other Asian","Detailed","Jan18-Dec18","year","All","25-49","16-64","All","Non-disabled","20.3","3.3","88900","437300","1398"
"Inactive","Percentage of individuals inactive","Other Asian","Detailed","Jan18-Dec18","year","All","25-49","16-64","All","unknown","!","!","!","!","!"
"Inactive","Percentage of individuals inactive","Other Asian","Detailed","Jan18-Dec18","year","All","25-49","16-64","Female","All","29.9","4.6","83900","280700","965"
"Inactive","Percentage of individuals inactive","Other Asian","Detailed","Jan18-Dec18","year","All","25-49","16-64","Female","Disabled","42.4","14.7","12400","29400","108"
"Inactive","Percentage of individuals inactive","Other Asian","Detailed","Jan18-Dec18","year","All","25-49","16-64","Female","Non-disabled","28.6","4.8","71500","249700","851"
"Inactive","Percentage of individuals inactive","Other Asian","Detailed","Jan18-Dec18","year","All","25-49","16-64","Female","unknown","!","!","!","!","!"
"Inactive","Percentage of individuals inactive","Other Asian","Detailed","Jan18-Dec18","year","All","25-49","16-64","Male","All","11.2","4","23100","206700","608"
"Inactive","Percentage of individuals inactive","Other Asian","Detailed","Jan18-Dec18","year","All","25-49","16-64","Male","Disabled","!","!","!","!","!"
"Inactive","Percentage of individuals inactive","Other Asian","Detailed","Jan18-Dec18","year","All","25-49","16-64","Male","Non-disabled","9.3","3.8","17500","187600","547"
"Inactive","Percentage of individuals inactive","Other Asian","Detailed","Jan18-Dec18","year","All","25-49","16-64","Male","unknown","!","!","!","!","!"
"Inactive","Percentage of individuals inactive","Other Asian","Detailed","Jan18-Dec18","year","All","50-64","16-64","All","All","29.4","5.8","44600","151400","583"
"Inactive","Percentage of individuals inactive","Other Asian","Detailed","Jan18-Dec18","year","All","50-64","16-64","All","Disabled","52.2","12.6","20900","40000","151"
"Inactive","Percentage of individuals inactive","Other Asian","Detailed","Jan18-Dec18","year","All","50-64","16-64","All","Non-disabled","21.1","6.1","23300","110500","426"
"Inactive","Percentage of individuals inactive","Other Asian","Detailed","Jan18-Dec18","year","All","50-64","16-64","All","unknown","!","!","!","!","!"
"Inactive","Percentage of individuals inactive","Other Asian","Detailed","Jan18-Dec18","year","All","50-64","16-64","Female","All","37","8.4","30200","81600","318"
"Inactive","Percentage of individuals inactive","Other Asian","Detailed","Jan18-Dec18","year","All","50-64","16-64","Female","Disabled","!","!","!","!","!"
"Inactive","Percentage of individuals inactive","Other Asian","Detailed","Jan18-Dec18","year","All","50-64","16-64","Female","Non-disabled","28.4","9.2","16700","58600","230"
"Inactive","Percentage of individuals inactive","Other Asian","Detailed","Jan18-Dec18","year","All","50-64","16-64","Female","unknown","!","!","!","!","!"
"Inactive","Percentage of individuals inactive","Other Asian","Detailed","Jan18-Dec18","year","All","50-64","16-64","Male","All","20.6","7.7","14300","69700","265"
"Inactive","Percentage of individuals inactive","Other Asian","Detailed","Jan18-Dec18","year","All","50-64","16-64","Male","Disabled","!","!","!","!","!"
"Inactive","Percentage of individuals inactive","Other Asian","Detailed","Jan18-Dec18","year","All","50-64","16-64","Male","Non-disabled","12.8","7.4","6700","51900","196"
"Inactive","Percentage of individuals inactive","Other Asian","Detailed","Jan18-Dec18","year","All","50-64","16-64","Male","unknown","!","!","!","!","!"
"Inactive","Percentage of individuals inactive","Other Asian","Detailed","Jan18-Dec18","year","All","All","16-64","All","All","32.1","2.8","257700","803300","2599"
"Inactive","Percentage of individuals inactive","Other Asian","Detailed","Jan18-Dec18","year","All","All","16-64","All","Disabled","47.3","8.4","45500","96200","336"
"Inactive","Percentage of individuals inactive","Other Asian","Detailed","Jan18-Dec18","year","All","All","16-64","All","Non-disabled","30","3","210900","702000","2243"
"Inactive","Percentage of individuals inactive","Other Asian","Detailed","Jan18-Dec18","year","All","All","16-64","All","unknown","!","!","!","!","!"
"Inactive","Percentage of individuals inactive","Other Asian","Detailed","Jan18-Dec18","year","All","All","16-64","Female","All","37.8","3.9","167800","443900","1511"
"Inactive","Percentage of individuals inactive","Other Asian","Detailed","Jan18-Dec18","year","All","All","16-64","Female","Disabled","50.5","10.8","28100","55600","205"
"Inactive","Percentage of individuals inactive","Other Asian","Detailed","Jan18-Dec18","year","All","All","16-64","Female","Non-disabled","36","4.1","139100","385800","1297"
"Inactive","Percentage of individuals inactive","Other Asian","Detailed","Jan18-Dec18","year","All","All","16-64","Female","unknown","!","!","!","!","!"
"Inactive","Percentage of individuals inactive","Other Asian","Detailed","Jan18-Dec18","year","All","All","16-64","Male","All","25","4.1","89900","359400","1088"
"Inactive","Percentage of individuals inactive","Other Asian","Detailed","Jan18-Dec18","year","All","All","16-64","Male","Disabled","42.8","13.4","17400","40600","131"
"Inactive","Percentage of individuals inactive","Other Asian","Detailed","Jan18-Dec18","year","All","All","16-64","Male","Non-disabled","22.7","4.2","71800","316200","946"
"Inactive","Percentage of individuals inactive","Other Asian","Detailed","Jan18-Dec18","year","All","All","16-64","Male","unknown","!","!","!","!","!"
"Inactive","Percentage of individuals inactive","Other Asian","Detailed","Jan18-Dec18","year","East Midlands","All","16-64","All","All","43.8","13.6","20000","45600","128"
"Inactive","Percentage of individuals inactive","Other Asian","Detailed","Jan18-Dec18","year","East Midlands","All","16-64","All","Disabled","!","!","!","!","!"
"Inactive","Percentage of individuals inactive","Other Asian","Detailed","Jan18-Dec18","year","East Midlands","All","16-64","All","Non-disabled","37.2","14.1","14600","39200","113"
"Inactive","Percentage of individuals inactive","Other Asian","Detailed","Jan18-Dec18","year","East Midlands","All","16-64","All","unknown","!","!","!","!","!"
"Inactive","Percentage of individuals inactive","Other Asian","Detailed","Jan18-Dec18","year","East of England","All","16-64","All","All","23.4","9.6","13300","56700","185"
"Inactive","Percentage of individuals inactive","Other Asian","Detailed","Jan18-Dec18","year","East of England","All","16-64","All","Disabled","!","!","!","!","!"
"Inactive","Percentage of individuals inactive","Other Asian","Detailed","Jan18-Dec18","year","East of England","All","16-64","All","Non-disabled","22.5","10.2","11800","52200","161"
"Inactive","Percentage of individuals inactive","Other Asian","Detailed","Jan18-Dec18","year","East of England","All","16-64","All","unknown","!","!","!","!","!"
"Inactive","Percentage of individuals inactive","Other Asian","Detailed","Jan18-Dec18","year","London","All","16-64","All","All","29.6","5.1","96500","326200","773"
"Inactive","Percentage of individuals inactive","Other Asian","Detailed","Jan18-Dec18","year","London","All","16-64","All","Disabled","47.5","14","22000","46300","122"
"Inactive","Percentage of individuals inactive","Other Asian","Detailed","Jan18-Dec18","year","London","All","16-64","All","Non-disabled","26.5","5.4","73500","277400","646"
"Inactive","Percentage of individuals inactive","Other Asian","Detailed","Jan18-Dec18","year","London","All","16-64","All","unknown","!","!","!","!","!"
"Inactive","Percentage of individuals inactive","Other Asian","Detailed","Jan18-Dec18","year","North East","All","16-64","All","All","!","!","!","!","!"
"Inactive","Percentage of individuals inactive","Other Asian","Detailed","Jan18-Dec18","year","North East","All","16-64","All","Disabled","!","!","!","!","!"
"Inactive","Percentage of individuals inactive","Other Asian","Detailed","Jan18-Dec18","year","North East","All","16-64","All","Non-disabled","!","!","!","!","!"
"Inactive","Percentage of individuals inactive","Other Asian","Detailed","Jan18-Dec18","year","North East","All","16-64","All","unknown","!","!","!","!","!"
"Inactive","Percentage of individuals inactive","Other Asian","Detailed","Jan18-Dec18","year","North West","All","16-64","All","All","46.2","9.8","29700","64300","250"
"Inactive","Percentage of individuals inactive","Other Asian","Detailed","Jan18-Dec18","year","North West","All","16-64","All","Disabled","!","!","!","!","!"
"Inactive","Percentage of individuals inactive","Other Asian","Detailed","Jan18-Dec18","year","North West","All","16-64","All","Non-disabled","48","10.5","27200","56800","216"
"Inactive","Percentage of individuals inactive","Other Asian","Detailed","Jan18-Dec18","year","North West","All","16-64","All","unknown","!","!","!","!","!"
"Inactive","Percentage of individuals inactive","Other Asian","Detailed","Jan18-Dec18","year","Scotland","All","16-64","All","All","42","12.9","13400","31900","140"
"Inactive","Percentage of individuals inactive","Other Asian","Detailed","Jan18-Dec18","year","Scotland","All","16-64","All","Disabled","!","!","!","!","!"
"Inactive","Percentage of individuals inactive","Other Asian","Detailed","Jan18-Dec18","year","Scotland","All","16-64","All","Non-disabled","41.3","13.5","12300","29600","128"
"Inactive","Percentage of individuals inactive","Other Asian","Detailed","Jan18-Dec18","year","Scotland","All","16-64","All","unknown","!","!","!","!","!"
"Inactive","Percentage of individuals inactive","Other Asian","Detailed","Jan18-Dec18","year","South East","All","16-64","All","All","28","6.9","32700","116900","410"
"Inactive","Percentage of individuals inactive","Other Asian","Detailed","Jan18-Dec18","year","South East","All","16-64","All","Disabled","!","!","!","!","!"
"Inactive","Percentage of individuals inactive","Other Asian","Detailed","Jan18-Dec18","year","South East","All","16-64","All","Non-disabled","27.2","7.2","28900","106100","366"
"Inactive","Percentage of individuals inactive","Other Asian","Detailed","Jan18-Dec18","year","South East","All","16-64","All","unknown","!","!","!","!","!"
"Inactive","Percentage of individuals inactive","Other Asian","Detailed","Jan18-Dec18","year","South West","All","16-64","All","All","28.9","10.7","11100","38300","173"
"Inactive","Percentage of individuals inactive","Other Asian","Detailed","Jan18-Dec18","year","South West","All","16-64","All","Disabled","!","!","!","!","!"
"Inactive","Percentage of individuals inactive","Other Asian","Detailed","Jan18-Dec18","year","South West","All","16-64","All","Non-disabled","28.2","11.3","9700","34300","153"
"Inactive","Percentage of individuals inactive","Other Asian","Detailed","Jan18-Dec18","year","South West","All","16-64","All","unknown","!","!","!","!","!"
"Inactive","Percentage of individuals inactive","Other Asian","Detailed","Jan18-Dec18","year","Wales","All","16-64","All","All","37.2","11.6","8300","22300","166"
"Inactive","Percentage of individuals inactive","Other Asian","Detailed","Jan18-Dec18","year","Wales","All","16-64","All","Disabled","!","!","!","!","!"
"Inactive","Percentage of individuals inactive","Other Asian","Detailed","Jan18-Dec18","year","Wales","All","16-64","All","Non-disabled","35.1","12.2","6800","19400","146"
"Inactive","Percentage of individuals inactive","Other Asian","Detailed","Jan18-Dec18","year","Wales","All","16-64","All","unknown","!","!","!","!","!"
"Inactive","Percentage of individuals inactive","Other Asian","Detailed","Jan18-Dec18","year","West Midlands","All","16-64","All","All","35.4","11.7","17300","48800","161"
"Inactive","Percentage of individuals inactive","Other Asian","Detailed","Jan18-Dec18","year","West Midlands","All","16-64","All","Disabled","!","!","!","!","!"
"Inactive","Percentage of individuals inactive","Other Asian","Detailed","Jan18-Dec18","year","West Midlands","All","16-64","All","Non-disabled","34.1","12.6","14600","42800","135"
"Inactive","Percentage of individuals inactive","Other Asian","Detailed","Jan18-Dec18","year","West Midlands","All","16-64","All","unknown","!","!","!","!","!"
"Inactive","Percentage of individuals inactive","Other Asian","Detailed","Jan18-Dec18","year","Yorkshire and The Humber","All","16-64","All","All","28.3","12.6","10600","37400","122"
"Inactive","Percentage of individuals inactive","Other Asian","Detailed","Jan18-Dec18","year","Yorkshire and The Humber","All","16-64","All","Disabled","!","!","!","!","!"
"Inactive","Percentage of individuals inactive","Other Asian","Detailed","Jan18-Dec18","year","Yorkshire and The Humber","All","16-64","All","Non-disabled","23.8","13.1","7400","31100","101"
"Inactive","Percentage of individuals inactive","Other Asian","Detailed","Jan18-Dec18","year","Yorkshire and The Humber","All","16-64","All","unknown","!","!","!","!","!"
"Inactive","Percentage of individuals inactive","Other than White","White and other","Jan18-Dec18","year","All","16-24","16-64","All","All","55.5","2.6","698000","1258300","3640"
"Inactive","Percentage of individuals inactive","Other than White","White and other","Jan18-Dec18","year","All","16-24","16-64","All","Disabled","61.1","8.6","65700","107600","305"
"Inactive","Percentage of individuals inactive","Other than White","White and other","Jan18-Dec18","year","All","16-24","16-64","All","Non-disabled","54.9","2.7","628000","1144100","3317"
"Inactive","Percentage of individuals inactive","Other than White","White and other","Jan18-Dec18","year","All","16-24","16-64","All","unknown","!","!","!","!","!"
"Inactive","Percentage of individuals inactive","Other than White","White and other","Jan18-Dec18","year","All","16-24","16-64","Female","All","57.2","3.6","357700","625100","1843"
"Inactive","Percentage of individuals inactive","Other than White","White and other","Jan18-Dec18","year","All","16-24","16-64","Female","Disabled","56.9","12","32300","56700","163"
"Inactive","Percentage of individuals inactive","Other than White","White and other","Jan18-Dec18","year","All","16-24","16-64","Female","Non-disabled","57.1","3.8","322000","564000","1667"
"Inactive","Percentage of individuals inactive","Other than White","White and other","Jan18-Dec18","year","All","16-24","16-64","Female","unknown","!","!","!","!","!"
"Inactive","Percentage of individuals inactive","Other than White","White and other","Jan18-Dec18","year","All","16-24","16-64","Male","All","53.7","3.6","340300","633200","1797"
"Inactive","Percentage of individuals inactive","Other than White","White and other","Jan18-Dec18","year","All","16-24","16-64","Male","Disabled","65.7","12.3","33500","51000","142"
"Inactive","Percentage of individuals inactive","Other than White","White and other","Jan18-Dec18","year","All","16-24","16-64","Male","Non-disabled","52.7","3.8","305900","580200","1650"
"Inactive","Percentage of individuals inactive","Other than White","White and other","Jan18-Dec18","year","All","16-24","16-64","Male","unknown","!","!","!","!","!"
"Inactive","Percentage of individuals inactive","Other than White","White and other","Jan18-Dec18","year","All","25-49","16-64","All","All","21.2","1.2","759400","3582000","11822"
"Inactive","Percentage of individuals inactive","Other than White","White and other","Jan18-Dec18","year","All","25-49","16-64","All","Disabled","40","3.7","198000","494600","1678"
"Inactive","Percentage of individuals inactive","Other than White","White and other","Jan18-Dec18","year","All","25-49","16-64","All","Non-disabled","18.1","1.2","554900","3057300","10047"
"Inactive","Percentage of individuals inactive","Other than White","White and other","Jan18-Dec18","year","All","25-49","16-64","All","unknown","21.5","12.9","6500","30000","97"
"Inactive","Percentage of individuals inactive","Other than White","White and other","Jan18-Dec18","year","All","25-49","16-64","Female","All","32.5","1.8","605400","1863100","6567"
"Inactive","Percentage of individuals inactive","Other than White","White and other","Jan18-Dec18","year","All","25-49","16-64","Female","Disabled","47.2","4.9","130600","277000","1002"
"Inactive","Percentage of individuals inactive","Other than White","White and other","Jan18-Dec18","year","All","25-49","16-64","Female","Non-disabled","29.9","1.9","469600","1570300","5512"
"Inactive","Percentage of individuals inactive","Other than White","White and other","Jan18-Dec18","year","All","25-49","16-64","Female","unknown","32.5","19.9","5100","15800","53"
"Inactive","Percentage of individuals inactive","Other than White","White and other","Jan18-Dec18","year","All","25-49","16-64","Male","All","9","1.2","154000","1718900","5255"
"Inactive","Percentage of individuals inactive","Other than White","White and other","Jan18-Dec18","year","All","25-49","16-64","Male","Disabled","31","5.5","67400","217600","676"
"Inactive","Percentage of individuals inactive","Other than White","White and other","Jan18-Dec18","year","All","25-49","16-64","Male","Non-disabled","5.7","1.1","85300","1487000","4535"
"Inactive","Percentage of individuals inactive","Other than White","White and other","Jan18-Dec18","year","All","25-49","16-64","Male","unknown","9.3","13.6","1300","14200","44"
"Inactive","Percentage of individuals inactive","Other than White","White and other","Jan18-Dec18","year","All","50-64","16-64","All","All","27.8","2.2","305900","1098400","4029"
"Inactive","Percentage of individuals inactive","Other than White","White and other","Jan18-Dec18","year","All","50-64","16-64","All","Disabled","54.4","4.4","180000","330900","1218"
"Inactive","Percentage of individuals inactive","Other than White","White and other","Jan18-Dec18","year","All","50-64","16-64","All","Non-disabled","16.1","2.2","122200","758000","2771"
"Inactive","Percentage of individuals inactive","Other than White","White and other","Jan18-Dec18","year","All","50-64","16-64","All","unknown","39.6","23.9","3800","9500","40"
"Inactive","Percentage of individuals inactive","Other than White","White and other","Jan18-Dec18","year","All","50-64","16-64","Female","All","36.1","3.3","201300","557000","2069"
"Inactive","Percentage of individuals inactive","Other than White","White and other","Jan18-Dec18","year","All","50-64","16-64","Female","Disabled","59.5","5.7","114100","191700","714"
"Inactive","Percentage of individuals inactive","Other than White","White and other","Jan18-Dec18","year","All","50-64","16-64","Female","Non-disabled","23.6","3.6","84900","360100","1334"
"Inactive","Percentage of individuals inactive","Other than White","White and other","Jan18-Dec18","year","All","50-64","16-64","Female","unknown","!","!","!","!","!"
"Inactive","Percentage of individuals inactive","Other than White","White and other","Jan18-Dec18","year","All","50-64","16-64","Male","All","19.3","2.8","104600","541400","1960"
"Inactive","Percentage of individuals inactive","Other than White","White and other","Jan18-Dec18","year","All","50-64","16-64","Male","Disabled","47.3","6.9","65900","139200","504"
"Inactive","Percentage of individuals inactive","Other than White","White and other","Jan18-Dec18","year","All","50-64","16-64","Male","Non-disabled","9.4","2.4","37300","397800","1437"
"Inactive","Percentage of individuals inactive","Other than White","White and other","Jan18-Dec18","year","All","50-64","16-64","Male","unknown","!","!","!","!","!"
"Inactive","Percentage of individuals inactive","Other than White","White and other","Jan18-Dec18","year","All","All","16-64","All","All","29.7","1","1763200","5938700","19491"
"Inactive","Percentage of individuals inactive","Other than White","White and other","Jan18-Dec18","year","All","All","16-64","All","Disabled","47.5","2.7","443700","933200","3201"
"Inactive","Percentage of individuals inactive","Other than White","White and other","Jan18-Dec18","year","All","All","16-64","All","Non-disabled","26.3","1.1","1305000","4959400","16135"
"Inactive","Percentage of individuals inactive","Other than White","White and other","Jan18-Dec18","year","All","All","16-64","All","unknown","31.5","11.6","14500","46100","155"
"Inactive","Percentage of individuals inactive","Other than White","White and other","Jan18-Dec18","year","All","All","16-64","Female","All","38.2","1.5","1164400","3045200","10479"
"Inactive","Percentage of individuals inactive","Other than White","White and other","Jan18-Dec18","year","All","All","16-64","Female","Disabled","52.7","3.6","276900","525400","1879"
"Inactive","Percentage of individuals inactive","Other than White","White and other","Jan18-Dec18","year","All","All","16-64","Female","Non-disabled","35.1","1.6","876500","2494400","8513"
"Inactive","Percentage of individuals inactive","Other than White","White and other","Jan18-Dec18","year","All","All","16-64","Female","unknown","42.8","16.4","10900","25400","87"
"Inactive","Percentage of individuals inactive","Other than White","White and other","Jan18-Dec18","year","All","All","16-64","Male","All","20.7","1.3","598900","2893500","9012"
"Inactive","Percentage of individuals inactive","Other than White","White and other","Jan18-Dec18","year","All","All","16-64","Male","Disabled","40.9","4.2","166800","407800","1322"
"Inactive","Percentage of individuals inactive","Other than White","White and other","Jan18-Dec18","year","All","All","16-64","Male","Non-disabled","17.4","1.3","428500","2465000","7622"
"Inactive","Percentage of individuals inactive","Other than White","White and other","Jan18-Dec18","year","All","All","16-64","Male","unknown","17.5","14.3","3600","20700","68"
"Inactive","Percentage of individuals inactive","Other than White","White and other","Jan18-Dec18","year","East Midlands","All","16-64","All","All","31.9","4.1","118800","372000","1252"
"Inactive","Percentage of individuals inactive","Other than White","White and other","Jan18-Dec18","year","East Midlands","All","16-64","All","Disabled","50.2","10.3","32500","64800","224"
"Inactive","Percentage of individuals inactive","Other than White","White and other","Jan18-Dec18","year","East Midlands","All","16-64","All","Non-disabled","28","4.4","85300","304400","1017"
"Inactive","Percentage of individuals inactive","Other than White","White and other","Jan18-Dec18","year","East Midlands","All","16-64","All","unknown","!","!","!","!","!"
"Inactive","Percentage of individuals inactive","Other than White","White and other","Jan18-Dec18","year","East of England","All","16-64","All","All","22.1","3.4","85400","386000","1429"
"Inactive","Percentage of individuals inactive","Other than White","White and other","Jan18-Dec18","year","East of England","All","16-64","All","Disabled","44.2","10.8","22100","49900","204"
"Inactive","Percentage of individuals inactive","Other than White","White and other","Jan18-Dec18","year","East of England","All","16-64","All","Non-disabled","18.5","3.4","61900","334300","1217"
"Inactive","Percentage of individuals inactive","Other than White","White and other","Jan18-Dec18","year","East of England","All","16-64","All","unknown","!","!","!","!","!"
"Inactive","Percentage of individuals inactive","Other than White","White and other","Jan18-Dec18","year","London","All","16-64","All","All","28.3","1.9","678800","2401900","5595"
"Inactive","Percentage of individuals inactive","Other than White","White and other","Jan18-Dec18","year","London","All","16-64","All","Disabled","49.6","5","194400","392100","972"
"Inactive","Percentage of individuals inactive","Other than White","White and other","Jan18-Dec18","year","London","All","16-64","All","Non-disabled","24","2","476800","1989200","4573"
"Inactive","Percentage of individuals inactive","Other than White","White and other","Jan18-Dec18","year","London","All","16-64","All","unknown","36.5","21.1","7600","20700","50"
"Inactive","Percentage of individuals inactive","Other than White","White and other","Jan18-Dec18","year","North East","All","16-64","All","All","38.5","6.4","32600","84600","547"
"Inactive","Percentage of individuals inactive","Other than White","White and other","Jan18-Dec18","year","North East","All","16-64","All","Disabled","52.8","15.6","8000","15200","98"
"Inactive","Percentage of individuals inactive","Other than White","White and other","Jan18-Dec18","year","North East","All","16-64","All","Non-disabled","35.5","7","24500","69100","446"
"Inactive","Percentage of individuals inactive","Other than White","White and other","Jan18-Dec18","year","North East","All","16-64","All","unknown","!","!","!","!","!"
"Inactive","Percentage of individuals inactive","Other than White","White and other","Jan18-Dec18","year","North West","All","16-64","All","All","35.4","2.9","195000","550400","2546"
"Inactive","Percentage of individuals inactive","Other than White","White and other","Jan18-Dec18","year","North West","All","16-64","All","Disabled","48.1","7.3","44200","91900","444"
"Inactive","Percentage of individuals inactive","Other than White","White and other","Jan18-Dec18","year","North West","All","16-64","All","Non-disabled","32.9","3.2","149800","455500","2087"
"Inactive","Percentage of individuals inactive","Other than White","White and other","Jan18-Dec18","year","North West","All","16-64","All","unknown","!","!","!","!","!"
"Inactive","Percentage of individuals inactive","Other than White","White and other","Jan18-Dec18","year","Scotland","All","16-64","All","All","37.9","5.5","66500","175200","750"
"Inactive","Percentage of individuals inactive","Other than White","White and other","Jan18-Dec18","year","Scotland","All","16-64","All","Disabled","58.2","15.1","14700","25300","102"
"Inactive","Percentage of individuals inactive","Other than White","White and other","Jan18-Dec18","year","Scotland","All","16-64","All","Non-disabled","35","5.8","51700","147900","643"
"Inactive","Percentage of individuals inactive","Other than White","White and other","Jan18-Dec18","year","Scotland","All","16-64","All","unknown","!","!","!","!","!"
"Inactive","Percentage of individuals inactive","Other than White","White and other","Jan18-Dec18","year","South East","All","16-64","All","All","23.5","2.7","139200","593600","2370"
"Inactive","Percentage of individuals inactive","Other than White","White and other","Jan18-Dec18","year","South East","All","16-64","All","Disabled","28.6","7.6","21700","75900","341"
"Inactive","Percentage of individuals inactive","Other than White","White and other","Jan18-Dec18","year","South East","All","16-64","All","Non-disabled","22.7","2.9","116200","512400","2012"
"Inactive","Percentage of individuals inactive","Other than White","White and other","Jan18-Dec18","year","South East","All","16-64","All","unknown","!","!","!","!","!"
"Inactive","Percentage of individuals inactive","Other than White","White and other","Jan18-Dec18","year","South West","All","16-64","All","All","27.1","4.8","50500","186100","808"
"Inactive","Percentage of individuals inactive","Other than White","White and other","Jan18-Dec18","year","South West","All","16-64","All","Disabled","36.9","15","7900","21400","99"
"Inactive","Percentage of individuals inactive","Other than White","White and other","Jan18-Dec18","year","South West","All","16-64","All","Non-disabled","26.1","5.1","42600","163100","702"
"Inactive","Percentage of individuals inactive","Other than White","White and other","Jan18-Dec18","year","South West","All","16-64","All","unknown","!","!","!","!","!"
"Inactive","Percentage of individuals inactive","Other than White","White and other","Jan18-Dec18","year","Wales","All","16-64","All","All","32.3","5.7","30500","94700","652"
"Inactive","Percentage of individuals inactive","Other than White","White and other","Jan18-Dec18","year","Wales","All","16-64","All","Disabled","45.3","14.9","6600","14500","107"
"Inactive","Percentage of individuals inactive","Other than White","White and other","Jan18-Dec18","year","Wales","All","16-64","All","Non-disabled","29.8","6.1","23500","78800","535"
"Inactive","Percentage of individuals inactive","Other than White","White and other","Jan18-Dec18","year","Wales","All","16-64","All","unknown","!","!","!","!","!"
"Inactive","Percentage of individuals inactive","Other than White","White and other","Jan18-Dec18","year","West Midlands","All","16-64","All","All","32.3","3","226600","702300","2314"
"Inactive","Percentage of individuals inactive","Other than White","White and other","Jan18-Dec18","year","West Midlands","All","16-64","All","Disabled","47.8","7.8","55100","115200","391"
"Inactive","Percentage of individuals inactive","Other than White","White and other","Jan18-Dec18","year","West Midlands","All","16-64","All","Non-disabled","29.4","3.2","170900","582000","1903"
"Inactive","Percentage of individuals inactive","Other than White","White and other","Jan18-Dec18","year","West Midlands","All","16-64","All","unknown","!","!","!","!","!"
"Inactive","Percentage of individuals inactive","Other than White","White and other","Jan18-Dec18","year","Yorkshire and The Humber","All","16-64","All","All","35.6","4.2","139400","392000","1228"
"Inactive","Percentage of individuals inactive","Other than White","White and other","Jan18-Dec18","year","Yorkshire and The Humber","All","16-64","All","Disabled","54.5","10.4","36500","67000","219"
"Inactive","Percentage of individuals inactive","Other than White","White and other","Jan18-Dec18","year","Yorkshire and The Humber","All","16-64","All","Non-disabled","31.5","4.5","101700","322800","1000"
"Inactive","Percentage of individuals inactive","Other than White","White and other","Jan18-Dec18","year","Yorkshire and The Humber","All","16-64","All","unknown","!","!","!","!","!"
"Inactive","Percentage of individuals inactive","Pakistani/Bangladeshi","Detailed","Jan18-Dec18","year","All","16-24","16-64","All","All","52.8","5","164900","312000","943"
"Inactive","Percentage of individuals inactive","Pakistani/Bangladeshi","Detailed","Jan18-Dec18","year","All","16-24","16-64","All","Disabled","!","!","!","!","!"
"Inactive","Percentage of individuals inactive","Pakistani/Bangladeshi","Detailed","Jan18-Dec18","year","All","16-24","16-64","All","Non-disabled","52.7","5.3","149900","284300","858"
"Inactive","Percentage of individuals inactive","Pakistani/Bangladeshi","Detailed","Jan18-Dec18","year","All","16-24","16-64","All","unknown","!","!","!","!","!"
"Inactive","Percentage of individuals inactive","Pakistani/Bangladeshi","Detailed","Jan18-Dec18","year","All","16-24","16-64","Female","All","54.8","7.1","83000","151500","472"
"Inactive","Percentage of individuals inactive","Pakistani/Bangladeshi","Detailed","Jan18-Dec18","year","All","16-24","16-64","Female","Disabled","!","!","!","!","!"
"Inactive","Percentage of individuals inactive","Pakistani/Bangladeshi","Detailed","Jan18-Dec18","year","All","16-24","16-64","Female","Non-disabled","55","7.5","75100","136700","427"
"Inactive","Percentage of individuals inactive","Pakistani/Bangladeshi","Detailed","Jan18-Dec18","year","All","16-24","16-64","Female","unknown","!","!","!","!","!"
"Inactive","Percentage of individuals inactive","Pakistani/Bangladeshi","Detailed","Jan18-Dec18","year","All","16-24","16-64","Male","All","51","7.1","81900","160600","471"
"Inactive","Percentage of individuals inactive","Pakistani/Bangladeshi","Detailed","Jan18-Dec18","year","All","16-24","16-64","Male","Disabled","!","!","!","!","!"
"Inactive","Percentage of individuals inactive","Pakistani/Bangladeshi","Detailed","Jan18-Dec18","year","All","16-24","16-64","Male","Non-disabled","50.6","7.5","74700","147500","431"
"Inactive","Percentage of individuals inactive","Pakistani/Bangladeshi","Detailed","Jan18-Dec18","year","All","16-24","16-64","Male","unknown","!","!","!","!","!"
"Inactive","Percentage of individuals inactive","Pakistani/Bangladeshi","Detailed","Jan18-Dec18","year","All","25-49","16-64","All","All","30.2","2.7","237500","785700","2808"
"Inactive","Percentage of individuals inactive","Pakistani/Bangladeshi","Detailed","Jan18-Dec18","year","All","25-49","16-64","All","Disabled","45.6","6.8","66500","145700","520"
"Inactive","Percentage of individuals inactive","Pakistani/Bangladeshi","Detailed","Jan18-Dec18","year","All","25-49","16-64","All","Non-disabled","26.5","2.9","167600","631500","2262"
"Inactive","Percentage of individuals inactive","Pakistani/Bangladeshi","Detailed","Jan18-Dec18","year","All","25-49","16-64","All","unknown","!","!","!","!","!"
"Inactive","Percentage of individuals inactive","Pakistani/Bangladeshi","Detailed","Jan18-Dec18","year","All","25-49","16-64","Female","All","53.1","4","206300","388300","1497"
"Inactive","Percentage of individuals inactive","Pakistani/Bangladeshi","Detailed","Jan18-Dec18","year","All","25-49","16-64","Female","Disabled","62.7","8.7","48500","77300","298"
"Inactive","Percentage of individuals inactive","Pakistani/Bangladeshi","Detailed","Jan18-Dec18","year","All","25-49","16-64","Female","Non-disabled","50.5","4.5","155000","307200","1186"
"Inactive","Percentage of individuals inactive","Pakistani/Bangladeshi","Detailed","Jan18-Dec18","year","All","25-49","16-64","Female","unknown","!","!","!","!","!"
"Inactive","Percentage of individuals inactive","Pakistani/Bangladeshi","Detailed","Jan18-Dec18","year","All","25-49","16-64","Male","All","7.9","2.3","31200","397400","1311"
"Inactive","Percentage of individuals inactive","Pakistani/Bangladeshi","Detailed","Jan18-Dec18","year","All","25-49","16-64","Male","Disabled","26.3","9.2","18000","68400","222"
"Inactive","Percentage of individuals inactive","Pakistani/Bangladeshi","Detailed","Jan18-Dec18","year","All","25-49","16-64","Male","Non-disabled","3.9","1.8","12700","324300","1076"
"Inactive","Percentage of individuals inactive","Pakistani/Bangladeshi","Detailed","Jan18-Dec18","year","All","25-49","16-64","Male","unknown","!","!","!","!","!"
"Inactive","Percentage of individuals inactive","Pakistani/Bangladeshi","Detailed","Jan18-Dec18","year","All","50-64","16-64","All","All","43.8","6.1","67400","153700","641"
"Inactive","Percentage of individuals inactive","Pakistani/Bangladeshi","Detailed","Jan18-Dec18","year","All","50-64","16-64","All","Disabled","65","9","41800","64300","271"
"Inactive","Percentage of individuals inactive","Pakistani/Bangladeshi","Detailed","Jan18-Dec18","year","All","50-64","16-64","All","Non-disabled","28.7","7.3","25600","89000","366"
"Inactive","Percentage of individuals inactive","Pakistani/Bangladeshi","Detailed","Jan18-Dec18","year","All","50-64","16-64","All","unknown","!","!","!","!","!"
"Inactive","Percentage of individuals inactive","Pakistani/Bangladeshi","Detailed","Jan18-Dec18","year","All","50-64","16-64","Female","All","70.9","8.3","46800","66000","285"
"Inactive","Percentage of individuals inactive","Pakistani/Bangladeshi","Detailed","Jan18-Dec18","year","All","50-64","16-64","Female","Disabled","80","10.1","27900","34900","151"
"Inactive","Percentage of individuals inactive","Pakistani/Bangladeshi","Detailed","Jan18-Dec18","year","All","50-64","16-64","Female","Non-disabled","60.6","13.1","18900","31100","134"
"Inactive","Percentage of individuals inactive","Pakistani/Bangladeshi","Detailed","Jan18-Dec18","year","All","50-64","16-64","Female","unknown","!","!","!","!","!"
"Inactive","Percentage of individuals inactive","Pakistani/Bangladeshi","Detailed","Jan18-Dec18","year","All","50-64","16-64","Male","All","23.5","7","20600","87800","356"
"Inactive","Percentage of individuals inactive","Pakistani/Bangladeshi","Detailed","Jan18-Dec18","year","All","50-64","16-64","Male","Disabled","47.2","14.1","13900","29400","120"
"Inactive","Percentage of individuals inactive","Pakistani/Bangladeshi","Detailed","Jan18-Dec18","year","All","50-64","16-64","Male","Non-disabled","11.6","6.5","6700","57900","232"
"Inactive","Percentage of individuals inactive","Pakistani/Bangladeshi","Detailed","Jan18-Dec18","year","All","50-64","16-64","Male","unknown","!","!","!","!","!"
"Inactive","Percentage of individuals inactive","Pakistani/Bangladeshi","Detailed","Jan18-Dec18","year","All","All","16-64","All","All","37.5","2.3","469900","1251500","4392"
"Inactive","Percentage of individuals inactive","Pakistani/Bangladeshi","Detailed","Jan18-Dec18","year","All","All","16-64","All","Disabled","51.9","5.2","123000","237100","874"
"Inactive","Percentage of individuals inactive","Pakistani/Bangladeshi","Detailed","Jan18-Dec18","year","All","All","16-64","All","Non-disabled","34.1","2.5","343000","1004700","3486"
"Inactive","Percentage of individuals inactive","Pakistani/Bangladeshi","Detailed","Jan18-Dec18","year","All","All","16-64","All","unknown","!","!","!","!","!"
"Inactive","Percentage of individuals inactive","Pakistani/Bangladeshi","Detailed","Jan18-Dec18","year","All","All","16-64","Female","All","55.5","3.2","336000","605700","2254"
"Inactive","Percentage of individuals inactive","Pakistani/Bangladeshi","Detailed","Jan18-Dec18","year","All","All","16-64","Female","Disabled","66.4","6.6","83900","126300","492"
"Inactive","Percentage of individuals inactive","Pakistani/Bangladeshi","Detailed","Jan18-Dec18","year","All","All","16-64","Female","Non-disabled","52.4","3.7","249000","475000","1747"
"Inactive","Percentage of individuals inactive","Pakistani/Bangladeshi","Detailed","Jan18-Dec18","year","All","All","16-64","Female","unknown","!","!","!","!","!"
"Inactive","Percentage of individuals inactive","Pakistani/Bangladeshi","Detailed","Jan18-Dec18","year","All","All","16-64","Male","All","20.7","2.7","133800","645700","2138"
"Inactive","Percentage of individuals inactive","Pakistani/Bangladeshi","Detailed","Jan18-Dec18","year","All","All","16-64","Male","Disabled","35.3","7.6","39100","110800","382"
"Inactive","Percentage of individuals inactive","Pakistani/Bangladeshi","Detailed","Jan18-Dec18","year","All","All","16-64","Male","Non-disabled","17.8","2.8","94100","529800","1739"
"Inactive","Percentage of individuals inactive","Pakistani/Bangladeshi","Detailed","Jan18-Dec18","year","All","All","16-64","Male","unknown","!","!","!","!","!"
"Inactive","Percentage of individuals inactive","Pakistani/Bangladeshi","Detailed","Jan18-Dec18","year","East Midlands","All","16-64","All","All","40.3","11","20500","50800","191"
"Inactive","Percentage of individuals inactive","Pakistani/Bangladeshi","Detailed","Jan18-Dec18","year","East Midlands","All","16-64","All","Disabled","!","!","!","!","!"
"Inactive","Percentage of individuals inactive","Pakistani/Bangladeshi","Detailed","Jan18-Dec18","year","East Midlands","All","16-64","All","Non-disabled","33.5","12.4","13200","39300","139"
"Inactive","Percentage of individuals inactive","Pakistani/Bangladeshi","Detailed","Jan18-Dec18","year","East Midlands","All","16-64","All","unknown","!","!","!","!","!"
"Inactive","Percentage of individuals inactive","Pakistani/Bangladeshi","Detailed","Jan18-Dec18","year","East of England","All","16-64","All","All","39","7.8","28200","72400","377"
"Inactive","Percentage of individuals inactive","Pakistani/Bangladeshi","Detailed","Jan18-Dec18","year","East of England","All","16-64","All","Disabled","!","!","!","!","!"
"Inactive","Percentage of individuals inactive","Pakistani/Bangladeshi","Detailed","Jan18-Dec18","year","East of England","All","16-64","All","Non-disabled","36.2","8.4","21800","60400","313"
"Inactive","Percentage of individuals inactive","Pakistani/Bangladeshi","Detailed","Jan18-Dec18","year","East of England","All","16-64","All","unknown","!","!","!","!","!"
"Inactive","Percentage of individuals inactive","Pakistani/Bangladeshi","Detailed","Jan18-Dec18","year","London","All","16-64","All","All","35.4","5","137300","387600","866"
"Inactive","Percentage of individuals inactive","Pakistani/Bangladeshi","Detailed","Jan18-Dec18","year","London","All","16-64","All","Disabled","51.2","12.1","36200","70600","164"
"Inactive","Percentage of individuals inactive","Pakistani/Bangladeshi","Detailed","Jan18-Dec18","year","London","All","16-64","All","Non-disabled","31.6","5.5","98500","312100","691"
"Inactive","Percentage of individuals inactive","Pakistani/Bangladeshi","Detailed","Jan18-Dec18","year","London","All","16-64","All","unknown","!","!","!","!","!"
"Inactive","Percentage of individuals inactive","Pakistani/Bangladeshi","Detailed","Jan18-Dec18","year","North East","All","16-64","All","All","38.5","13.2","6800","17700","130"
"Inactive","Percentage of individuals inactive","Pakistani/Bangladeshi","Detailed","Jan18-Dec18","year","North East","All","16-64","All","Disabled","!","!","!","!","!"
"Inactive","Percentage of individuals inactive","Pakistani/Bangladeshi","Detailed","Jan18-Dec18","year","North East","All","16-64","All","Non-disabled","37.3","14.6","5300","14100","105"
"Inactive","Percentage of individuals inactive","Pakistani/Bangladeshi","Detailed","Jan18-Dec18","year","North East","All","16-64","All","unknown","!","!","!","!","!"
"Inactive","Percentage of individuals inactive","Pakistani/Bangladeshi","Detailed","Jan18-Dec18","year","North West","All","16-64","All","All","37.1","4.8","72200","194800","984"
"Inactive","Percentage of individuals inactive","Pakistani/Bangladeshi","Detailed","Jan18-Dec18","year","North West","All","16-64","All","Disabled","50.9","11.2","18600","36500","190"
"Inactive","Percentage of individuals inactive","Pakistani/Bangladeshi","Detailed","Jan18-Dec18","year","North West","All","16-64","All","Non-disabled","33.8","5.2","53100","157200","788"
"Inactive","Percentage of individuals inactive","Pakistani/Bangladeshi","Detailed","Jan18-Dec18","year","North West","All","16-64","All","unknown","!","!","!","!","!"
"Inactive","Percentage of individuals inactive","Pakistani/Bangladeshi","Detailed","Jan18-Dec18","year","Scotland","All","16-64","All","All","40","11.6","15600","39100","170"
"Inactive","Percentage of individuals inactive","Pakistani/Bangladeshi","Detailed","Jan18-Dec18","year","Scotland","All","16-64","All","Disabled","!","!","!","!","!"
"Inactive","Percentage of individuals inactive","Pakistani/Bangladeshi","Detailed","Jan18-Dec18","year","Scotland","All","16-64","All","Non-disabled","38","13.1","11100","29200","132"
"Inactive","Percentage of individuals inactive","Pakistani/Bangladeshi","Detailed","Jan18-Dec18","year","Scotland","All","16-64","All","unknown","!","!","!","!","!"
"Inactive","Percentage of individuals inactive","Pakistani/Bangladeshi","Detailed","Jan18-Dec18","year","South East","All","16-64","All","All","26.5","6.3","24200","91200","467"
"Inactive","Percentage of individuals inactive","Pakistani/Bangladeshi","Detailed","Jan18-Dec18","year","South East","All","16-64","All","Disabled","!","!","!","!","!"
"Inactive","Percentage of individuals inactive","Pakistani/Bangladeshi","Detailed","Jan18-Dec18","year","South East","All","16-64","All","Non-disabled","24.7","7","18300","73800","369"
"Inactive","Percentage of individuals inactive","Pakistani/Bangladeshi","Detailed","Jan18-Dec18","year","South East","All","16-64","All","unknown","!","!","!","!","!"
"Inactive","Percentage of individuals inactive","Pakistani/Bangladeshi","Detailed","Jan18-Dec18","year","South West","All","16-64","All","All","!","!","!","!","!"
"Inactive","Percentage of individuals inactive","Pakistani/Bangladeshi","Detailed","Jan18-Dec18","year","South West","All","16-64","All","Disabled","!","!","!","!","!"
"Inactive","Percentage of individuals inactive","Pakistani/Bangladeshi","Detailed","Jan18-Dec18","year","South West","All","16-64","All","Non-disabled","!","!","!","!","!"
"Inactive","Percentage of individuals inactive","Pakistani/Bangladeshi","Detailed","Jan18-Dec18","year","South West","All","16-64","All","unknown","!","!","!","!","!"
"Inactive","Percentage of individuals inactive","Pakistani/Bangladeshi","Detailed","Jan18-Dec18","year","Wales","All","16-64","All","All","!","!","!","!","!"
"Inactive","Percentage of individuals inactive","Pakistani/Bangladeshi","Detailed","Jan18-Dec18","year","Wales","All","16-64","All","Disabled","!","!","!","!","!"
"Inactive","Percentage of individuals inactive","Pakistani/Bangladeshi","Detailed","Jan18-Dec18","year","Wales","All","16-64","All","Non-disabled","!","!","!","!","!"
"Inactive","Percentage of individuals inactive","Pakistani/Bangladeshi","Detailed","Jan18-Dec18","year","Wales","All","16-64","All","unknown","!","!","!","!","!"
"Inactive","Percentage of individuals inactive","Pakistani/Bangladeshi","Detailed","Jan18-Dec18","year","West Midlands","All","16-64","All","All","41.1","6.3","84500","205800","579"
"Inactive","Percentage of individuals inactive","Pakistani/Bangladeshi","Detailed","Jan18-Dec18","year","West Midlands","All","16-64","All","Disabled","54.4","13.7","22700","41800","126"
"Inactive","Percentage of individuals inactive","Pakistani/Bangladeshi","Detailed","Jan18-Dec18","year","West Midlands","All","16-64","All","Non-disabled","38","7.1","61800","162600","450"
"Inactive","Percentage of individuals inactive","Pakistani/Bangladeshi","Detailed","Jan18-Dec18","year","West Midlands","All","16-64","All","unknown","!","!","!","!","!"
"Inactive","Percentage of individuals inactive","Pakistani/Bangladeshi","Detailed","Jan18-Dec18","year","Yorkshire and The Humber","All","16-64","All","All","43.8","6.9","72300","165100","498"
"Inactive","Percentage of individuals inactive","Pakistani/Bangladeshi","Detailed","Jan18-Dec18","year","Yorkshire and The Humber","All","16-64","All","Disabled","58.4","15.3","17800","30600","100"
"Inactive","Percentage of individuals inactive","Pakistani/Bangladeshi","Detailed","Jan18-Dec18","year","Yorkshire and The Humber","All","16-64","All","Non-disabled","40.3","7.6","54100","134100","396"
"Inactive","Percentage of individuals inactive","Pakistani/Bangladeshi","Detailed","Jan18-Dec18","year","Yorkshire and The Humber","All","16-64","All","unknown","!","!","!","!","!"
"Inactive","Percentage of individuals inactive","Unknown","ONS 2011 5+1","Jan18-Dec18","year","All","16-24","16-64","All","All","!","!","!","!","!"
"Inactive","Percentage of individuals inactive","Unknown","ONS 2011 5+1","Jan18-Dec18","year","All","16-24","16-64","All","Disabled","!","!","!","!","!"
"Inactive","Percentage of individuals inactive","Unknown","ONS 2011 5+1","Jan18-Dec18","year","All","16-24","16-64","All","Non-disabled","!","!","!","!","!"
"Inactive","Percentage of individuals inactive","Unknown","ONS 2011 5+1","Jan18-Dec18","year","All","16-24","16-64","All","unknown","!","!","!","!","!"
"Inactive","Percentage of individuals inactive","Unknown","ONS 2011 5+1","Jan18-Dec18","year","All","16-24","16-64","Female","All","!","!","!","!","!"
"Inactive","Percentage of individuals inactive","Unknown","ONS 2011 5+1","Jan18-Dec18","year","All","16-24","16-64","Female","Disabled","!","!","!","!","!"
"Inactive","Percentage of individuals inactive","Unknown","ONS 2011 5+1","Jan18-Dec18","year","All","16-24","16-64","Female","Non-disabled","!","!","!","!","!"
"Inactive","Percentage of individuals inactive","Unknown","ONS 2011 5+1","Jan18-Dec18","year","All","16-24","16-64","Female","unknown","!","!","!","!","!"
"Inactive","Percentage of individuals inactive","Unknown","ONS 2011 5+1","Jan18-Dec18","year","All","16-24","16-64","Male","All","!","!","!","!","!"
"Inactive","Percentage of individuals inactive","Unknown","ONS 2011 5+1","Jan18-Dec18","year","All","16-24","16-64","Male","Disabled","!","!","!","!","!"
"Inactive","Percentage of individuals inactive","Unknown","ONS 2011 5+1","Jan18-Dec18","year","All","16-24","16-64","Male","Non-disabled","!","!","!","!","!"
"Inactive","Percentage of individuals inactive","Unknown","ONS 2011 5+1","Jan18-Dec18","year","All","16-24","16-64","Male","unknown","!","!","!","!","!"
"Inactive","Percentage of individuals inactive","Unknown","ONS 2011 5+1","Jan18-Dec18","year","All","25-49","16-64","All","All","!","!","!","!","!"
"Inactive","Percentage of individuals inactive","Unknown","ONS 2011 5+1","Jan18-Dec18","year","All","25-49","16-64","All","Disabled","!","!","!","!","!"
"Inactive","Percentage of individuals inactive","Unknown","ONS 2011 5+1","Jan18-Dec18","year","All","25-49","16-64","All","Non-disabled","!","!","!","!","!"
"Inactive","Percentage of individuals inactive","Unknown","ONS 2011 5+1","Jan18-Dec18","year","All","25-49","16-64","All","unknown","!","!","!","!","!"
"Inactive","Percentage of individuals inactive","Unknown","ONS 2011 5+1","Jan18-Dec18","year","All","25-49","16-64","Female","All","!","!","!","!","!"
"Inactive","Percentage of individuals inactive","Unknown","ONS 2011 5+1","Jan18-Dec18","year","All","25-49","16-64","Female","Disabled","!","!","!","!","!"
"Inactive","Percentage of individuals inactive","Unknown","ONS 2011 5+1","Jan18-Dec18","year","All","25-49","16-64","Female","Non-disabled","!","!","!","!","!"
"Inactive","Percentage of individuals inactive","Unknown","ONS 2011 5+1","Jan18-Dec18","year","All","25-49","16-64","Female","unknown","!","!","!","!","!"
"Inactive","Percentage of individuals inactive","Unknown","ONS 2011 5+1","Jan18-Dec18","year","All","25-49","16-64","Male","All","!","!","!","!","!"
"Inactive","Percentage of individuals inactive","Unknown","ONS 2011 5+1","Jan18-Dec18","year","All","25-49","16-64","Male","Disabled","!","!","!","!","!"
"Inactive","Percentage of individuals inactive","Unknown","ONS 2011 5+1","Jan18-Dec18","year","All","25-49","16-64","Male","Non-disabled","!","!","!","!","!"
"Inactive","Percentage of individuals inactive","Unknown","ONS 2011 5+1","Jan18-Dec18","year","All","25-49","16-64","Male","unknown","!","!","!","!","!"
"Inactive","Percentage of individuals inactive","Unknown","ONS 2011 5+1","Jan18-Dec18","year","All","50-64","16-64","All","All","!","!","!","!","!"
"Inactive","Percentage of individuals inactive","Unknown","ONS 2011 5+1","Jan18-Dec18","year","All","50-64","16-64","All","Disabled","!","!","!","!","!"
"Inactive","Percentage of individuals inactive","Unknown","ONS 2011 5+1","Jan18-Dec18","year","All","50-64","16-64","All","Non-disabled","!","!","!","!","!"
"Inactive","Percentage of individuals inactive","Unknown","ONS 2011 5+1","Jan18-Dec18","year","All","50-64","16-64","All","unknown","!","!","!","!","!"
"Inactive","Percentage of individuals inactive","Unknown","ONS 2011 5+1","Jan18-Dec18","year","All","50-64","16-64","Female","All","!","!","!","!","!"
"Inactive","Percentage of individuals inactive","Unknown","ONS 2011 5+1","Jan18-Dec18","year","All","50-64","16-64","Female","Disabled","!","!","!","!","!"
"Inactive","Percentage of individuals inactive","Unknown","ONS 2011 5+1","Jan18-Dec18","year","All","50-64","16-64","Female","Non-disabled","!","!","!","!","!"
"Inactive","Percentage of individuals inactive","Unknown","ONS 2011 5+1","Jan18-Dec18","year","All","50-64","16-64","Female","unknown","!","!","!","!","!"
"Inactive","Percentage of individuals inactive","Unknown","ONS 2011 5+1","Jan18-Dec18","year","All","50-64","16-64","Male","All","!","!","!","!","!"
"Inactive","Percentage of individuals inactive","Unknown","ONS 2011 5+1","Jan18-Dec18","year","All","50-64","16-64","Male","Disabled","!","!","!","!","!"
"Inactive","Percentage of individuals inactive","Unknown","ONS 2011 5+1","Jan18-Dec18","year","All","50-64","16-64","Male","Non-disabled","!","!","!","!","!"
"Inactive","Percentage of individuals inactive","Unknown","ONS 2011 5+1","Jan18-Dec18","year","All","50-64","16-64","Male","unknown","!","!","!","!","!"
"Inactive","Percentage of individuals inactive","Unknown","ONS 2011 5+1","Jan18-Dec18","year","All","All","16-64","All","All","31","12.6","11600","37500","129"
"Inactive","Percentage of individuals inactive","Unknown","ONS 2011 5+1","Jan18-Dec18","year","All","All","16-64","All","Disabled","!","!","!","!","!"
"Inactive","Percentage of individuals inactive","Unknown","ONS 2011 5+1","Jan18-Dec18","year","All","All","16-64","All","Non-disabled","!","!","!","!","!"
"Inactive","Percentage of individuals inactive","Unknown","ONS 2011 5+1","Jan18-Dec18","year","All","All","16-64","All","unknown","!","!","!","!","!"
"Inactive","Percentage of individuals inactive","Unknown","ONS 2011 5+1","Jan18-Dec18","year","All","All","16-64","Female","All","!","!","!","!","!"
"Inactive","Percentage of individuals inactive","Unknown","ONS 2011 5+1","Jan18-Dec18","year","All","All","16-64","Female","Disabled","!","!","!","!","!"
"Inactive","Percentage of individuals inactive","Unknown","ONS 2011 5+1","Jan18-Dec18","year","All","All","16-64","Female","Non-disabled","!","!","!","!","!"
"Inactive","Percentage of individuals inactive","Unknown","ONS 2011 5+1","Jan18-Dec18","year","All","All","16-64","Female","unknown","!","!","!","!","!"
"Inactive","Percentage of individuals inactive","Unknown","ONS 2011 5+1","Jan18-Dec18","year","All","All","16-64","Male","All","!","!","!","!","!"
"Inactive","Percentage of individuals inactive","Unknown","ONS 2011 5+1","Jan18-Dec18","year","All","All","16-64","Male","Disabled","!","!","!","!","!"
"Inactive","Percentage of individuals inactive","Unknown","ONS 2011 5+1","Jan18-Dec18","year","All","All","16-64","Male","Non-disabled","!","!","!","!","!"
"Inactive","Percentage of individuals inactive","Unknown","ONS 2011 5+1","Jan18-Dec18","year","All","All","16-64","Male","unknown","!","!","!","!","!"
"Inactive","Percentage of individuals inactive","Unknown","ONS 2011 5+1","Jan18-Dec18","year","East Midlands","All","16-64","All","All","!","!","!","!","!"
"Inactive","Percentage of individuals inactive","Unknown","ONS 2011 5+1","Jan18-Dec18","year","East Midlands","All","16-64","All","Disabled","!","!","!","!","!"
"Inactive","Percentage of individuals inactive","Unknown","ONS 2011 5+1","Jan18-Dec18","year","East Midlands","All","16-64","All","Non-disabled","!","!","!","!","!"
"Inactive","Percentage of individuals inactive","Unknown","ONS 2011 5+1","Jan18-Dec18","year","East Midlands","All","16-64","All","unknown","!","!","!","!","!"
"Inactive","Percentage of individuals inactive","Unknown","ONS 2011 5+1","Jan18-Dec18","year","East of England","All","16-64","All","All","!","!","!","!","!"
"Inactive","Percentage of individuals inactive","Unknown","ONS 2011 5+1","Jan18-Dec18","year","East of England","All","16-64","All","Disabled","!","!","!","!","!"
"Inactive","Percentage of individuals inactive","Unknown","ONS 2011 5+1","Jan18-Dec18","year","East of England","All","16-64","All","Non-disabled","!","!","!","!","!"
"Inactive","Percentage of individuals inactive","Unknown","ONS 2011 5+1","Jan18-Dec18","year","East of England","All","16-64","All","unknown","!","!","!","!","!"
"Inactive","Percentage of individuals inactive","Unknown","ONS 2011 5+1","Jan18-Dec18","year","London","All","16-64","All","All","!","!","!","!","!"
"Inactive","Percentage of individuals inactive","Unknown","ONS 2011 5+1","Jan18-Dec18","year","London","All","16-64","All","Disabled","!","!","!","!","!"
"Inactive","Percentage of individuals inactive","Unknown","ONS 2011 5+1","Jan18-Dec18","year","London","All","16-64","All","Non-disabled","!","!","!","!","!"
"Inactive","Percentage of individuals inactive","Unknown","ONS 2011 5+1","Jan18-Dec18","year","London","All","16-64","All","unknown","!","!","!","!","!"
"Inactive","Percentage of individuals inactive","Unknown","ONS 2011 5+1","Jan18-Dec18","year","North East","All","16-64","All","All","!","!","!","!","!"
"Inactive","Percentage of individuals inactive","Unknown","ONS 2011 5+1","Jan18-Dec18","year","North East","All","16-64","All","Disabled","!","!","!","!","!"
"Inactive","Percentage of individuals inactive","Unknown","ONS 2011 5+1","Jan18-Dec18","year","North East","All","16-64","All","Non-disabled","!","!","!","!","!"
"Inactive","Percentage of individuals inactive","Unknown","ONS 2011 5+1","Jan18-Dec18","year","North East","All","16-64","All","unknown","!","!","!","!","!"
"Inactive","Percentage of individuals inactive","Unknown","ONS 2011 5+1","Jan18-Dec18","year","North West","All","16-64","All","All","!","!","!","!","!"
"Inactive","Percentage of individuals inactive","Unknown","ONS 2011 5+1","Jan18-Dec18","year","North West","All","16-64","All","Disabled","!","!","!","!","!"
"Inactive","Percentage of individuals inactive","Unknown","ONS 2011 5+1","Jan18-Dec18","year","North West","All","16-64","All","Non-disabled","!","!","!","!","!"
"Inactive","Percentage of individuals inactive","Unknown","ONS 2011 5+1","Jan18-Dec18","year","North West","All","16-64","All","unknown","!","!","!","!","!"
"Inactive","Percentage of individuals inactive","Unknown","ONS 2011 5+1","Jan18-Dec18","year","Scotland","All","16-64","All","All","!","!","!","!","!"
"Inactive","Percentage of individuals inactive","Unknown","ONS 2011 5+1","Jan18-Dec18","year","Scotland","All","16-64","All","Disabled","!","!","!","!","!"
"Inactive","Percentage of individuals inactive","Unknown","ONS 2011 5+1","Jan18-Dec18","year","Scotland","All","16-64","All","Non-disabled","!","!","!","!","!"
"Inactive","Percentage of individuals inactive","Unknown","ONS 2011 5+1","Jan18-Dec18","year","Scotland","All","16-64","All","unknown","!","!","!","!","!"
"Inactive","Percentage of individuals inactive","Unknown","ONS 2011 5+1","Jan18-Dec18","year","South East","All","16-64","All","All","!","!","!","!","!"
"Inactive","Percentage of individuals inactive","Unknown","ONS 2011 5+1","Jan18-Dec18","year","South East","All","16-64","All","Disabled","!","!","!","!","!"
"Inactive","Percentage of individuals inactive","Unknown","ONS 2011 5+1","Jan18-Dec18","year","South East","All","16-64","All","Non-disabled","!","!","!","!","!"
"Inactive","Percentage of individuals inactive","Unknown","ONS 2011 5+1","Jan18-Dec18","year","South East","All","16-64","All","unknown","!","!","!","!","!"
"Inactive","Percentage of individuals inactive","Unknown","ONS 2011 5+1","Jan18-Dec18","year","South West","All","16-64","All","All","!","!","!","!","!"
"Inactive","Percentage of individuals inactive","Unknown","ONS 2011 5+1","Jan18-Dec18","year","South West","All","16-64","All","Disabled","!","!","!","!","!"
"Inactive","Percentage of individuals inactive","Unknown","ONS 2011 5+1","Jan18-Dec18","year","South West","All","16-64","All","Non-disabled","!","!","!","!","!"
"Inactive","Percentage of individuals inactive","Unknown","ONS 2011 5+1","Jan18-Dec18","year","South West","All","16-64","All","unknown","!","!","!","!","!"
"Inactive","Percentage of individuals inactive","Unknown","ONS 2011 5+1","Jan18-Dec18","year","Wales","All","16-64","All","All","!","!","!","!","!"
"Inactive","Percentage of individuals inactive","Unknown","ONS 2011 5+1","Jan18-Dec18","year","Wales","All","16-64","All","Disabled","!","!","!","!","!"
"Inactive","Percentage of individuals inactive","Unknown","ONS 2011 5+1","Jan18-Dec18","year","Wales","All","16-64","All","Non-disabled","!","!","!","!","!"
"Inactive","Percentage of individuals inactive","Unknown","ONS 2011 5+1","Jan18-Dec18","year","Wales","All","16-64","All","unknown","!","!","!","!","!"
"Inactive","Percentage of individuals inactive","Unknown","ONS 2011 5+1","Jan18-Dec18","year","West Midlands","All","16-64","All","All","!","!","!","!","!"
"Inactive","Percentage of individuals inactive","Unknown","ONS 2011 5+1","Jan18-Dec18","year","West Midlands","All","16-64","All","Disabled","!","!","!","!","!"
"Inactive","Percentage of individuals inactive","Unknown","ONS 2011 5+1","Jan18-Dec18","year","West Midlands","All","16-64","All","Non-disabled","!","!","!","!","!"
"Inactive","Percentage of individuals inactive","Unknown","ONS 2011 5+1","Jan18-Dec18","year","West Midlands","All","16-64","All","unknown","!","!","!","!","!"
"Inactive","Percentage of individuals inactive","Unknown","ONS 2011 5+1","Jan18-Dec18","year","Yorkshire and The Humber","All","16-64","All","All","!","!","!","!","!"
"Inactive","Percentage of individuals inactive","Unknown","ONS 2011 5+1","Jan18-Dec18","year","Yorkshire and The Humber","All","16-64","All","Disabled","!","!","!","!","!"
"Inactive","Percentage of individuals inactive","Unknown","ONS 2011 5+1","Jan18-Dec18","year","Yorkshire and The Humber","All","16-64","All","Non-disabled","!","!","!","!","!"
"Inactive","Percentage of individuals inactive","Unknown","ONS 2011 5+1","Jan18-Dec18","year","Yorkshire and The Humber","All","16-64","All","unknown","!","!","!","!","!"
"Inactive","Percentage of individuals inactive","White","ONS 2011 5+1","Jan18-Dec18","year","All","16-24","16-64","All","All","35.2","1.1","1945900","5525200","19035"
"Inactive","Percentage of individuals inactive","White","ONS 2011 5+1","Jan18-Dec18","year","All","16-24","16-64","All","Disabled","50.7","2.9","393800","777000","2760"
"Inactive","Percentage of individuals inactive","White","ONS 2011 5+1","Jan18-Dec18","year","All","16-24","16-64","All","Non-disabled","32.4","1.1","1520000","4694200","16094"
"Inactive","Percentage of individuals inactive","White","ONS 2011 5+1","Jan18-Dec18","year","All","16-24","16-64","All","unknown","59.4","11.3","32100","54000","181"
"Inactive","Percentage of individuals inactive","White","ONS 2011 5+1","Jan18-Dec18","year","All","16-24","16-64","Female","All","36.6","1.5","986100","2692700","9358"
"Inactive","Percentage of individuals inactive","White","ONS 2011 5+1","Jan18-Dec18","year","All","16-24","16-64","Female","Disabled","47.7","4","200500","420000","1479"
"Inactive","Percentage of individuals inactive","White","ONS 2011 5+1","Jan18-Dec18","year","All","16-24","16-64","Female","Non-disabled","34.2","1.7","767700","2245900","7787"
"Inactive","Percentage of individuals inactive","White","ONS 2011 5+1","Jan18-Dec18","year","All","16-24","16-64","Female","unknown","66.7","15.2","17900","26800","92"
"Inactive","Percentage of individuals inactive","White","ONS 2011 5+1","Jan18-Dec18","year","All","16-24","16-64","Male","All","33.9","1.5","959800","2832500","9677"
"Inactive","Percentage of individuals inactive","White","ONS 2011 5+1","Jan18-Dec18","year","All","16-24","16-64","Male","Disabled","54.1","4.3","193300","357100","1281"
"Inactive","Percentage of individuals inactive","White","ONS 2011 5+1","Jan18-Dec18","year","All","16-24","16-64","Male","Non-disabled","30.7","1.6","752400","2448200","8307"
"Inactive","Percentage of individuals inactive","White","ONS 2011 5+1","Jan18-Dec18","year","All","16-24","16-64","Male","unknown","52.2","16.4","14200","27200","89"
"Inactive","Percentage of individuals inactive","White","ONS 2011 5+1","Jan18-Dec18","year","All","25-49","16-64","All","All","11.5","0.4","2015400","17492100","68891"
"Inactive","Percentage of individuals inactive","White","ONS 2011 5+1","Jan18-Dec18","year","All","25-49","16-64","All","Disabled","34.5","1.3","996700","2888900","12137"
"Inactive","Percentage of individuals inactive","White","ONS 2011 5+1","Jan18-Dec18","year","All","25-49","16-64","All","Non-disabled","6.9","0.3","997200","14507800","56377"
"Inactive","Percentage of individuals inactive","White","ONS 2011 5+1","Jan18-Dec18","year","All","25-49","16-64","All","unknown","22.5","6.7","21500","95400","377"
"Inactive","Percentage of individuals inactive","White","ONS 2011 5+1","Jan18-Dec18","year","All","25-49","16-64","Female","All","16.3","0.6","1423100","8739100","36595"
"Inactive","Percentage of individuals inactive","White","ONS 2011 5+1","Jan18-Dec18","year","All","25-49","16-64","Female","Disabled","36","1.7","601400","1672600","7392"
"Inactive","Percentage of individuals inactive","White","ONS 2011 5+1","Jan18-Dec18","year","All","25-49","16-64","Female","Non-disabled","11.5","0.6","805500","7012000","28974"
"Inactive","Percentage of individuals inactive","White","ONS 2011 5+1","Jan18-Dec18","year","All","25-49","16-64","Female","unknown","29.7","9.4","16200","54400","229"
"Inactive","Percentage of individuals inactive","White","ONS 2011 5+1","Jan18-Dec18","year","All","25-49","16-64","Male","All","6.8","0.4","592300","8753000","32296"
"Inactive","Percentage of individuals inactive","White","ONS 2011 5+1","Jan18-Dec18","year","All","25-49","16-64","Male","Disabled","32.5","2.1","395300","1216300","4745"
"Inactive","Percentage of individuals inactive","White","ONS 2011 5+1","Jan18-Dec18","year","All","25-49","16-64","Male","Non-disabled","2.6","0.3","191700","7495800","27403"
"Inactive","Percentage of individuals inactive","White","ONS 2011 5+1","Jan18-Dec18","year","All","25-49","16-64","Male","unknown","13","8.6","5300","40900","148"
"Inactive","Percentage of individuals inactive","White","ONS 2011 5+1","Jan18-Dec18","year","All","50-64","16-64","All","All","26","0.6","2888000","11089200","52787"
"Inactive","Percentage of individuals inactive","White","ONS 2011 5+1","Jan18-Dec18","year","All","50-64","16-64","All","Disabled","50","1.3","1447100","2896100","14379"
"Inactive","Percentage of individuals inactive","White","ONS 2011 5+1","Jan18-Dec18","year","All","50-64","16-64","All","Non-disabled","17.5","0.6","1419700","8127500","38060"
"Inactive","Percentage of individuals inactive","White","ONS 2011 5+1","Jan18-Dec18","year","All","50-64","16-64","All","unknown","32.4","7.8","21200","65600","348"
"Inactive","Percentage of individuals inactive","White","ONS 2011 5+1","Jan18-Dec18","year","All","50-64","16-64","Female","All","30.4","0.9","1718100","5650300","27572"
"Inactive","Percentage of individuals inactive","White","ONS 2011 5+1","Jan18-Dec18","year","All","50-64","16-64","Female","Disabled","51.6","1.7","823300","1596400","8085"
"Inactive","Percentage of individuals inactive","White","ONS 2011 5+1","Jan18-Dec18","year","All","50-64","16-64","Female","Non-disabled","22","0.9","882700","4019500","19301"
"Inactive","Percentage of individuals inactive","White","ONS 2011 5+1","Jan18-Dec18","year","All","50-64","16-64","Female","unknown","35.2","10.8","12100","34300","186"
"Inactive","Percentage of individuals inactive","White","ONS 2011 5+1","Jan18-Dec18","year","All","50-64","16-64","Male","All","21.5","0.8","1169900","5438900","25215"
"Inactive","Percentage of individuals inactive","White","ONS 2011 5+1","Jan18-Dec18","year","All","50-64","16-64","Male","Disabled","48","2","623800","1299600","6294"
"Inactive","Percentage of individuals inactive","White","ONS 2011 5+1","Jan18-Dec18","year","All","50-64","16-64","Male","Non-disabled","13.1","0.8","536900","4108000","18759"
"Inactive","Percentage of individuals inactive","White","ONS 2011 5+1","Jan18-Dec18","year","All","50-64","16-64","Male","unknown","29.2","11.1","9100","31200","162"
"Inactive","Percentage of individuals inactive","White","ONS 2011 5+1","Jan18-Dec18","year","All","All","16-64","All","All","20.1","0.3","6849300","34106500","140713"
"Inactive","Percentage of individuals inactive","White","ONS 2011 5+1","Jan18-Dec18","year","All","All","16-64","All","Disabled","43.2","0.9","2837600","6562000","29276"
"Inactive","Percentage of individuals inactive","White","ONS 2011 5+1","Jan18-Dec18","year","All","All","16-64","All","Non-disabled","14.4","0.3","3936900","27329500","110531"
"Inactive","Percentage of individuals inactive","White","ONS 2011 5+1","Jan18-Dec18","year","All","All","16-64","All","unknown","34.8","4.9","74800","215000","906"
"Inactive","Percentage of individuals inactive","White","ONS 2011 5+1","Jan18-Dec18","year","All","All","16-64","Female","All","24.2","0.5","4127300","17082100","73525"
"Inactive","Percentage of individuals inactive","White","ONS 2011 5+1","Jan18-Dec18","year","All","All","16-64","Female","Disabled","44.1","1.2","1625200","3689000","16956"
"Inactive","Percentage of individuals inactive","White","ONS 2011 5+1","Jan18-Dec18","year","All","All","16-64","Female","Non-disabled","18.5","0.5","2455900","13277500","56062"
"Inactive","Percentage of individuals inactive","White","ONS 2011 5+1","Jan18-Dec18","year","All","All","16-64","Female","unknown","39.9","6.7","46200","115600","507"
"Inactive","Percentage of individuals inactive","White","ONS 2011 5+1","Jan18-Dec18","year","All","All","16-64","Male","All","16","0.4","2722000","17024300","67188"
"Inactive","Percentage of individuals inactive","White","ONS 2011 5+1","Jan18-Dec18","year","All","All","16-64","Male","Disabled","42.2","1.4","1212400","2873000","12320"
"Inactive","Percentage of individuals inactive","White","ONS 2011 5+1","Jan18-Dec18","year","All","All","16-64","Male","Non-disabled","10.5","0.4","1481000","14052000","54469"
"Inactive","Percentage of individuals inactive","White","ONS 2011 5+1","Jan18-Dec18","year","All","All","16-64","Male","unknown","28.8","7","28600","99400","399"
"Inactive","Percentage of individuals inactive","White","ONS 2011 5+1","Jan18-Dec18","year","East Midlands","All","16-64","All","All","20.2","1.5","519300","2566600","6907"
"Inactive","Percentage of individuals inactive","White","ONS 2011 5+1","Jan18-Dec18","year","East Midlands","All","16-64","All","Disabled","43.7","4","226900","518800","1440"
"Inactive","Percentage of individuals inactive","White","ONS 2011 5+1","Jan18-Dec18","year","East Midlands","All","16-64","All","Non-disabled","14.1","1.5","287400","2036200","5435"
"Inactive","Percentage of individuals inactive","White","ONS 2011 5+1","Jan18-Dec18","year","East Midlands","All","16-64","All","unknown","43.1","27.1","5000","11700","32"
"Inactive","Percentage of individuals inactive","White","ONS 2011 5+1","Jan18-Dec18","year","East of England","All","16-64","All","All","18.8","1.3","634900","3373300","9370"
"Inactive","Percentage of individuals inactive","White","ONS 2011 5+1","Jan18-Dec18","year","East of England","All","16-64","All","Disabled","39.6","3.6","241500","609900","1766"
"Inactive","Percentage of individuals inactive","White","ONS 2011 5+1","Jan18-Dec18","year","East of England","All","16-64","All","Non-disabled","14.1","1.2","388700","2748600","7556"
"Inactive","Percentage of individuals inactive","White","ONS 2011 5+1","Jan18-Dec18","year","East of England","All","16-64","All","unknown","32.2","20.9","4800","14800","48"
"Inactive","Percentage of individuals inactive","White","ONS 2011 5+1","Jan18-Dec18","year","London","All","16-64","All","All","17.4","1.3","627700","3607800","8694"
"Inactive","Percentage of individuals inactive","White","ONS 2011 5+1","Jan18-Dec18","year","London","All","16-64","All","Disabled","40.6","4.2","210800","519400","1317"
"Inactive","Percentage of individuals inactive","White","ONS 2011 5+1","Jan18-Dec18","year","London","All","16-64","All","Non-disabled","13.4","1.2","409400","3060700","7310"
"Inactive","Percentage of individuals inactive","White","ONS 2011 5+1","Jan18-Dec18","year","London","All","16-64","All","unknown","26.8","16.7","7400","27700","67"
"Inactive","Percentage of individuals inactive","White","ONS 2011 5+1","Jan18-Dec18","year","North East","All","16-64","All","All","24","1.3","373600","1556600","10150"
"Inactive","Percentage of individuals inactive","White","ONS 2011 5+1","Jan18-Dec18","year","North East","All","16-64","All","Disabled","48.8","3.1","181000","371000","2480"
"Inactive","Percentage of individuals inactive","White","ONS 2011 5+1","Jan18-Dec18","year","North East","All","16-64","All","Non-disabled","16.1","1.3","189700","1176200","7611"
"Inactive","Percentage of individuals inactive","White","ONS 2011 5+1","Jan18-Dec18","year","North East","All","16-64","All","unknown","31.4","18.7","3000","9400","59"
"Inactive","Percentage of individuals inactive","White","ONS 2011 5+1","Jan18-Dec18","year","North West","All","16-64","All","All","21.3","0.9","840900","3939600","17847"
"Inactive","Percentage of individuals inactive","White","ONS 2011 5+1","Jan18-Dec18","year","North West","All","16-64","All","Disabled","47.2","2.5","384200","814000","3964"
"Inactive","Percentage of individuals inactive","White","ONS 2011 5+1","Jan18-Dec18","year","North West","All","16-64","All","Non-disabled","14.5","0.9","449100","3105000","13792"
"Inactive","Percentage of individuals inactive","White","ONS 2011 5+1","Jan18-Dec18","year","North West","All","16-64","All","unknown","37.4","15.7","7700","20500","91"
"Inactive","Percentage of individuals inactive","White","ONS 2011 5+1","Jan18-Dec18","year","Scotland","All","16-64","All","All","21.8","0.9","710800","3265900","19787"
"Inactive","Percentage of individuals inactive","White","ONS 2011 5+1","Jan18-Dec18","year","Scotland","All","16-64","All","Disabled","49.3","2.4","319100","647100","4004"
"Inactive","Percentage of individuals inactive","White","ONS 2011 5+1","Jan18-Dec18","year","Scotland","All","16-64","All","Non-disabled","14.8","0.9","385500","2601700","15666"
"Inactive","Percentage of individuals inactive","White","ONS 2011 5+1","Jan18-Dec18","year","Scotland","All","16-64","All","unknown","35.7","13.7","6100","17200","117"
"Inactive","Percentage of individuals inactive","White","ONS 2011 5+1","Jan18-Dec18","year","South East","All","16-64","All","All","18.6","1","923800","4959000","15795"
"Inactive","Percentage of individuals inactive","White","ONS 2011 5+1","Jan18-Dec18","year","South East","All","16-64","All","Disabled","37.6","2.8","322300","857900","2894"
"Inactive","Percentage of individuals inactive","White","ONS 2011 5+1","Jan18-Dec18","year","South East","All","16-64","All","Non-disabled","14.5","1","588200","4060100","12791"
"Inactive","Percentage of individuals inactive","White","ONS 2011 5+1","Jan18-Dec18","year","South East","All","16-64","All","unknown","32.4","13.8","13300","41100","110"
"Inactive","Percentage of individuals inactive","White","ONS 2011 5+1","Jan18-Dec18","year","South West","All","16-64","All","All","18.2","1.1","570600","3137000","12528"
"Inactive","Percentage of individuals inactive","White","ONS 2011 5+1","Jan18-Dec18","year","South West","All","16-64","All","Disabled","37.9","2.9","236400","623400","2627"
"Inactive","Percentage of individuals inactive","White","ONS 2011 5+1","Jan18-Dec18","year","South West","All","16-64","All","Non-disabled","13.1","1.1","327000","2496800","9830"
"Inactive","Percentage of individuals inactive","White","ONS 2011 5+1","Jan18-Dec18","year","South West","All","16-64","All","unknown","42.6","18.2","7100","16800","71"
"Inactive","Percentage of individuals inactive","White","ONS 2011 5+1","Jan18-Dec18","year","Wales","All","16-64","All","All","22.9","1","415300","1816400","16871"
"Inactive","Percentage of individuals inactive","White","ONS 2011 5+1","Jan18-Dec18","year","Wales","All","16-64","All","Disabled","48.2","2.5","192500","399000","3834"
"Inactive","Percentage of individuals inactive","White","ONS 2011 5+1","Jan18-Dec18","year","Wales","All","16-64","All","Non-disabled","15.5","1","216500","1401100","12891"
"Inactive","Percentage of individuals inactive","White","ONS 2011 5+1","Jan18-Dec18","year","Wales","All","16-64","All","unknown","38.6","12.5","6300","16300","146"
"Inactive","Percentage of individuals inactive","White","ONS 2011 5+1","Jan18-Dec18","year","West Midlands","All","16-64","All","All","20.7","1.2","599400","2898100","10921"
"Inactive","Percentage of individuals inactive","White","ONS 2011 5+1","Jan18-Dec18","year","West Midlands","All","16-64","All","Disabled","44.2","3.2","248600","562100","2275"
"Inactive","Percentage of individuals inactive","White","ONS 2011 5+1","Jan18-Dec18","year","West Midlands","All","16-64","All","Non-disabled","14.8","1.2","342700","2316600","8564"
"Inactive","Percentage of individuals inactive","White","ONS 2011 5+1","Jan18-Dec18","year","West Midlands","All","16-64","All","unknown","41","16.8","8000","19400","82"
"Inactive","Percentage of individuals inactive","White","ONS 2011 5+1","Jan18-Dec18","year","Yorkshire and The Humber","All","16-64","All","All","21.2","1.2","633000","2986300","11843"
"Inactive","Percentage of individuals inactive","White","ONS 2011 5+1","Jan18-Dec18","year","Yorkshire and The Humber","All","16-64","All","Disabled","42.9","3","274400","639600","2675"
"Inactive","Percentage of individuals inactive","White","ONS 2011 5+1","Jan18-Dec18","year","Yorkshire and The Humber","All","16-64","All","Non-disabled","15.2","1.2","352500","2326600","9085"
"Inactive","Percentage of individuals inactive","White","ONS 2011 5+1","Jan18-Dec18","year","Yorkshire and The Humber","All","16-64","All","unknown","30.4","15.6","6100","20100","83"
"Inactive","Percentage of individuals inactive","White British","Detailed","Jan18-Dec18","year","All","16-24","16-64","All","All","34.9","1.1","1798000","5155500","17964"
"Inactive","Percentage of individuals inactive","White British","Detailed","Jan18-Dec18","year","All","16-24","16-64","All","Disabled","50.7","3","381900","753400","2688"
"Inactive","Percentage of individuals inactive","White British","Detailed","Jan18-Dec18","year","All","16-24","16-64","All","Non-disabled","31.8","1.2","1385700","4352300","15106"
"Inactive","Percentage of individuals inactive","White British","Detailed","Jan18-Dec18","year","All","16-24","16-64","All","unknown","61.1","11.6","30400","49800","170"
"Inactive","Percentage of individuals inactive","White British","Detailed","Jan18-Dec18","year","All","16-24","16-64","Female","All","35.8","1.6","895400","2499400","8791"
"Inactive","Percentage of individuals inactive","White British","Detailed","Jan18-Dec18","year","All","16-24","16-64","Female","Disabled","47.7","4.1","191600","401400","1426"
"Inactive","Percentage of individuals inactive","White British","Detailed","Jan18-Dec18","year","All","16-24","16-64","Female","Non-disabled","33.2","1.7","687300","2072900","7278"
"Inactive","Percentage of individuals inactive","White British","Detailed","Jan18-Dec18","year","All","16-24","16-64","Female","unknown","!","!","!","!","!"
"Inactive","Percentage of individuals inactive","White British","Detailed","Jan18-Dec18","year","All","16-24","16-64","Male","All","34","1.5","902600","2656100","9173"
"Inactive","Percentage of individuals inactive","White British","Detailed","Jan18-Dec18","year","All","16-24","16-64","Male","Disabled","54.1","4.3","190300","352000","1262"
"Inactive","Percentage of individuals inactive","White British","Detailed","Jan18-Dec18","year","All","16-24","16-64","Male","Non-disabled","30.6","1.6","698400","2279400","7828"
"Inactive","Percentage of individuals inactive","White British","Detailed","Jan18-Dec18","year","All","16-24","16-64","Male","unknown","!","!","!","!","!"
"Inactive","Percentage of individuals inactive","White British","Detailed","Jan18-Dec18","year","All","25-49","16-64","All","All","11.7","0.4","1791800","15314700","61868"
"Inactive","Percentage of individuals inactive","White British","Detailed","Jan18-Dec18","year","All","25-49","16-64","All","Disabled","35.1","1.4","945500","2695200","11478"
"Inactive","Percentage of individuals inactive","White British","Detailed","Jan18-Dec18","year","All","25-49","16-64","All","Non-disabled","6.6","0.3","828300","12539800","50059"
"Inactive","Percentage of individuals inactive","White British","Detailed","Jan18-Dec18","year","All","25-49","16-64","All","unknown","22.6","7.1","18000","79600","331"
"Inactive","Percentage of individuals inactive","White British","Detailed","Jan18-Dec18","year","All","25-49","16-64","Female","All","16.2","0.6","1237100","7621400","32746"
"Inactive","Percentage of individuals inactive","White British","Detailed","Jan18-Dec18","year","All","25-49","16-64","Female","Disabled","36.4","1.8","567000","1557300","6979"
"Inactive","Percentage of individuals inactive","White British","Detailed","Jan18-Dec18","year","All","25-49","16-64","Female","Non-disabled","10.9","0.6","656500","6018300","25567"
"Inactive","Percentage of individuals inactive","White British","Detailed","Jan18-Dec18","year","All","25-49","16-64","Female","unknown","29.8","10","13600","45800","200"
"Inactive","Percentage of individuals inactive","White British","Detailed","Jan18-Dec18","year","All","25-49","16-64","Male","All","7.2","0.5","554700","7693300","29122"
"Inactive","Percentage of individuals inactive","White British","Detailed","Jan18-Dec18","year","All","25-49","16-64","Male","Disabled","33.3","2.2","378500","1137900","4499"
"Inactive","Percentage of individuals inactive","White British","Detailed","Jan18-Dec18","year","All","25-49","16-64","Male","Non-disabled","2.6","0.3","171800","6521500","24492"
"Inactive","Percentage of individuals inactive","White British","Detailed","Jan18-Dec18","year","All","25-49","16-64","Male","unknown","13","9.1","4400","33800","131"
"Inactive","Percentage of individuals inactive","White British","Detailed","Jan18-Dec18","year","All","50-64","16-64","All","All","26.4","0.6","2793700","10602200","50893"
"Inactive","Percentage of individuals inactive","White British","Detailed","Jan18-Dec18","year","All","50-64","16-64","All","Disabled","50.2","1.3","1402500","2795300","13983"
"Inactive","Percentage of individuals inactive","White British","Detailed","Jan18-Dec18","year","All","50-64","16-64","All","Non-disabled","17.7","0.6","1371100","7745400","36581"
"Inactive","Percentage of individuals inactive","White British","Detailed","Jan18-Dec18","year","All","50-64","16-64","All","unknown","32.7","8","20100","61400","329"
"Inactive","Percentage of individuals inactive","White British","Detailed","Jan18-Dec18","year","All","50-64","16-64","Female","All","30.8","0.9","1657400","5385500","26521"
"Inactive","Percentage of individuals inactive","White British","Detailed","Jan18-Dec18","year","All","50-64","16-64","Female","Disabled","51.9","1.7","796900","1536200","7846"
"Inactive","Percentage of individuals inactive","White British","Detailed","Jan18-Dec18","year","All","50-64","16-64","Female","Non-disabled","22.2","0.9","849200","3817100","18499"
"Inactive","Percentage of individuals inactive","White British","Detailed","Jan18-Dec18","year","All","50-64","16-64","Female","unknown","35.2","11.1","11300","32100","176"
"Inactive","Percentage of individuals inactive","White British","Detailed","Jan18-Dec18","year","All","50-64","16-64","Male","All","21.8","0.8","1136300","5216700","24372"
"Inactive","Percentage of individuals inactive","White British","Detailed","Jan18-Dec18","year","All","50-64","16-64","Male","Disabled","48.1","2","605600","1259100","6137"
"Inactive","Percentage of individuals inactive","White British","Detailed","Jan18-Dec18","year","All","50-64","16-64","Male","Non-disabled","13.3","0.8","521900","3928300","18082"
"Inactive","Percentage of individuals inactive","White British","Detailed","Jan18-Dec18","year","All","50-64","16-64","Male","unknown","29.9","11.5","8800","29300","153"
"Inactive","Percentage of individuals inactive","White British","Detailed","Jan18-Dec18","year","All","All","16-64","All","All","20.5","0.3","6383500","31072400","130725"
"Inactive","Percentage of individuals inactive","White British","Detailed","Jan18-Dec18","year","All","All","16-64","All","Disabled","43.7","0.9","2729900","6243900","28149"
"Inactive","Percentage of individuals inactive","White British","Detailed","Jan18-Dec18","year","All","All","16-64","All","Non-disabled","14.6","0.3","3585100","24637500","101746"
"Inactive","Percentage of individuals inactive","White British","Detailed","Jan18-Dec18","year","All","All","16-64","All","unknown","35.9","5.2","68500","190900","830"
"Inactive","Percentage of individuals inactive","White British","Detailed","Jan18-Dec18","year","All","All","16-64","Female","All","24.4","0.5","3789900","15506300","68058"
"Inactive","Percentage of individuals inactive","White British","Detailed","Jan18-Dec18","year","All","All","16-64","Female","Disabled","44.5","1.2","1555500","3494900","16251"
"Inactive","Percentage of individuals inactive","White British","Detailed","Jan18-Dec18","year","All","All","16-64","Female","Non-disabled","18.4","0.5","2193000","11908300","51344"
"Inactive","Percentage of individuals inactive","White British","Detailed","Jan18-Dec18","year","All","All","16-64","Female","unknown","40.2","7.1","41500","103000","463"
"Inactive","Percentage of individuals inactive","White British","Detailed","Jan18-Dec18","year","All","All","16-64","Male","All","16.7","0.5","2593600","15566100","62667"
"Inactive","Percentage of individuals inactive","White British","Detailed","Jan18-Dec18","year","All","All","16-64","Male","Disabled","42.7","1.4","1174400","2749000","11898"
"Inactive","Percentage of individuals inactive","White British","Detailed","Jan18-Dec18","year","All","All","16-64","Male","Non-disabled","10.9","0.4","1392100","12729200","50402"
"Inactive","Percentage of individuals inactive","White British","Detailed","Jan18-Dec18","year","All","All","16-64","Male","unknown","30.8","7.5","27100","87900","367"
"Inactive","Percentage of individuals inactive","White British","Detailed","Jan18-Dec18","year","East Midlands","All","16-64","All","All","20.6","1.6","486800","2362200","6331"
"Inactive","Percentage of individuals inactive","White British","Detailed","Jan18-Dec18","year","East Midlands","All","16-64","All","Disabled","44.2","4.1","220100","498100","1379"
"Inactive","Percentage of individuals inactive","White British","Detailed","Jan18-Dec18","year","East Midlands","All","16-64","All","Non-disabled","14.2","1.5","262600","1853900","4924"
"Inactive","Percentage of individuals inactive","White British","Detailed","Jan18-Dec18","year","East Midlands","All","16-64","All","unknown","!","!","!","!","!"
"Inactive","Percentage of individuals inactive","White British","Detailed","Jan18-Dec18","year","East of England","All","16-64","All","All","19.3","1.3","590700","3062900","8392"
"Inactive","Percentage of individuals inactive","White British","Detailed","Jan18-Dec18","year","East of England","All","16-64","All","Disabled","40.2","3.7","232000","577100","1652"
"Inactive","Percentage of individuals inactive","White British","Detailed","Jan18-Dec18","year","East of England","All","16-64","All","Non-disabled","14.3","1.3","353900","2472100","6696"
"Inactive","Percentage of individuals inactive","White British","Detailed","Jan18-Dec18","year","East of England","All","16-64","All","unknown","!","!","!","!","!"
"Inactive","Percentage of individuals inactive","White British","Detailed","Jan18-Dec18","year","London","All","16-64","All","All","18.7","1.5","474000","2540200","6263"
"Inactive","Percentage of individuals inactive","White British","Detailed","Jan18-Dec18","year","London","All","16-64","All","Disabled","42.2","4.7","173200","410300","1052"
"Inactive","Percentage of individuals inactive","White British","Detailed","Jan18-Dec18","year","London","All","16-64","All","Non-disabled","14","1.5","296100","2112700","5167"
"Inactive","Percentage of individuals inactive","White British","Detailed","Jan18-Dec18","year","London","All","16-64","All","unknown","!","!","!","!","!"
"Inactive","Percentage of individuals inactive","White British","Detailed","Jan18-Dec18","year","North East","All","16-64","All","All","24.1","1.3","364400","1514500","9888"
"Inactive","Percentage of individuals inactive","White British","Detailed","Jan18-Dec18","year","North East","All","16-64","All","Disabled","48.8","3.1","178000","364600","2442"
"Inactive","Percentage of individuals inactive","White British","Detailed","Jan18-Dec18","year","North East","All","16-64","All","Non-disabled","16.1","1.3","183500","1140800","7388"
"Inactive","Percentage of individuals inactive","White British","Detailed","Jan18-Dec18","year","North East","All","16-64","All","unknown","!","!","!","!","!"
"Inactive","Percentage of individuals inactive","White British","Detailed","Jan18-Dec18","year","North West","All","16-64","All","All","21.6","1","811500","3764600","17103"
"Inactive","Percentage of individuals inactive","White British","Detailed","Jan18-Dec18","year","North West","All","16-64","All","Disabled","47.3","2.5","377800","798300","3885"
"Inactive","Percentage of individuals inactive","White British","Detailed","Jan18-Dec18","year","North West","All","16-64","All","Non-disabled","14.5","1","426300","2947200","13134"
"Inactive","Percentage of individuals inactive","White British","Detailed","Jan18-Dec18","year","North West","All","16-64","All","unknown","!","!","!","!","!"
"Inactive","Percentage of individuals inactive","White British","Detailed","Jan18-Dec18","year","Scotland","All","16-64","All","All","22.1","0.9","672600","3039100","18752"
"Inactive","Percentage of individuals inactive","White British","Detailed","Jan18-Dec18","year","Scotland","All","16-64","All","Disabled","49.6","2.5","310000","624800","3893"
"Inactive","Percentage of individuals inactive","White British","Detailed","Jan18-Dec18","year","Scotland","All","16-64","All","Non-disabled","14.9","0.9","356900","2398300","14748"
"Inactive","Percentage of individuals inactive","White British","Detailed","Jan18-Dec18","year","Scotland","All","16-64","All","unknown","35.9","14.1","5700","16000","111"
"Inactive","Percentage of individuals inactive","White British","Detailed","Jan18-Dec18","year","South East","All","16-64","All","All","18.8","1","858300","4567200","14429"
"Inactive","Percentage of individuals inactive","White British","Detailed","Jan18-Dec18","year","South East","All","16-64","All","Disabled","37.8","2.9","309300","818800","2758"
"Inactive","Percentage of individuals inactive","White British","Detailed","Jan18-Dec18","year","South East","All","16-64","All","Non-disabled","14.5","1","536400","3710600","11571"
"Inactive","Percentage of individuals inactive","White British","Detailed","Jan18-Dec18","year","South East","All","16-64","All","unknown","33.4","14.6","12600","37800","100"
"Inactive","Percentage of individuals inactive","White British","Detailed","Jan18-Dec18","year","South West","All","16-64","All","All","18.6","1.1","546500","2937800","11729"
"Inactive","Percentage of individuals inactive","White British","Detailed","Jan18-Dec18","year","South West","All","16-64","All","Disabled","38.3","3","229700","599000","2525"
"Inactive","Percentage of individuals inactive","White British","Detailed","Jan18-Dec18","year","South West","All","16-64","All","Non-disabled","13.3","1.1","309700","2323400","9138"
"Inactive","Percentage of individuals inactive","White British","Detailed","Jan18-Dec18","year","South West","All","16-64","All","unknown","!","!","!","!","!"
"Inactive","Percentage of individuals inactive","White British","Detailed","Jan18-Dec18","year","Wales","All","16-64","All","All","23.1","1","405600","1756900","16368"
"Inactive","Percentage of individuals inactive","White British","Detailed","Jan18-Dec18","year","Wales","All","16-64","All","Disabled","48.5","2.5","190000","391700","3768"
"Inactive","Percentage of individuals inactive","White British","Detailed","Jan18-Dec18","year","Wales","All","16-64","All","Non-disabled","15.5","1","209400","1349600","12460"
"Inactive","Percentage of individuals inactive","White British","Detailed","Jan18-Dec18","year","Wales","All","16-64","All","unknown","39.8","12.8","6200","15600","140"
"Inactive","Percentage of individuals inactive","White British","Detailed","Jan18-Dec18","year","West Midlands","All","16-64","All","All","20.9","1.2","563800","2693900","10212"
"Inactive","Percentage of individuals inactive","White British","Detailed","Jan18-Dec18","year","West Midlands","All","16-64","All","Disabled","44.3","3.3","240700","542700","2201"
"Inactive","Percentage of individuals inactive","White British","Detailed","Jan18-Dec18","year","West Midlands","All","16-64","All","Non-disabled","14.8","1.2","316300","2133800","7937"
"Inactive","Percentage of individuals inactive","White British","Detailed","Jan18-Dec18","year","West Midlands","All","16-64","All","unknown","!","!","!","!","!"
"Inactive","Percentage of individuals inactive","White British","Detailed","Jan18-Dec18","year","Yorkshire and The Humber","All","16-64","All","All","21.5","1.2","609300","2833100","11258"
"Inactive","Percentage of individuals inactive","White British","Detailed","Jan18-Dec18","year","Yorkshire and The Humber","All","16-64","All","Disabled","43.5","3","269200","618500","2594"
"Inactive","Percentage of individuals inactive","White British","Detailed","Jan18-Dec18","year","Yorkshire and The Humber","All","16-64","All","Non-disabled","15.2","1.2","334000","2195000","8583"
"Inactive","Percentage of individuals inactive","White British","Detailed","Jan18-Dec18","year","Yorkshire and The Humber","All","16-64","All","unknown","!","!","!","!","!"
"Inactive","Percentage of individuals inactive","White Other","Detailed","Jan18-Dec18","year","All","16-24","16-64","All","All","40","4.6","147900","369700","1071"
"Inactive","Percentage of individuals inactive","White Other","Detailed","Jan18-Dec18","year","All","16-24","16-64","All","Disabled","!","!","!","!","!"
"Inactive","Percentage of individuals inactive","White Other","Detailed","Jan18-Dec18","year","All","16-24","16-64","All","Non-disabled","39.3","4.8","134300","341900","988"
"Inactive","Percentage of individuals inactive","White Other","Detailed","Jan18-Dec18","year","All","16-24","16-64","All","unknown","!","!","!","!","!"
"Inactive","Percentage of individuals inactive","White Other","Detailed","Jan18-Dec18","year","All","16-24","16-64","Female","All","46.9","6.5","90600","193400","567"
"Inactive","Percentage of individuals inactive","White Other","Detailed","Jan18-Dec18","year","All","16-24","16-64","Female","Disabled","!","!","!","!","!"
"Inactive","Percentage of individuals inactive","White Other","Detailed","Jan18-Dec18","year","All","16-24","16-64","Female","Non-disabled","46.4","6.8","80300","173000","509"
"Inactive","Percentage of individuals inactive","White Other","Detailed","Jan18-Dec18","year","All","16-24","16-64","Female","unknown","!","!","!","!","!"
"Inactive","Percentage of individuals inactive","White Other","Detailed","Jan18-Dec18","year","All","16-24","16-64","Male","All","32.5","6.5","57200","176400","504"
"Inactive","Percentage of individuals inactive","White Other","Detailed","Jan18-Dec18","year","All","16-24","16-64","Male","Disabled","!","!","!","!","!"
"Inactive","Percentage of individuals inactive","White Other","Detailed","Jan18-Dec18","year","All","16-24","16-64","Male","Non-disabled","32","6.6","54000","168800","479"
"Inactive","Percentage of individuals inactive","White Other","Detailed","Jan18-Dec18","year","All","16-24","16-64","Male","unknown","!","!","!","!","!"
"Inactive","Percentage of individuals inactive","White Other","Detailed","Jan18-Dec18","year","All","25-49","16-64","All","All","10.3","1.1","223600","2177400","7023"
"Inactive","Percentage of individuals inactive","White Other","Detailed","Jan18-Dec18","year","All","25-49","16-64","All","Disabled","26.4","5.3","51200","193700","659"
"Inactive","Percentage of individuals inactive","White Other","Detailed","Jan18-Dec18","year","All","25-49","16-64","All","Non-disabled","8.6","1.1","168900","1968000","6318"
"Inactive","Percentage of individuals inactive","White Other","Detailed","Jan18-Dec18","year","All","25-49","16-64","All","unknown","!","!","!","!","!"
"Inactive","Percentage of individuals inactive","White Other","Detailed","Jan18-Dec18","year","All","25-49","16-64","Female","All","16.6","1.9","185900","1117700","3849"
"Inactive","Percentage of individuals inactive","White Other","Detailed","Jan18-Dec18","year","All","25-49","16-64","Female","Disabled","29.8","7","34400","115300","413"
"Inactive","Percentage of individuals inactive","White Other","Detailed","Jan18-Dec18","year","All","25-49","16-64","Female","Non-disabled","15","1.9","149100","993700","3407"
"Inactive","Percentage of individuals inactive","White Other","Detailed","Jan18-Dec18","year","All","25-49","16-64","Female","unknown","!","!","!","!","!"
"Inactive","Percentage of individuals inactive","White Other","Detailed","Jan18-Dec18","year","All","25-49","16-64","Male","All","3.5","1","37600","1059700","3174"
"Inactive","Percentage of individuals inactive","White Other","Detailed","Jan18-Dec18","year","All","25-49","16-64","Male","Disabled","21.5","8.1","16800","78300","246"
"Inactive","Percentage of individuals inactive","White Other","Detailed","Jan18-Dec18","year","All","25-49","16-64","Male","Non-disabled","2","0.8","19900","974300","2911"
"Inactive","Percentage of individuals inactive","White Other","Detailed","Jan18-Dec18","year","All","25-49","16-64","Male","unknown","!","!","!","!","!"
"Inactive","Percentage of individuals inactive","White Other","Detailed","Jan18-Dec18","year","All","50-64","16-64","All","All","19.4","2.8","94300","487000","1894"
"Inactive","Percentage of individuals inactive","White Other","Detailed","Jan18-Dec18","year","All","50-64","16-64","All","Disabled","44.3","7.7","44600","100800","396"
"Inactive","Percentage of individuals inactive","White Other","Detailed","Jan18-Dec18","year","All","50-64","16-64","All","Non-disabled","12.7","2.7","48500","382100","1479"
"Inactive","Percentage of individuals inactive","White Other","Detailed","Jan18-Dec18","year","All","50-64","16-64","All","unknown","!","!","!","!","!"
"Inactive","Percentage of individuals inactive","White Other","Detailed","Jan18-Dec18","year","All","50-64","16-64","Female","All","22.9","4","60800","264900","1051"
"Inactive","Percentage of individuals inactive","White Other","Detailed","Jan18-Dec18","year","All","50-64","16-64","Female","Disabled","43.9","9.9","26400","60200","239"
"Inactive","Percentage of individuals inactive","White Other","Detailed","Jan18-Dec18","year","All","50-64","16-64","Female","Non-disabled","16.6","4.1","33500","202400","802"
"Inactive","Percentage of individuals inactive","White Other","Detailed","Jan18-Dec18","year","All","50-64","16-64","Female","unknown","!","!","!","!","!"
"Inactive","Percentage of individuals inactive","White Other","Detailed","Jan18-Dec18","year","All","50-64","16-64","Male","All","15.1","3.8","33600","222200","843"
"Inactive","Percentage of individuals inactive","White Other","Detailed","Jan18-Dec18","year","All","50-64","16-64","Male","Disabled","44.9","12.3","18200","40600","157"
"Inactive","Percentage of individuals inactive","White Other","Detailed","Jan18-Dec18","year","All","50-64","16-64","Male","Non-disabled","8.3","3.3","15000","179700","677"
"Inactive","Percentage of individuals inactive","White Other","Detailed","Jan18-Dec18","year","All","50-64","16-64","Male","unknown","!","!","!","!","!"
"Inactive","Percentage of individuals inactive","White Other","Detailed","Jan18-Dec18","year","All","All","16-64","All","All","15.4","1.1","465700","3034100","9988"
"Inactive","Percentage of individuals inactive","White Other","Detailed","Jan18-Dec18","year","All","All","16-64","All","Disabled","33.9","4.4","107700","318100","1127"
"Inactive","Percentage of individuals inactive","White Other","Detailed","Jan18-Dec18","year","All","All","16-64","All","Non-disabled","13.1","1.1","351800","2692000","8785"
"Inactive","Percentage of individuals inactive","White Other","Detailed","Jan18-Dec18","year","All","All","16-64","All","unknown","!","!","!","!","!"
"Inactive","Percentage of individuals inactive","White Other","Detailed","Jan18-Dec18","year","All","All","16-64","Female","All","21.4","1.7","337300","1575900","5467"
"Inactive","Percentage of individuals inactive","White Other","Detailed","Jan18-Dec18","year","All","All","16-64","Female","Disabled","35.9","5.6","69700","194100","705"
"Inactive","Percentage of individuals inactive","White Other","Detailed","Jan18-Dec18","year","All","All","16-64","Female","Non-disabled","19.2","1.8","262900","1369200","4718"
"Inactive","Percentage of individuals inactive","White Other","Detailed","Jan18-Dec18","year","All","All","16-64","Female","unknown","!","!","!","!","!"
"Inactive","Percentage of individuals inactive","White Other","Detailed","Jan18-Dec18","year","All","All","16-64","Male","All","8.8","1.3","128400","1458200","4521"
"Inactive","Percentage of individuals inactive","White Other","Detailed","Jan18-Dec18","year","All","All","16-64","Male","Disabled","30.6","6.9","38000","124000","422"
"Inactive","Percentage of individuals inactive","White Other","Detailed","Jan18-Dec18","year","All","All","16-64","Male","Non-disabled","6.7","1.2","88900","1322800","4067"
"Inactive","Percentage of individuals inactive","White Other","Detailed","Jan18-Dec18","year","All","All","16-64","Male","unknown","!","!","!","!","!"
"Inactive","Percentage of individuals inactive","White Other","Detailed","Jan18-Dec18","year","East Midlands","All","16-64","All","All","15.9","4.7","32500","204400","576"
"Inactive","Percentage of individuals inactive","White Other","Detailed","Jan18-Dec18","year","East Midlands","All","16-64","All","Disabled","!","!","!","!","!"
"Inactive","Percentage of individuals inactive","White Other","Detailed","Jan18-Dec18","year","East Midlands","All","16-64","All","Non-disabled","13.6","4.7","24800","182300","511"
"Inactive","Percentage of individuals inactive","White Other","Detailed","Jan18-Dec18","year","East Midlands","All","16-64","All","unknown","!","!","!","!","!"
"Inactive","Percentage of individuals inactive","White Other","Detailed","Jan18-Dec18","year","East of England","All","16-64","All","All","14.2","3.5","44200","310400","978"
"Inactive","Percentage of individuals inactive","White Other","Detailed","Jan18-Dec18","year","East of England","All","16-64","All","Disabled","28.8","13.1","9400","32800","114"
"Inactive","Percentage of individuals inactive","White Other","Detailed","Jan18-Dec18","year","East of England","All","16-64","All","Non-disabled","12.6","3.5","34700","276400","860"
"Inactive","Percentage of individuals inactive","White Other","Detailed","Jan18-Dec18","year","East of England","All","16-64","All","unknown","!","!","!","!","!"
"Inactive","Percentage of individuals inactive","White Other","Detailed","Jan18-Dec18","year","London","All","16-64","All","All","14.4","2.2","153700","1067500","2431"
"Inactive","Percentage of individuals inactive","White Other","Detailed","Jan18-Dec18","year","London","All","16-64","All","Disabled","34.5","9","37700","109000","265"
"Inactive","Percentage of individuals inactive","White Other","Detailed","Jan18-Dec18","year","London","All","16-64","All","Non-disabled","12","2.2","113300","948000","2143"
"Inactive","Percentage of individuals inactive","White Other","Detailed","Jan18-Dec18","year","London","All","16-64","All","unknown","!","!","!","!","!"
"Inactive","Percentage of individuals inactive","White Other","Detailed","Jan18-Dec18","year","North East","All","16-64","All","All","21.8","7.9","9200","42100","262"
"Inactive","Percentage of individuals inactive","White Other","Detailed","Jan18-Dec18","year","North East","All","16-64","All","Disabled","!","!","!","!","!"
"Inactive","Percentage of individuals inactive","White Other","Detailed","Jan18-Dec18","year","North East","All","16-64","All","Non-disabled","17.6","7.9","6200","35400","223"
"Inactive","Percentage of individuals inactive","White Other","Detailed","Jan18-Dec18","year","North East","All","16-64","All","unknown","!","!","!","!","!"
"Inactive","Percentage of individuals inactive","White Other","Detailed","Jan18-Dec18","year","North West","All","16-64","All","All","16.8","4.2","29500","175000","744"
"Inactive","Percentage of individuals inactive","White Other","Detailed","Jan18-Dec18","year","North West","All","16-64","All","Disabled","!","!","!","!","!"
"Inactive","Percentage of individuals inactive","White Other","Detailed","Jan18-Dec18","year","North West","All","16-64","All","Non-disabled","14.4","4.2","22700","157800","658"
"Inactive","Percentage of individuals inactive","White Other","Detailed","Jan18-Dec18","year","North West","All","16-64","All","unknown","!","!","!","!","!"
"Inactive","Percentage of individuals inactive","White Other","Detailed","Jan18-Dec18","year","Scotland","All","16-64","All","All","16.8","3.6","38200","226800","1035"
"Inactive","Percentage of individuals inactive","White Other","Detailed","Jan18-Dec18","year","Scotland","All","16-64","All","Disabled","41.2","14.5","9200","22300","111"
"Inactive","Percentage of individuals inactive","White Other","Detailed","Jan18-Dec18","year","Scotland","All","16-64","All","Non-disabled","14.1","3.6","28600","203300","918"
"Inactive","Percentage of individuals inactive","White Other","Detailed","Jan18-Dec18","year","Scotland","All","16-64","All","unknown","!","!","!","!","!"
"Inactive","Percentage of individuals inactive","White Other","Detailed","Jan18-Dec18","year","South East","All","16-64","All","All","16.7","3.1","65500","391800","1366"
"Inactive","Percentage of individuals inactive","White Other","Detailed","Jan18-Dec18","year","South East","All","16-64","All","Disabled","33.2","12.5","12900","39000","136"
"Inactive","Percentage of individuals inactive","White Other","Detailed","Jan18-Dec18","year","South East","All","16-64","All","Non-disabled","14.8","3.2","51900","349500","1220"
"Inactive","Percentage of individuals inactive","White Other","Detailed","Jan18-Dec18","year","South East","All","16-64","All","unknown","!","!","!","!","!"
"Inactive","Percentage of individuals inactive","White Other","Detailed","Jan18-Dec18","year","South West","All","16-64","All","All","12.1","3.6","24100","199200","799"
"Inactive","Percentage of individuals inactive","White Other","Detailed","Jan18-Dec18","year","South West","All","16-64","All","Disabled","27.5","13.7","6700","24400","102"
"Inactive","Percentage of individuals inactive","White Other","Detailed","Jan18-Dec18","year","South West","All","16-64","All","Non-disabled","10","3.5","17400","173500","692"
"Inactive","Percentage of individuals inactive","White Other","Detailed","Jan18-Dec18","year","South West","All","16-64","All","unknown","!","!","!","!","!"
"Inactive","Percentage of individuals inactive","White Other","Detailed","Jan18-Dec18","year","Wales","All","16-64","All","All","16.3","5.1","9700","59500","503"
"Inactive","Percentage of individuals inactive","White Other","Detailed","Jan18-Dec18","year","Wales","All","16-64","All","Disabled","!","!","!","!","!"
"Inactive","Percentage of individuals inactive","White Other","Detailed","Jan18-Dec18","year","Wales","All","16-64","All","Non-disabled","13.8","5.1","7100","51500","431"
"Inactive","Percentage of individuals inactive","White Other","Detailed","Jan18-Dec18","year","Wales","All","16-64","All","unknown","!","!","!","!","!"
"Inactive","Percentage of individuals inactive","White Other","Detailed","Jan18-Dec18","year","West Midlands","All","16-64","All","All","17.4","4.4","35600","204300","709"
"Inactive","Percentage of individuals inactive","White Other","Detailed","Jan18-Dec18","year","West Midlands","All","16-64","All","Disabled","!","!","!","!","!"
"Inactive","Percentage of individuals inactive","White Other","Detailed","Jan18-Dec18","year","West Midlands","All","16-64","All","Non-disabled","14.5","4.3","26400","182800","627"
"Inactive","Percentage of individuals inactive","White Other","Detailed","Jan18-Dec18","year","West Midlands","All","16-64","All","unknown","!","!","!","!","!"
"Inactive","Percentage of individuals inactive","White Other","Detailed","Jan18-Dec18","year","Yorkshire and The Humber","All","16-64","All","All","15.4","4.6","23700","153200","585"
"Inactive","Percentage of individuals inactive","White Other","Detailed","Jan18-Dec18","year","Yorkshire and The Humber","All","16-64","All","Disabled","!","!","!","!","!"
"Inactive","Percentage of individuals inactive","White Other","Detailed","Jan18-Dec18","year","Yorkshire and The Humber","All","16-64","All","Non-disabled","14.1","4.8","18600","131500","502"
"Inactive","Percentage of individuals inactive","White Other","Detailed","Jan18-Dec18","year","Yorkshire and The Humber","All","16-64","All","unknown","!","!","!","!","!"
