"Measure","Time","Time_type","Ethnicity","Occupation","Occupation_Type","Value","Value_type","Denominator","Numerator","CI","","","","","","",""
"Proportion of ethnic group who are employed, split by occupation group","2004","Year","All","Managers, Directors And Senior Officials","SOC 2010","14.9","%","27507700","4101900","0.37","","","","","","",""
"Proportion of ethnic group who are employed, split by occupation group","2004","Year","All","Professional Occupations","SOC 2010","12.4","%","27507700","3419400","0.38","","","","","","",""
"Proportion of ethnic group who are employed, split by occupation group","2004","Year","All","Associate Professional And Technical Occupations","SOC 2010","14.0","%","27507700","3847100","0.38","","","","","","",""
"Proportion of ethnic group who are employed, split by occupation group","2004","Year","All","Administrative And Secretarial Occupations","SOC 2010","12.7","%","27507700","3486000","0.37","","","","","","",""
"Proportion of ethnic group who are employed, split by occupation group","2004","Year","All","Skilled Trades Occupations","SOC 2010","11.3","%","27507700","3115200","0.37","","","","","","",""
"Proportion of ethnic group who are employed, split by occupation group","2004","Year","All","Caring, Leisure And Other Service Occupations","SOC 2010","7.7","%","27507700","2114800","0.37","","","","","","",""
"Proportion of ethnic group who are employed, split by occupation group","2004","Year","All","Sales And Customer Service Occupations","SOC 2010","7.8","%","27507700","2132300","0.38","","","","","","",""
"Proportion of ethnic group who are employed, split by occupation group","2004","Year","All","Process, Plant And Machine Operatives","SOC 2010","7.6","%","27507700","2094000","0.37","","","","","","",""
"Proportion of ethnic group who are employed, split by occupation group","2004","Year","All","Elementary Occupations","SOC 2010","11.6","%","27507700","3197000","0.37","","","","","","",""
"Proportion of ethnic group who are employed, split by occupation group","2004","Year","Asian","Managers, Directors And Senior Officials","SOC 2010","14.9","%","1102100","164500","3.63","","","","","","",""
"Proportion of ethnic group who are employed, split by occupation group","2004","Year","Asian","Professional Occupations","SOC 2010","15.9","%","1102100","175100","3.61","","","","","","",""
"Proportion of ethnic group who are employed, split by occupation group","2004","Year","Asian","Associate Professional And Technical Occupations","SOC 2010","11.6","%","1102100","128300","3.70","","","","","","",""
"Proportion of ethnic group who are employed, split by occupation group","2004","Year","Asian","Administrative And Secretarial Occupations","SOC 2010","11.4","%","1102100","125100","3.88","","","","","","",""
"Proportion of ethnic group who are employed, split by occupation group","2004","Year","Asian","Skilled Trades Occupations","SOC 2010","6.9","%","1102100","75800","3.79","","","","","","",""
"Proportion of ethnic group who are employed, split by occupation group","2004","Year","Asian","Caring, Leisure And Other Service Occupations","SOC 2010","4.9","%","1102100","54000","3.76","","","","","","",""
"Proportion of ethnic group who are employed, split by occupation group","2004","Year","Asian","Sales And Customer Service Occupations","SOC 2010","12.2","%","1102100","134800","3.89","","","","","","",""
"Proportion of ethnic group who are employed, split by occupation group","2004","Year","Asian","Process, Plant And Machine Operatives","SOC 2010","9.9","%","1102100","109200","3.63","","","","","","",""
"Proportion of ethnic group who are employed, split by occupation group","2004","Year","Asian","Elementary Occupations","SOC 2010","12.3","%","1102100","135400","3.72","","","","","","",""
"Proportion of ethnic group who are employed, split by occupation group","2004","Year","Black","Managers, Directors And Senior Officials","SOC 2010","8.6","%","493400","42400","6.15","","","","","","",""
"Proportion of ethnic group who are employed, split by occupation group","2004","Year","Black","Professional Occupations","SOC 2010","11.4","%","493400","56100","5.84","","","","","","",""
"Proportion of ethnic group who are employed, split by occupation group","2004","Year","Black","Associate Professional And Technical Occupations","SOC 2010","16.4","%","493400","81000","5.76","","","","","","",""
"Proportion of ethnic group who are employed, split by occupation group","2004","Year","Black","Administrative And Secretarial Occupations","SOC 2010","12.9","%","493400","63500","6.12","","","","","","",""
"Proportion of ethnic group who are employed, split by occupation group","2004","Year","Black","Skilled Trades Occupations","SOC 2010","7.5","%","493400","36800","6.37","","","","","","",""
"Proportion of ethnic group who are employed, split by occupation group","2004","Year","Black","Caring, Leisure And Other Service Occupations","SOC 2010","11.7","%","493400","57800","5.80","","","","","","",""
"Proportion of ethnic group who are employed, split by occupation group","2004","Year","Black","Sales And Customer Service Occupations","SOC 2010","8.4","%","493400","41700","6.43","","","","","","",""
"Proportion of ethnic group who are employed, split by occupation group","2004","Year","Black","Process, Plant And Machine Operatives","SOC 2010","6.5","%","493400","32000","6.11","","","","","","",""
"Proportion of ethnic group who are employed, split by occupation group","2004","Year","Black","Elementary Occupations","SOC 2010","16.7","%","493400","82200","5.93","","","","","","",""
"Proportion of ethnic group who are employed, split by occupation group","2004","Year","Indian","Managers, Directors And Senior Officials","SOC 2010","16.0","%","535000","85700","5.23","","","","","","",""
"Proportion of ethnic group who are employed, split by occupation group","2004","Year","Indian","Professional Occupations","SOC 2010","18.3","%","535000","98000","5.08","","","","","","",""
"Proportion of ethnic group who are employed, split by occupation group","2004","Year","Indian","Associate Professional And Technical Occupations","SOC 2010","11.8","%","535000","63400","5.39","","","","","","",""
"Proportion of ethnic group who are employed, split by occupation group","2004","Year","Indian","Administrative And Secretarial Occupations","SOC 2010","13.4","%","535000","72000","5.52","","","","","","",""
"Proportion of ethnic group who are employed, split by occupation group","2004","Year","Indian","Skilled Trades Occupations","SOC 2010","5.8","%","535000","30800","5.58","","","","","","",""
"Proportion of ethnic group who are employed, split by occupation group","2004","Year","Indian","Caring, Leisure And Other Service Occupations","SOC 2010","4.0","%","535000","21600","5.39","","","","","","",""
"Proportion of ethnic group who are employed, split by occupation group","2004","Year","Indian","Sales And Customer Service Occupations","SOC 2010","12.1","%","535000","64800","5.60","","","","","","",""
"Proportion of ethnic group who are employed, split by occupation group","2004","Year","Indian","Process, Plant And Machine Operatives","SOC 2010","8.2","%","535000","43900","5.22","","","","","","",""
"Proportion of ethnic group who are employed, split by occupation group","2004","Year","Indian","Elementary Occupations","SOC 2010","10.3","%","535000","55000","5.33","","","","","","",""
"Proportion of ethnic group who are employed, split by occupation group","2004","Year","Mixed/Multiple ethnic groups","Managers, Directors And Senior Officials","SOC 2010","10.7","%","167600","17900","7.40","","","","","","",""
"Proportion of ethnic group who are employed, split by occupation group","2004","Year","Mixed/Multiple ethnic groups","Professional Occupations","SOC 2010","12.0","%","167600","20100","7.57","","","","","","",""
"Proportion of ethnic group who are employed, split by occupation group","2004","Year","Mixed/Multiple ethnic groups","Associate Professional And Technical Occupations","SOC 2010","19.3","%","167600","32300","7.55","","","","","","",""
"Proportion of ethnic group who are employed, split by occupation group","2004","Year","Mixed/Multiple ethnic groups","Administrative And Secretarial Occupations","SOC 2010","12.2","%","167600","20400","7.74","","","","","","",""
"Proportion of ethnic group who are employed, split by occupation group","2004","Year","Mixed/Multiple ethnic groups","Skilled Trades Occupations","SOC 2010","7.2","%","167600","12100","7.73","","","","","","",""
"Proportion of ethnic group who are employed, split by occupation group","2004","Year","Mixed/Multiple ethnic groups","Caring, Leisure And Other Service Occupations","SOC 2010","8.1","%","167600","13500","7.63","","","","","","",""
"Proportion of ethnic group who are employed, split by occupation group","2004","Year","Mixed/Multiple ethnic groups","Sales And Customer Service Occupations","SOC 2010","13.2","%","167600","22200","7.96","","","","","","",""
"Proportion of ethnic group who are employed, split by occupation group","2004","Year","Mixed/Multiple ethnic groups","Process, Plant And Machine Operatives","SOC 2010","5.6","%","167600","9300","7.86","","","","","","",""
"Proportion of ethnic group who are employed, split by occupation group","2004","Year","Mixed/Multiple ethnic groups","Elementary Occupations","SOC 2010","11.8","%","167600","19800","7.55","","","","","","",""
"Proportion of ethnic group who are employed, split by occupation group","2004","Year","Other Asian (inc. Chinese)","Managers, Directors And Senior Officials","SOC 2010","15.3","%","252200","38500","7.33","","","","","","",""
"Proportion of ethnic group who are employed, split by occupation group","2004","Year","Other Asian (inc. Chinese)","Professional Occupations","SOC 2010","16.4","%","252200","41300","7.59","","","","","","",""
"Proportion of ethnic group who are employed, split by occupation group","2004","Year","Other Asian (inc. Chinese)","Associate Professional And Technical Occupations","SOC 2010","15.6","%","252200","39300","7.20","","","","","","",""
"Proportion of ethnic group who are employed, split by occupation group","2004","Year","Other Asian (inc. Chinese)","Administrative And Secretarial Occupations","SOC 2010","10.2","%","252200","25800","8.15","","","","","","",""
"Proportion of ethnic group who are employed, split by occupation group","2004","Year","Other Asian (inc. Chinese)","Skilled Trades Occupations","SOC 2010","6.8","%","252200","17200","7.45","","","","","","",""
"Proportion of ethnic group who are employed, split by occupation group","2004","Year","Other Asian (inc. Chinese)","Caring, Leisure And Other Service Occupations","SOC 2010","5.8","%","252200","14700","7.47","","","","","","",""
"Proportion of ethnic group who are employed, split by occupation group","2004","Year","Other Asian (inc. Chinese)","Sales And Customer Service Occupations","SOC 2010","10.8","%","252200","27200","8.25","","","","","","",""
"Proportion of ethnic group who are employed, split by occupation group","2004","Year","Other Asian (inc. Chinese)","Process, Plant And Machine Operatives","SOC 2010","4.8","%","252200","12100","7.63","","","","","","",""
"Proportion of ethnic group who are employed, split by occupation group","2004","Year","Other Asian (inc. Chinese)","Elementary Occupations","SOC 2010","14.4","%","252200","36200","7.53","","","","","","",""
"Proportion of ethnic group who are employed, split by occupation group","2004","Year","Other ethnic group","Managers, Directors And Senior Officials","SOC 2010","13.7","%","256900","35300","7.59","","","","","","",""
"Proportion of ethnic group who are employed, split by occupation group","2004","Year","Other ethnic group","Professional Occupations","SOC 2010","17.8","%","256900","45600","7.15","","","","","","",""
"Proportion of ethnic group who are employed, split by occupation group","2004","Year","Other ethnic group","Associate Professional And Technical Occupations","SOC 2010","15.5","%","256900","39700","7.22","","","","","","",""
"Proportion of ethnic group who are employed, split by occupation group","2004","Year","Other ethnic group","Administrative And Secretarial Occupations","SOC 2010","8.5","%","256900","22000","7.89","","","","","","",""
"Proportion of ethnic group who are employed, split by occupation group","2004","Year","Other ethnic group","Skilled Trades Occupations","SOC 2010","8.0","%","256900","20700","8.09","","","","","","",""
"Proportion of ethnic group who are employed, split by occupation group","2004","Year","Other ethnic group","Caring, Leisure And Other Service Occupations","SOC 2010","9.0","%","256900","23100","7.10","","","","","","",""
"Proportion of ethnic group who are employed, split by occupation group","2004","Year","Other ethnic group","Sales And Customer Service Occupations","SOC 2010","7.1","%","256900","18200","7.99","","","","","","",""
"Proportion of ethnic group who are employed, split by occupation group","2004","Year","Other ethnic group","Process, Plant And Machine Operatives","SOC 2010","5.7","%","256900","14600","7.84","","","","","","",""
"Proportion of ethnic group who are employed, split by occupation group","2004","Year","Other ethnic group","Elementary Occupations","SOC 2010","14.7","%","256900","37700","7.50","","","","","","",""
"Proportion of ethnic group who are employed, split by occupation group","2004","Year","Pakistani/ Bangladehsi","Managers, Directors And Senior Officials","SOC 2010","12.8","%","314900","40200","6.98","","","","","","",""
"Proportion of ethnic group who are employed, split by occupation group","2004","Year","Pakistani/ Bangladehsi","Professional Occupations","SOC 2010","11.4","%","314900","35900","6.95","","","","","","",""
"Proportion of ethnic group who are employed, split by occupation group","2004","Year","Pakistani/ Bangladehsi","Associate Professional And Technical Occupations","SOC 2010","8.1","%","314900","25600","7.41","","","","","","",""
"Proportion of ethnic group who are employed, split by occupation group","2004","Year","Pakistani/ Bangladehsi","Administrative And Secretarial Occupations","SOC 2010","8.7","%","314900","27400","7.34","","","","","","",""
"Proportion of ethnic group who are employed, split by occupation group","2004","Year","Pakistani/ Bangladehsi","Skilled Trades Occupations","SOC 2010","8.9","%","314900","27900","7.15","","","","","","",""
"Proportion of ethnic group who are employed, split by occupation group","2004","Year","Pakistani/ Bangladehsi","Caring, Leisure And Other Service Occupations","SOC 2010","5.6","%","314900","17700","7.37","","","","","","",""
"Proportion of ethnic group who are employed, split by occupation group","2004","Year","Pakistani/ Bangladehsi","Sales And Customer Service Occupations","SOC 2010","13.6","%","314900","42900","7.17","","","","","","",""
"Proportion of ethnic group who are employed, split by occupation group","2004","Year","Pakistani/ Bangladehsi","Process, Plant And Machine Operatives","SOC 2010","16.9","%","314900","53100","6.59","","","","","","",""
"Proportion of ethnic group who are employed, split by occupation group","2004","Year","Pakistani/ Bangladehsi","Elementary Occupations","SOC 2010","14.0","%","314900","44200","7.13","","","","","","",""
"Proportion of ethnic group who are employed, split by occupation group","2004","Year","White","Managers, Directors And Senior Officials","SOC 2010","15.1","%","25487700","3841900","0.57","","","","","","",""
"Proportion of ethnic group who are employed, split by occupation group","2004","Year","White","Professional Occupations","SOC 2010","12.3","%","25487700","3122500","0.59","","","","","","",""
"Proportion of ethnic group who are employed, split by occupation group","2004","Year","White","Associate Professional And Technical Occupations","SOC 2010","14.0","%","25487700","3565800","0.58","","","","","","",""
"Proportion of ethnic group who are employed, split by occupation group","2004","Year","White","Administrative And Secretarial Occupations","SOC 2010","12.8","%","25487700","3255000","0.57","","","","","","",""
"Proportion of ethnic group who are employed, split by occupation group","2004","Year","White","Skilled Trades Occupations","SOC 2010","11.7","%","25487700","2969800","0.57","","","","","","",""
"Proportion of ethnic group who are employed, split by occupation group","2004","Year","White","Caring, Leisure And Other Service Occupations","SOC 2010","7.7","%","25487700","1966400","0.57","","","","","","",""
"Proportion of ethnic group who are employed, split by occupation group","2004","Year","White","Sales And Customer Service Occupations","SOC 2010","7.5","%","25487700","1915500","0.59","","","","","","",""
"Proportion of ethnic group who are employed, split by occupation group","2004","Year","White","Process, Plant And Machine Operatives","SOC 2010","7.6","%","25487700","1928900","0.58","","","","","","",""
"Proportion of ethnic group who are employed, split by occupation group","2004","Year","White","Elementary Occupations","SOC 2010","11.5","%","25487700","2921900","0.57","","","","","","",""
"Proportion of ethnic group who are employed, split by occupation group","2004","Year","White British","Managers, Directors And Senior Officials","SOC 2010","15.0","%","24190800","3635800","0.58","","","","","","",""
"Proportion of ethnic group who are employed, split by occupation group","2004","Year","White British","Professional Occupations","SOC 2010","12.0","%","24190800","2904200","0.60","","","","","","",""
"Proportion of ethnic group who are employed, split by occupation group","2004","Year","White British","Associate Professional And Technical Occupations","SOC 2010","13.9","%","24190800","3363800","0.59","","","","","","",""
"Proportion of ethnic group who are employed, split by occupation group","2004","Year","White British","Administrative And Secretarial Occupations","SOC 2010","12.9","%","24190800","3120700","0.58","","","","","","",""
"Proportion of ethnic group who are employed, split by occupation group","2004","Year","White British","Skilled Trades Occupations","SOC 2010","11.7","%","24190800","2832500","0.58","","","","","","",""
"Proportion of ethnic group who are employed, split by occupation group","2004","Year","White British","Caring, Leisure And Other Service Occupations","SOC 2010","7.7","%","24190800","1869400","0.59","","","","","","",""
"Proportion of ethnic group who are employed, split by occupation group","2004","Year","White British","Sales And Customer Service Occupations","SOC 2010","7.6","%","24190800","1846700","0.60","","","","","","",""
"Proportion of ethnic group who are employed, split by occupation group","2004","Year","White British","Process, Plant And Machine Operatives","SOC 2010","7.7","%","24190800","1851500","0.59","","","","","","",""
"Proportion of ethnic group who are employed, split by occupation group","2004","Year","White British","Elementary Occupations","SOC 2010","11.4","%","24190800","2766300","0.58","","","","","","",""
"Proportion of ethnic group who are employed, split by occupation group","2004","Year","White Other","Managers, Directors And Senior Officials","SOC 2010","15.9","%","1296900","206100","2.76","","","","","","",""
"Proportion of ethnic group who are employed, split by occupation group","2004","Year","White Other","Professional Occupations","SOC 2010","16.8","%","1296900","218300","2.74","","","","","","",""
"Proportion of ethnic group who are employed, split by occupation group","2004","Year","White Other","Associate Professional And Technical Occupations","SOC 2010","15.6","%","1296900","201900","2.73","","","","","","",""
"Proportion of ethnic group who are employed, split by occupation group","2004","Year","White Other","Administrative And Secretarial Occupations","SOC 2010","10.4","%","1296900","134300","2.80","","","","","","",""
"Proportion of ethnic group who are employed, split by occupation group","2004","Year","White Other","Skilled Trades Occupations","SOC 2010","10.6","%","1296900","137400","2.76","","","","","","",""
"Proportion of ethnic group who are employed, split by occupation group","2004","Year","White Other","Caring, Leisure And Other Service Occupations","SOC 2010","7.5","%","1296900","97000","2.78","","","","","","",""
"Proportion of ethnic group who are employed, split by occupation group","2004","Year","White Other","Sales And Customer Service Occupations","SOC 2010","5.3","%","1296900","68800","2.73","","","","","","",""
"Proportion of ethnic group who are employed, split by occupation group","2004","Year","White Other","Process, Plant And Machine Operatives","SOC 2010","6.0","%","1296900","77400","2.73","","","","","","",""
"Proportion of ethnic group who are employed, split by occupation group","2004","Year","White Other","Elementary Occupations","SOC 2010","12.0","%","1296900","155600","2.78","","","","","","",""
"Proportion of ethnic group who are employed, split by occupation group","2005","Year","All","Managers, Directors And Senior Officials","SOC 2010","14.9","%","27824700","4157600","0.38","","","","","","",""
"Proportion of ethnic group who are employed, split by occupation group","2005","Year","All","Professional Occupations","SOC 2010","12.6","%","27824700","3507500","0.39","","","","","","",""
"Proportion of ethnic group who are employed, split by occupation group","2005","Year","All","Associate Professional And Technical Occupations","SOC 2010","14.3","%","27824700","3972100","0.38","","","","","","",""
"Proportion of ethnic group who are employed, split by occupation group","2005","Year","All","Administrative And Secretarial Occupations","SOC 2010","12.6","%","27824700","3494300","0.38","","","","","","",""
"Proportion of ethnic group who are employed, split by occupation group","2005","Year","All","Skilled Trades Occupations","SOC 2010","11.1","%","27824700","3098700","0.38","","","","","","",""
"Proportion of ethnic group who are employed, split by occupation group","2005","Year","All","Caring, Leisure And Other Service Occupations","SOC 2010","7.8","%","27824700","2183000","0.38","","","","","","",""
"Proportion of ethnic group who are employed, split by occupation group","2005","Year","All","Sales And Customer Service Occupations","SOC 2010","7.7","%","27824700","2147200","0.39","","","","","","",""
"Proportion of ethnic group who are employed, split by occupation group","2005","Year","All","Process, Plant And Machine Operatives","SOC 2010","7.5","%","27824700","2091400","0.38","","","","","","",""
"Proportion of ethnic group who are employed, split by occupation group","2005","Year","All","Elementary Occupations","SOC 2010","11.4","%","27824700","3172900","0.38","","","","","","",""
"Proportion of ethnic group who are employed, split by occupation group","2005","Year","Asian","Managers, Directors And Senior Officials","SOC 2010","14.5","%","1162100","168600","3.58","","","","","","",""
"Proportion of ethnic group who are employed, split by occupation group","2005","Year","Asian","Professional Occupations","SOC 2010","17.0","%","1162100","197500","3.63","","","","","","",""
"Proportion of ethnic group who are employed, split by occupation group","2005","Year","Asian","Associate Professional And Technical Occupations","SOC 2010","12.4","%","1162100","144200","3.71","","","","","","",""
"Proportion of ethnic group who are employed, split by occupation group","2005","Year","Asian","Administrative And Secretarial Occupations","SOC 2010","11.1","%","1162100","129400","3.87","","","","","","",""
"Proportion of ethnic group who are employed, split by occupation group","2005","Year","Asian","Skilled Trades Occupations","SOC 2010","6.5","%","1162100","75500","3.75","","","","","","",""
"Proportion of ethnic group who are employed, split by occupation group","2005","Year","Asian","Caring, Leisure And Other Service Occupations","SOC 2010","5.3","%","1162100","61900","3.78","","","","","","",""
"Proportion of ethnic group who are employed, split by occupation group","2005","Year","Asian","Sales And Customer Service Occupations","SOC 2010","11.1","%","1162100","129400","3.85","","","","","","",""
"Proportion of ethnic group who are employed, split by occupation group","2005","Year","Asian","Process, Plant And Machine Operatives","SOC 2010","9.6","%","1162100","111300","3.67","","","","","","",""
"Proportion of ethnic group who are employed, split by occupation group","2005","Year","Asian","Elementary Occupations","SOC 2010","12.4","%","1162100","144300","3.68","","","","","","",""
"Proportion of ethnic group who are employed, split by occupation group","2005","Year","Black","Managers, Directors And Senior Officials","SOC 2010","7.8","%","535300","41600","5.98","","","","","","",""
"Proportion of ethnic group who are employed, split by occupation group","2005","Year","Black","Professional Occupations","SOC 2010","11.5","%","535300","61400","5.72","","","","","","",""
"Proportion of ethnic group who are employed, split by occupation group","2005","Year","Black","Associate Professional And Technical Occupations","SOC 2010","17.3","%","535300","92900","5.66","","","","","","",""
"Proportion of ethnic group who are employed, split by occupation group","2005","Year","Black","Administrative And Secretarial Occupations","SOC 2010","12.5","%","535300","66700","6.12","","","","","","",""
"Proportion of ethnic group who are employed, split by occupation group","2005","Year","Black","Skilled Trades Occupations","SOC 2010","6.5","%","535300","34900","6.16","","","","","","",""
"Proportion of ethnic group who are employed, split by occupation group","2005","Year","Black","Caring, Leisure And Other Service Occupations","SOC 2010","13.8","%","535300","73800","5.83","","","","","","",""
"Proportion of ethnic group who are employed, split by occupation group","2005","Year","Black","Sales And Customer Service Occupations","SOC 2010","8.6","%","535300","46000","6.35","","","","","","",""
"Proportion of ethnic group who are employed, split by occupation group","2005","Year","Black","Process, Plant And Machine Operatives","SOC 2010","6.4","%","535300","34300","6.08","","","","","","",""
"Proportion of ethnic group who are employed, split by occupation group","2005","Year","Black","Elementary Occupations","SOC 2010","15.6","%","535300","83700","5.94","","","","","","",""
"Proportion of ethnic group who are employed, split by occupation group","2005","Year","Indian","Managers, Directors And Senior Officials","SOC 2010","14.9","%","551600","82400","5.21","","","","","","",""
"Proportion of ethnic group who are employed, split by occupation group","2005","Year","Indian","Professional Occupations","SOC 2010","20.8","%","551600","114800","5.17","","","","","","",""
"Proportion of ethnic group who are employed, split by occupation group","2005","Year","Indian","Associate Professional And Technical Occupations","SOC 2010","13.1","%","551600","72000","5.38","","","","","","",""
"Proportion of ethnic group who are employed, split by occupation group","2005","Year","Indian","Administrative And Secretarial Occupations","SOC 2010","12.4","%","551600","68500","5.59","","","","","","",""
"Proportion of ethnic group who are employed, split by occupation group","2005","Year","Indian","Skilled Trades Occupations","SOC 2010","5.2","%","551600","28600","5.56","","","","","","",""
"Proportion of ethnic group who are employed, split by occupation group","2005","Year","Indian","Caring, Leisure And Other Service Occupations","SOC 2010","4.4","%","551600","24400","5.51","","","","","","",""
"Proportion of ethnic group who are employed, split by occupation group","2005","Year","Indian","Sales And Customer Service Occupations","SOC 2010","10.3","%","551600","56900","5.59","","","","","","",""
"Proportion of ethnic group who are employed, split by occupation group","2005","Year","Indian","Process, Plant And Machine Operatives","SOC 2010","7.8","%","551600","43200","5.26","","","","","","",""
"Proportion of ethnic group who are employed, split by occupation group","2005","Year","Indian","Elementary Occupations","SOC 2010","11.1","%","551600","61000","5.39","","","","","","",""
"Proportion of ethnic group who are employed, split by occupation group","2005","Year","Mixed/Multiple ethnic groups","Managers, Directors And Senior Officials","SOC 2010","11.4","%","170900","19400","7.63","","","","","","",""
"Proportion of ethnic group who are employed, split by occupation group","2005","Year","Mixed/Multiple ethnic groups","Professional Occupations","SOC 2010","12.3","%","170900","21000","7.65","","","","","","",""
"Proportion of ethnic group who are employed, split by occupation group","2005","Year","Mixed/Multiple ethnic groups","Associate Professional And Technical Occupations","SOC 2010","17.2","%","170900","29400","7.74","","","","","","",""
"Proportion of ethnic group who are employed, split by occupation group","2005","Year","Mixed/Multiple ethnic groups","Administrative And Secretarial Occupations","SOC 2010","12.4","%","170900","21100","7.82","","","","","","",""
"Proportion of ethnic group who are employed, split by occupation group","2005","Year","Mixed/Multiple ethnic groups","Skilled Trades Occupations","SOC 2010","7.2","%","170900","12400","8.11","","","","","","",""
"Proportion of ethnic group who are employed, split by occupation group","2005","Year","Mixed/Multiple ethnic groups","Caring, Leisure And Other Service Occupations","SOC 2010","9.4","%","170900","16100","8.22","","","","","","",""
"Proportion of ethnic group who are employed, split by occupation group","2005","Year","Mixed/Multiple ethnic groups","Sales And Customer Service Occupations","SOC 2010","12.3","%","170900","21000","8.06","","","","","","",""
"Proportion of ethnic group who are employed, split by occupation group","2005","Year","Mixed/Multiple ethnic groups","Process, Plant And Machine Operatives","SOC 2010","5.6","%","170900","9500","8.00","","","","","","",""
"Proportion of ethnic group who are employed, split by occupation group","2005","Year","Mixed/Multiple ethnic groups","Elementary Occupations","SOC 2010","12.3","%","170900","21000","7.68","","","","","","",""
"Proportion of ethnic group who are employed, split by occupation group","2005","Year","Other Asian (inc. Chinese)","Managers, Directors And Senior Officials","SOC 2010","15.1","%","283700","42900","7.02","","","","","","",""
"Proportion of ethnic group who are employed, split by occupation group","2005","Year","Other Asian (inc. Chinese)","Professional Occupations","SOC 2010","16.3","%","283700","46300","7.34","","","","","","",""
"Proportion of ethnic group who are employed, split by occupation group","2005","Year","Other Asian (inc. Chinese)","Associate Professional And Technical Occupations","SOC 2010","14.4","%","283700","40800","7.01","","","","","","",""
"Proportion of ethnic group who are employed, split by occupation group","2005","Year","Other Asian (inc. Chinese)","Administrative And Secretarial Occupations","SOC 2010","10.5","%","283700","29800","7.81","","","","","","",""
"Proportion of ethnic group who are employed, split by occupation group","2005","Year","Other Asian (inc. Chinese)","Skilled Trades Occupations","SOC 2010","7.4","%","283700","20900","7.26","","","","","","",""
"Proportion of ethnic group who are employed, split by occupation group","2005","Year","Other Asian (inc. Chinese)","Caring, Leisure And Other Service Occupations","SOC 2010","6.6","%","283700","18800","7.36","","","","","","",""
"Proportion of ethnic group who are employed, split by occupation group","2005","Year","Other Asian (inc. Chinese)","Sales And Customer Service Occupations","SOC 2010","9.5","%","283700","27000","7.68","","","","","","",""
"Proportion of ethnic group who are employed, split by occupation group","2005","Year","Other Asian (inc. Chinese)","Process, Plant And Machine Operatives","SOC 2010","5.6","%","283700","15800","8.03","","","","","","",""
"Proportion of ethnic group who are employed, split by occupation group","2005","Year","Other Asian (inc. Chinese)","Elementary Occupations","SOC 2010","14.6","%","283700","41300","7.06","","","","","","",""
"Proportion of ethnic group who are employed, split by occupation group","2005","Year","Other ethnic group","Managers, Directors And Senior Officials","SOC 2010","12.1","%","308200","37400","7.07","","","","","","",""
"Proportion of ethnic group who are employed, split by occupation group","2005","Year","Other ethnic group","Professional Occupations","SOC 2010","17.1","%","308200","52800","6.81","","","","","","",""
"Proportion of ethnic group who are employed, split by occupation group","2005","Year","Other ethnic group","Associate Professional And Technical Occupations","SOC 2010","15.8","%","308200","48600","6.92","","","","","","",""
"Proportion of ethnic group who are employed, split by occupation group","2005","Year","Other ethnic group","Administrative And Secretarial Occupations","SOC 2010","9.4","%","308200","28900","7.58","","","","","","",""
"Proportion of ethnic group who are employed, split by occupation group","2005","Year","Other ethnic group","Skilled Trades Occupations","SOC 2010","7.4","%","308200","22900","7.09","","","","","","",""
"Proportion of ethnic group who are employed, split by occupation group","2005","Year","Other ethnic group","Caring, Leisure And Other Service Occupations","SOC 2010","9.7","%","308200","30000","6.75","","","","","","",""
"Proportion of ethnic group who are employed, split by occupation group","2005","Year","Other ethnic group","Sales And Customer Service Occupations","SOC 2010","7.9","%","308200","24400","7.85","","","","","","",""
"Proportion of ethnic group who are employed, split by occupation group","2005","Year","Other ethnic group","Process, Plant And Machine Operatives","SOC 2010","6.9","%","308200","21100","7.29","","","","","","",""
"Proportion of ethnic group who are employed, split by occupation group","2005","Year","Other ethnic group","Elementary Occupations","SOC 2010","13.6","%","308200","42000","6.91","","","","","","",""
"Proportion of ethnic group who are employed, split by occupation group","2005","Year","Pakistani/ Bangladehsi","Managers, Directors And Senior Officials","SOC 2010","13.3","%","326800","43300","6.91","","","","","","",""
"Proportion of ethnic group who are employed, split by occupation group","2005","Year","Pakistani/ Bangladehsi","Professional Occupations","SOC 2010","11.1","%","326800","36400","7.06","","","","","","",""
"Proportion of ethnic group who are employed, split by occupation group","2005","Year","Pakistani/ Bangladehsi","Associate Professional And Technical Occupations","SOC 2010","9.6","%","326800","31400","7.71","","","","","","",""
"Proportion of ethnic group who are employed, split by occupation group","2005","Year","Pakistani/ Bangladehsi","Administrative And Secretarial Occupations","SOC 2010","9.5","%","326800","31000","7.35","","","","","","",""
"Proportion of ethnic group who are employed, split by occupation group","2005","Year","Pakistani/ Bangladehsi","Skilled Trades Occupations","SOC 2010","8.0","%","326800","26100","7.16","","","","","","",""
"Proportion of ethnic group who are employed, split by occupation group","2005","Year","Pakistani/ Bangladehsi","Caring, Leisure And Other Service Occupations","SOC 2010","5.7","%","326800","18700","7.37","","","","","","",""
"Proportion of ethnic group who are employed, split by occupation group","2005","Year","Pakistani/ Bangladehsi","Sales And Customer Service Occupations","SOC 2010","13.9","%","326800","45400","7.27","","","","","","",""
"Proportion of ethnic group who are employed, split by occupation group","2005","Year","Pakistani/ Bangladehsi","Process, Plant And Machine Operatives","SOC 2010","16.0","%","326800","52300","6.69","","","","","","",""
"Proportion of ethnic group who are employed, split by occupation group","2005","Year","Pakistani/ Bangladehsi","Elementary Occupations","SOC 2010","12.8","%","326800","42000","7.24","","","","","","",""
"Proportion of ethnic group who are employed, split by occupation group","2005","Year","White","Managers, Directors And Senior Officials","SOC 2010","15.2","%","25648200","3890500","0.58","","","","","","",""
"Proportion of ethnic group who are employed, split by occupation group","2005","Year","White","Professional Occupations","SOC 2010","12.4","%","25648200","3174800","0.60","","","","","","",""
"Proportion of ethnic group who are employed, split by occupation group","2005","Year","White","Associate Professional And Technical Occupations","SOC 2010","14.3","%","25648200","3657100","0.59","","","","","","",""
"Proportion of ethnic group who are employed, split by occupation group","2005","Year","White","Administrative And Secretarial Occupations","SOC 2010","12.7","%","25648200","3248100","0.59","","","","","","",""
"Proportion of ethnic group who are employed, split by occupation group","2005","Year","White","Skilled Trades Occupations","SOC 2010","11.5","%","25648200","2953000","0.59","","","","","","",""
"Proportion of ethnic group who are employed, split by occupation group","2005","Year","White","Caring, Leisure And Other Service Occupations","SOC 2010","7.8","%","25648200","2001100","0.59","","","","","","",""
"Proportion of ethnic group who are employed, split by occupation group","2005","Year","White","Sales And Customer Service Occupations","SOC 2010","7.5","%","25648200","1926400","0.60","","","","","","",""
"Proportion of ethnic group who are employed, split by occupation group","2005","Year","White","Process, Plant And Machine Operatives","SOC 2010","7.5","%","25648200","1915100","0.59","","","","","","",""
"Proportion of ethnic group who are employed, split by occupation group","2005","Year","White","Elementary Occupations","SOC 2010","11.2","%","25648200","2882000","0.58","","","","","","",""
"Proportion of ethnic group who are employed, split by occupation group","2005","Year","White British","Managers, Directors And Senior Officials","SOC 2010","15.2","%","24234300","3674500","0.60","","","","","","",""
"Proportion of ethnic group who are employed, split by occupation group","2005","Year","White British","Professional Occupations","SOC 2010","12.1","%","24234300","2943200","0.61","","","","","","",""
"Proportion of ethnic group who are employed, split by occupation group","2005","Year","White British","Associate Professional And Technical Occupations","SOC 2010","14.2","%","24234300","3437200","0.61","","","","","","",""
"Proportion of ethnic group who are employed, split by occupation group","2005","Year","White British","Administrative And Secretarial Occupations","SOC 2010","12.8","%","24234300","3104600","0.60","","","","","","",""
"Proportion of ethnic group who are employed, split by occupation group","2005","Year","White British","Skilled Trades Occupations","SOC 2010","11.6","%","24234300","2808000","0.60","","","","","","",""
"Proportion of ethnic group who are employed, split by occupation group","2005","Year","White British","Caring, Leisure And Other Service Occupations","SOC 2010","7.8","%","24234300","1902400","0.60","","","","","","",""
"Proportion of ethnic group who are employed, split by occupation group","2005","Year","White British","Sales And Customer Service Occupations","SOC 2010","7.6","%","24234300","1844300","0.62","","","","","","",""
"Proportion of ethnic group who are employed, split by occupation group","2005","Year","White British","Process, Plant And Machine Operatives","SOC 2010","7.5","%","24234300","1824200","0.61","","","","","","",""
"Proportion of ethnic group who are employed, split by occupation group","2005","Year","White British","Elementary Occupations","SOC 2010","11.1","%","24234300","2696000","0.59","","","","","","",""
"Proportion of ethnic group who are employed, split by occupation group","2005","Year","White Other","Managers, Directors And Senior Officials","SOC 2010","15.3","%","1414000","216100","2.72","","","","","","",""
"Proportion of ethnic group who are employed, split by occupation group","2005","Year","White Other","Professional Occupations","SOC 2010","16.4","%","1414000","231500","2.70","","","","","","",""
"Proportion of ethnic group who are employed, split by occupation group","2005","Year","White Other","Associate Professional And Technical Occupations","SOC 2010","15.6","%","1414000","219900","2.74","","","","","","",""
"Proportion of ethnic group who are employed, split by occupation group","2005","Year","White Other","Administrative And Secretarial Occupations","SOC 2010","10.2","%","1414000","143600","2.71","","","","","","",""
"Proportion of ethnic group who are employed, split by occupation group","2005","Year","White Other","Skilled Trades Occupations","SOC 2010","10.3","%","1414000","145000","2.73","","","","","","",""
"Proportion of ethnic group who are employed, split by occupation group","2005","Year","White Other","Caring, Leisure And Other Service Occupations","SOC 2010","7.0","%","1414000","98800","2.72","","","","","","",""
"Proportion of ethnic group who are employed, split by occupation group","2005","Year","White Other","Sales And Customer Service Occupations","SOC 2010","5.8","%","1414000","82200","2.76","","","","","","",""
"Proportion of ethnic group who are employed, split by occupation group","2005","Year","White Other","Process, Plant And Machine Operatives","SOC 2010","6.4","%","1414000","90900","2.67","","","","","","",""
"Proportion of ethnic group who are employed, split by occupation group","2005","Year","White Other","Elementary Occupations","SOC 2010","13.2","%","1414000","186000","2.69","","","","","","",""
"Proportion of ethnic group who are employed, split by occupation group","2006","Year","All","Managers, Directors And Senior Officials","SOC 2010","15.0","%","28110100","4210600","0.45","","","","","","",""
"Proportion of ethnic group who are employed, split by occupation group","2006","Year","All","Professional Occupations","SOC 2010","13.0","%","28110100","3666800","0.46","","","","","","",""
"Proportion of ethnic group who are employed, split by occupation group","2006","Year","All","Associate Professional And Technical Occupations","SOC 2010","14.4","%","28110100","4046800","0.45","","","","","","",""
"Proportion of ethnic group who are employed, split by occupation group","2006","Year","All","Administrative And Secretarial Occupations","SOC 2010","12.1","%","28110100","3398700","0.45","","","","","","",""
"Proportion of ethnic group who are employed, split by occupation group","2006","Year","All","Skilled Trades Occupations","SOC 2010","11.0","%","28110100","3089400","0.46","","","","","","",""
"Proportion of ethnic group who are employed, split by occupation group","2006","Year","All","Caring, Leisure And Other Service Occupations","SOC 2010","8.0","%","28110100","2253800","0.45","","","","","","",""
"Proportion of ethnic group who are employed, split by occupation group","2006","Year","All","Sales And Customer Service Occupations","SOC 2010","7.7","%","28110100","2160600","0.46","","","","","","",""
"Proportion of ethnic group who are employed, split by occupation group","2006","Year","All","Process, Plant And Machine Operatives","SOC 2010","7.3","%","28110100","2058700","0.45","","","","","","",""
"Proportion of ethnic group who are employed, split by occupation group","2006","Year","All","Elementary Occupations","SOC 2010","11.5","%","28110100","3224700","0.45","","","","","","",""
"Proportion of ethnic group who are employed, split by occupation group","2006","Year","Asian","Managers, Directors And Senior Officials","SOC 2010","15.5","%","1233700","190700","3.86","","","","","","",""
"Proportion of ethnic group who are employed, split by occupation group","2006","Year","Asian","Professional Occupations","SOC 2010","16.9","%","1233700","208200","3.82","","","","","","",""
"Proportion of ethnic group who are employed, split by occupation group","2006","Year","Asian","Associate Professional And Technical Occupations","SOC 2010","12.7","%","1233700","156300","4.03","","","","","","",""
"Proportion of ethnic group who are employed, split by occupation group","2006","Year","Asian","Administrative And Secretarial Occupations","SOC 2010","10.4","%","1233700","128500","4.04","","","","","","",""
"Proportion of ethnic group who are employed, split by occupation group","2006","Year","Asian","Skilled Trades Occupations","SOC 2010","6.3","%","1233700","78300","4.09","","","","","","",""
"Proportion of ethnic group who are employed, split by occupation group","2006","Year","Asian","Caring, Leisure And Other Service Occupations","SOC 2010","5.5","%","1233700","68200","3.94","","","","","","",""
"Proportion of ethnic group who are employed, split by occupation group","2006","Year","Asian","Sales And Customer Service Occupations","SOC 2010","11.3","%","1233700","139200","4.04","","","","","","",""
"Proportion of ethnic group who are employed, split by occupation group","2006","Year","Asian","Process, Plant And Machine Operatives","SOC 2010","9.3","%","1233700","115000","3.77","","","","","","",""
"Proportion of ethnic group who are employed, split by occupation group","2006","Year","Asian","Elementary Occupations","SOC 2010","12.1","%","1233700","149300","3.93","","","","","","",""
"Proportion of ethnic group who are employed, split by occupation group","2006","Year","Black","Managers, Directors And Senior Officials","SOC 2010","8.2","%","580800","47700","6.20","","","","","","",""
"Proportion of ethnic group who are employed, split by occupation group","2006","Year","Black","Professional Occupations","SOC 2010","11.3","%","580800","65900","6.09","","","","","","",""
"Proportion of ethnic group who are employed, split by occupation group","2006","Year","Black","Associate Professional And Technical Occupations","SOC 2010","17.5","%","580800","101800","5.83","","","","","","",""
"Proportion of ethnic group who are employed, split by occupation group","2006","Year","Black","Administrative And Secretarial Occupations","SOC 2010","12.8","%","580800","74500","6.32","","","","","","",""
"Proportion of ethnic group who are employed, split by occupation group","2006","Year","Black","Skilled Trades Occupations","SOC 2010","6.7","%","580800","39000","6.53","","","","","","",""
"Proportion of ethnic group who are employed, split by occupation group","2006","Year","Black","Caring, Leisure And Other Service Occupations","SOC 2010","14.9","%","580800","86700","5.80","","","","","","",""
"Proportion of ethnic group who are employed, split by occupation group","2006","Year","Black","Sales And Customer Service Occupations","SOC 2010","9.0","%","580800","52500","6.42","","","","","","",""
"Proportion of ethnic group who are employed, split by occupation group","2006","Year","Black","Process, Plant And Machine Operatives","SOC 2010","5.7","%","580800","33300","6.09","","","","","","",""
"Proportion of ethnic group who are employed, split by occupation group","2006","Year","Black","Elementary Occupations","SOC 2010","13.7","%","580800","79500","6.04","","","","","","",""
"Proportion of ethnic group who are employed, split by occupation group","2006","Year","Indian","Managers, Directors And Senior Officials","SOC 2010","16.1","%","594500","95700","5.53","","","","","","",""
"Proportion of ethnic group who are employed, split by occupation group","2006","Year","Indian","Professional Occupations","SOC 2010","20.1","%","594500","119400","5.37","","","","","","",""
"Proportion of ethnic group who are employed, split by occupation group","2006","Year","Indian","Associate Professional And Technical Occupations","SOC 2010","14.2","%","594500","84400","5.82","","","","","","",""
"Proportion of ethnic group who are employed, split by occupation group","2006","Year","Indian","Administrative And Secretarial Occupations","SOC 2010","11.4","%","594500","67900","5.74","","","","","","",""
"Proportion of ethnic group who are employed, split by occupation group","2006","Year","Indian","Skilled Trades Occupations","SOC 2010","5.7","%","594500","33900","6.05","","","","","","",""
"Proportion of ethnic group who are employed, split by occupation group","2006","Year","Indian","Caring, Leisure And Other Service Occupations","SOC 2010","4.5","%","594500","26500","5.53","","","","","","",""
"Proportion of ethnic group who are employed, split by occupation group","2006","Year","Indian","Sales And Customer Service Occupations","SOC 2010","10.4","%","594500","61600","5.77","","","","","","",""
"Proportion of ethnic group who are employed, split by occupation group","2006","Year","Indian","Process, Plant And Machine Operatives","SOC 2010","7.0","%","594500","41700","5.27","","","","","","",""
"Proportion of ethnic group who are employed, split by occupation group","2006","Year","Indian","Elementary Occupations","SOC 2010","10.7","%","594500","63500","5.68","","","","","","",""
"Proportion of ethnic group who are employed, split by occupation group","2006","Year","Mixed/Multiple ethnic groups","Managers, Directors And Senior Officials","SOC 2010","9.9","%","183100","18200","8.24","","","","","","",""
"Proportion of ethnic group who are employed, split by occupation group","2006","Year","Mixed/Multiple ethnic groups","Professional Occupations","SOC 2010","10.2","%","183100","18700","8.21","","","","","","",""
"Proportion of ethnic group who are employed, split by occupation group","2006","Year","Mixed/Multiple ethnic groups","Associate Professional And Technical Occupations","SOC 2010","18.8","%","183100","34500","8.40","","","","","","",""
"Proportion of ethnic group who are employed, split by occupation group","2006","Year","Mixed/Multiple ethnic groups","Administrative And Secretarial Occupations","SOC 2010","11.4","%","183100","20900","8.58","","","","","","",""
"Proportion of ethnic group who are employed, split by occupation group","2006","Year","Mixed/Multiple ethnic groups","Skilled Trades Occupations","SOC 2010","8.2","%","183100","15000","9.10","","","","","","",""
"Proportion of ethnic group who are employed, split by occupation group","2006","Year","Mixed/Multiple ethnic groups","Caring, Leisure And Other Service Occupations","SOC 2010","11.3","%","183100","20700","8.86","","","","","","",""
"Proportion of ethnic group who are employed, split by occupation group","2006","Year","Mixed/Multiple ethnic groups","Sales And Customer Service Occupations","SOC 2010","11.5","%","183100","21000","8.60","","","","","","",""
"Proportion of ethnic group who are employed, split by occupation group","2006","Year","Mixed/Multiple ethnic groups","Process, Plant And Machine Operatives","SOC 2010","5.4","%","183100","9900","9.07","","","","","","",""
"Proportion of ethnic group who are employed, split by occupation group","2006","Year","Mixed/Multiple ethnic groups","Elementary Occupations","SOC 2010","13.2","%","183100","24300","8.67","","","","","","",""
"Proportion of ethnic group who are employed, split by occupation group","2006","Year","Other Asian (inc. Chinese)","Managers, Directors And Senior Officials","SOC 2010","15.5","%","289800","44900","8.10","","","","","","",""
"Proportion of ethnic group who are employed, split by occupation group","2006","Year","Other Asian (inc. Chinese)","Professional Occupations","SOC 2010","16.7","%","289800","48300","7.91","","","","","","",""
"Proportion of ethnic group who are employed, split by occupation group","2006","Year","Other Asian (inc. Chinese)","Associate Professional And Technical Occupations","SOC 2010","15.5","%","289800","44900","7.99","","","","","","",""
"Proportion of ethnic group who are employed, split by occupation group","2006","Year","Other Asian (inc. Chinese)","Administrative And Secretarial Occupations","SOC 2010","9.3","%","289800","27000","8.56","","","","","","",""
"Proportion of ethnic group who are employed, split by occupation group","2006","Year","Other Asian (inc. Chinese)","Skilled Trades Occupations","SOC 2010","6.4","%","289800","18700","8.20","","","","","","",""
"Proportion of ethnic group who are employed, split by occupation group","2006","Year","Other Asian (inc. Chinese)","Caring, Leisure And Other Service Occupations","SOC 2010","7.5","%","289800","21700","8.26","","","","","","",""
"Proportion of ethnic group who are employed, split by occupation group","2006","Year","Other Asian (inc. Chinese)","Sales And Customer Service Occupations","SOC 2010","10.5","%","289800","30300","8.42","","","","","","",""
"Proportion of ethnic group who are employed, split by occupation group","2006","Year","Other Asian (inc. Chinese)","Process, Plant And Machine Operatives","SOC 2010","6.1","%","289800","17600","8.37","","","","","","",""
"Proportion of ethnic group who are employed, split by occupation group","2006","Year","Other Asian (inc. Chinese)","Elementary Occupations","SOC 2010","12.6","%","289800","36500","7.91","","","","","","",""
"Proportion of ethnic group who are employed, split by occupation group","2006","Year","Other ethnic group","Managers, Directors And Senior Officials","SOC 2010","12.9","%","350200","45300","7.35","","","","","","",""
"Proportion of ethnic group who are employed, split by occupation group","2006","Year","Other ethnic group","Professional Occupations","SOC 2010","16.8","%","350200","58900","7.28","","","","","","",""
"Proportion of ethnic group who are employed, split by occupation group","2006","Year","Other ethnic group","Associate Professional And Technical Occupations","SOC 2010","14.3","%","350200","49900","7.16","","","","","","",""
"Proportion of ethnic group who are employed, split by occupation group","2006","Year","Other ethnic group","Administrative And Secretarial Occupations","SOC 2010","8.0","%","350200","28100","7.55","","","","","","",""
"Proportion of ethnic group who are employed, split by occupation group","2006","Year","Other ethnic group","Skilled Trades Occupations","SOC 2010","8.6","%","350200","30100","7.73","","","","","","",""
"Proportion of ethnic group who are employed, split by occupation group","2006","Year","Other ethnic group","Caring, Leisure And Other Service Occupations","SOC 2010","9.7","%","350200","33900","7.25","","","","","","",""
"Proportion of ethnic group who are employed, split by occupation group","2006","Year","Other ethnic group","Sales And Customer Service Occupations","SOC 2010","7.4","%","350200","26100","8.03","","","","","","",""
"Proportion of ethnic group who are employed, split by occupation group","2006","Year","Other ethnic group","Process, Plant And Machine Operatives","SOC 2010","6.0","%","350200","21000","7.56","","","","","","",""
"Proportion of ethnic group who are employed, split by occupation group","2006","Year","Other ethnic group","Elementary Occupations","SOC 2010","16.2","%","350200","56900","7.35","","","","","","",""
"Proportion of ethnic group who are employed, split by occupation group","2006","Year","Pakistani/ Bangladehsi","Managers, Directors And Senior Officials","SOC 2010","14.3","%","349400","50100","7.19","","","","","","",""
"Proportion of ethnic group who are employed, split by occupation group","2006","Year","Pakistani/ Bangladehsi","Professional Occupations","SOC 2010","11.6","%","349400","40500","7.51","","","","","","",""
"Proportion of ethnic group who are employed, split by occupation group","2006","Year","Pakistani/ Bangladehsi","Associate Professional And Technical Occupations","SOC 2010","7.7","%","349400","27000","7.84","","","","","","",""
"Proportion of ethnic group who are employed, split by occupation group","2006","Year","Pakistani/ Bangladehsi","Administrative And Secretarial Occupations","SOC 2010","9.6","%","349400","33600","7.61","","","","","","",""
"Proportion of ethnic group who are employed, split by occupation group","2006","Year","Pakistani/ Bangladehsi","Skilled Trades Occupations","SOC 2010","7.4","%","349400","25700","7.59","","","","","","",""
"Proportion of ethnic group who are employed, split by occupation group","2006","Year","Pakistani/ Bangladehsi","Caring, Leisure And Other Service Occupations","SOC 2010","5.7","%","349400","20000","7.52","","","","","","",""
"Proportion of ethnic group who are employed, split by occupation group","2006","Year","Pakistani/ Bangladehsi","Sales And Customer Service Occupations","SOC 2010","13.5","%","349400","47300","7.60","","","","","","",""
"Proportion of ethnic group who are employed, split by occupation group","2006","Year","Pakistani/ Bangladehsi","Process, Plant And Machine Operatives","SOC 2010","15.9","%","349400","55700","6.95","","","","","","",""
"Proportion of ethnic group who are employed, split by occupation group","2006","Year","Pakistani/ Bangladehsi","Elementary Occupations","SOC 2010","14.1","%","349400","49400","7.49","","","","","","",""
"Proportion of ethnic group who are employed, split by occupation group","2006","Year","White","Managers, Directors And Senior Officials","SOC 2010","15.2","%","25762400","3908800","0.70","","","","","","",""
"Proportion of ethnic group who are employed, split by occupation group","2006","Year","White","Professional Occupations","SOC 2010","12.9","%","25762400","3315100","0.71","","","","","","",""
"Proportion of ethnic group who are employed, split by occupation group","2006","Year","White","Associate Professional And Technical Occupations","SOC 2010","14.4","%","25762400","3704200","0.70","","","","","","",""
"Proportion of ethnic group who are employed, split by occupation group","2006","Year","White","Administrative And Secretarial Occupations","SOC 2010","12.2","%","25762400","3146800","0.70","","","","","","",""
"Proportion of ethnic group who are employed, split by occupation group","2006","Year","White","Skilled Trades Occupations","SOC 2010","11.4","%","25762400","2927000","0.71","","","","","","",""
"Proportion of ethnic group who are employed, split by occupation group","2006","Year","White","Caring, Leisure And Other Service Occupations","SOC 2010","7.9","%","25762400","2044300","0.70","","","","","","",""
"Proportion of ethnic group who are employed, split by occupation group","2006","Year","White","Sales And Customer Service Occupations","SOC 2010","7.5","%","25762400","1921800","0.72","","","","","","",""
"Proportion of ethnic group who are employed, split by occupation group","2006","Year","White","Process, Plant And Machine Operatives","SOC 2010","7.3","%","25762400","1879500","0.71","","","","","","",""
"Proportion of ethnic group who are employed, split by occupation group","2006","Year","White","Elementary Occupations","SOC 2010","11.3","%","25762400","2914800","0.70","","","","","","",""
"Proportion of ethnic group who are employed, split by occupation group","2006","Year","White British","Managers, Directors And Senior Officials","SOC 2010","15.2","%","24101600","3669100","0.72","","","","","","",""
"Proportion of ethnic group who are employed, split by occupation group","2006","Year","White British","Professional Occupations","SOC 2010","12.7","%","24101600","3059700","0.73","","","","","","",""
"Proportion of ethnic group who are employed, split by occupation group","2006","Year","White British","Associate Professional And Technical Occupations","SOC 2010","14.4","%","24101600","3476500","0.72","","","","","","",""
"Proportion of ethnic group who are employed, split by occupation group","2006","Year","White British","Administrative And Secretarial Occupations","SOC 2010","12.4","%","24101600","2997700","0.72","","","","","","",""
"Proportion of ethnic group who are employed, split by occupation group","2006","Year","White British","Skilled Trades Occupations","SOC 2010","11.4","%","24101600","2751700","0.73","","","","","","",""
"Proportion of ethnic group who are employed, split by occupation group","2006","Year","White British","Caring, Leisure And Other Service Occupations","SOC 2010","8.0","%","24101600","1918200","0.72","","","","","","",""
"Proportion of ethnic group who are employed, split by occupation group","2006","Year","White British","Sales And Customer Service Occupations","SOC 2010","7.6","%","24101600","1827800","0.74","","","","","","",""
"Proportion of ethnic group who are employed, split by occupation group","2006","Year","White British","Process, Plant And Machine Operatives","SOC 2010","7.3","%","24101600","1750100","0.73","","","","","","",""
"Proportion of ethnic group who are employed, split by occupation group","2006","Year","White British","Elementary Occupations","SOC 2010","11.0","%","24101600","2651000","0.72","","","","","","",""
"Proportion of ethnic group who are employed, split by occupation group","2006","Year","White Other","Managers, Directors And Senior Officials","SOC 2010","14.4","%","1660800","239700","2.89","","","","","","",""
"Proportion of ethnic group who are employed, split by occupation group","2006","Year","White Other","Professional Occupations","SOC 2010","15.4","%","1660800","255400","2.91","","","","","","",""
"Proportion of ethnic group who are employed, split by occupation group","2006","Year","White Other","Associate Professional And Technical Occupations","SOC 2010","13.7","%","1660800","227800","2.93","","","","","","",""
"Proportion of ethnic group who are employed, split by occupation group","2006","Year","White Other","Administrative And Secretarial Occupations","SOC 2010","9.0","%","1660800","149100","2.93","","","","","","",""
"Proportion of ethnic group who are employed, split by occupation group","2006","Year","White Other","Skilled Trades Occupations","SOC 2010","10.6","%","1660800","175400","2.98","","","","","","",""
"Proportion of ethnic group who are employed, split by occupation group","2006","Year","White Other","Caring, Leisure And Other Service Occupations","SOC 2010","7.6","%","1660800","126100","2.92","","","","","","",""
"Proportion of ethnic group who are employed, split by occupation group","2006","Year","White Other","Sales And Customer Service Occupations","SOC 2010","5.7","%","1660800","94000","3.00","","","","","","",""
"Proportion of ethnic group who are employed, split by occupation group","2006","Year","White Other","Process, Plant And Machine Operatives","SOC 2010","7.8","%","1660800","129400","2.92","","","","","","",""
"Proportion of ethnic group who are employed, split by occupation group","2006","Year","White Other","Elementary Occupations","SOC 2010","15.9","%","1660800","263800","2.93","","","","","","",""
"Proportion of ethnic group who are employed, split by occupation group","2007","Year","All","Managers, Directors And Senior Officials","SOC 2010","15.4","%","28388600","4369000","0.46","","","","","","",""
"Proportion of ethnic group who are employed, split by occupation group","2007","Year","All","Professional Occupations","SOC 2010","13.1","%","28388600","3712100","0.46","","","","","","",""
"Proportion of ethnic group who are employed, split by occupation group","2007","Year","All","Associate Professional And Technical Occupations","SOC 2010","14.6","%","28388600","4156400","0.46","","","","","","",""
"Proportion of ethnic group who are employed, split by occupation group","2007","Year","All","Administrative And Secretarial Occupations","SOC 2010","11.8","%","28388600","3341700","0.45","","","","","","",""
"Proportion of ethnic group who are employed, split by occupation group","2007","Year","All","Skilled Trades Occupations","SOC 2010","10.9","%","28388600","3083000","0.46","","","","","","",""
"Proportion of ethnic group who are employed, split by occupation group","2007","Year","All","Caring, Leisure And Other Service Occupations","SOC 2010","8.0","%","28388600","2280700","0.45","","","","","","",""
"Proportion of ethnic group who are employed, split by occupation group","2007","Year","All","Sales And Customer Service Occupations","SOC 2010","7.6","%","28388600","2157600","0.46","","","","","","",""
"Proportion of ethnic group who are employed, split by occupation group","2007","Year","All","Process, Plant And Machine Operatives","SOC 2010","7.2","%","28388600","2048800","0.46","","","","","","",""
"Proportion of ethnic group who are employed, split by occupation group","2007","Year","All","Elementary Occupations","SOC 2010","11.4","%","28388600","3239300","0.45","","","","","","",""
"Proportion of ethnic group who are employed, split by occupation group","2007","Year","Asian","Managers, Directors And Senior Officials","SOC 2010","14.6","%","1305200","190200","3.80","","","","","","",""
"Proportion of ethnic group who are employed, split by occupation group","2007","Year","Asian","Professional Occupations","SOC 2010","17.8","%","1305200","232700","3.78","","","","","","",""
"Proportion of ethnic group who are employed, split by occupation group","2007","Year","Asian","Associate Professional And Technical Occupations","SOC 2010","12.6","%","1305200","164700","3.90","","","","","","",""
"Proportion of ethnic group who are employed, split by occupation group","2007","Year","Asian","Administrative And Secretarial Occupations","SOC 2010","9.9","%","1305200","129800","4.01","","","","","","",""
"Proportion of ethnic group who are employed, split by occupation group","2007","Year","Asian","Skilled Trades Occupations","SOC 2010","6.7","%","1305200","88100","4.03","","","","","","",""
"Proportion of ethnic group who are employed, split by occupation group","2007","Year","Asian","Caring, Leisure And Other Service Occupations","SOC 2010","5.5","%","1305200","72300","3.94","","","","","","",""
"Proportion of ethnic group who are employed, split by occupation group","2007","Year","Asian","Sales And Customer Service Occupations","SOC 2010","10.9","%","1305200","141800","3.94","","","","","","",""
"Proportion of ethnic group who are employed, split by occupation group","2007","Year","Asian","Process, Plant And Machine Operatives","SOC 2010","9.8","%","1305200","127600","3.74","","","","","","",""
"Proportion of ethnic group who are employed, split by occupation group","2007","Year","Asian","Elementary Occupations","SOC 2010","12.1","%","1305200","158000","3.82","","","","","","",""
"Proportion of ethnic group who are employed, split by occupation group","2007","Year","Black","Managers, Directors And Senior Officials","SOC 2010","9.0","%","615200","55300","6.22","","","","","","",""
"Proportion of ethnic group who are employed, split by occupation group","2007","Year","Black","Professional Occupations","SOC 2010","12.7","%","615200","78200","5.84","","","","","","",""
"Proportion of ethnic group who are employed, split by occupation group","2007","Year","Black","Associate Professional And Technical Occupations","SOC 2010","17.0","%","615200","104400","5.71","","","","","","",""
"Proportion of ethnic group who are employed, split by occupation group","2007","Year","Black","Administrative And Secretarial Occupations","SOC 2010","11.8","%","615200","72800","6.06","","","","","","",""
"Proportion of ethnic group who are employed, split by occupation group","2007","Year","Black","Skilled Trades Occupations","SOC 2010","5.7","%","615200","35200","6.39","","","","","","",""
"Proportion of ethnic group who are employed, split by occupation group","2007","Year","Black","Caring, Leisure And Other Service Occupations","SOC 2010","14.3","%","615200","87900","5.76","","","","","","",""
"Proportion of ethnic group who are employed, split by occupation group","2007","Year","Black","Sales And Customer Service Occupations","SOC 2010","8.8","%","615200","54000","6.27","","","","","","",""
"Proportion of ethnic group who are employed, split by occupation group","2007","Year","Black","Process, Plant And Machine Operatives","SOC 2010","6.1","%","615200","37500","6.09","","","","","","",""
"Proportion of ethnic group who are employed, split by occupation group","2007","Year","Black","Elementary Occupations","SOC 2010","14.6","%","615200","89900","5.89","","","","","","",""
"Proportion of ethnic group who are employed, split by occupation group","2007","Year","Indian","Managers, Directors And Senior Officials","SOC 2010","14.6","%","610900","89300","5.60","","","","","","",""
"Proportion of ethnic group who are employed, split by occupation group","2007","Year","Indian","Professional Occupations","SOC 2010","22.3","%","610900","136000","5.37","","","","","","",""
"Proportion of ethnic group who are employed, split by occupation group","2007","Year","Indian","Associate Professional And Technical Occupations","SOC 2010","13.7","%","610900","83700","5.59","","","","","","",""
"Proportion of ethnic group who are employed, split by occupation group","2007","Year","Indian","Administrative And Secretarial Occupations","SOC 2010","11.5","%","610900","70500","5.78","","","","","","",""
"Proportion of ethnic group who are employed, split by occupation group","2007","Year","Indian","Skilled Trades Occupations","SOC 2010","6.1","%","610900","37400","6.05","","","","","","",""
"Proportion of ethnic group who are employed, split by occupation group","2007","Year","Indian","Caring, Leisure And Other Service Occupations","SOC 2010","4.9","%","610900","29800","5.54","","","","","","",""
"Proportion of ethnic group who are employed, split by occupation group","2007","Year","Indian","Sales And Customer Service Occupations","SOC 2010","8.7","%","610900","53400","5.64","","","","","","",""
"Proportion of ethnic group who are employed, split by occupation group","2007","Year","Indian","Process, Plant And Machine Operatives","SOC 2010","7.7","%","610900","46800","5.34","","","","","","",""
"Proportion of ethnic group who are employed, split by occupation group","2007","Year","Indian","Elementary Occupations","SOC 2010","10.5","%","610900","64100","5.54","","","","","","",""
"Proportion of ethnic group who are employed, split by occupation group","2007","Year","Mixed/Multiple ethnic groups","Managers, Directors And Senior Officials","SOC 2010","14.3","%","194200","27700","8.38","","","","","","",""
"Proportion of ethnic group who are employed, split by occupation group","2007","Year","Mixed/Multiple ethnic groups","Professional Occupations","SOC 2010","11.5","%","194200","22400","8.40","","","","","","",""
"Proportion of ethnic group who are employed, split by occupation group","2007","Year","Mixed/Multiple ethnic groups","Associate Professional And Technical Occupations","SOC 2010","20.0","%","194200","38800","8.22","","","","","","",""
"Proportion of ethnic group who are employed, split by occupation group","2007","Year","Mixed/Multiple ethnic groups","Administrative And Secretarial Occupations","SOC 2010","10.7","%","194200","20700","8.60","","","","","","",""
"Proportion of ethnic group who are employed, split by occupation group","2007","Year","Mixed/Multiple ethnic groups","Skilled Trades Occupations","SOC 2010","7.0","%","194200","13500","9.12","","","","","","",""
"Proportion of ethnic group who are employed, split by occupation group","2007","Year","Mixed/Multiple ethnic groups","Caring, Leisure And Other Service Occupations","SOC 2010","9.8","%","194200","19000","8.18","","","","","","",""
"Proportion of ethnic group who are employed, split by occupation group","2007","Year","Mixed/Multiple ethnic groups","Sales And Customer Service Occupations","SOC 2010","12.1","%","194200","23400","8.40","","","","","","",""
"Proportion of ethnic group who are employed, split by occupation group","2007","Year","Mixed/Multiple ethnic groups","Process, Plant And Machine Operatives","SOC 2010","3.3","%","194200","6300","8.60","","","","","","",""
"Proportion of ethnic group who are employed, split by occupation group","2007","Year","Mixed/Multiple ethnic groups","Elementary Occupations","SOC 2010","11.5","%","194200","22300","8.48","","","","","","",""
"Proportion of ethnic group who are employed, split by occupation group","2007","Year","Other Asian (inc. Chinese)","Managers, Directors And Senior Officials","SOC 2010","15.6","%","328100","51300","7.72","","","","","","",""
"Proportion of ethnic group who are employed, split by occupation group","2007","Year","Other Asian (inc. Chinese)","Professional Occupations","SOC 2010","16.3","%","328100","53300","7.68","","","","","","",""
"Proportion of ethnic group who are employed, split by occupation group","2007","Year","Other Asian (inc. Chinese)","Associate Professional And Technical Occupations","SOC 2010","16.1","%","328100","52900","7.65","","","","","","",""
"Proportion of ethnic group who are employed, split by occupation group","2007","Year","Other Asian (inc. Chinese)","Administrative And Secretarial Occupations","SOC 2010","6.2","%","328100","20300","8.24","","","","","","",""
"Proportion of ethnic group who are employed, split by occupation group","2007","Year","Other Asian (inc. Chinese)","Skilled Trades Occupations","SOC 2010","8.3","%","328100","27300","8.00","","","","","","",""
"Proportion of ethnic group who are employed, split by occupation group","2007","Year","Other Asian (inc. Chinese)","Caring, Leisure And Other Service Occupations","SOC 2010","7.8","%","328100","25500","8.20","","","","","","",""
"Proportion of ethnic group who are employed, split by occupation group","2007","Year","Other Asian (inc. Chinese)","Sales And Customer Service Occupations","SOC 2010","11.4","%","328100","37500","7.98","","","","","","",""
"Proportion of ethnic group who are employed, split by occupation group","2007","Year","Other Asian (inc. Chinese)","Process, Plant And Machine Operatives","SOC 2010","4.9","%","328100","16200","7.82","","","","","","",""
"Proportion of ethnic group who are employed, split by occupation group","2007","Year","Other Asian (inc. Chinese)","Elementary Occupations","SOC 2010","13.4","%","328100","43800","7.48","","","","","","",""
"Proportion of ethnic group who are employed, split by occupation group","2007","Year","Other ethnic group","Managers, Directors And Senior Officials","SOC 2010","11.5","%","390100","44700","7.17","","","","","","",""
"Proportion of ethnic group who are employed, split by occupation group","2007","Year","Other ethnic group","Professional Occupations","SOC 2010","15.2","%","390100","59100","6.99","","","","","","",""
"Proportion of ethnic group who are employed, split by occupation group","2007","Year","Other ethnic group","Associate Professional And Technical Occupations","SOC 2010","15.4","%","390100","60000","7.06","","","","","","",""
"Proportion of ethnic group who are employed, split by occupation group","2007","Year","Other ethnic group","Administrative And Secretarial Occupations","SOC 2010","8.3","%","390100","32400","7.25","","","","","","",""
"Proportion of ethnic group who are employed, split by occupation group","2007","Year","Other ethnic group","Skilled Trades Occupations","SOC 2010","8.9","%","390100","34600","7.72","","","","","","",""
"Proportion of ethnic group who are employed, split by occupation group","2007","Year","Other ethnic group","Caring, Leisure And Other Service Occupations","SOC 2010","9.8","%","390100","38200","7.11","","","","","","",""
"Proportion of ethnic group who are employed, split by occupation group","2007","Year","Other ethnic group","Sales And Customer Service Occupations","SOC 2010","7.9","%","390100","30800","7.81","","","","","","",""
"Proportion of ethnic group who are employed, split by occupation group","2007","Year","Other ethnic group","Process, Plant And Machine Operatives","SOC 2010","7.5","%","390100","29300","7.41","","","","","","",""
"Proportion of ethnic group who are employed, split by occupation group","2007","Year","Other ethnic group","Elementary Occupations","SOC 2010","15.6","%","390100","60900","7.02","","","","","","",""
"Proportion of ethnic group who are employed, split by occupation group","2007","Year","Pakistani/ Bangladehsi","Managers, Directors And Senior Officials","SOC 2010","13.5","%","366200","49600","6.96","","","","","","",""
"Proportion of ethnic group who are employed, split by occupation group","2007","Year","Pakistani/ Bangladehsi","Professional Occupations","SOC 2010","11.8","%","366200","43400","7.30","","","","","","",""
"Proportion of ethnic group who are employed, split by occupation group","2007","Year","Pakistani/ Bangladehsi","Associate Professional And Technical Occupations","SOC 2010","7.7","%","366200","28200","7.78","","","","","","",""
"Proportion of ethnic group who are employed, split by occupation group","2007","Year","Pakistani/ Bangladehsi","Administrative And Secretarial Occupations","SOC 2010","10.6","%","366200","39000","7.59","","","","","","",""
"Proportion of ethnic group who are employed, split by occupation group","2007","Year","Pakistani/ Bangladehsi","Skilled Trades Occupations","SOC 2010","6.4","%","366200","23400","7.33","","","","","","",""
"Proportion of ethnic group who are employed, split by occupation group","2007","Year","Pakistani/ Bangladehsi","Caring, Leisure And Other Service Occupations","SOC 2010","4.7","%","366200","17000","7.47","","","","","","",""
"Proportion of ethnic group who are employed, split by occupation group","2007","Year","Pakistani/ Bangladehsi","Sales And Customer Service Occupations","SOC 2010","13.9","%","366200","50900","7.45","","","","","","",""
"Proportion of ethnic group who are employed, split by occupation group","2007","Year","Pakistani/ Bangladehsi","Process, Plant And Machine Operatives","SOC 2010","17.7","%","366200","64700","6.87","","","","","","",""
"Proportion of ethnic group who are employed, split by occupation group","2007","Year","Pakistani/ Bangladehsi","Elementary Occupations","SOC 2010","13.7","%","366200","50100","7.36","","","","","","",""
"Proportion of ethnic group who are employed, split by occupation group","2007","Year","White","Managers, Directors And Senior Officials","SOC 2010","15.7","%","25883900","4051100","0.71","","","","","","",""
"Proportion of ethnic group who are employed, split by occupation group","2007","Year","White","Professional Occupations","SOC 2010","12.8","%","25883900","3319700","0.72","","","","","","",""
"Proportion of ethnic group who are employed, split by occupation group","2007","Year","White","Associate Professional And Technical Occupations","SOC 2010","14.6","%","25883900","3788500","0.71","","","","","","",""
"Proportion of ethnic group who are employed, split by occupation group","2007","Year","White","Administrative And Secretarial Occupations","SOC 2010","11.9","%","25883900","3086000","0.71","","","","","","",""
"Proportion of ethnic group who are employed, split by occupation group","2007","Year","White","Skilled Trades Occupations","SOC 2010","11.2","%","25883900","2911500","0.72","","","","","","",""
"Proportion of ethnic group who are employed, split by occupation group","2007","Year","White","Caring, Leisure And Other Service Occupations","SOC 2010","8.0","%","25883900","2063300","0.70","","","","","","",""
"Proportion of ethnic group who are employed, split by occupation group","2007","Year","White","Sales And Customer Service Occupations","SOC 2010","7.4","%","25883900","1907700","0.72","","","","","","",""
"Proportion of ethnic group who are employed, split by occupation group","2007","Year","White","Process, Plant And Machine Operatives","SOC 2010","7.1","%","25883900","1848000","0.71","","","","","","",""
"Proportion of ethnic group who are employed, split by occupation group","2007","Year","White","Elementary Occupations","SOC 2010","11.2","%","25883900","2908100","0.71","","","","","","",""
"Proportion of ethnic group who are employed, split by occupation group","2007","Year","White British","Managers, Directors And Senior Officials","SOC 2010","15.7","%","24145000","3789800","0.73","","","","","","",""
"Proportion of ethnic group who are employed, split by occupation group","2007","Year","White British","Professional Occupations","SOC 2010","12.7","%","24145000","3061800","0.74","","","","","","",""
"Proportion of ethnic group who are employed, split by occupation group","2007","Year","White British","Associate Professional And Technical Occupations","SOC 2010","14.7","%","24145000","3543600","0.73","","","","","","",""
"Proportion of ethnic group who are employed, split by occupation group","2007","Year","White British","Administrative And Secretarial Occupations","SOC 2010","12.1","%","24145000","2933400","0.73","","","","","","",""
"Proportion of ethnic group who are employed, split by occupation group","2007","Year","White British","Skilled Trades Occupations","SOC 2010","11.3","%","24145000","2720500","0.74","","","","","","",""
"Proportion of ethnic group who are employed, split by occupation group","2007","Year","White British","Caring, Leisure And Other Service Occupations","SOC 2010","8.1","%","24145000","1945000","0.73","","","","","","",""
"Proportion of ethnic group who are employed, split by occupation group","2007","Year","White British","Sales And Customer Service Occupations","SOC 2010","7.5","%","24145000","1817800","0.75","","","","","","",""
"Proportion of ethnic group who are employed, split by occupation group","2007","Year","White British","Process, Plant And Machine Operatives","SOC 2010","7.1","%","24145000","1707500","0.74","","","","","","",""
"Proportion of ethnic group who are employed, split by occupation group","2007","Year","White British","Elementary Occupations","SOC 2010","10.9","%","24145000","2625600","0.73","","","","","","",""
"Proportion of ethnic group who are employed, split by occupation group","2007","Year","White Other","Managers, Directors And Senior Officials","SOC 2010","15.0","%","1738900","261300","2.89","","","","","","",""
"Proportion of ethnic group who are employed, split by occupation group","2007","Year","White Other","Professional Occupations","SOC 2010","14.8","%","1738900","257900","2.89","","","","","","",""
"Proportion of ethnic group who are employed, split by occupation group","2007","Year","White Other","Associate Professional And Technical Occupations","SOC 2010","14.1","%","1738900","244900","2.91","","","","","","",""
"Proportion of ethnic group who are employed, split by occupation group","2007","Year","White Other","Administrative And Secretarial Occupations","SOC 2010","8.8","%","1738900","152600","2.89","","","","","","",""
"Proportion of ethnic group who are employed, split by occupation group","2007","Year","White Other","Skilled Trades Occupations","SOC 2010","11.0","%","1738900","191000","2.91","","","","","","",""
"Proportion of ethnic group who are employed, split by occupation group","2007","Year","White Other","Caring, Leisure And Other Service Occupations","SOC 2010","6.8","%","1738900","118300","2.83","","","","","","",""
"Proportion of ethnic group who are employed, split by occupation group","2007","Year","White Other","Sales And Customer Service Occupations","SOC 2010","5.2","%","1738900","89900","2.91","","","","","","",""
"Proportion of ethnic group who are employed, split by occupation group","2007","Year","White Other","Process, Plant And Machine Operatives","SOC 2010","8.1","%","1738900","140500","2.84","","","","","","",""
"Proportion of ethnic group who are employed, split by occupation group","2007","Year","White Other","Elementary Occupations","SOC 2010","16.2","%","1738900","282500","2.84","","","","","","",""
"Proportion of ethnic group who are employed, split by occupation group","2008","Year","All","Managers, Directors And Senior Officials","SOC 2010","15.7","%","28537700","4481600","0.46","","","","","","",""
"Proportion of ethnic group who are employed, split by occupation group","2008","Year","All","Professional Occupations","SOC 2010","13.1","%","28537700","3729900","0.47","","","","","","",""
"Proportion of ethnic group who are employed, split by occupation group","2008","Year","All","Associate Professional And Technical Occupations","SOC 2010","14.6","%","28537700","4173500","0.46","","","","","","",""
"Proportion of ethnic group who are employed, split by occupation group","2008","Year","All","Administrative And Secretarial Occupations","SOC 2010","11.5","%","28537700","3272900","0.46","","","","","","",""
"Proportion of ethnic group who are employed, split by occupation group","2008","Year","All","Skilled Trades Occupations","SOC 2010","10.8","%","28537700","3091100","0.47","","","","","","",""
"Proportion of ethnic group who are employed, split by occupation group","2008","Year","All","Caring, Leisure And Other Service Occupations","SOC 2010","8.2","%","28537700","2345200","0.46","","","","","","",""
"Proportion of ethnic group who are employed, split by occupation group","2008","Year","All","Sales And Customer Service Occupations","SOC 2010","7.6","%","28537700","2164500","0.47","","","","","","",""
"Proportion of ethnic group who are employed, split by occupation group","2008","Year","All","Process, Plant And Machine Operatives","SOC 2010","7.1","%","28537700","2023900","0.46","","","","","","",""
"Proportion of ethnic group who are employed, split by occupation group","2008","Year","All","Elementary Occupations","SOC 2010","11.4","%","28537700","3255200","0.46","","","","","","",""
"Proportion of ethnic group who are employed, split by occupation group","2008","Year","Asian","Managers, Directors And Senior Officials","SOC 2010","14.6","%","1407500","205600","3.76","","","","","","",""
"Proportion of ethnic group who are employed, split by occupation group","2008","Year","Asian","Professional Occupations","SOC 2010","17.5","%","1407500","245900","3.73","","","","","","",""
"Proportion of ethnic group who are employed, split by occupation group","2008","Year","Asian","Associate Professional And Technical Occupations","SOC 2010","12.8","%","1407500","180500","3.81","","","","","","",""
"Proportion of ethnic group who are employed, split by occupation group","2008","Year","Asian","Administrative And Secretarial Occupations","SOC 2010","9.7","%","1407500","136700","3.84","","","","","","",""
"Proportion of ethnic group who are employed, split by occupation group","2008","Year","Asian","Skilled Trades Occupations","SOC 2010","6.9","%","1407500","96800","3.86","","","","","","",""
"Proportion of ethnic group who are employed, split by occupation group","2008","Year","Asian","Caring, Leisure And Other Service Occupations","SOC 2010","6.0","%","1407500","84000","3.70","","","","","","",""
"Proportion of ethnic group who are employed, split by occupation group","2008","Year","Asian","Sales And Customer Service Occupations","SOC 2010","10.7","%","1407500","151000","3.88","","","","","","",""
"Proportion of ethnic group who are employed, split by occupation group","2008","Year","Asian","Process, Plant And Machine Operatives","SOC 2010","9.6","%","1407500","135300","3.64","","","","","","",""
"Proportion of ethnic group who are employed, split by occupation group","2008","Year","Asian","Elementary Occupations","SOC 2010","12.2","%","1407500","171600","3.71","","","","","","",""
"Proportion of ethnic group who are employed, split by occupation group","2008","Year","Black","Managers, Directors And Senior Officials","SOC 2010","8.5","%","625800","53100","6.19","","","","","","",""
"Proportion of ethnic group who are employed, split by occupation group","2008","Year","Black","Professional Occupations","SOC 2010","13.9","%","625800","86900","5.80","","","","","","",""
"Proportion of ethnic group who are employed, split by occupation group","2008","Year","Black","Associate Professional And Technical Occupations","SOC 2010","15.4","%","625800","96500","5.64","","","","","","",""
"Proportion of ethnic group who are employed, split by occupation group","2008","Year","Black","Administrative And Secretarial Occupations","SOC 2010","11.5","%","625800","72200","6.00","","","","","","",""
"Proportion of ethnic group who are employed, split by occupation group","2008","Year","Black","Skilled Trades Occupations","SOC 2010","5.9","%","625800","36700","6.32","","","","","","",""
"Proportion of ethnic group who are employed, split by occupation group","2008","Year","Black","Caring, Leisure And Other Service Occupations","SOC 2010","15.5","%","625800","96900","5.76","","","","","","",""
"Proportion of ethnic group who are employed, split by occupation group","2008","Year","Black","Sales And Customer Service Occupations","SOC 2010","9.1","%","625800","57100","6.38","","","","","","",""
"Proportion of ethnic group who are employed, split by occupation group","2008","Year","Black","Process, Plant And Machine Operatives","SOC 2010","5.2","%","625800","32600","6.12","","","","","","",""
"Proportion of ethnic group who are employed, split by occupation group","2008","Year","Black","Elementary Occupations","SOC 2010","15.0","%","625800","93700","5.80","","","","","","",""
"Proportion of ethnic group who are employed, split by occupation group","2008","Year","Indian","Managers, Directors And Senior Officials","SOC 2010","15.1","%","638900","96700","5.54","","","","","","",""
"Proportion of ethnic group who are employed, split by occupation group","2008","Year","Indian","Professional Occupations","SOC 2010","22.5","%","638900","143700","5.29","","","","","","",""
"Proportion of ethnic group who are employed, split by occupation group","2008","Year","Indian","Associate Professional And Technical Occupations","SOC 2010","14.1","%","638900","89800","5.59","","","","","","",""
"Proportion of ethnic group who are employed, split by occupation group","2008","Year","Indian","Administrative And Secretarial Occupations","SOC 2010","10.8","%","638900","69000","5.53","","","","","","",""
"Proportion of ethnic group who are employed, split by occupation group","2008","Year","Indian","Skilled Trades Occupations","SOC 2010","5.9","%","638900","37700","5.82","","","","","","",""
"Proportion of ethnic group who are employed, split by occupation group","2008","Year","Indian","Caring, Leisure And Other Service Occupations","SOC 2010","5.7","%","638900","36600","5.54","","","","","","",""
"Proportion of ethnic group who are employed, split by occupation group","2008","Year","Indian","Sales And Customer Service Occupations","SOC 2010","9.5","%","638900","60700","5.67","","","","","","",""
"Proportion of ethnic group who are employed, split by occupation group","2008","Year","Indian","Process, Plant And Machine Operatives","SOC 2010","6.3","%","638900","40400","5.32","","","","","","",""
"Proportion of ethnic group who are employed, split by occupation group","2008","Year","Indian","Elementary Occupations","SOC 2010","10.1","%","638900","64200","5.55","","","","","","",""
"Proportion of ethnic group who are employed, split by occupation group","2008","Year","Mixed/Multiple ethnic groups","Managers, Directors And Senior Officials","SOC 2010","12.5","%","194900","24300","8.48","","","","","","",""
"Proportion of ethnic group who are employed, split by occupation group","2008","Year","Mixed/Multiple ethnic groups","Professional Occupations","SOC 2010","12.5","%","194900","24300","8.19","","","","","","",""
"Proportion of ethnic group who are employed, split by occupation group","2008","Year","Mixed/Multiple ethnic groups","Associate Professional And Technical Occupations","SOC 2010","17.2","%","194900","33500","8.38","","","","","","",""
"Proportion of ethnic group who are employed, split by occupation group","2008","Year","Mixed/Multiple ethnic groups","Administrative And Secretarial Occupations","SOC 2010","11.9","%","194900","23300","8.84","","","","","","",""
"Proportion of ethnic group who are employed, split by occupation group","2008","Year","Mixed/Multiple ethnic groups","Skilled Trades Occupations","SOC 2010","6.4","%","194900","12500","8.63","","","","","","",""
"Proportion of ethnic group who are employed, split by occupation group","2008","Year","Mixed/Multiple ethnic groups","Caring, Leisure And Other Service Occupations","SOC 2010","9.4","%","194900","18400","8.32","","","","","","",""
"Proportion of ethnic group who are employed, split by occupation group","2008","Year","Mixed/Multiple ethnic groups","Sales And Customer Service Occupations","SOC 2010","13.2","%","194900","25700","8.74","","","","","","",""
"Proportion of ethnic group who are employed, split by occupation group","2008","Year","Mixed/Multiple ethnic groups","Process, Plant And Machine Operatives","SOC 2010","2.6","%","194900","5100","8.05","","","","","","",""
"Proportion of ethnic group who are employed, split by occupation group","2008","Year","Mixed/Multiple ethnic groups","Elementary Occupations","SOC 2010","14.2","%","194900","27700","8.62","","","","","","",""
"Proportion of ethnic group who are employed, split by occupation group","2008","Year","Other Asian (inc. Chinese)","Managers, Directors And Senior Officials","SOC 2010","15.4","%","373800","57700","7.35","","","","","","",""
"Proportion of ethnic group who are employed, split by occupation group","2008","Year","Other Asian (inc. Chinese)","Professional Occupations","SOC 2010","15.5","%","373800","57800","7.56","","","","","","",""
"Proportion of ethnic group who are employed, split by occupation group","2008","Year","Other Asian (inc. Chinese)","Associate Professional And Technical Occupations","SOC 2010","15.4","%","373800","57700","7.31","","","","","","",""
"Proportion of ethnic group who are employed, split by occupation group","2008","Year","Other Asian (inc. Chinese)","Administrative And Secretarial Occupations","SOC 2010","8.7","%","373800","32600","7.79","","","","","","",""
"Proportion of ethnic group who are employed, split by occupation group","2008","Year","Other Asian (inc. Chinese)","Skilled Trades Occupations","SOC 2010","8.1","%","373800","30100","7.57","","","","","","",""
"Proportion of ethnic group who are employed, split by occupation group","2008","Year","Other Asian (inc. Chinese)","Caring, Leisure And Other Service Occupations","SOC 2010","7.1","%","373800","26700","7.19","","","","","","",""
"Proportion of ethnic group who are employed, split by occupation group","2008","Year","Other Asian (inc. Chinese)","Sales And Customer Service Occupations","SOC 2010","9.1","%","373800","33900","7.89","","","","","","",""
"Proportion of ethnic group who are employed, split by occupation group","2008","Year","Other Asian (inc. Chinese)","Process, Plant And Machine Operatives","SOC 2010","6.6","%","373800","24800","7.63","","","","","","",""
"Proportion of ethnic group who are employed, split by occupation group","2008","Year","Other Asian (inc. Chinese)","Elementary Occupations","SOC 2010","14.0","%","373800","52500","7.11","","","","","","",""
"Proportion of ethnic group who are employed, split by occupation group","2008","Year","Other ethnic group","Managers, Directors And Senior Officials","SOC 2010","12.1","%","401500","48700","7.24","","","","","","",""
"Proportion of ethnic group who are employed, split by occupation group","2008","Year","Other ethnic group","Professional Occupations","SOC 2010","13.2","%","401500","53100","7.11","","","","","","",""
"Proportion of ethnic group who are employed, split by occupation group","2008","Year","Other ethnic group","Associate Professional And Technical Occupations","SOC 2010","15.8","%","401500","63500","6.92","","","","","","",""
"Proportion of ethnic group who are employed, split by occupation group","2008","Year","Other ethnic group","Administrative And Secretarial Occupations","SOC 2010","9.1","%","401500","36700","7.09","","","","","","",""
"Proportion of ethnic group who are employed, split by occupation group","2008","Year","Other ethnic group","Skilled Trades Occupations","SOC 2010","7.3","%","401500","29300","7.14","","","","","","",""
"Proportion of ethnic group who are employed, split by occupation group","2008","Year","Other ethnic group","Caring, Leisure And Other Service Occupations","SOC 2010","9.3","%","401500","37300","6.93","","","","","","",""
"Proportion of ethnic group who are employed, split by occupation group","2008","Year","Other ethnic group","Sales And Customer Service Occupations","SOC 2010","8.3","%","401500","33300","7.35","","","","","","",""
"Proportion of ethnic group who are employed, split by occupation group","2008","Year","Other ethnic group","Process, Plant And Machine Operatives","SOC 2010","7.3","%","401500","29400","6.92","","","","","","",""
"Proportion of ethnic group who are employed, split by occupation group","2008","Year","Other ethnic group","Elementary Occupations","SOC 2010","17.5","%","401500","70300","6.71","","","","","","",""
"Proportion of ethnic group who are employed, split by occupation group","2008","Year","Pakistani/ Bangladehsi","Managers, Directors And Senior Officials","SOC 2010","13.0","%","394800","51200","7.10","","","","","","",""
"Proportion of ethnic group who are employed, split by occupation group","2008","Year","Pakistani/ Bangladehsi","Professional Occupations","SOC 2010","11.2","%","394800","44400","7.29","","","","","","",""
"Proportion of ethnic group who are employed, split by occupation group","2008","Year","Pakistani/ Bangladehsi","Associate Professional And Technical Occupations","SOC 2010","8.4","%","394800","33000","7.44","","","","","","",""
"Proportion of ethnic group who are employed, split by occupation group","2008","Year","Pakistani/ Bangladehsi","Administrative And Secretarial Occupations","SOC 2010","8.9","%","394800","35100","7.42","","","","","","",""
"Proportion of ethnic group who are employed, split by occupation group","2008","Year","Pakistani/ Bangladehsi","Skilled Trades Occupations","SOC 2010","7.4","%","394800","29000","7.07","","","","","","",""
"Proportion of ethnic group who are employed, split by occupation group","2008","Year","Pakistani/ Bangladehsi","Caring, Leisure And Other Service Occupations","SOC 2010","5.2","%","394800","20700","6.83","","","","","","",""
"Proportion of ethnic group who are employed, split by occupation group","2008","Year","Pakistani/ Bangladehsi","Sales And Customer Service Occupations","SOC 2010","14.3","%","394800","56400","7.19","","","","","","",""
"Proportion of ethnic group who are employed, split by occupation group","2008","Year","Pakistani/ Bangladehsi","Process, Plant And Machine Operatives","SOC 2010","17.8","%","394800","70100","6.56","","","","","","",""
"Proportion of ethnic group who are employed, split by occupation group","2008","Year","Pakistani/ Bangladehsi","Elementary Occupations","SOC 2010","13.9","%","394800","54900","7.00","","","","","","",""
"Proportion of ethnic group who are employed, split by occupation group","2008","Year","White","Managers, Directors And Senior Officials","SOC 2010","16.0","%","25908000","4149800","0.72","","","","","","",""
"Proportion of ethnic group who are employed, split by occupation group","2008","Year","White","Professional Occupations","SOC 2010","12.8","%","25908000","3319700","0.73","","","","","","",""
"Proportion of ethnic group who are employed, split by occupation group","2008","Year","White","Associate Professional And Technical Occupations","SOC 2010","14.7","%","25908000","3799500","0.72","","","","","","",""
"Proportion of ethnic group who are employed, split by occupation group","2008","Year","White","Administrative And Secretarial Occupations","SOC 2010","11.6","%","25908000","3004000","0.71","","","","","","",""
"Proportion of ethnic group who are employed, split by occupation group","2008","Year","White","Skilled Trades Occupations","SOC 2010","11.3","%","25908000","2915800","0.73","","","","","","",""
"Proportion of ethnic group who are employed, split by occupation group","2008","Year","White","Caring, Leisure And Other Service Occupations","SOC 2010","8.1","%","25908000","2108600","0.72","","","","","","",""
"Proportion of ethnic group who are employed, split by occupation group","2008","Year","White","Sales And Customer Service Occupations","SOC 2010","7.3","%","25908000","1897300","0.74","","","","","","",""
"Proportion of ethnic group who are employed, split by occupation group","2008","Year","White","Process, Plant And Machine Operatives","SOC 2010","7.0","%","25908000","1821400","0.73","","","","","","",""
"Proportion of ethnic group who are employed, split by occupation group","2008","Year","White","Elementary Occupations","SOC 2010","11.2","%","25908000","2891800","0.72","","","","","","",""
"Proportion of ethnic group who are employed, split by occupation group","2008","Year","White British","Managers, Directors And Senior Officials","SOC 2010","16.1","%","24085800","3889300","0.74","","","","","","",""
"Proportion of ethnic group who are employed, split by occupation group","2008","Year","White British","Professional Occupations","SOC 2010","12.7","%","24085800","3062000","0.76","","","","","","",""
"Proportion of ethnic group who are employed, split by occupation group","2008","Year","White British","Associate Professional And Technical Occupations","SOC 2010","14.8","%","24085800","3555300","0.75","","","","","","",""
"Proportion of ethnic group who are employed, split by occupation group","2008","Year","White British","Administrative And Secretarial Occupations","SOC 2010","11.8","%","24085800","2847200","0.74","","","","","","",""
"Proportion of ethnic group who are employed, split by occupation group","2008","Year","White British","Skilled Trades Occupations","SOC 2010","11.2","%","24085800","2703300","0.75","","","","","","",""
"Proportion of ethnic group who are employed, split by occupation group","2008","Year","White British","Caring, Leisure And Other Service Occupations","SOC 2010","8.2","%","24085800","1981000","0.75","","","","","","",""
"Proportion of ethnic group who are employed, split by occupation group","2008","Year","White British","Sales And Customer Service Occupations","SOC 2010","7.5","%","24085800","1801400","0.76","","","","","","",""
"Proportion of ethnic group who are employed, split by occupation group","2008","Year","White British","Process, Plant And Machine Operatives","SOC 2010","6.9","%","24085800","1663700","0.75","","","","","","",""
"Proportion of ethnic group who are employed, split by occupation group","2008","Year","White British","Elementary Occupations","SOC 2010","10.7","%","24085800","2582600","0.74","","","","","","",""
"Proportion of ethnic group who are employed, split by occupation group","2008","Year","White Other","Managers, Directors And Senior Officials","SOC 2010","14.3","%","1822300","260500","2.86","","","","","","",""
"Proportion of ethnic group who are employed, split by occupation group","2008","Year","White Other","Professional Occupations","SOC 2010","14.1","%","1822300","257700","2.87","","","","","","",""
"Proportion of ethnic group who are employed, split by occupation group","2008","Year","White Other","Associate Professional And Technical Occupations","SOC 2010","13.4","%","1822300","244300","2.85","","","","","","",""
"Proportion of ethnic group who are employed, split by occupation group","2008","Year","White Other","Administrative And Secretarial Occupations","SOC 2010","8.6","%","1822300","156700","2.85","","","","","","",""
"Proportion of ethnic group who are employed, split by occupation group","2008","Year","White Other","Skilled Trades Occupations","SOC 2010","11.7","%","1822300","212500","2.91","","","","","","",""
"Proportion of ethnic group who are employed, split by occupation group","2008","Year","White Other","Caring, Leisure And Other Service Occupations","SOC 2010","7.0","%","1822300","127600","2.85","","","","","","",""
"Proportion of ethnic group who are employed, split by occupation group","2008","Year","White Other","Sales And Customer Service Occupations","SOC 2010","5.3","%","1822300","95900","2.91","","","","","","",""
"Proportion of ethnic group who are employed, split by occupation group","2008","Year","White Other","Process, Plant And Machine Operatives","SOC 2010","8.7","%","1822300","157800","2.82","","","","","","",""
"Proportion of ethnic group who are employed, split by occupation group","2008","Year","White Other","Elementary Occupations","SOC 2010","17.0","%","1822300","309300","2.82","","","","","","",""
"Proportion of ethnic group who are employed, split by occupation group","2009","Year","All","Managers, Directors And Senior Officials","SOC 2010","15.7","%","28117300","4418300","0.47","","","","","","",""
"Proportion of ethnic group who are employed, split by occupation group","2009","Year","All","Professional Occupations","SOC 2010","13.6","%","28117300","3828500","0.48","","","","","","",""
"Proportion of ethnic group who are employed, split by occupation group","2009","Year","All","Associate Professional And Technical Occupations","SOC 2010","14.8","%","28117300","4160400","0.48","","","","","","",""
"Proportion of ethnic group who are employed, split by occupation group","2009","Year","All","Administrative And Secretarial Occupations","SOC 2010","11.2","%","28117300","3159100","0.47","","","","","","",""
"Proportion of ethnic group who are employed, split by occupation group","2009","Year","All","Skilled Trades Occupations","SOC 2010","10.5","%","28117300","2942800","0.48","","","","","","",""
"Proportion of ethnic group who are employed, split by occupation group","2009","Year","All","Caring, Leisure And Other Service Occupations","SOC 2010","8.7","%","28117300","2443400","0.48","","","","","","",""
"Proportion of ethnic group who are employed, split by occupation group","2009","Year","All","Sales And Customer Service Occupations","SOC 2010","7.4","%","28117300","2074600","0.49","","","","","","",""
"Proportion of ethnic group who are employed, split by occupation group","2009","Year","All","Process, Plant And Machine Operatives","SOC 2010","6.8","%","28117300","1901200","0.48","","","","","","",""
"Proportion of ethnic group who are employed, split by occupation group","2009","Year","All","Elementary Occupations","SOC 2010","11.3","%","28117300","3188900","0.48","","","","","","",""
"Proportion of ethnic group who are employed, split by occupation group","2009","Year","Asian","Managers, Directors And Senior Officials","SOC 2010","14.2","%","1460200","207400","3.74","","","","","","",""
"Proportion of ethnic group who are employed, split by occupation group","2009","Year","Asian","Professional Occupations","SOC 2010","18.1","%","1460200","264500","3.73","","","","","","",""
"Proportion of ethnic group who are employed, split by occupation group","2009","Year","Asian","Associate Professional And Technical Occupations","SOC 2010","12.8","%","1460200","186400","3.76","","","","","","",""
"Proportion of ethnic group who are employed, split by occupation group","2009","Year","Asian","Administrative And Secretarial Occupations","SOC 2010","9.3","%","1460200","135800","3.86","","","","","","",""
"Proportion of ethnic group who are employed, split by occupation group","2009","Year","Asian","Skilled Trades Occupations","SOC 2010","6.3","%","1460200","92600","3.88","","","","","","",""
"Proportion of ethnic group who are employed, split by occupation group","2009","Year","Asian","Caring, Leisure And Other Service Occupations","SOC 2010","6.4","%","1460200","94100","3.78","","","","","","",""
"Proportion of ethnic group who are employed, split by occupation group","2009","Year","Asian","Sales And Customer Service Occupations","SOC 2010","11.4","%","1460200","165800","3.88","","","","","","",""
"Proportion of ethnic group who are employed, split by occupation group","2009","Year","Asian","Process, Plant And Machine Operatives","SOC 2010","9.4","%","1460200","137000","3.72","","","","","","",""
"Proportion of ethnic group who are employed, split by occupation group","2009","Year","Asian","Elementary Occupations","SOC 2010","12.1","%","1460200","176500","3.73","","","","","","",""
"Proportion of ethnic group who are employed, split by occupation group","2009","Year","Black","Managers, Directors And Senior Officials","SOC 2010","9.3","%","612900","56900","6.45","","","","","","",""
"Proportion of ethnic group who are employed, split by occupation group","2009","Year","Black","Professional Occupations","SOC 2010","13.8","%","612900","84300","6.10","","","","","","",""
"Proportion of ethnic group who are employed, split by occupation group","2009","Year","Black","Associate Professional And Technical Occupations","SOC 2010","15.6","%","612900","95600","5.88","","","","","","",""
"Proportion of ethnic group who are employed, split by occupation group","2009","Year","Black","Administrative And Secretarial Occupations","SOC 2010","10.0","%","612900","61100","6.14","","","","","","",""
"Proportion of ethnic group who are employed, split by occupation group","2009","Year","Black","Skilled Trades Occupations","SOC 2010","6.4","%","612900","39300","6.57","","","","","","",""
"Proportion of ethnic group who are employed, split by occupation group","2009","Year","Black","Caring, Leisure And Other Service Occupations","SOC 2010","15.5","%","612900","94900","5.85","","","","","","",""
"Proportion of ethnic group who are employed, split by occupation group","2009","Year","Black","Sales And Customer Service Occupations","SOC 2010","8.1","%","612900","49400","6.49","","","","","","",""
"Proportion of ethnic group who are employed, split by occupation group","2009","Year","Black","Process, Plant And Machine Operatives","SOC 2010","6.5","%","612900","39700","6.53","","","","","","",""
"Proportion of ethnic group who are employed, split by occupation group","2009","Year","Black","Elementary Occupations","SOC 2010","15.0","%","612900","91700","5.99","","","","","","",""
"Proportion of ethnic group who are employed, split by occupation group","2009","Year","Indian","Managers, Directors And Senior Officials","SOC 2010","15.0","%","668800","100400","5.42","","","","","","",""
"Proportion of ethnic group who are employed, split by occupation group","2009","Year","Indian","Professional Occupations","SOC 2010","23.3","%","668800","156000","5.27","","","","","","",""
"Proportion of ethnic group who are employed, split by occupation group","2009","Year","Indian","Associate Professional And Technical Occupations","SOC 2010","14.4","%","668800","96600","5.55","","","","","","",""
"Proportion of ethnic group who are employed, split by occupation group","2009","Year","Indian","Administrative And Secretarial Occupations","SOC 2010","10.1","%","668800","67300","5.54","","","","","","",""
"Proportion of ethnic group who are employed, split by occupation group","2009","Year","Indian","Skilled Trades Occupations","SOC 2010","5.1","%","668800","33900","5.74","","","","","","",""
"Proportion of ethnic group who are employed, split by occupation group","2009","Year","Indian","Caring, Leisure And Other Service Occupations","SOC 2010","5.5","%","668800","36500","5.61","","","","","","",""
"Proportion of ethnic group who are employed, split by occupation group","2009","Year","Indian","Sales And Customer Service Occupations","SOC 2010","10.2","%","668800","68200","5.70","","","","","","",""
"Proportion of ethnic group who are employed, split by occupation group","2009","Year","Indian","Process, Plant And Machine Operatives","SOC 2010","6.8","%","668800","45600","5.48","","","","","","",""
"Proportion of ethnic group who are employed, split by occupation group","2009","Year","Indian","Elementary Occupations","SOC 2010","9.6","%","668800","64300","5.41","","","","","","",""
"Proportion of ethnic group who are employed, split by occupation group","2009","Year","Mixed/Multiple ethnic groups","Managers, Directors And Senior Officials","SOC 2010","13.1","%","211500","27800","8.44","","","","","","",""
"Proportion of ethnic group who are employed, split by occupation group","2009","Year","Mixed/Multiple ethnic groups","Professional Occupations","SOC 2010","14.7","%","211500","31100","8.28","","","","","","",""
"Proportion of ethnic group who are employed, split by occupation group","2009","Year","Mixed/Multiple ethnic groups","Associate Professional And Technical Occupations","SOC 2010","17.2","%","211500","36300","8.15","","","","","","",""
"Proportion of ethnic group who are employed, split by occupation group","2009","Year","Mixed/Multiple ethnic groups","Administrative And Secretarial Occupations","SOC 2010","10.6","%","211500","22300","8.51","","","","","","",""
"Proportion of ethnic group who are employed, split by occupation group","2009","Year","Mixed/Multiple ethnic groups","Skilled Trades Occupations","SOC 2010","7.3","%","211500","15400","8.57","","","","","","",""
"Proportion of ethnic group who are employed, split by occupation group","2009","Year","Mixed/Multiple ethnic groups","Caring, Leisure And Other Service Occupations","SOC 2010","9.0","%","211500","19100","8.62","","","","","","",""
"Proportion of ethnic group who are employed, split by occupation group","2009","Year","Mixed/Multiple ethnic groups","Sales And Customer Service Occupations","SOC 2010","11.5","%","211500","24400","8.80","","","","","","",""
"Proportion of ethnic group who are employed, split by occupation group","2009","Year","Mixed/Multiple ethnic groups","Process, Plant And Machine Operatives","SOC 2010","3.7","%","211500","7900","8.91","","","","","","",""
"Proportion of ethnic group who are employed, split by occupation group","2009","Year","Mixed/Multiple ethnic groups","Elementary Occupations","SOC 2010","12.9","%","211500","27200","8.44","","","","","","",""
"Proportion of ethnic group who are employed, split by occupation group","2009","Year","Other Asian (inc. Chinese)","Managers, Directors And Senior Officials","SOC 2010","14.1","%","372100","52500","7.66","","","","","","",""
"Proportion of ethnic group who are employed, split by occupation group","2009","Year","Other Asian (inc. Chinese)","Professional Occupations","SOC 2010","15.7","%","372100","58200","7.65","","","","","","",""
"Proportion of ethnic group who are employed, split by occupation group","2009","Year","Other Asian (inc. Chinese)","Associate Professional And Technical Occupations","SOC 2010","14.7","%","372100","54600","7.27","","","","","","",""
"Proportion of ethnic group who are employed, split by occupation group","2009","Year","Other Asian (inc. Chinese)","Administrative And Secretarial Occupations","SOC 2010","8.2","%","372100","30400","8.00","","","","","","",""
"Proportion of ethnic group who are employed, split by occupation group","2009","Year","Other Asian (inc. Chinese)","Skilled Trades Occupations","SOC 2010","8.1","%","372100","30200","7.59","","","","","","",""
"Proportion of ethnic group who are employed, split by occupation group","2009","Year","Other Asian (inc. Chinese)","Caring, Leisure And Other Service Occupations","SOC 2010","8.5","%","372100","31600","7.45","","","","","","",""
"Proportion of ethnic group who are employed, split by occupation group","2009","Year","Other Asian (inc. Chinese)","Sales And Customer Service Occupations","SOC 2010","11.5","%","372100","42600","8.19","","","","","","",""
"Proportion of ethnic group who are employed, split by occupation group","2009","Year","Other Asian (inc. Chinese)","Process, Plant And Machine Operatives","SOC 2010","6.0","%","372100","22200","8.05","","","","","","",""
"Proportion of ethnic group who are employed, split by occupation group","2009","Year","Other Asian (inc. Chinese)","Elementary Occupations","SOC 2010","13.4","%","372100","49800","7.20","","","","","","",""
"Proportion of ethnic group who are employed, split by occupation group","2009","Year","Other ethnic group","Managers, Directors And Senior Officials","SOC 2010","11.5","%","373000","42800","7.67","","","","","","",""
"Proportion of ethnic group who are employed, split by occupation group","2009","Year","Other ethnic group","Professional Occupations","SOC 2010","14.8","%","373000","55100","7.39","","","","","","",""
"Proportion of ethnic group who are employed, split by occupation group","2009","Year","Other ethnic group","Associate Professional And Technical Occupations","SOC 2010","17.3","%","373000","64400","7.34","","","","","","",""
"Proportion of ethnic group who are employed, split by occupation group","2009","Year","Other ethnic group","Administrative And Secretarial Occupations","SOC 2010","7.6","%","373000","28300","7.87","","","","","","",""
"Proportion of ethnic group who are employed, split by occupation group","2009","Year","Other ethnic group","Skilled Trades Occupations","SOC 2010","6.7","%","373000","25000","7.69","","","","","","",""
"Proportion of ethnic group who are employed, split by occupation group","2009","Year","Other ethnic group","Caring, Leisure And Other Service Occupations","SOC 2010","11.3","%","373000","42300","7.25","","","","","","",""
"Proportion of ethnic group who are employed, split by occupation group","2009","Year","Other ethnic group","Sales And Customer Service Occupations","SOC 2010","6.2","%","373000","23200","7.57","","","","","","",""
"Proportion of ethnic group who are employed, split by occupation group","2009","Year","Other ethnic group","Process, Plant And Machine Operatives","SOC 2010","6.5","%","373000","24200","7.53","","","","","","",""
"Proportion of ethnic group who are employed, split by occupation group","2009","Year","Other ethnic group","Elementary Occupations","SOC 2010","18.2","%","373000","67800","7.21","","","","","","",""
"Proportion of ethnic group who are employed, split by occupation group","2009","Year","Pakistani/ Bangladehsi","Managers, Directors And Senior Officials","SOC 2010","13.0","%","419300","54600","7.02","","","","","","",""
"Proportion of ethnic group who are employed, split by occupation group","2009","Year","Pakistani/ Bangladehsi","Professional Occupations","SOC 2010","12.0","%","419300","50300","7.32","","","","","","",""
"Proportion of ethnic group who are employed, split by occupation group","2009","Year","Pakistani/ Bangladehsi","Associate Professional And Technical Occupations","SOC 2010","8.4","%","419300","35100","7.13","","","","","","",""
"Proportion of ethnic group who are employed, split by occupation group","2009","Year","Pakistani/ Bangladehsi","Administrative And Secretarial Occupations","SOC 2010","9.1","%","419300","38200","7.35","","","","","","",""
"Proportion of ethnic group who are employed, split by occupation group","2009","Year","Pakistani/ Bangladehsi","Skilled Trades Occupations","SOC 2010","6.8","%","419300","28600","7.27","","","","","","",""
"Proportion of ethnic group who are employed, split by occupation group","2009","Year","Pakistani/ Bangladehsi","Caring, Leisure And Other Service Occupations","SOC 2010","6.2","%","419300","26000","7.01","","","","","","",""
"Proportion of ethnic group who are employed, split by occupation group","2009","Year","Pakistani/ Bangladehsi","Sales And Customer Service Occupations","SOC 2010","13.1","%","419300","54900","6.95","","","","","","",""
"Proportion of ethnic group who are employed, split by occupation group","2009","Year","Pakistani/ Bangladehsi","Process, Plant And Machine Operatives","SOC 2010","16.5","%","419300","69200","6.60","","","","","","",""
"Proportion of ethnic group who are employed, split by occupation group","2009","Year","Pakistani/ Bangladehsi","Elementary Occupations","SOC 2010","14.9","%","419300","62400","7.24","","","","","","",""
"Proportion of ethnic group who are employed, split by occupation group","2009","Year","White","Managers, Directors And Senior Officials","SOC 2010","16.0","%","25459800","4083400","0.74","","","","","","",""
"Proportion of ethnic group who are employed, split by occupation group","2009","Year","White","Professional Occupations","SOC 2010","13.3","%","25459800","3393600","0.76","","","","","","",""
"Proportion of ethnic group who are employed, split by occupation group","2009","Year","White","Associate Professional And Technical Occupations","SOC 2010","14.8","%","25459800","3777600","0.74","","","","","","",""
"Proportion of ethnic group who are employed, split by occupation group","2009","Year","White","Administrative And Secretarial Occupations","SOC 2010","11.4","%","25459800","2911600","0.74","","","","","","",""
"Proportion of ethnic group who are employed, split by occupation group","2009","Year","White","Skilled Trades Occupations","SOC 2010","10.9","%","25459800","2770400","0.76","","","","","","",""
"Proportion of ethnic group who are employed, split by occupation group","2009","Year","White","Caring, Leisure And Other Service Occupations","SOC 2010","8.6","%","25459800","2193100","0.74","","","","","","",""
"Proportion of ethnic group who are employed, split by occupation group","2009","Year","White","Sales And Customer Service Occupations","SOC 2010","7.1","%","25459800","1811900","0.76","","","","","","",""
"Proportion of ethnic group who are employed, split by occupation group","2009","Year","White","Process, Plant And Machine Operatives","SOC 2010","6.6","%","25459800","1692400","0.75","","","","","","",""
"Proportion of ethnic group who are employed, split by occupation group","2009","Year","White","Elementary Occupations","SOC 2010","11.1","%","25459800","2825800","0.74","","","","","","",""
"Proportion of ethnic group who are employed, split by occupation group","2009","Year","White British","Managers, Directors And Senior Officials","SOC 2010","16.2","%","23617000","3828500","0.77","","","","","","",""
"Proportion of ethnic group who are employed, split by occupation group","2009","Year","White British","Professional Occupations","SOC 2010","13.2","%","23617000","3114700","0.78","","","","","","",""
"Proportion of ethnic group who are employed, split by occupation group","2009","Year","White British","Associate Professional And Technical Occupations","SOC 2010","14.9","%","23617000","3524600","0.77","","","","","","",""
"Proportion of ethnic group who are employed, split by occupation group","2009","Year","White British","Administrative And Secretarial Occupations","SOC 2010","11.7","%","23617000","2763100","0.77","","","","","","",""
"Proportion of ethnic group who are employed, split by occupation group","2009","Year","White British","Skilled Trades Occupations","SOC 2010","10.8","%","23617000","2555700","0.78","","","","","","",""
"Proportion of ethnic group who are employed, split by occupation group","2009","Year","White British","Caring, Leisure And Other Service Occupations","SOC 2010","8.8","%","23617000","2068500","0.77","","","","","","",""
"Proportion of ethnic group who are employed, split by occupation group","2009","Year","White British","Sales And Customer Service Occupations","SOC 2010","7.2","%","23617000","1709400","0.78","","","","","","",""
"Proportion of ethnic group who are employed, split by occupation group","2009","Year","White British","Process, Plant And Machine Operatives","SOC 2010","6.5","%","23617000","1544800","0.78","","","","","","",""
"Proportion of ethnic group who are employed, split by occupation group","2009","Year","White British","Elementary Occupations","SOC 2010","10.6","%","23617000","2507700","0.77","","","","","","",""
"Proportion of ethnic group who are employed, split by occupation group","2009","Year","White Other","Managers, Directors And Senior Officials","SOC 2010","13.8","%","1842800","254900","2.89","","","","","","",""
"Proportion of ethnic group who are employed, split by occupation group","2009","Year","White Other","Professional Occupations","SOC 2010","15.1","%","1842800","278900","2.93","","","","","","",""
"Proportion of ethnic group who are employed, split by occupation group","2009","Year","White Other","Associate Professional And Technical Occupations","SOC 2010","13.7","%","1842800","253000","2.96","","","","","","",""
"Proportion of ethnic group who are employed, split by occupation group","2009","Year","White Other","Administrative And Secretarial Occupations","SOC 2010","8.1","%","1842800","148500","2.94","","","","","","",""
"Proportion of ethnic group who are employed, split by occupation group","2009","Year","White Other","Skilled Trades Occupations","SOC 2010","11.6","%","1842800","214600","2.99","","","","","","",""
"Proportion of ethnic group who are employed, split by occupation group","2009","Year","White Other","Caring, Leisure And Other Service Occupations","SOC 2010","6.8","%","1842800","124600","2.87","","","","","","",""
"Proportion of ethnic group who are employed, split by occupation group","2009","Year","White Other","Sales And Customer Service Occupations","SOC 2010","5.6","%","1842800","102400","2.95","","","","","","",""
"Proportion of ethnic group who are employed, split by occupation group","2009","Year","White Other","Process, Plant And Machine Operatives","SOC 2010","8.0","%","1842800","147700","2.87","","","","","","",""
"Proportion of ethnic group who are employed, split by occupation group","2009","Year","White Other","Elementary Occupations","SOC 2010","17.3","%","1842800","318100","2.91","","","","","","",""
"Proportion of ethnic group who are employed, split by occupation group","2010","Year","All","Managers, Directors And Senior Officials","SOC 2010","15.8","%","28142400","4439100","0.48","","","","","","",""
"Proportion of ethnic group who are employed, split by occupation group","2010","Year","All","Professional Occupations","SOC 2010","14.0","%","28142400","3946200","0.49","","","","","","",""
"Proportion of ethnic group who are employed, split by occupation group","2010","Year","All","Associate Professional And Technical Occupations","SOC 2010","14.8","%","28142400","4158900","0.48","","","","","","",""
"Proportion of ethnic group who are employed, split by occupation group","2010","Year","All","Administrative And Secretarial Occupations","SOC 2010","10.8","%","28142400","3049600","0.48","","","","","","",""
"Proportion of ethnic group who are employed, split by occupation group","2010","Year","All","Skilled Trades Occupations","SOC 2010","10.3","%","28142400","2890500","0.48","","","","","","",""
"Proportion of ethnic group who are employed, split by occupation group","2010","Year","All","Caring, Leisure And Other Service Occupations","SOC 2010","9.0","%","28142400","2544000","0.48","","","","","","",""
"Proportion of ethnic group who are employed, split by occupation group","2010","Year","All","Sales And Customer Service Occupations","SOC 2010","7.4","%","28142400","2096500","0.49","","","","","","",""
"Proportion of ethnic group who are employed, split by occupation group","2010","Year","All","Process, Plant And Machine Operatives","SOC 2010","6.6","%","28142400","1871000","0.48","","","","","","",""
"Proportion of ethnic group who are employed, split by occupation group","2010","Year","All","Elementary Occupations","SOC 2010","11.2","%","28142400","3146600","0.48","","","","","","",""
"Proportion of ethnic group who are employed, split by occupation group","2010","Year","Asian","Managers, Directors And Senior Officials","SOC 2010","14.7","%","1510000","222200","3.76","","","","","","",""
"Proportion of ethnic group who are employed, split by occupation group","2010","Year","Asian","Professional Occupations","SOC 2010","17.9","%","1510000","269800","3.61","","","","","","",""
"Proportion of ethnic group who are employed, split by occupation group","2010","Year","Asian","Associate Professional And Technical Occupations","SOC 2010","13.1","%","1510000","197300","3.75","","","","","","",""
"Proportion of ethnic group who are employed, split by occupation group","2010","Year","Asian","Administrative And Secretarial Occupations","SOC 2010","9.7","%","1510000","146000","3.88","","","","","","",""
"Proportion of ethnic group who are employed, split by occupation group","2010","Year","Asian","Skilled Trades Occupations","SOC 2010","5.8","%","1510000","86900","3.74","","","","","","",""
"Proportion of ethnic group who are employed, split by occupation group","2010","Year","Asian","Caring, Leisure And Other Service Occupations","SOC 2010","6.8","%","1510000","103200","3.77","","","","","","",""
"Proportion of ethnic group who are employed, split by occupation group","2010","Year","Asian","Sales And Customer Service Occupations","SOC 2010","11.3","%","1510000","171100","3.90","","","","","","",""
"Proportion of ethnic group who are employed, split by occupation group","2010","Year","Asian","Process, Plant And Machine Operatives","SOC 2010","8.6","%","1510000","129600","3.59","","","","","","",""
"Proportion of ethnic group who are employed, split by occupation group","2010","Year","Asian","Elementary Occupations","SOC 2010","12.2","%","1510000","183900","3.70","","","","","","",""
"Proportion of ethnic group who are employed, split by occupation group","2010","Year","Black","Managers, Directors And Senior Officials","SOC 2010","8.2","%","651700","53600","6.27","","","","","","",""
"Proportion of ethnic group who are employed, split by occupation group","2010","Year","Black","Professional Occupations","SOC 2010","13.6","%","651700","88600","6.08","","","","","","",""
"Proportion of ethnic group who are employed, split by occupation group","2010","Year","Black","Associate Professional And Technical Occupations","SOC 2010","17.4","%","651700","113300","5.72","","","","","","",""
"Proportion of ethnic group who are employed, split by occupation group","2010","Year","Black","Administrative And Secretarial Occupations","SOC 2010","11.8","%","651700","77100","6.32","","","","","","",""
"Proportion of ethnic group who are employed, split by occupation group","2010","Year","Black","Skilled Trades Occupations","SOC 2010","4.9","%","651700","32000","6.47","","","","","","",""
"Proportion of ethnic group who are employed, split by occupation group","2010","Year","Black","Caring, Leisure And Other Service Occupations","SOC 2010","15.2","%","651700","99400","5.73","","","","","","",""
"Proportion of ethnic group who are employed, split by occupation group","2010","Year","Black","Sales And Customer Service Occupations","SOC 2010","8.3","%","651700","54400","6.55","","","","","","",""
"Proportion of ethnic group who are employed, split by occupation group","2010","Year","Black","Process, Plant And Machine Operatives","SOC 2010","5.0","%","651700","32700","6.27","","","","","","",""
"Proportion of ethnic group who are employed, split by occupation group","2010","Year","Black","Elementary Occupations","SOC 2010","15.4","%","651700","100600","5.95","","","","","","",""
"Proportion of ethnic group who are employed, split by occupation group","2010","Year","Indian","Managers, Directors And Senior Officials","SOC 2010","15.6","%","699700","108800","5.54","","","","","","",""
"Proportion of ethnic group who are employed, split by occupation group","2010","Year","Indian","Professional Occupations","SOC 2010","22.1","%","699700","154700","5.16","","","","","","",""
"Proportion of ethnic group who are employed, split by occupation group","2010","Year","Indian","Associate Professional And Technical Occupations","SOC 2010","14.9","%","699700","104600","5.51","","","","","","",""
"Proportion of ethnic group who are employed, split by occupation group","2010","Year","Indian","Administrative And Secretarial Occupations","SOC 2010","10.4","%","699700","73100","5.57","","","","","","",""
"Proportion of ethnic group who are employed, split by occupation group","2010","Year","Indian","Skilled Trades Occupations","SOC 2010","4.5","%","699700","31700","5.66","","","","","","",""
"Proportion of ethnic group who are employed, split by occupation group","2010","Year","Indian","Caring, Leisure And Other Service Occupations","SOC 2010","5.7","%","699700","39700","5.50","","","","","","",""
"Proportion of ethnic group who are employed, split by occupation group","2010","Year","Indian","Sales And Customer Service Occupations","SOC 2010","9.5","%","699700","66300","5.64","","","","","","",""
"Proportion of ethnic group who are employed, split by occupation group","2010","Year","Indian","Process, Plant And Machine Operatives","SOC 2010","6.8","%","699700","47500","5.32","","","","","","",""
"Proportion of ethnic group who are employed, split by occupation group","2010","Year","Indian","Elementary Occupations","SOC 2010","10.5","%","699700","73300","5.45","","","","","","",""
"Proportion of ethnic group who are employed, split by occupation group","2010","Year","Mixed/Multiple ethnic groups","Managers, Directors And Senior Officials","SOC 2010","13.6","%","218900","29800","8.32","","","","","","",""
"Proportion of ethnic group who are employed, split by occupation group","2010","Year","Mixed/Multiple ethnic groups","Professional Occupations","SOC 2010","16.7","%","218900","36600","8.15","","","","","","",""
"Proportion of ethnic group who are employed, split by occupation group","2010","Year","Mixed/Multiple ethnic groups","Associate Professional And Technical Occupations","SOC 2010","19.1","%","218900","41800","8.23","","","","","","",""
"Proportion of ethnic group who are employed, split by occupation group","2010","Year","Mixed/Multiple ethnic groups","Administrative And Secretarial Occupations","SOC 2010","10.0","%","218900","21800","8.39","","","","","","",""
"Proportion of ethnic group who are employed, split by occupation group","2010","Year","Mixed/Multiple ethnic groups","Skilled Trades Occupations","SOC 2010","7.0","%","218900","15200","8.59","","","","","","",""
"Proportion of ethnic group who are employed, split by occupation group","2010","Year","Mixed/Multiple ethnic groups","Caring, Leisure And Other Service Occupations","SOC 2010","10.0","%","218900","22000","8.32","","","","","","",""
"Proportion of ethnic group who are employed, split by occupation group","2010","Year","Mixed/Multiple ethnic groups","Sales And Customer Service Occupations","SOC 2010","8.9","%","218900","19500","8.57","","","","","","",""
"Proportion of ethnic group who are employed, split by occupation group","2010","Year","Mixed/Multiple ethnic groups","Process, Plant And Machine Operatives","SOC 2010","3.1","%","218900","6700","9.14","","","","","","",""
"Proportion of ethnic group who are employed, split by occupation group","2010","Year","Mixed/Multiple ethnic groups","Elementary Occupations","SOC 2010","11.6","%","218900","25400","8.30","","","","","","",""
"Proportion of ethnic group who are employed, split by occupation group","2010","Year","Other Asian (inc. Chinese)","Managers, Directors And Senior Officials","SOC 2010","13.5","%","376300","50800","7.63","","","","","","",""
"Proportion of ethnic group who are employed, split by occupation group","2010","Year","Other Asian (inc. Chinese)","Professional Occupations","SOC 2010","17.3","%","376300","65000","7.44","","","","","","",""
"Proportion of ethnic group who are employed, split by occupation group","2010","Year","Other Asian (inc. Chinese)","Associate Professional And Technical Occupations","SOC 2010","13.9","%","376300","52300","7.28","","","","","","",""
"Proportion of ethnic group who are employed, split by occupation group","2010","Year","Other Asian (inc. Chinese)","Administrative And Secretarial Occupations","SOC 2010","8.9","%","376300","33300","8.19","","","","","","",""
"Proportion of ethnic group who are employed, split by occupation group","2010","Year","Other Asian (inc. Chinese)","Skilled Trades Occupations","SOC 2010","7.0","%","376300","26200","7.24","","","","","","",""
"Proportion of ethnic group who are employed, split by occupation group","2010","Year","Other Asian (inc. Chinese)","Caring, Leisure And Other Service Occupations","SOC 2010","10.2","%","376300","38200","7.46","","","","","","",""
"Proportion of ethnic group who are employed, split by occupation group","2010","Year","Other Asian (inc. Chinese)","Sales And Customer Service Occupations","SOC 2010","12.0","%","376300","45300","7.90","","","","","","",""
"Proportion of ethnic group who are employed, split by occupation group","2010","Year","Other Asian (inc. Chinese)","Process, Plant And Machine Operatives","SOC 2010","5.1","%","376300","19200","7.71","","","","","","",""
"Proportion of ethnic group who are employed, split by occupation group","2010","Year","Other Asian (inc. Chinese)","Elementary Occupations","SOC 2010","12.2","%","376300","45900","7.13","","","","","","",""
"Proportion of ethnic group who are employed, split by occupation group","2010","Year","Other ethnic group","Managers, Directors And Senior Officials","SOC 2010","11.7","%","389400","45400","7.53","","","","","","",""
"Proportion of ethnic group who are employed, split by occupation group","2010","Year","Other ethnic group","Professional Occupations","SOC 2010","16.7","%","389400","64900","7.24","","","","","","",""
"Proportion of ethnic group who are employed, split by occupation group","2010","Year","Other ethnic group","Associate Professional And Technical Occupations","SOC 2010","15.1","%","389400","58800","7.17","","","","","","",""
"Proportion of ethnic group who are employed, split by occupation group","2010","Year","Other ethnic group","Administrative And Secretarial Occupations","SOC 2010","7.0","%","389400","27400","7.61","","","","","","",""
"Proportion of ethnic group who are employed, split by occupation group","2010","Year","Other ethnic group","Skilled Trades Occupations","SOC 2010","7.8","%","389400","30400","8.01","","","","","","",""
"Proportion of ethnic group who are employed, split by occupation group","2010","Year","Other ethnic group","Caring, Leisure And Other Service Occupations","SOC 2010","9.9","%","389400","38600","7.13","","","","","","",""
"Proportion of ethnic group who are employed, split by occupation group","2010","Year","Other ethnic group","Sales And Customer Service Occupations","SOC 2010","7.2","%","389400","28000","7.42","","","","","","",""
"Proportion of ethnic group who are employed, split by occupation group","2010","Year","Other ethnic group","Process, Plant And Machine Operatives","SOC 2010","7.8","%","389400","30500","7.75","","","","","","",""
"Proportion of ethnic group who are employed, split by occupation group","2010","Year","Other ethnic group","Elementary Occupations","SOC 2010","16.8","%","389400","65300","7.12","","","","","","",""
"Proportion of ethnic group who are employed, split by occupation group","2010","Year","Pakistani/ Bangladehsi","Managers, Directors And Senior Officials","SOC 2010","14.4","%","434000","62600","6.92","","","","","","",""
"Proportion of ethnic group who are employed, split by occupation group","2010","Year","Pakistani/ Bangladehsi","Professional Occupations","SOC 2010","11.5","%","434000","50100","6.79","","","","","","",""
"Proportion of ethnic group who are employed, split by occupation group","2010","Year","Pakistani/ Bangladehsi","Associate Professional And Technical Occupations","SOC 2010","9.3","%","434000","40400","7.22","","","","","","",""
"Proportion of ethnic group who are employed, split by occupation group","2010","Year","Pakistani/ Bangladehsi","Administrative And Secretarial Occupations","SOC 2010","9.1","%","434000","39600","7.24","","","","","","",""
"Proportion of ethnic group who are employed, split by occupation group","2010","Year","Pakistani/ Bangladehsi","Skilled Trades Occupations","SOC 2010","6.7","%","434000","29000","6.92","","","","","","",""
"Proportion of ethnic group who are employed, split by occupation group","2010","Year","Pakistani/ Bangladehsi","Caring, Leisure And Other Service Occupations","SOC 2010","5.8","%","434000","25300","7.19","","","","","","",""
"Proportion of ethnic group who are employed, split by occupation group","2010","Year","Pakistani/ Bangladehsi","Sales And Customer Service Occupations","SOC 2010","13.7","%","434000","59400","7.32","","","","","","",""
"Proportion of ethnic group who are employed, split by occupation group","2010","Year","Pakistani/ Bangladehsi","Process, Plant And Machine Operatives","SOC 2010","14.5","%","434000","62900","6.38","","","","","","",""
"Proportion of ethnic group who are employed, split by occupation group","2010","Year","Pakistani/ Bangladehsi","Elementary Occupations","SOC 2010","14.9","%","434000","64600","7.08","","","","","","",""
"Proportion of ethnic group who are employed, split by occupation group","2010","Year","White","Managers, Directors And Senior Officials","SOC 2010","16.1","%","25372300","4088100","0.75","","","","","","",""
"Proportion of ethnic group who are employed, split by occupation group","2010","Year","White","Professional Occupations","SOC 2010","13.7","%","25372300","3486200","0.76","","","","","","",""
"Proportion of ethnic group who are employed, split by occupation group","2010","Year","White","Associate Professional And Technical Occupations","SOC 2010","14.8","%","25372300","3747600","0.75","","","","","","",""
"Proportion of ethnic group who are employed, split by occupation group","2010","Year","White","Administrative And Secretarial Occupations","SOC 2010","10.9","%","25372300","2777200","0.75","","","","","","",""
"Proportion of ethnic group who are employed, split by occupation group","2010","Year","White","Skilled Trades Occupations","SOC 2010","10.7","%","25372300","2726000","0.76","","","","","","",""
"Proportion of ethnic group who are employed, split by occupation group","2010","Year","White","Caring, Leisure And Other Service Occupations","SOC 2010","9.0","%","25372300","2280800","0.75","","","","","","",""
"Proportion of ethnic group who are employed, split by occupation group","2010","Year","White","Sales And Customer Service Occupations","SOC 2010","7.2","%","25372300","1823500","0.77","","","","","","",""
"Proportion of ethnic group who are employed, split by occupation group","2010","Year","White","Process, Plant And Machine Operatives","SOC 2010","6.6","%","25372300","1671500","0.76","","","","","","",""
"Proportion of ethnic group who are employed, split by occupation group","2010","Year","White","Elementary Occupations","SOC 2010","10.9","%","25372300","2771500","0.75","","","","","","",""
"Proportion of ethnic group who are employed, split by occupation group","2010","Year","White British","Managers, Directors And Senior Officials","SOC 2010","16.4","%","23521100","3850000","0.77","","","","","","",""
"Proportion of ethnic group who are employed, split by occupation group","2010","Year","White British","Professional Occupations","SOC 2010","13.6","%","23521100","3200400","0.79","","","","","","",""
"Proportion of ethnic group who are employed, split by occupation group","2010","Year","White British","Associate Professional And Technical Occupations","SOC 2010","14.9","%","23521100","3496700","0.77","","","","","","",""
"Proportion of ethnic group who are employed, split by occupation group","2010","Year","White British","Administrative And Secretarial Occupations","SOC 2010","11.2","%","23521100","2626500","0.77","","","","","","",""
"Proportion of ethnic group who are employed, split by occupation group","2010","Year","White British","Skilled Trades Occupations","SOC 2010","10.7","%","23521100","2515800","0.79","","","","","","",""
"Proportion of ethnic group who are employed, split by occupation group","2010","Year","White British","Caring, Leisure And Other Service Occupations","SOC 2010","9.1","%","23521100","2144200","0.78","","","","","","",""
"Proportion of ethnic group who are employed, split by occupation group","2010","Year","White British","Sales And Customer Service Occupations","SOC 2010","7.3","%","23521100","1723800","0.79","","","","","","",""
"Proportion of ethnic group who are employed, split by occupation group","2010","Year","White British","Process, Plant And Machine Operatives","SOC 2010","6.4","%","23521100","1509100","0.78","","","","","","",""
"Proportion of ethnic group who are employed, split by occupation group","2010","Year","White British","Elementary Occupations","SOC 2010","10.4","%","23521100","2454700","0.77","","","","","","",""
"Proportion of ethnic group who are employed, split by occupation group","2010","Year","White Other","Managers, Directors And Senior Officials","SOC 2010","12.9","%","1851200","238100","2.96","","","","","","",""
"Proportion of ethnic group who are employed, split by occupation group","2010","Year","White Other","Professional Occupations","SOC 2010","15.4","%","1851200","285800","2.98","","","","","","",""
"Proportion of ethnic group who are employed, split by occupation group","2010","Year","White Other","Associate Professional And Technical Occupations","SOC 2010","13.6","%","1851200","250900","3.04","","","","","","",""
"Proportion of ethnic group who are employed, split by occupation group","2010","Year","White Other","Administrative And Secretarial Occupations","SOC 2010","8.1","%","1851200","150700","2.91","","","","","","",""
"Proportion of ethnic group who are employed, split by occupation group","2010","Year","White Other","Skilled Trades Occupations","SOC 2010","11.4","%","1851200","210200","3.04","","","","","","",""
"Proportion of ethnic group who are employed, split by occupation group","2010","Year","White Other","Caring, Leisure And Other Service Occupations","SOC 2010","7.4","%","1851200","136600","2.86","","","","","","",""
"Proportion of ethnic group who are employed, split by occupation group","2010","Year","White Other","Sales And Customer Service Occupations","SOC 2010","5.4","%","1851200","99700","3.02","","","","","","",""
"Proportion of ethnic group who are employed, split by occupation group","2010","Year","White Other","Process, Plant And Machine Operatives","SOC 2010","8.8","%","1851200","162400","2.89","","","","","","",""
"Proportion of ethnic group who are employed, split by occupation group","2010","Year","White Other","Elementary Occupations","SOC 2010","17.1","%","1851200","316800","2.91","","","","","","",""
"Proportion of ethnic group who are employed, split by occupation group","2011","Year","All","Managers, Directors And Senior Officials","SOC 2010","9.9","%","29070000","2891200","0.49","","","","","","",""
"Proportion of ethnic group who are employed, split by occupation group","2011","Year","All","Professional Occupations","SOC 2010","19.4","%","29070000","5626200","0.47","","","","","","",""
"Proportion of ethnic group who are employed, split by occupation group","2011","Year","All","Associate Professional And Technical Occupations","SOC 2010","13.7","%","29070000","3994000","0.49","","","","","","",""
"Proportion of ethnic group who are employed, split by occupation group","2011","Year","All","Administrative And Secretarial Occupations","SOC 2010","11.1","%","29070000","3235700","0.48","","","","","","",""
"Proportion of ethnic group who are employed, split by occupation group","2011","Year","All","Skilled Trades Occupations","SOC 2010","11.0","%","29070000","3183400","0.49","","","","","","",""
"Proportion of ethnic group who are employed, split by occupation group","2011","Year","All","Caring, Leisure And Other Service Occupations","SOC 2010","9.1","%","29070000","2640600","0.48","","","","","","",""
"Proportion of ethnic group who are employed, split by occupation group","2011","Year","All","Sales And Customer Service Occupations","SOC 2010","8.2","%","29070000","2382200","0.50","","","","","","",""
"Proportion of ethnic group who are employed, split by occupation group","2011","Year","All","Process, Plant And Machine Operatives","SOC 2010","6.5","%","29070000","1886100","0.49","","","","","","",""
"Proportion of ethnic group who are employed, split by occupation group","2011","Year","All","Elementary Occupations","SOC 2010","11.1","%","29070000","3230600","0.49","","","","","","",""
"Proportion of ethnic group who are employed, split by occupation group","2011","Year","Asian","Managers, Directors And Senior Officials","SOC 2010","8.8","%","1640400","145000","3.56","","","","","","",""
"Proportion of ethnic group who are employed, split by occupation group","2011","Year","Asian","Professional Occupations","SOC 2010","23.9","%","1640400","392600","3.42","","","","","","",""
"Proportion of ethnic group who are employed, split by occupation group","2011","Year","Asian","Associate Professional And Technical Occupations","SOC 2010","10.9","%","1640400","179600","3.82","","","","","","",""
"Proportion of ethnic group who are employed, split by occupation group","2011","Year","Asian","Administrative And Secretarial Occupations","SOC 2010","9.8","%","1640400","160900","3.66","","","","","","",""
"Proportion of ethnic group who are employed, split by occupation group","2011","Year","Asian","Skilled Trades Occupations","SOC 2010","6.3","%","1640400","103600","3.67","","","","","","",""
"Proportion of ethnic group who are employed, split by occupation group","2011","Year","Asian","Caring, Leisure And Other Service Occupations","SOC 2010","6.6","%","1640400","108500","3.68","","","","","","",""
"Proportion of ethnic group who are employed, split by occupation group","2011","Year","Asian","Sales And Customer Service Occupations","SOC 2010","11.4","%","1640400","187700","3.77","","","","","","",""
"Proportion of ethnic group who are employed, split by occupation group","2011","Year","Asian","Process, Plant And Machine Operatives","SOC 2010","9.1","%","1640400","149000","3.56","","","","","","",""
"Proportion of ethnic group who are employed, split by occupation group","2011","Year","Asian","Elementary Occupations","SOC 2010","13.0","%","1640400","213400","3.62","","","","","","",""
"Proportion of ethnic group who are employed, split by occupation group","2011","Year","Black","Managers, Directors And Senior Officials","SOC 2010","5.4","%","664100","35900","6.39","","","","","","",""
"Proportion of ethnic group who are employed, split by occupation group","2011","Year","Black","Professional Occupations","SOC 2010","21.4","%","664100","142400","5.49","","","","","","",""
"Proportion of ethnic group who are employed, split by occupation group","2011","Year","Black","Associate Professional And Technical Occupations","SOC 2010","11.3","%","664100","74900","6.11","","","","","","",""
"Proportion of ethnic group who are employed, split by occupation group","2011","Year","Black","Administrative And Secretarial Occupations","SOC 2010","10.8","%","664100","71600","6.22","","","","","","",""
"Proportion of ethnic group who are employed, split by occupation group","2011","Year","Black","Skilled Trades Occupations","SOC 2010","5.6","%","664100","37000","6.20","","","","","","",""
"Proportion of ethnic group who are employed, split by occupation group","2011","Year","Black","Caring, Leisure And Other Service Occupations","SOC 2010","16.7","%","664100","110700","5.65","","","","","","",""
"Proportion of ethnic group who are employed, split by occupation group","2011","Year","Black","Sales And Customer Service Occupations","SOC 2010","8.7","%","664100","57800","6.37","","","","","","",""
"Proportion of ethnic group who are employed, split by occupation group","2011","Year","Black","Process, Plant And Machine Operatives","SOC 2010","5.3","%","664100","35500","6.10","","","","","","",""
"Proportion of ethnic group who are employed, split by occupation group","2011","Year","Black","Elementary Occupations","SOC 2010","14.8","%","664100","98300","5.70","","","","","","",""
"Proportion of ethnic group who are employed, split by occupation group","2011","Year","Indian","Managers, Directors And Senior Officials","SOC 2010","9.0","%","749100","67700","5.37","","","","","","",""
"Proportion of ethnic group who are employed, split by occupation group","2011","Year","Indian","Professional Occupations","SOC 2010","29.0","%","749100","217000","4.91","","","","","","",""
"Proportion of ethnic group who are employed, split by occupation group","2011","Year","Indian","Associate Professional And Technical Occupations","SOC 2010","12.7","%","749100","95200","5.70","","","","","","",""
"Proportion of ethnic group who are employed, split by occupation group","2011","Year","Indian","Administrative And Secretarial Occupations","SOC 2010","10.9","%","749100","81500","5.39","","","","","","",""
"Proportion of ethnic group who are employed, split by occupation group","2011","Year","Indian","Skilled Trades Occupations","SOC 2010","5.2","%","749100","38800","5.56","","","","","","",""
"Proportion of ethnic group who are employed, split by occupation group","2011","Year","Indian","Caring, Leisure And Other Service Occupations","SOC 2010","5.0","%","749100","37600","5.45","","","","","","",""
"Proportion of ethnic group who are employed, split by occupation group","2011","Year","Indian","Sales And Customer Service Occupations","SOC 2010","10.1","%","749100","75500","5.51","","","","","","",""
"Proportion of ethnic group who are employed, split by occupation group","2011","Year","Indian","Process, Plant And Machine Operatives","SOC 2010","7.7","%","749100","57300","5.42","","","","","","",""
"Proportion of ethnic group who are employed, split by occupation group","2011","Year","Indian","Elementary Occupations","SOC 2010","10.5","%","749100","78300","5.33","","","","","","",""
"Proportion of ethnic group who are employed, split by occupation group","2011","Year","Mixed/Multiple ethnic groups","Managers, Directors And Senior Officials","SOC 2010","6.5","%","238500","15600","7.47","","","","","","",""
"Proportion of ethnic group who are employed, split by occupation group","2011","Year","Mixed/Multiple ethnic groups","Professional Occupations","SOC 2010","23.8","%","238500","56600","7.68","","","","","","",""
"Proportion of ethnic group who are employed, split by occupation group","2011","Year","Mixed/Multiple ethnic groups","Associate Professional And Technical Occupations","SOC 2010","19.0","%","238500","45200","8.16","","","","","","",""
"Proportion of ethnic group who are employed, split by occupation group","2011","Year","Mixed/Multiple ethnic groups","Administrative And Secretarial Occupations","SOC 2010","9.7","%","238500","23200","8.22","","","","","","",""
"Proportion of ethnic group who are employed, split by occupation group","2011","Year","Mixed/Multiple ethnic groups","Skilled Trades Occupations","SOC 2010","5.8","%","238500","13900","8.56","","","","","","",""
"Proportion of ethnic group who are employed, split by occupation group","2011","Year","Mixed/Multiple ethnic groups","Caring, Leisure And Other Service Occupations","SOC 2010","10.5","%","238500","25000","7.76","","","","","","",""
"Proportion of ethnic group who are employed, split by occupation group","2011","Year","Mixed/Multiple ethnic groups","Sales And Customer Service Occupations","SOC 2010","11.5","%","238500","27500","8.09","","","","","","",""
"Proportion of ethnic group who are employed, split by occupation group","2011","Year","Mixed/Multiple ethnic groups","Process, Plant And Machine Operatives","SOC 2010","2.6","%","238500","6200","8.46","","","","","","",""
"Proportion of ethnic group who are employed, split by occupation group","2011","Year","Mixed/Multiple ethnic groups","Elementary Occupations","SOC 2010","10.6","%","238500","25300","8.18","","","","","","",""
"Proportion of ethnic group who are employed, split by occupation group","2011","Year","Other Asian (inc. Chinese)","Managers, Directors And Senior Officials","SOC 2010","8.6","%","415800","35900","7.13","","","","","","",""
"Proportion of ethnic group who are employed, split by occupation group","2011","Year","Other Asian (inc. Chinese)","Professional Occupations","SOC 2010","25.6","%","415800","106400","6.75","","","","","","",""
"Proportion of ethnic group who are employed, split by occupation group","2011","Year","Other Asian (inc. Chinese)","Associate Professional And Technical Occupations","SOC 2010","9.6","%","415800","40000","7.58","","","","","","",""
"Proportion of ethnic group who are employed, split by occupation group","2011","Year","Other Asian (inc. Chinese)","Administrative And Secretarial Occupations","SOC 2010","8.7","%","415800","36200","7.33","","","","","","",""
"Proportion of ethnic group who are employed, split by occupation group","2011","Year","Other Asian (inc. Chinese)","Skilled Trades Occupations","SOC 2010","7.1","%","415800","29600","7.32","","","","","","",""
"Proportion of ethnic group who are employed, split by occupation group","2011","Year","Other Asian (inc. Chinese)","Caring, Leisure And Other Service Occupations","SOC 2010","10.3","%","415800","42700","7.08","","","","","","",""
"Proportion of ethnic group who are employed, split by occupation group","2011","Year","Other Asian (inc. Chinese)","Sales And Customer Service Occupations","SOC 2010","9.1","%","415800","37800","7.39","","","","","","",""
"Proportion of ethnic group who are employed, split by occupation group","2011","Year","Other Asian (inc. Chinese)","Process, Plant And Machine Operatives","SOC 2010","5.5","%","415800","22900","7.24","","","","","","",""
"Proportion of ethnic group who are employed, split by occupation group","2011","Year","Other Asian (inc. Chinese)","Elementary Occupations","SOC 2010","15.5","%","415800","64400","7.02","","","","","","",""
"Proportion of ethnic group who are employed, split by occupation group","2011","Year","Other ethnic group","Managers, Directors And Senior Officials","SOC 2010","9.5","%","389800","37200","7.53","","","","","","",""
"Proportion of ethnic group who are employed, split by occupation group","2011","Year","Other ethnic group","Professional Occupations","SOC 2010","23.6","%","389800","92200","7.09","","","","","","",""
"Proportion of ethnic group who are employed, split by occupation group","2011","Year","Other ethnic group","Associate Professional And Technical Occupations","SOC 2010","12.4","%","389800","48400","7.76","","","","","","",""
"Proportion of ethnic group who are employed, split by occupation group","2011","Year","Other ethnic group","Administrative And Secretarial Occupations","SOC 2010","8.9","%","389800","34900","7.87","","","","","","",""
"Proportion of ethnic group who are employed, split by occupation group","2011","Year","Other ethnic group","Skilled Trades Occupations","SOC 2010","9.1","%","389800","35500","8.06","","","","","","",""
"Proportion of ethnic group who are employed, split by occupation group","2011","Year","Other ethnic group","Caring, Leisure And Other Service Occupations","SOC 2010","7.6","%","389800","29500","7.41","","","","","","",""
"Proportion of ethnic group who are employed, split by occupation group","2011","Year","Other ethnic group","Sales And Customer Service Occupations","SOC 2010","7.5","%","389800","29100","7.61","","","","","","",""
"Proportion of ethnic group who are employed, split by occupation group","2011","Year","Other ethnic group","Process, Plant And Machine Operatives","SOC 2010","7.4","%","389800","28800","7.78","","","","","","",""
"Proportion of ethnic group who are employed, split by occupation group","2011","Year","Other ethnic group","Elementary Occupations","SOC 2010","13.9","%","389800","54300","7.26","","","","","","",""
"Proportion of ethnic group who are employed, split by occupation group","2011","Year","Pakistani/ Bangladeshi","Managers, Directors And Senior Officials","SOC 2010","8.7","%","475500","41500","6.36","","","","","","",""
"Proportion of ethnic group who are employed, split by occupation group","2011","Year","Pakistani/ Bangladeshi","Professional Occupations","SOC 2010","14.6","%","475500","69300","6.59","","","","","","",""
"Proportion of ethnic group who are employed, split by occupation group","2011","Year","Pakistani/ Bangladeshi","Associate Professional And Technical Occupations","SOC 2010","9.3","%","475500","44400","6.92","","","","","","",""
"Proportion of ethnic group who are employed, split by occupation group","2011","Year","Pakistani/ Bangladeshi","Administrative And Secretarial Occupations","SOC 2010","9.1","%","475500","43100","6.81","","","","","","",""
"Proportion of ethnic group who are employed, split by occupation group","2011","Year","Pakistani/ Bangladeshi","Skilled Trades Occupations","SOC 2010","7.4","%","475500","35200","6.63","","","","","","",""
"Proportion of ethnic group who are employed, split by occupation group","2011","Year","Pakistani/ Bangladeshi","Caring, Leisure And Other Service Occupations","SOC 2010","5.9","%","475500","28200","7.08","","","","","","",""
"Proportion of ethnic group who are employed, split by occupation group","2011","Year","Pakistani/ Bangladeshi","Sales And Customer Service Occupations","SOC 2010","15.6","%","475500","74400","7.05","","","","","","",""
"Proportion of ethnic group who are employed, split by occupation group","2011","Year","Pakistani/ Bangladeshi","Process, Plant And Machine Operatives","SOC 2010","14.5","%","475500","68700","6.29","","","","","","",""
"Proportion of ethnic group who are employed, split by occupation group","2011","Year","Pakistani/ Bangladeshi","Elementary Occupations","SOC 2010","14.9","%","475500","70700","6.84","","","","","","",""
"Proportion of ethnic group who are employed, split by occupation group","2011","Year","White","Managers, Directors And Senior Officials","SOC 2010","10.2","%","26120100","2655400","0.78","","","","","","",""
"Proportion of ethnic group who are employed, split by occupation group","2011","Year","White","Professional Occupations","SOC 2010","18.9","%","26120100","4938100","0.75","","","","","","",""
"Proportion of ethnic group who are employed, split by occupation group","2011","Year","White","Associate Professional And Technical Occupations","SOC 2010","13.9","%","26120100","3642100","0.77","","","","","","",""
"Proportion of ethnic group who are employed, split by occupation group","2011","Year","White","Administrative And Secretarial Occupations","SOC 2010","11.3","%","26120100","2942500","0.75","","","","","","",""
"Proportion of ethnic group who are employed, split by occupation group","2011","Year","White","Skilled Trades Occupations","SOC 2010","11.5","%","26120100","2992100","0.77","","","","","","",""
"Proportion of ethnic group who are employed, split by occupation group","2011","Year","White","Caring, Leisure And Other Service Occupations","SOC 2010","9.1","%","26120100","2365600","0.76","","","","","","",""
"Proportion of ethnic group who are employed, split by occupation group","2011","Year","White","Sales And Customer Service Occupations","SOC 2010","8.0","%","26120100","2079600","0.78","","","","","","",""
"Proportion of ethnic group who are employed, split by occupation group","2011","Year","White","Process, Plant And Machine Operatives","SOC 2010","6.4","%","26120100","1666000","0.77","","","","","","",""
"Proportion of ethnic group who are employed, split by occupation group","2011","Year","White","Elementary Occupations","SOC 2010","10.9","%","26120100","2838700","0.76","","","","","","",""
"Proportion of ethnic group who are employed, split by occupation group","2011","Year","White British","Managers, Directors And Senior Officials","SOC 2010","10.2","%","23950900","2454800","0.81","","","","","","",""
"Proportion of ethnic group who are employed, split by occupation group","2011","Year","White British","Professional Occupations","SOC 2010","18.7","%","23950900","4480500","0.77","","","","","","",""
"Proportion of ethnic group who are employed, split by occupation group","2011","Year","White British","Associate Professional And Technical Occupations","SOC 2010","14.0","%","23950900","3361700","0.80","","","","","","",""
"Proportion of ethnic group who are employed, split by occupation group","2011","Year","White British","Administrative And Secretarial Occupations","SOC 2010","11.5","%","23950900","2761800","0.78","","","","","","",""
"Proportion of ethnic group who are employed, split by occupation group","2011","Year","White British","Skilled Trades Occupations","SOC 2010","11.6","%","23950900","2766500","0.80","","","","","","",""
"Proportion of ethnic group who are employed, split by occupation group","2011","Year","White British","Caring, Leisure And Other Service Occupations","SOC 2010","9.2","%","23950900","2205900","0.79","","","","","","",""
"Proportion of ethnic group who are employed, split by occupation group","2011","Year","White British","Sales And Customer Service Occupations","SOC 2010","8.2","%","23950900","1965600","0.81","","","","","","",""
"Proportion of ethnic group who are employed, split by occupation group","2011","Year","White British","Process, Plant And Machine Operatives","SOC 2010","6.2","%","23950900","1487800","0.80","","","","","","",""
"Proportion of ethnic group who are employed, split by occupation group","2011","Year","White British","Elementary Occupations","SOC 2010","10.3","%","23950900","2466300","0.79","","","","","","",""
"Proportion of ethnic group who are employed, split by occupation group","2011","Year","White Other","Managers, Directors And Senior Officials","SOC 2010","9.3","%","2160500","200400","2.95","","","","","","",""
"Proportion of ethnic group who are employed, split by occupation group","2011","Year","White Other","Professional Occupations","SOC 2010","21.2","%","2160500","457600","2.77","","","","","","",""
"Proportion of ethnic group who are employed, split by occupation group","2011","Year","White Other","Associate Professional And Technical Occupations","SOC 2010","13.0","%","2160500","280200","2.89","","","","","","",""
"Proportion of ethnic group who are employed, split by occupation group","2011","Year","White Other","Administrative And Secretarial Occupations","SOC 2010","8.3","%","2160500","179400","2.88","","","","","","",""
"Proportion of ethnic group who are employed, split by occupation group","2011","Year","White Other","Skilled Trades Occupations","SOC 2010","10.3","%","2160500","222800","2.99","","","","","","",""
"Proportion of ethnic group who are employed, split by occupation group","2011","Year","White Other","Caring, Leisure And Other Service Occupations","SOC 2010","7.3","%","2160500","158700","2.86","","","","","","",""
"Proportion of ethnic group who are employed, split by occupation group","2011","Year","White Other","Sales And Customer Service Occupations","SOC 2010","5.3","%","2160500","113800","2.99","","","","","","",""
"Proportion of ethnic group who are employed, split by occupation group","2011","Year","White Other","Process, Plant And Machine Operatives","SOC 2010","8.2","%","2160500","177800","2.87","","","","","","",""
"Proportion of ethnic group who are employed, split by occupation group","2011","Year","White Other","Elementary Occupations","SOC 2010","17.1","%","2160500","369900","2.78","","","","","","",""
"Proportion of ethnic group who are employed, split by occupation group","2012","Year","All","Managers, Directors And Senior Officials","SOC 2010","10.1","%","29304800","2966100","0.49","","","","","","",""
"Proportion of ethnic group who are employed, split by occupation group","2012","Year","All","Professional Occupations","SOC 2010","19.5","%","29304800","5702700","0.47","","","","","","",""
"Proportion of ethnic group who are employed, split by occupation group","2012","Year","All","Associate Professional And Technical Occupations","SOC 2010","14.1","%","29304800","4139700","0.49","","","","","","",""
"Proportion of ethnic group who are employed, split by occupation group","2012","Year","All","Administrative And Secretarial Occupations","SOC 2010","11.0","%","29304800","3232500","0.48","","","","","","",""
"Proportion of ethnic group who are employed, split by occupation group","2012","Year","All","Skilled Trades Occupations","SOC 2010","10.6","%","29304800","3119700","0.48","","","","","","",""
"Proportion of ethnic group who are employed, split by occupation group","2012","Year","All","Caring, Leisure And Other Service Occupations","SOC 2010","9.1","%","29304800","2662800","0.48","","","","","","",""
"Proportion of ethnic group who are employed, split by occupation group","2012","Year","All","Sales And Customer Service Occupations","SOC 2010","8.2","%","29304800","2409200","0.49","","","","","","",""
"Proportion of ethnic group who are employed, split by occupation group","2012","Year","All","Process, Plant And Machine Operatives","SOC 2010","6.3","%","29304800","1860700","0.48","","","","","","",""
"Proportion of ethnic group who are employed, split by occupation group","2012","Year","All","Elementary Occupations","SOC 2010","11.0","%","29304800","3211200","0.48","","","","","","",""
"Proportion of ethnic group who are employed, split by occupation group","2012","Year","Asian","Managers, Directors And Senior Officials","SOC 2010","9.4","%","1685900","158200","3.57","","","","","","",""
"Proportion of ethnic group who are employed, split by occupation group","2012","Year","Asian","Professional Occupations","SOC 2010","24.1","%","1685900","406800","3.33","","","","","","",""
"Proportion of ethnic group who are employed, split by occupation group","2012","Year","Asian","Associate Professional And Technical Occupations","SOC 2010","10.6","%","1685900","178400","3.70","","","","","","",""
"Proportion of ethnic group who are employed, split by occupation group","2012","Year","Asian","Administrative And Secretarial Occupations","SOC 2010","9.9","%","1685900","166400","3.62","","","","","","",""
"Proportion of ethnic group who are employed, split by occupation group","2012","Year","Asian","Skilled Trades Occupations","SOC 2010","6.7","%","1685900","112900","3.64","","","","","","",""
"Proportion of ethnic group who are employed, split by occupation group","2012","Year","Asian","Caring, Leisure And Other Service Occupations","SOC 2010","7.2","%","1685900","121200","3.57","","","","","","",""
"Proportion of ethnic group who are employed, split by occupation group","2012","Year","Asian","Sales And Customer Service Occupations","SOC 2010","11.3","%","1685900","190200","3.69","","","","","","",""
"Proportion of ethnic group who are employed, split by occupation group","2012","Year","Asian","Process, Plant And Machine Operatives","SOC 2010","8.7","%","1685900","146300","3.54","","","","","","",""
"Proportion of ethnic group who are employed, split by occupation group","2012","Year","Asian","Elementary Occupations","SOC 2010","12.2","%","1685900","205400","3.58","","","","","","",""
"Proportion of ethnic group who are employed, split by occupation group","2012","Year","Black","Managers, Directors And Senior Officials","SOC 2010","5.6","%","689500","38800","6.25","","","","","","",""
"Proportion of ethnic group who are employed, split by occupation group","2012","Year","Black","Professional Occupations","SOC 2010","21.7","%","689500","149800","5.33","","","","","","",""
"Proportion of ethnic group who are employed, split by occupation group","2012","Year","Black","Associate Professional And Technical Occupations","SOC 2010","12.5","%","689500","86200","5.79","","","","","","",""
"Proportion of ethnic group who are employed, split by occupation group","2012","Year","Black","Administrative And Secretarial Occupations","SOC 2010","10.1","%","689500","69900","6.17","","","","","","",""
"Proportion of ethnic group who are employed, split by occupation group","2012","Year","Black","Skilled Trades Occupations","SOC 2010","5.9","%","689500","40600","6.23","","","","","","",""
"Proportion of ethnic group who are employed, split by occupation group","2012","Year","Black","Caring, Leisure And Other Service Occupations","SOC 2010","15.9","%","689500","109900","5.48","","","","","","",""
"Proportion of ethnic group who are employed, split by occupation group","2012","Year","Black","Sales And Customer Service Occupations","SOC 2010","8.2","%","689500","56700","6.05","","","","","","",""
"Proportion of ethnic group who are employed, split by occupation group","2012","Year","Black","Process, Plant And Machine Operatives","SOC 2010","5.2","%","689500","35600","6.13","","","","","","",""
"Proportion of ethnic group who are employed, split by occupation group","2012","Year","Black","Elementary Occupations","SOC 2010","14.8","%","689500","101900","5.72","","","","","","",""
"Proportion of ethnic group who are employed, split by occupation group","2012","Year","Indian","Managers, Directors And Senior Officials","SOC 2010","9.9","%","747200","73900","5.42","","","","","","",""
"Proportion of ethnic group who are employed, split by occupation group","2012","Year","Indian","Professional Occupations","SOC 2010","30.7","%","747200","229300","4.75","","","","","","",""
"Proportion of ethnic group who are employed, split by occupation group","2012","Year","Indian","Associate Professional And Technical Occupations","SOC 2010","11.8","%","747200","88200","5.58","","","","","","",""
"Proportion of ethnic group who are employed, split by occupation group","2012","Year","Indian","Administrative And Secretarial Occupations","SOC 2010","10.9","%","747200","81200","5.28","","","","","","",""
"Proportion of ethnic group who are employed, split by occupation group","2012","Year","Indian","Skilled Trades Occupations","SOC 2010","5.5","%","747200","41400","5.46","","","","","","",""
"Proportion of ethnic group who are employed, split by occupation group","2012","Year","Indian","Caring, Leisure And Other Service Occupations","SOC 2010","5.5","%","747200","41300","5.26","","","","","","",""
"Proportion of ethnic group who are employed, split by occupation group","2012","Year","Indian","Sales And Customer Service Occupations","SOC 2010","10.9","%","747200","81700","5.56","","","","","","",""
"Proportion of ethnic group who are employed, split by occupation group","2012","Year","Indian","Process, Plant And Machine Operatives","SOC 2010","5.9","%","747200","44100","5.18","","","","","","",""
"Proportion of ethnic group who are employed, split by occupation group","2012","Year","Indian","Elementary Occupations","SOC 2010","8.8","%","747200","65800","5.21","","","","","","",""
"Proportion of ethnic group who are employed, split by occupation group","2012","Year","Mixed/Multiple ethnic groups","Managers, Directors And Senior Officials","SOC 2010","7.7","%","247200","19100","7.98","","","","","","",""
"Proportion of ethnic group who are employed, split by occupation group","2012","Year","Mixed/Multiple ethnic groups","Professional Occupations","SOC 2010","22.1","%","247200","54600","7.60","","","","","","",""
"Proportion of ethnic group who are employed, split by occupation group","2012","Year","Mixed/Multiple ethnic groups","Associate Professional And Technical Occupations","SOC 2010","18.7","%","247200","46300","7.79","","","","","","",""
"Proportion of ethnic group who are employed, split by occupation group","2012","Year","Mixed/Multiple ethnic groups","Administrative And Secretarial Occupations","SOC 2010","12.8","%","247200","31700","8.39","","","","","","",""
"Proportion of ethnic group who are employed, split by occupation group","2012","Year","Mixed/Multiple ethnic groups","Skilled Trades Occupations","SOC 2010","6.0","%","247200","14700","8.19","","","","","","",""
"Proportion of ethnic group who are employed, split by occupation group","2012","Year","Mixed/Multiple ethnic groups","Caring, Leisure And Other Service Occupations","SOC 2010","9.1","%","247200","22600","7.58","","","","","","",""
"Proportion of ethnic group who are employed, split by occupation group","2012","Year","Mixed/Multiple ethnic groups","Sales And Customer Service Occupations","SOC 2010","11.0","%","247200","27200","8.04","","","","","","",""
"Proportion of ethnic group who are employed, split by occupation group","2012","Year","Mixed/Multiple ethnic groups","Process, Plant And Machine Operatives","SOC 2010","2.9","%","247200","7200","7.90","","","","","","",""
"Proportion of ethnic group who are employed, split by occupation group","2012","Year","Mixed/Multiple ethnic groups","Elementary Occupations","SOC 2010","9.7","%","247200","23900","8.05","","","","","","",""
"Proportion of ethnic group who are employed, split by occupation group","2012","Year","Other Asian (inc. Chinese)","Managers, Directors And Senior Officials","SOC 2010","8.3","%","438100","36300","7.24","","","","","","",""
"Proportion of ethnic group who are employed, split by occupation group","2012","Year","Other Asian (inc. Chinese)","Professional Occupations","SOC 2010","24.1","%","438100","105600","6.76","","","","","","",""
"Proportion of ethnic group who are employed, split by occupation group","2012","Year","Other Asian (inc. Chinese)","Associate Professional And Technical Occupations","SOC 2010","11.5","%","438100","50400","7.28","","","","","","",""
"Proportion of ethnic group who are employed, split by occupation group","2012","Year","Other Asian (inc. Chinese)","Administrative And Secretarial Occupations","SOC 2010","8.4","%","438100","36600","7.32","","","","","","",""
"Proportion of ethnic group who are employed, split by occupation group","2012","Year","Other Asian (inc. Chinese)","Skilled Trades Occupations","SOC 2010","6.9","%","438100","30100","7.11","","","","","","",""
"Proportion of ethnic group who are employed, split by occupation group","2012","Year","Other Asian (inc. Chinese)","Caring, Leisure And Other Service Occupations","SOC 2010","9.9","%","438100","43200","6.90","","","","","","",""
"Proportion of ethnic group who are employed, split by occupation group","2012","Year","Other Asian (inc. Chinese)","Sales And Customer Service Occupations","SOC 2010","9.9","%","438100","43300","7.44","","","","","","",""
"Proportion of ethnic group who are employed, split by occupation group","2012","Year","Other Asian (inc. Chinese)","Process, Plant And Machine Operatives","SOC 2010","5.7","%","438100","24900","7.62","","","","","","",""
"Proportion of ethnic group who are employed, split by occupation group","2012","Year","Other Asian (inc. Chinese)","Elementary Occupations","SOC 2010","15.5","%","438100","67800","6.89","","","","","","",""
"Proportion of ethnic group who are employed, split by occupation group","2012","Year","Other ethnic group","Managers, Directors And Senior Officials","SOC 2010","10.1","%","394600","40000","7.24","","","","","","",""
"Proportion of ethnic group who are employed, split by occupation group","2012","Year","Other ethnic group","Professional Occupations","SOC 2010","21.0","%","394600","82700","6.94","","","","","","",""
"Proportion of ethnic group who are employed, split by occupation group","2012","Year","Other ethnic group","Associate Professional And Technical Occupations","SOC 2010","13.5","%","394600","53400","7.85","","","","","","",""
"Proportion of ethnic group who are employed, split by occupation group","2012","Year","Other ethnic group","Administrative And Secretarial Occupations","SOC 2010","8.7","%","394600","34300","7.73","","","","","","",""
"Proportion of ethnic group who are employed, split by occupation group","2012","Year","Other ethnic group","Skilled Trades Occupations","SOC 2010","7.8","%","394600","30900","7.71","","","","","","",""
"Proportion of ethnic group who are employed, split by occupation group","2012","Year","Other ethnic group","Caring, Leisure And Other Service Occupations","SOC 2010","7.4","%","394600","29300","7.12","","","","","","",""
"Proportion of ethnic group who are employed, split by occupation group","2012","Year","Other ethnic group","Sales And Customer Service Occupations","SOC 2010","8.9","%","394600","35100","8.10","","","","","","",""
"Proportion of ethnic group who are employed, split by occupation group","2012","Year","Other ethnic group","Process, Plant And Machine Operatives","SOC 2010","6.9","%","394600","27400","7.49","","","","","","",""
"Proportion of ethnic group who are employed, split by occupation group","2012","Year","Other ethnic group","Elementary Occupations","SOC 2010","15.6","%","394600","61500","7.20","","","","","","",""
"Proportion of ethnic group who are employed, split by occupation group","2012","Year","Pakistani/ Bangladeshi","Managers, Directors And Senior Officials","SOC 2010","9.6","%","500600","48000","6.31","","","","","","",""
"Proportion of ethnic group who are employed, split by occupation group","2012","Year","Pakistani/ Bangladeshi","Professional Occupations","SOC 2010","14.4","%","500600","72000","6.37","","","","","","",""
"Proportion of ethnic group who are employed, split by occupation group","2012","Year","Pakistani/ Bangladeshi","Associate Professional And Technical Occupations","SOC 2010","8.0","%","500600","39800","6.66","","","","","","",""
"Proportion of ethnic group who are employed, split by occupation group","2012","Year","Pakistani/ Bangladeshi","Administrative And Secretarial Occupations","SOC 2010","9.7","%","500600","48600","6.83","","","","","","",""
"Proportion of ethnic group who are employed, split by occupation group","2012","Year","Pakistani/ Bangladeshi","Skilled Trades Occupations","SOC 2010","8.3","%","500600","41400","6.70","","","","","","",""
"Proportion of ethnic group who are employed, split by occupation group","2012","Year","Pakistani/ Bangladeshi","Caring, Leisure And Other Service Occupations","SOC 2010","7.3","%","500600","36700","6.79","","","","","","",""
"Proportion of ethnic group who are employed, split by occupation group","2012","Year","Pakistani/ Bangladeshi","Sales And Customer Service Occupations","SOC 2010","13.0","%","500600","65100","6.63","","","","","","",""
"Proportion of ethnic group who are employed, split by occupation group","2012","Year","Pakistani/ Bangladeshi","Process, Plant And Machine Operatives","SOC 2010","15.4","%","500600","77200","6.26","","","","","","",""
"Proportion of ethnic group who are employed, split by occupation group","2012","Year","Pakistani/ Bangladeshi","Elementary Occupations","SOC 2010","14.3","%","500600","71800","6.84","","","","","","",""
"Proportion of ethnic group who are employed, split by occupation group","2012","Year","White","Managers, Directors And Senior Officials","SOC 2010","10.3","%","26273100","2708300","0.77","","","","","","",""
"Proportion of ethnic group who are employed, split by occupation group","2012","Year","White","Professional Occupations","SOC 2010","19.0","%","26273100","5004700","0.73","","","","","","",""
"Proportion of ethnic group who are employed, split by occupation group","2012","Year","White","Associate Professional And Technical Occupations","SOC 2010","14.4","%","26273100","3772300","0.77","","","","","","",""
"Proportion of ethnic group who are employed, split by occupation group","2012","Year","White","Administrative And Secretarial Occupations","SOC 2010","11.1","%","26273100","2928500","0.75","","","","","","",""
"Proportion of ethnic group who are employed, split by occupation group","2012","Year","White","Skilled Trades Occupations","SOC 2010","11.1","%","26273100","2920500","0.76","","","","","","",""
"Proportion of ethnic group who are employed, split by occupation group","2012","Year","White","Caring, Leisure And Other Service Occupations","SOC 2010","9.1","%","26273100","2378700","0.75","","","","","","",""
"Proportion of ethnic group who are employed, split by occupation group","2012","Year","White","Sales And Customer Service Occupations","SOC 2010","8.0","%","26273100","2098800","0.77","","","","","","",""
"Proportion of ethnic group who are employed, split by occupation group","2012","Year","White","Process, Plant And Machine Operatives","SOC 2010","6.3","%","26273100","1643600","0.76","","","","","","",""
"Proportion of ethnic group who are employed, split by occupation group","2012","Year","White","Elementary Occupations","SOC 2010","10.7","%","26273100","2817700","0.76","","","","","","",""
"Proportion of ethnic group who are employed, split by occupation group","2012","Year","White British","Managers, Directors And Senior Officials","SOC 2010","10.4","%","24015200","2505800","0.80","","","","","","",""
"Proportion of ethnic group who are employed, split by occupation group","2012","Year","White British","Professional Occupations","SOC 2010","18.8","%","24015200","4509800","0.76","","","","","","",""
"Proportion of ethnic group who are employed, split by occupation group","2012","Year","White British","Associate Professional And Technical Occupations","SOC 2010","14.4","%","24015200","3463300","0.80","","","","","","",""
"Proportion of ethnic group who are employed, split by occupation group","2012","Year","White British","Administrative And Secretarial Occupations","SOC 2010","11.5","%","24015200","2750500","0.78","","","","","","",""
"Proportion of ethnic group who are employed, split by occupation group","2012","Year","White British","Skilled Trades Occupations","SOC 2010","11.2","%","24015200","2699000","0.79","","","","","","",""
"Proportion of ethnic group who are employed, split by occupation group","2012","Year","White British","Caring, Leisure And Other Service Occupations","SOC 2010","9.2","%","24015200","2213800","0.78","","","","","","",""
"Proportion of ethnic group who are employed, split by occupation group","2012","Year","White British","Sales And Customer Service Occupations","SOC 2010","8.3","%","24015200","1984200","0.80","","","","","","",""
"Proportion of ethnic group who are employed, split by occupation group","2012","Year","White British","Process, Plant And Machine Operatives","SOC 2010","6.1","%","24015200","1467800","0.79","","","","","","",""
"Proportion of ethnic group who are employed, split by occupation group","2012","Year","White British","Elementary Occupations","SOC 2010","10.1","%","24015200","2421100","0.79","","","","","","",""
"Proportion of ethnic group who are employed, split by occupation group","2012","Year","White Other","Managers, Directors And Senior Officials","SOC 2010","9.0","%","2256500","202300","2.88","","","","","","",""
"Proportion of ethnic group who are employed, split by occupation group","2012","Year","White Other","Professional Occupations","SOC 2010","21.9","%","2256500","494900","2.64","","","","","","",""
"Proportion of ethnic group who are employed, split by occupation group","2012","Year","White Other","Associate Professional And Technical Occupations","SOC 2010","13.7","%","2256500","308600","2.84","","","","","","",""
"Proportion of ethnic group who are employed, split by occupation group","2012","Year","White Other","Administrative And Secretarial Occupations","SOC 2010","7.9","%","2256500","177700","2.81","","","","","","",""
"Proportion of ethnic group who are employed, split by occupation group","2012","Year","White Other","Skilled Trades Occupations","SOC 2010","9.8","%","2256500","221500","2.86","","","","","","",""
"Proportion of ethnic group who are employed, split by occupation group","2012","Year","White Other","Caring, Leisure And Other Service Occupations","SOC 2010","7.3","%","2256500","164700","2.82","","","","","","",""
"Proportion of ethnic group who are employed, split by occupation group","2012","Year","White Other","Sales And Customer Service Occupations","SOC 2010","5.1","%","2256500","114600","2.85","","","","","","",""
"Proportion of ethnic group who are employed, split by occupation group","2012","Year","White Other","Process, Plant And Machine Operatives","SOC 2010","7.8","%","2256500","175800","2.86","","","","","","",""
"Proportion of ethnic group who are employed, split by occupation group","2012","Year","White Other","Elementary Occupations","SOC 2010","17.6","%","2256500","396400","2.75","","","","","","",""
"Proportion of ethnic group who are employed, split by occupation group","2013","Year","All","Managers, Directors And Senior Officials","SOC 2010","10.2","%","29698100","3026100","0.49","","","","","","",""
"Proportion of ethnic group who are employed, split by occupation group","2013","Year","All","Professional Occupations","SOC 2010","19.8","%","29698100","5884900","0.46","","","","","","",""
"Proportion of ethnic group who are employed, split by occupation group","2013","Year","All","Associate Professional And Technical Occupations","SOC 2010","13.9","%","29698100","4135100","0.48","","","","","","",""
"Proportion of ethnic group who are employed, split by occupation group","2013","Year","All","Administrative And Secretarial Occupations","SOC 2010","10.9","%","29698100","3236200","0.47","","","","","","",""
"Proportion of ethnic group who are employed, split by occupation group","2013","Year","All","Skilled Trades Occupations","SOC 2010","10.8","%","29698100","3193000","0.48","","","","","","",""
"Proportion of ethnic group who are employed, split by occupation group","2013","Year","All","Caring, Leisure And Other Service Occupations","SOC 2010","9.2","%","29698100","2739400","0.47","","","","","","",""
"Proportion of ethnic group who are employed, split by occupation group","2013","Year","All","Sales And Customer Service Occupations","SOC 2010","8.0","%","29698100","2368100","0.49","","","","","","",""
"Proportion of ethnic group who are employed, split by occupation group","2013","Year","All","Process, Plant And Machine Operatives","SOC 2010","6.4","%","29698100","1890000","0.48","","","","","","",""
"Proportion of ethnic group who are employed, split by occupation group","2013","Year","All","Elementary Occupations","SOC 2010","10.9","%","29698100","3225400","0.48","","","","","","",""
"Proportion of ethnic group who are employed, split by occupation group","2013","Year","Asian","Managers, Directors And Senior Officials","SOC 2010","9.5","%","1698700","161500","3.56","","","","","","",""
"Proportion of ethnic group who are employed, split by occupation group","2013","Year","Asian","Professional Occupations","SOC 2010","25.0","%","1698700","424800","3.30","","","","","","",""
"Proportion of ethnic group who are employed, split by occupation group","2013","Year","Asian","Associate Professional And Technical Occupations","SOC 2010","10.4","%","1698700","176300","3.71","","","","","","",""
"Proportion of ethnic group who are employed, split by occupation group","2013","Year","Asian","Administrative And Secretarial Occupations","SOC 2010","9.5","%","1698700","161000","3.66","","","","","","",""
"Proportion of ethnic group who are employed, split by occupation group","2013","Year","Asian","Skilled Trades Occupations","SOC 2010","6.6","%","1698700","111400","3.68","","","","","","",""
"Proportion of ethnic group who are employed, split by occupation group","2013","Year","Asian","Caring, Leisure And Other Service Occupations","SOC 2010","7.4","%","1698700","125300","3.63","","","","","","",""
"Proportion of ethnic group who are employed, split by occupation group","2013","Year","Asian","Sales And Customer Service Occupations","SOC 2010","11.4","%","1698700","192900","3.73","","","","","","",""
"Proportion of ethnic group who are employed, split by occupation group","2013","Year","Asian","Process, Plant And Machine Operatives","SOC 2010","8.5","%","1698700","144500","3.58","","","","","","",""
"Proportion of ethnic group who are employed, split by occupation group","2013","Year","Asian","Elementary Occupations","SOC 2010","11.8","%","1698700","201000","3.56","","","","","","",""
"Proportion of ethnic group who are employed, split by occupation group","2013","Year","Black","Managers, Directors And Senior Officials","SOC 2010","6.0","%","706500","42400","5.97","","","","","","",""
"Proportion of ethnic group who are employed, split by occupation group","2013","Year","Black","Professional Occupations","SOC 2010","23.0","%","706500","162400","5.30","","","","","","",""
"Proportion of ethnic group who are employed, split by occupation group","2013","Year","Black","Associate Professional And Technical Occupations","SOC 2010","11.7","%","706500","82400","5.93","","","","","","",""
"Proportion of ethnic group who are employed, split by occupation group","2013","Year","Black","Administrative And Secretarial Occupations","SOC 2010","8.8","%","706500","62500","5.86","","","","","","",""
"Proportion of ethnic group who are employed, split by occupation group","2013","Year","Black","Skilled Trades Occupations","SOC 2010","5.5","%","706500","39200","6.20","","","","","","",""
"Proportion of ethnic group who are employed, split by occupation group","2013","Year","Black","Caring, Leisure And Other Service Occupations","SOC 2010","15.8","%","706500","111600","5.39","","","","","","",""
"Proportion of ethnic group who are employed, split by occupation group","2013","Year","Black","Sales And Customer Service Occupations","SOC 2010","8.3","%","706500","58800","6.21","","","","","","",""
"Proportion of ethnic group who are employed, split by occupation group","2013","Year","Black","Process, Plant And Machine Operatives","SOC 2010","5.8","%","706500","40900","6.08","","","","","","",""
"Proportion of ethnic group who are employed, split by occupation group","2013","Year","Black","Elementary Occupations","SOC 2010","15.0","%","706500","106200","5.79","","","","","","",""
"Proportion of ethnic group who are employed, split by occupation group","2013","Year","Indian","Managers, Directors And Senior Officials","SOC 2010","9.4","%","746000","70300","5.24","","","","","","",""
"Proportion of ethnic group who are employed, split by occupation group","2013","Year","Indian","Professional Occupations","SOC 2010","31.9","%","746000","238300","4.69","","","","","","",""
"Proportion of ethnic group who are employed, split by occupation group","2013","Year","Indian","Associate Professional And Technical Occupations","SOC 2010","11.5","%","746000","85500","5.61","","","","","","",""
"Proportion of ethnic group who are employed, split by occupation group","2013","Year","Indian","Administrative And Secretarial Occupations","SOC 2010","9.6","%","746000","71800","5.27","","","","","","",""
"Proportion of ethnic group who are employed, split by occupation group","2013","Year","Indian","Skilled Trades Occupations","SOC 2010","5.9","%","746000","44100","5.64","","","","","","",""
"Proportion of ethnic group who are employed, split by occupation group","2013","Year","Indian","Caring, Leisure And Other Service Occupations","SOC 2010","6.9","%","746000","51300","5.54","","","","","","",""
"Proportion of ethnic group who are employed, split by occupation group","2013","Year","Indian","Sales And Customer Service Occupations","SOC 2010","10.0","%","746000","74700","5.46","","","","","","",""
"Proportion of ethnic group who are employed, split by occupation group","2013","Year","Indian","Process, Plant And Machine Operatives","SOC 2010","5.6","%","746000","41600","5.13","","","","","","",""
"Proportion of ethnic group who are employed, split by occupation group","2013","Year","Indian","Elementary Occupations","SOC 2010","9.2","%","746000","68500","5.25","","","","","","",""
"Proportion of ethnic group who are employed, split by occupation group","2013","Year","Mixed/Multiple ethnic groups","Managers, Directors And Senior Officials","SOC 2010","6.9","%","272600","18800","7.63","","","","","","",""
"Proportion of ethnic group who are employed, split by occupation group","2013","Year","Mixed/Multiple ethnic groups","Professional Occupations","SOC 2010","21.7","%","272600","59300","7.15","","","","","","",""
"Proportion of ethnic group who are employed, split by occupation group","2013","Year","Mixed/Multiple ethnic groups","Associate Professional And Technical Occupations","SOC 2010","17.2","%","272600","46800","7.68","","","","","","",""
"Proportion of ethnic group who are employed, split by occupation group","2013","Year","Mixed/Multiple ethnic groups","Administrative And Secretarial Occupations","SOC 2010","10.8","%","272600","29500","7.83","","","","","","",""
"Proportion of ethnic group who are employed, split by occupation group","2013","Year","Mixed/Multiple ethnic groups","Skilled Trades Occupations","SOC 2010","7.3","%","272600","19800","8.08","","","","","","",""
"Proportion of ethnic group who are employed, split by occupation group","2013","Year","Mixed/Multiple ethnic groups","Caring, Leisure And Other Service Occupations","SOC 2010","10.0","%","272600","27200","7.66","","","","","","",""
"Proportion of ethnic group who are employed, split by occupation group","2013","Year","Mixed/Multiple ethnic groups","Sales And Customer Service Occupations","SOC 2010","11.3","%","272600","30700","7.49","","","","","","",""
"Proportion of ethnic group who are employed, split by occupation group","2013","Year","Mixed/Multiple ethnic groups","Process, Plant And Machine Operatives","SOC 2010","3.5","%","272600","9500","7.71","","","","","","",""
"Proportion of ethnic group who are employed, split by occupation group","2013","Year","Mixed/Multiple ethnic groups","Elementary Occupations","SOC 2010","11.3","%","272600","30900","7.82","","","","","","",""
"Proportion of ethnic group who are employed, split by occupation group","2013","Year","Other Asian (inc. Chinese)","Managers, Directors And Senior Officials","SOC 2010","9.0","%","423900","38100","7.54","","","","","","",""
"Proportion of ethnic group who are employed, split by occupation group","2013","Year","Other Asian (inc. Chinese)","Professional Occupations","SOC 2010","25.4","%","423900","107600","6.82","","","","","","",""
"Proportion of ethnic group who are employed, split by occupation group","2013","Year","Other Asian (inc. Chinese)","Associate Professional And Technical Occupations","SOC 2010","11.6","%","423900","49200","7.49","","","","","","",""
"Proportion of ethnic group who are employed, split by occupation group","2013","Year","Other Asian (inc. Chinese)","Administrative And Secretarial Occupations","SOC 2010","8.5","%","423900","35900","7.57","","","","","","",""
"Proportion of ethnic group who are employed, split by occupation group","2013","Year","Other Asian (inc. Chinese)","Skilled Trades Occupations","SOC 2010","5.9","%","423900","25000","7.09","","","","","","",""
"Proportion of ethnic group who are employed, split by occupation group","2013","Year","Other Asian (inc. Chinese)","Caring, Leisure And Other Service Occupations","SOC 2010","9.6","%","423900","40800","7.15","","","","","","",""
"Proportion of ethnic group who are employed, split by occupation group","2013","Year","Other Asian (inc. Chinese)","Sales And Customer Service Occupations","SOC 2010","10.6","%","423900","45000","7.72","","","","","","",""
"Proportion of ethnic group who are employed, split by occupation group","2013","Year","Other Asian (inc. Chinese)","Process, Plant And Machine Operatives","SOC 2010","6.0","%","423900","25600","7.75","","","","","","",""
"Proportion of ethnic group who are employed, split by occupation group","2013","Year","Other Asian (inc. Chinese)","Elementary Occupations","SOC 2010","13.4","%","423900","56700","7.04","","","","","","",""
"Proportion of ethnic group who are employed, split by occupation group","2013","Year","Other ethnic group","Managers, Directors And Senior Officials","SOC 2010","9.8","%","400700","39100","7.18","","","","","","",""
"Proportion of ethnic group who are employed, split by occupation group","2013","Year","Other ethnic group","Professional Occupations","SOC 2010","20.4","%","400700","81700","6.89","","","","","","",""
"Proportion of ethnic group who are employed, split by occupation group","2013","Year","Other ethnic group","Associate Professional And Technical Occupations","SOC 2010","11.3","%","400700","45400","7.41","","","","","","",""
"Proportion of ethnic group who are employed, split by occupation group","2013","Year","Other ethnic group","Administrative And Secretarial Occupations","SOC 2010","6.4","%","400700","25800","7.47","","","","","","",""
"Proportion of ethnic group who are employed, split by occupation group","2013","Year","Other ethnic group","Skilled Trades Occupations","SOC 2010","8.8","%","400700","35200","7.68","","","","","","",""
"Proportion of ethnic group who are employed, split by occupation group","2013","Year","Other ethnic group","Caring, Leisure And Other Service Occupations","SOC 2010","10.8","%","400700","43200","7.19","","","","","","",""
"Proportion of ethnic group who are employed, split by occupation group","2013","Year","Other ethnic group","Sales And Customer Service Occupations","SOC 2010","8.7","%","400700","34700","7.84","","","","","","",""
"Proportion of ethnic group who are employed, split by occupation group","2013","Year","Other ethnic group","Process, Plant And Machine Operatives","SOC 2010","6.7","%","400700","27000","7.52","","","","","","",""
"Proportion of ethnic group who are employed, split by occupation group","2013","Year","Other ethnic group","Elementary Occupations","SOC 2010","17.2","%","400700","68800","7.20","","","","","","",""
"Proportion of ethnic group who are employed, split by occupation group","2013","Year","Pakistani/ Bangladeshi","Managers, Directors And Senior Officials","SOC 2010","10.0","%","528800","53000","6.38","","","","","","",""
"Proportion of ethnic group who are employed, split by occupation group","2013","Year","Pakistani/ Bangladeshi","Professional Occupations","SOC 2010","14.9","%","528800","78900","6.21","","","","","","",""
"Proportion of ethnic group who are employed, split by occupation group","2013","Year","Pakistani/ Bangladeshi","Associate Professional And Technical Occupations","SOC 2010","7.9","%","528800","41600","6.51","","","","","","",""
"Proportion of ethnic group who are employed, split by occupation group","2013","Year","Pakistani/ Bangladeshi","Administrative And Secretarial Occupations","SOC 2010","10.1","%","528800","53300","6.85","","","","","","",""
"Proportion of ethnic group who are employed, split by occupation group","2013","Year","Pakistani/ Bangladeshi","Skilled Trades Occupations","SOC 2010","8.0","%","528800","42300","6.62","","","","","","",""
"Proportion of ethnic group who are employed, split by occupation group","2013","Year","Pakistani/ Bangladeshi","Caring, Leisure And Other Service Occupations","SOC 2010","6.3","%","528800","33200","6.48","","","","","","",""
"Proportion of ethnic group who are employed, split by occupation group","2013","Year","Pakistani/ Bangladeshi","Sales And Customer Service Occupations","SOC 2010","13.9","%","528800","73300","6.76","","","","","","",""
"Proportion of ethnic group who are employed, split by occupation group","2013","Year","Pakistani/ Bangladeshi","Process, Plant And Machine Operatives","SOC 2010","14.6","%","528800","77400","6.31","","","","","","",""
"Proportion of ethnic group who are employed, split by occupation group","2013","Year","Pakistani/ Bangladeshi","Elementary Occupations","SOC 2010","14.3","%","528800","75800","6.56","","","","","","",""
"Proportion of ethnic group who are employed, split by occupation group","2013","Year","White","Managers, Directors And Senior Officials","SOC 2010","10.4","%","26606400","2763300","0.77","","","","","","",""
"Proportion of ethnic group who are employed, split by occupation group","2013","Year","White","Professional Occupations","SOC 2010","19.4","%","26606400","5152300","0.73","","","","","","",""
"Proportion of ethnic group who are employed, split by occupation group","2013","Year","White","Associate Professional And Technical Occupations","SOC 2010","14.2","%","26606400","3782700","0.76","","","","","","",""
"Proportion of ethnic group who are employed, split by occupation group","2013","Year","White","Administrative And Secretarial Occupations","SOC 2010","11.1","%","26606400","2956500","0.74","","","","","","",""
"Proportion of ethnic group who are employed, split by occupation group","2013","Year","White","Skilled Trades Occupations","SOC 2010","11.2","%","26606400","2986700","0.76","","","","","","",""
"Proportion of ethnic group who are employed, split by occupation group","2013","Year","White","Caring, Leisure And Other Service Occupations","SOC 2010","9.1","%","26606400","2430900","0.75","","","","","","",""
"Proportion of ethnic group who are employed, split by occupation group","2013","Year","White","Sales And Customer Service Occupations","SOC 2010","7.7","%","26606400","2048500","0.77","","","","","","",""
"Proportion of ethnic group who are employed, split by occupation group","2013","Year","White","Process, Plant And Machine Operatives","SOC 2010","6.3","%","26606400","1667800","0.76","","","","","","",""
"Proportion of ethnic group who are employed, split by occupation group","2013","Year","White","Elementary Occupations","SOC 2010","10.6","%","26606400","2817800","0.76","","","","","","",""
"Proportion of ethnic group who are employed, split by occupation group","2013","Year","White British","Managers, Directors And Senior Officials","SOC 2010","10.5","%","24261400","2536200","0.80","","","","","","",""
"Proportion of ethnic group who are employed, split by occupation group","2013","Year","White British","Professional Occupations","SOC 2010","19.2","%","24261400","4659000","0.76","","","","","","",""
"Proportion of ethnic group who are employed, split by occupation group","2013","Year","White British","Associate Professional And Technical Occupations","SOC 2010","14.4","%","24261400","3486100","0.79","","","","","","",""
"Proportion of ethnic group who are employed, split by occupation group","2013","Year","White British","Administrative And Secretarial Occupations","SOC 2010","11.4","%","24261400","2759000","0.77","","","","","","",""
"Proportion of ethnic group who are employed, split by occupation group","2013","Year","White British","Skilled Trades Occupations","SOC 2010","11.3","%","24261400","2737300","0.79","","","","","","",""
"Proportion of ethnic group who are employed, split by occupation group","2013","Year","White British","Caring, Leisure And Other Service Occupations","SOC 2010","9.3","%","24261400","2254400","0.78","","","","","","",""
"Proportion of ethnic group who are employed, split by occupation group","2013","Year","White British","Sales And Customer Service Occupations","SOC 2010","8.0","%","24261400","1939000","0.80","","","","","","",""
"Proportion of ethnic group who are employed, split by occupation group","2013","Year","White British","Process, Plant And Machine Operatives","SOC 2010","6.1","%","24261400","1473800","0.78","","","","","","",""
"Proportion of ethnic group who are employed, split by occupation group","2013","Year","White British","Elementary Occupations","SOC 2010","10.0","%","24261400","2416400","0.79","","","","","","",""
"Proportion of ethnic group who are employed, split by occupation group","2013","Year","White Other","Managers, Directors And Senior Officials","SOC 2010","9.7","%","2340300","227000","2.80","","","","","","",""
"Proportion of ethnic group who are employed, split by occupation group","2013","Year","White Other","Professional Occupations","SOC 2010","21.1","%","2340300","492900","2.61","","","","","","",""
"Proportion of ethnic group who are employed, split by occupation group","2013","Year","White Other","Associate Professional And Technical Occupations","SOC 2010","12.6","%","2340300","295900","2.79","","","","","","",""
"Proportion of ethnic group who are employed, split by occupation group","2013","Year","White Other","Administrative And Secretarial Occupations","SOC 2010","8.4","%","2340300","196700","2.73","","","","","","",""
"Proportion of ethnic group who are employed, split by occupation group","2013","Year","White Other","Skilled Trades Occupations","SOC 2010","10.6","%","2340300","248600","2.86","","","","","","",""
"Proportion of ethnic group who are employed, split by occupation group","2013","Year","White Other","Caring, Leisure And Other Service Occupations","SOC 2010","7.5","%","2340300","175100","2.75","","","","","","",""
"Proportion of ethnic group who are employed, split by occupation group","2013","Year","White Other","Sales And Customer Service Occupations","SOC 2010","4.7","%","2340300","108800","2.91","","","","","","",""
"Proportion of ethnic group who are employed, split by occupation group","2013","Year","White Other","Process, Plant And Machine Operatives","SOC 2010","8.3","%","2340300","194000","2.78","","","","","","",""
"Proportion of ethnic group who are employed, split by occupation group","2013","Year","White Other","Elementary Occupations","SOC 2010","17.1","%","2340300","401300","2.65","","","","","","",""
"Proportion of ethnic group who are employed, split by occupation group","2014","Year","All","Managers, Directors And Senior Officials","SOC 2010","10.2","%","30327900","3098100","0.48","","","","","","",""
"Proportion of ethnic group who are employed, split by occupation group","2014","Year","All","Professional Occupations","SOC 2010","19.9","%","30327900","6022100","0.46","","","","","","",""
"Proportion of ethnic group who are employed, split by occupation group","2014","Year","All","Associate Professional And Technical Occupations","SOC 2010","14.0","%","30327900","4249700","0.48","","","","","","",""
"Proportion of ethnic group who are employed, split by occupation group","2014","Year","All","Administrative And Secretarial Occupations","SOC 2010","10.8","%","30327900","3268900","0.47","","","","","","",""
"Proportion of ethnic group who are employed, split by occupation group","2014","Year","All","Skilled Trades Occupations","SOC 2010","10.9","%","30327900","3291900","0.48","","","","","","",""
"Proportion of ethnic group who are employed, split by occupation group","2014","Year","All","Caring, Leisure And Other Service Occupations","SOC 2010","9.3","%","30327900","2811000","0.47","","","","","","",""
"Proportion of ethnic group who are employed, split by occupation group","2014","Year","All","Sales And Customer Service Occupations","SOC 2010","7.8","%","30327900","2378400","0.49","","","","","","",""
"Proportion of ethnic group who are employed, split by occupation group","2014","Year","All","Process, Plant And Machine Operatives","SOC 2010","6.3","%","30327900","1920400","0.48","","","","","","",""
"Proportion of ethnic group who are employed, split by occupation group","2014","Year","All","Elementary Occupations","SOC 2010","10.8","%","30327900","3287500","0.48","","","","","","",""
"Proportion of ethnic group who are employed, split by occupation group","2014","Year","Asian","Managers, Directors And Senior Officials","SOC 2010","10.0","%","1833000","182700","3.48","","","","","","",""
"Proportion of ethnic group who are employed, split by occupation group","2014","Year","Asian","Professional Occupations","SOC 2010","25.3","%","1833000","464100","3.20","","","","","","",""
"Proportion of ethnic group who are employed, split by occupation group","2014","Year","Asian","Associate Professional And Technical Occupations","SOC 2010","10.8","%","1833000","198300","3.62","","","","","","",""
"Proportion of ethnic group who are employed, split by occupation group","2014","Year","Asian","Administrative And Secretarial Occupations","SOC 2010","8.7","%","1833000","160100","3.59","","","","","","",""
"Proportion of ethnic group who are employed, split by occupation group","2014","Year","Asian","Skilled Trades Occupations","SOC 2010","6.5","%","1833000","119500","3.58","","","","","","",""
"Proportion of ethnic group who are employed, split by occupation group","2014","Year","Asian","Caring, Leisure And Other Service Occupations","SOC 2010","7.8","%","1833000","143800","3.44","","","","","","",""
"Proportion of ethnic group who are employed, split by occupation group","2014","Year","Asian","Sales And Customer Service Occupations","SOC 2010","10.9","%","1833000","199400","3.52","","","","","","",""
"Proportion of ethnic group who are employed, split by occupation group","2014","Year","Asian","Process, Plant And Machine Operatives","SOC 2010","8.2","%","1833000","150900","3.42","","","","","","",""
"Proportion of ethnic group who are employed, split by occupation group","2014","Year","Asian","Elementary Occupations","SOC 2010","11.7","%","1833000","214100","3.44","","","","","","",""
"Proportion of ethnic group who are employed, split by occupation group","2014","Year","Black","Managers, Directors And Senior Officials","SOC 2010","5.9","%","752500","44300","5.81","","","","","","",""
"Proportion of ethnic group who are employed, split by occupation group","2014","Year","Black","Professional Occupations","SOC 2010","19.8","%","752500","149000","5.17","","","","","","",""
"Proportion of ethnic group who are employed, split by occupation group","2014","Year","Black","Associate Professional And Technical Occupations","SOC 2010","11.9","%","752500","89500","5.83","","","","","","",""
"Proportion of ethnic group who are employed, split by occupation group","2014","Year","Black","Administrative And Secretarial Occupations","SOC 2010","10.2","%","752500","76900","5.92","","","","","","",""
"Proportion of ethnic group who are employed, split by occupation group","2014","Year","Black","Skilled Trades Occupations","SOC 2010","5.6","%","752500","42100","5.98","","","","","","",""
"Proportion of ethnic group who are employed, split by occupation group","2014","Year","Black","Caring, Leisure And Other Service Occupations","SOC 2010","16.9","%","752500","127100","5.39","","","","","","",""
"Proportion of ethnic group who are employed, split by occupation group","2014","Year","Black","Sales And Customer Service Occupations","SOC 2010","8.7","%","752500","65600","5.97","","","","","","",""
"Proportion of ethnic group who are employed, split by occupation group","2014","Year","Black","Process, Plant And Machine Operatives","SOC 2010","5.6","%","752500","42400","5.88","","","","","","",""
"Proportion of ethnic group who are employed, split by occupation group","2014","Year","Black","Elementary Occupations","SOC 2010","15.4","%","752500","115700","5.47","","","","","","",""
"Proportion of ethnic group who are employed, split by occupation group","2014","Year","Indian","Managers, Directors And Senior Officials","SOC 2010","11.2","%","802400","90000","5.30","","","","","","",""
"Proportion of ethnic group who are employed, split by occupation group","2014","Year","Indian","Professional Occupations","SOC 2010","31.7","%","802400","254600","4.56","","","","","","",""
"Proportion of ethnic group who are employed, split by occupation group","2014","Year","Indian","Associate Professional And Technical Occupations","SOC 2010","12.4","%","802400","99200","5.32","","","","","","",""
"Proportion of ethnic group who are employed, split by occupation group","2014","Year","Indian","Administrative And Secretarial Occupations","SOC 2010","10.2","%","802400","81900","5.30","","","","","","",""
"Proportion of ethnic group who are employed, split by occupation group","2014","Year","Indian","Skilled Trades Occupations","SOC 2010","4.7","%","802400","38000","5.37","","","","","","",""
"Proportion of ethnic group who are employed, split by occupation group","2014","Year","Indian","Caring, Leisure And Other Service Occupations","SOC 2010","6.6","%","802400","53000","5.14","","","","","","",""
"Proportion of ethnic group who are employed, split by occupation group","2014","Year","Indian","Sales And Customer Service Occupations","SOC 2010","9.3","%","802400","74600","5.16","","","","","","",""
"Proportion of ethnic group who are employed, split by occupation group","2014","Year","Indian","Process, Plant And Machine Operatives","SOC 2010","5.2","%","802400","41800","5.00","","","","","","",""
"Proportion of ethnic group who are employed, split by occupation group","2014","Year","Indian","Elementary Occupations","SOC 2010","8.6","%","802400","69400","5.08","","","","","","",""
"Proportion of ethnic group who are employed, split by occupation group","2014","Year","Mixed/Multiple ethnic groups","Managers, Directors And Senior Officials","SOC 2010","7.1","%","293100","20800","7.40","","","","","","",""
"Proportion of ethnic group who are employed, split by occupation group","2014","Year","Mixed/Multiple ethnic groups","Professional Occupations","SOC 2010","21.3","%","293100","62500","6.97","","","","","","",""
"Proportion of ethnic group who are employed, split by occupation group","2014","Year","Mixed/Multiple ethnic groups","Associate Professional And Technical Occupations","SOC 2010","19.4","%","293100","56800","7.45","","","","","","",""
"Proportion of ethnic group who are employed, split by occupation group","2014","Year","Mixed/Multiple ethnic groups","Administrative And Secretarial Occupations","SOC 2010","11.9","%","293100","34800","7.48","","","","","","",""
"Proportion of ethnic group who are employed, split by occupation group","2014","Year","Mixed/Multiple ethnic groups","Skilled Trades Occupations","SOC 2010","6.8","%","293100","19800","7.42","","","","","","",""
"Proportion of ethnic group who are employed, split by occupation group","2014","Year","Mixed/Multiple ethnic groups","Caring, Leisure And Other Service Occupations","SOC 2010","9.8","%","293100","28600","7.35","","","","","","",""
"Proportion of ethnic group who are employed, split by occupation group","2014","Year","Mixed/Multiple ethnic groups","Sales And Customer Service Occupations","SOC 2010","10.9","%","293100","32000","7.50","","","","","","",""
"Proportion of ethnic group who are employed, split by occupation group","2014","Year","Mixed/Multiple ethnic groups","Process, Plant And Machine Operatives","SOC 2010","3.0","%","293100","8800","6.98","","","","","","",""
"Proportion of ethnic group who are employed, split by occupation group","2014","Year","Mixed/Multiple ethnic groups","Elementary Occupations","SOC 2010","9.9","%","293100","28900","7.59","","","","","","",""
"Proportion of ethnic group who are employed, split by occupation group","2014","Year","Other Asian (inc. Chinese)","Managers, Directors And Senior Officials","SOC 2010","8.4","%","453000","38100","7.03","","","","","","",""
"Proportion of ethnic group who are employed, split by occupation group","2014","Year","Other Asian (inc. Chinese)","Professional Occupations","SOC 2010","24.7","%","453000","111800","6.59","","","","","","",""
"Proportion of ethnic group who are employed, split by occupation group","2014","Year","Other Asian (inc. Chinese)","Associate Professional And Technical Occupations","SOC 2010","9.7","%","453000","44200","7.44","","","","","","",""
"Proportion of ethnic group who are employed, split by occupation group","2014","Year","Other Asian (inc. Chinese)","Administrative And Secretarial Occupations","SOC 2010","7.6","%","453000","34400","7.45","","","","","","",""
"Proportion of ethnic group who are employed, split by occupation group","2014","Year","Other Asian (inc. Chinese)","Skilled Trades Occupations","SOC 2010","8.2","%","453000","37300","7.43","","","","","","",""
"Proportion of ethnic group who are employed, split by occupation group","2014","Year","Other Asian (inc. Chinese)","Caring, Leisure And Other Service Occupations","SOC 2010","11.2","%","453000","50800","6.91","","","","","","",""
"Proportion of ethnic group who are employed, split by occupation group","2014","Year","Other Asian (inc. Chinese)","Sales And Customer Service Occupations","SOC 2010","9.2","%","453000","41500","7.35","","","","","","",""
"Proportion of ethnic group who are employed, split by occupation group","2014","Year","Other Asian (inc. Chinese)","Process, Plant And Machine Operatives","SOC 2010","6.1","%","453000","27800","7.25","","","","","","",""
"Proportion of ethnic group who are employed, split by occupation group","2014","Year","Other Asian (inc. Chinese)","Elementary Occupations","SOC 2010","14.8","%","453000","67200","6.87","","","","","","",""
"Proportion of ethnic group who are employed, split by occupation group","2014","Year","Other ethnic group","Managers, Directors And Senior Officials","SOC 2010","9.0","%","424300","38200","7.15","","","","","","",""
"Proportion of ethnic group who are employed, split by occupation group","2014","Year","Other ethnic group","Professional Occupations","SOC 2010","20.2","%","424300","85600","6.62","","","","","","",""
"Proportion of ethnic group who are employed, split by occupation group","2014","Year","Other ethnic group","Associate Professional And Technical Occupations","SOC 2010","12.2","%","424300","51600","7.32","","","","","","",""
"Proportion of ethnic group who are employed, split by occupation group","2014","Year","Other ethnic group","Administrative And Secretarial Occupations","SOC 2010","7.6","%","424300","32500","7.60","","","","","","",""
"Proportion of ethnic group who are employed, split by occupation group","2014","Year","Other ethnic group","Skilled Trades Occupations","SOC 2010","8.2","%","424300","35000","7.47","","","","","","",""
"Proportion of ethnic group who are employed, split by occupation group","2014","Year","Other ethnic group","Caring, Leisure And Other Service Occupations","SOC 2010","10.1","%","424300","42700","6.94","","","","","","",""
"Proportion of ethnic group who are employed, split by occupation group","2014","Year","Other ethnic group","Sales And Customer Service Occupations","SOC 2010","8.1","%","424300","34200","7.57","","","","","","",""
"Proportion of ethnic group who are employed, split by occupation group","2014","Year","Other ethnic group","Process, Plant And Machine Operatives","SOC 2010","7.7","%","424300","32500","7.36","","","","","","",""
"Proportion of ethnic group who are employed, split by occupation group","2014","Year","Other ethnic group","Elementary Occupations","SOC 2010","17.0","%","424300","72000","7.32","","","","","","",""
"Proportion of ethnic group who are employed, split by occupation group","2014","Year","Pakistani/ Bangladeshi","Managers, Directors And Senior Officials","SOC 2010","9.5","%","577600","54600","6.07","","","","","","",""
"Proportion of ethnic group who are employed, split by occupation group","2014","Year","Pakistani/ Bangladeshi","Professional Occupations","SOC 2010","16.9","%","577600","97700","6.12","","","","","","",""
"Proportion of ethnic group who are employed, split by occupation group","2014","Year","Pakistani/ Bangladeshi","Associate Professional And Technical Occupations","SOC 2010","9.5","%","577600","55000","6.63","","","","","","",""
"Proportion of ethnic group who are employed, split by occupation group","2014","Year","Pakistani/ Bangladeshi","Administrative And Secretarial Occupations","SOC 2010","7.6","%","577600","43900","6.50","","","","","","",""
"Proportion of ethnic group who are employed, split by occupation group","2014","Year","Pakistani/ Bangladeshi","Skilled Trades Occupations","SOC 2010","7.7","%","577600","44200","6.22","","","","","","",""
"Proportion of ethnic group who are employed, split by occupation group","2014","Year","Pakistani/ Bangladeshi","Caring, Leisure And Other Service Occupations","SOC 2010","6.9","%","577600","40000","6.16","","","","","","",""
"Proportion of ethnic group who are employed, split by occupation group","2014","Year","Pakistani/ Bangladeshi","Sales And Customer Service Occupations","SOC 2010","14.4","%","577600","83300","6.32","","","","","","",""
"Proportion of ethnic group who are employed, split by occupation group","2014","Year","Pakistani/ Bangladeshi","Process, Plant And Machine Operatives","SOC 2010","14.1","%","577600","81300","5.99","","","","","","",""
"Proportion of ethnic group who are employed, split by occupation group","2014","Year","Pakistani/ Bangladeshi","Elementary Occupations","SOC 2010","13.4","%","577600","77600","6.22","","","","","","",""
"Proportion of ethnic group who are employed, split by occupation group","2014","Year","White","Managers, Directors And Senior Officials","SOC 2010","10.4","%","26991600","2808200","0.76","","","","","","",""
"Proportion of ethnic group who are employed, split by occupation group","2014","Year","White","Professional Occupations","SOC 2010","19.5","%","26991600","5253900","0.73","","","","","","",""
"Proportion of ethnic group who are employed, split by occupation group","2014","Year","White","Associate Professional And Technical Occupations","SOC 2010","14.3","%","26991600","3848300","0.76","","","","","","",""
"Proportion of ethnic group who are employed, split by occupation group","2014","Year","White","Administrative And Secretarial Occupations","SOC 2010","11.0","%","26991600","2960100","0.74","","","","","","",""
"Proportion of ethnic group who are employed, split by occupation group","2014","Year","White","Skilled Trades Occupations","SOC 2010","11.4","%","26991600","3071100","0.76","","","","","","",""
"Proportion of ethnic group who are employed, split by occupation group","2014","Year","White","Caring, Leisure And Other Service Occupations","SOC 2010","9.1","%","26991600","2465800","0.75","","","","","","",""
"Proportion of ethnic group who are employed, split by occupation group","2014","Year","White","Sales And Customer Service Occupations","SOC 2010","7.6","%","26991600","2044500","0.77","","","","","","",""
"Proportion of ethnic group who are employed, split by occupation group","2014","Year","White","Process, Plant And Machine Operatives","SOC 2010","6.2","%","26991600","1684800","0.76","","","","","","",""
"Proportion of ethnic group who are employed, split by occupation group","2014","Year","White","Elementary Occupations","SOC 2010","10.6","%","26991600","2854900","0.76","","","","","","",""
"Proportion of ethnic group who are employed, split by occupation group","2014","Year","White British","Managers, Directors And Senior Officials","SOC 2010","10.5","%","24466300","2565400","0.80","","","","","","",""
"Proportion of ethnic group who are employed, split by occupation group","2014","Year","White British","Professional Occupations","SOC 2010","19.3","%","24466300","4724900","0.76","","","","","","",""
"Proportion of ethnic group who are employed, split by occupation group","2014","Year","White British","Associate Professional And Technical Occupations","SOC 2010","14.4","%","24466300","3526900","0.79","","","","","","",""
"Proportion of ethnic group who are employed, split by occupation group","2014","Year","White British","Administrative And Secretarial Occupations","SOC 2010","11.3","%","24466300","2764300","0.78","","","","","","",""
"Proportion of ethnic group who are employed, split by occupation group","2014","Year","White British","Skilled Trades Occupations","SOC 2010","11.4","%","24466300","2795100","0.79","","","","","","",""
"Proportion of ethnic group who are employed, split by occupation group","2014","Year","White British","Caring, Leisure And Other Service Occupations","SOC 2010","9.3","%","24466300","2276800","0.78","","","","","","",""
"Proportion of ethnic group who are employed, split by occupation group","2014","Year","White British","Sales And Customer Service Occupations","SOC 2010","7.9","%","24466300","1921200","0.80","","","","","","",""
"Proportion of ethnic group who are employed, split by occupation group","2014","Year","White British","Process, Plant And Machine Operatives","SOC 2010","6.0","%","24466300","1463400","0.79","","","","","","",""
"Proportion of ethnic group who are employed, split by occupation group","2014","Year","White British","Elementary Occupations","SOC 2010","9.9","%","24466300","2428300","0.79","","","","","","",""
"Proportion of ethnic group who are employed, split by occupation group","2014","Year","White Other","Managers, Directors And Senior Officials","SOC 2010","9.6","%","2522500","242800","2.71","","","","","","",""
"Proportion of ethnic group who are employed, split by occupation group","2014","Year","White Other","Professional Occupations","SOC 2010","20.9","%","2522500","528300","2.53","","","","","","",""
"Proportion of ethnic group who are employed, split by occupation group","2014","Year","White Other","Associate Professional And Technical Occupations","SOC 2010","12.7","%","2522500","320300","2.71","","","","","","",""
"Proportion of ethnic group who are employed, split by occupation group","2014","Year","White Other","Administrative And Secretarial Occupations","SOC 2010","7.8","%","2522500","195800","2.66","","","","","","",""
"Proportion of ethnic group who are employed, split by occupation group","2014","Year","White Other","Skilled Trades Occupations","SOC 2010","10.9","%","2522500","275900","2.76","","","","","","",""
"Proportion of ethnic group who are employed, split by occupation group","2014","Year","White Other","Caring, Leisure And Other Service Occupations","SOC 2010","7.5","%","2522500","188500","2.69","","","","","","",""
"Proportion of ethnic group who are employed, split by occupation group","2014","Year","White Other","Sales And Customer Service Occupations","SOC 2010","4.9","%","2522500","123100","2.77","","","","","","",""
"Proportion of ethnic group who are employed, split by occupation group","2014","Year","White Other","Process, Plant And Machine Operatives","SOC 2010","8.8","%","2522500","221400","2.65","","","","","","",""
"Proportion of ethnic group who are employed, split by occupation group","2014","Year","White Other","Elementary Occupations","SOC 2010","16.9","%","2522500","426600","2.58","","","","","","",""
"Proportion of ethnic group who are employed, split by occupation group","2015","Year","All","Managers, Directors And Senior Officials","SOC 2010","10.4","%","31040800","3217600","0.49","","","","","","",""
"Proportion of ethnic group who are employed, split by occupation group","2015","Year","All","Professional Occupations","SOC 2010","19.8","%","31040800","6153000","0.47","","","","","","",""
"Proportion of ethnic group who are employed, split by occupation group","2015","Year","All","Associate Professional And Technical Occupations","SOC 2010","14.1","%","31040800","4362900","0.49","","","","","","",""
"Proportion of ethnic group who are employed, split by occupation group","2015","Year","All","Administrative And Secretarial Occupations","SOC 2010","10.8","%","31040800","3350000","0.48","","","","","","",""
"Proportion of ethnic group who are employed, split by occupation group","2015","Year","All","Skilled Trades Occupations","SOC 2010","10.7","%","31040800","3325200","0.48","","","","","","",""
"Proportion of ethnic group who are employed, split by occupation group","2015","Year","All","Caring, Leisure And Other Service Occupations","SOC 2010","9.3","%","31040800","2875200","0.48","","","","","","",""
"Proportion of ethnic group who are employed, split by occupation group","2015","Year","All","Sales And Customer Service Occupations","SOC 2010","7.7","%","31040800","2398400","0.49","","","","","","",""
"Proportion of ethnic group who are employed, split by occupation group","2015","Year","All","Process, Plant And Machine Operatives","SOC 2010","6.4","%","31040800","1987600","0.49","","","","","","",""
"Proportion of ethnic group who are employed, split by occupation group","2015","Year","All","Elementary Occupations","SOC 2010","10.9","%","31040800","3370900","0.48","","","","","","",""
"Proportion of ethnic group who are employed, split by occupation group","2015","Year","Asian","Managers, Directors And Senior Officials","SOC 2010","9.9","%","1886200","187000","3.54","","","","","","",""
"Proportion of ethnic group who are employed, split by occupation group","2015","Year","Asian","Professional Occupations","SOC 2010","24.5","%","1886200","462100","3.23","","","","","","",""
"Proportion of ethnic group who are employed, split by occupation group","2015","Year","Asian","Associate Professional And Technical Occupations","SOC 2010","10.9","%","1886200","204700","3.58","","","","","","",""
"Proportion of ethnic group who are employed, split by occupation group","2015","Year","Asian","Administrative And Secretarial Occupations","SOC 2010","9.7","%","1886200","182600","3.55","","","","","","",""
"Proportion of ethnic group who are employed, split by occupation group","2015","Year","Asian","Skilled Trades Occupations","SOC 2010","6.4","%","1886200","121200","3.60","","","","","","",""
"Proportion of ethnic group who are employed, split by occupation group","2015","Year","Asian","Caring, Leisure And Other Service Occupations","SOC 2010","7.9","%","1886200","149900","3.51","","","","","","",""
"Proportion of ethnic group who are employed, split by occupation group","2015","Year","Asian","Sales And Customer Service Occupations","SOC 2010","10.7","%","1886200","202400","3.59","","","","","","",""
"Proportion of ethnic group who are employed, split by occupation group","2015","Year","Asian","Process, Plant And Machine Operatives","SOC 2010","8.6","%","1886200","162000","3.45","","","","","","",""
"Proportion of ethnic group who are employed, split by occupation group","2015","Year","Asian","Elementary Occupations","SOC 2010","11.4","%","1886200","214200","3.40","","","","","","",""
"Proportion of ethnic group who are employed, split by occupation group","2015","Year","Black","Managers, Directors And Senior Officials","SOC 2010","5.3","%","864200","45600","5.65","","","","","","",""
"Proportion of ethnic group who are employed, split by occupation group","2015","Year","Black","Professional Occupations","SOC 2010","21.1","%","864200","182100","5.08","","","","","","",""
"Proportion of ethnic group who are employed, split by occupation group","2015","Year","Black","Associate Professional And Technical Occupations","SOC 2010","11.2","%","864200","97000","5.43","","","","","","",""
"Proportion of ethnic group who are employed, split by occupation group","2015","Year","Black","Administrative And Secretarial Occupations","SOC 2010","8.5","%","864200","73400","5.48","","","","","","",""
"Proportion of ethnic group who are employed, split by occupation group","2015","Year","Black","Skilled Trades Occupations","SOC 2010","5.4","%","864200","46500","5.62","","","","","","",""
"Proportion of ethnic group who are employed, split by occupation group","2015","Year","Black","Caring, Leisure And Other Service Occupations","SOC 2010","17.4","%","864200","150200","5.11","","","","","","",""
"Proportion of ethnic group who are employed, split by occupation group","2015","Year","Black","Sales And Customer Service Occupations","SOC 2010","8.7","%","864200","75500","5.63","","","","","","",""
"Proportion of ethnic group who are employed, split by occupation group","2015","Year","Black","Process, Plant And Machine Operatives","SOC 2010","6.0","%","864200","52100","5.69","","","","","","",""
"Proportion of ethnic group who are employed, split by occupation group","2015","Year","Black","Elementary Occupations","SOC 2010","16.4","%","864200","141700","5.35","","","","","","",""
"Proportion of ethnic group who are employed, split by occupation group","2015","Year","Indian","Managers, Directors And Senior Officials","SOC 2010","10.4","%","812300","84600","5.40","","","","","","",""
"Proportion of ethnic group who are employed, split by occupation group","2015","Year","Indian","Professional Occupations","SOC 2010","29.3","%","812300","237700","4.73","","","","","","",""
"Proportion of ethnic group who are employed, split by occupation group","2015","Year","Indian","Associate Professional And Technical Occupations","SOC 2010","13.1","%","812300","106800","5.40","","","","","","",""
"Proportion of ethnic group who are employed, split by occupation group","2015","Year","Indian","Administrative And Secretarial Occupations","SOC 2010","11.3","%","812300","91500","5.23","","","","","","",""
"Proportion of ethnic group who are employed, split by occupation group","2015","Year","Indian","Skilled Trades Occupations","SOC 2010","5.6","%","812300","45900","5.53","","","","","","",""
"Proportion of ethnic group who are employed, split by occupation group","2015","Year","Indian","Caring, Leisure And Other Service Occupations","SOC 2010","7.0","%","812300","56500","5.30","","","","","","",""
"Proportion of ethnic group who are employed, split by occupation group","2015","Year","Indian","Sales And Customer Service Occupations","SOC 2010","7.7","%","812300","62800","5.31","","","","","","",""
"Proportion of ethnic group who are employed, split by occupation group","2015","Year","Indian","Process, Plant And Machine Operatives","SOC 2010","6.0","%","812300","48400","5.28","","","","","","",""
"Proportion of ethnic group who are employed, split by occupation group","2015","Year","Indian","Elementary Occupations","SOC 2010","9.6","%","812300","78100","5.17","","","","","","",""
"Proportion of ethnic group who are employed, split by occupation group","2015","Year","Mixed/Multiple ethnic groups","Managers, Directors And Senior Officials","SOC 2010","7.6","%","298400","22800","7.47","","","","","","",""
"Proportion of ethnic group who are employed, split by occupation group","2015","Year","Mixed/Multiple ethnic groups","Professional Occupations","SOC 2010","23.2","%","298400","69200","7.16","","","","","","",""
"Proportion of ethnic group who are employed, split by occupation group","2015","Year","Mixed/Multiple ethnic groups","Associate Professional And Technical Occupations","SOC 2010","16.4","%","298400","48900","7.39","","","","","","",""
"Proportion of ethnic group who are employed, split by occupation group","2015","Year","Mixed/Multiple ethnic groups","Administrative And Secretarial Occupations","SOC 2010","10.0","%","298400","29900","7.44","","","","","","",""
"Proportion of ethnic group who are employed, split by occupation group","2015","Year","Mixed/Multiple ethnic groups","Skilled Trades Occupations","SOC 2010","6.0","%","298400","18000","7.62","","","","","","",""
"Proportion of ethnic group who are employed, split by occupation group","2015","Year","Mixed/Multiple ethnic groups","Caring, Leisure And Other Service Occupations","SOC 2010","10.0","%","298400","29800","7.36","","","","","","",""
"Proportion of ethnic group who are employed, split by occupation group","2015","Year","Mixed/Multiple ethnic groups","Sales And Customer Service Occupations","SOC 2010","10.5","%","298400","31200","7.39","","","","","","",""
"Proportion of ethnic group who are employed, split by occupation group","2015","Year","Mixed/Multiple ethnic groups","Process, Plant And Machine Operatives","SOC 2010","3.7","%","298400","11000","7.53","","","","","","",""
"Proportion of ethnic group who are employed, split by occupation group","2015","Year","Mixed/Multiple ethnic groups","Elementary Occupations","SOC 2010","12.6","%","298400","37600","7.37","","","","","","",""
"Proportion of ethnic group who are employed, split by occupation group","2015","Year","Other Asian (inc. Chinese)","Managers, Directors And Senior Officials","SOC 2010","10.1","%","484200","49000","7.21","","","","","","",""
"Proportion of ethnic group who are employed, split by occupation group","2015","Year","Other Asian (inc. Chinese)","Professional Occupations","SOC 2010","26.0","%","484200","125800","6.42","","","","","","",""
"Proportion of ethnic group who are employed, split by occupation group","2015","Year","Other Asian (inc. Chinese)","Associate Professional And Technical Occupations","SOC 2010","9.4","%","484200","45600","7.40","","","","","","",""
"Proportion of ethnic group who are employed, split by occupation group","2015","Year","Other Asian (inc. Chinese)","Administrative And Secretarial Occupations","SOC 2010","7.5","%","484200","36400","7.18","","","","","","",""
"Proportion of ethnic group who are employed, split by occupation group","2015","Year","Other Asian (inc. Chinese)","Skilled Trades Occupations","SOC 2010","6.5","%","484200","31500","7.20","","","","","","",""
"Proportion of ethnic group who are employed, split by occupation group","2015","Year","Other Asian (inc. Chinese)","Caring, Leisure And Other Service Occupations","SOC 2010","10.3","%","484200","49700","6.76","","","","","","",""
"Proportion of ethnic group who are employed, split by occupation group","2015","Year","Other Asian (inc. Chinese)","Sales And Customer Service Occupations","SOC 2010","11.4","%","484200","55200","7.37","","","","","","",""
"Proportion of ethnic group who are employed, split by occupation group","2015","Year","Other Asian (inc. Chinese)","Process, Plant And Machine Operatives","SOC 2010","5.8","%","484200","28200","7.18","","","","","","",""
"Proportion of ethnic group who are employed, split by occupation group","2015","Year","Other Asian (inc. Chinese)","Elementary Occupations","SOC 2010","12.9","%","484200","62600","6.63","","","","","","",""
"Proportion of ethnic group who are employed, split by occupation group","2015","Year","Other ethnic group","Managers, Directors And Senior Officials","SOC 2010","8.6","%","440100","37900","7.45","","","","","","",""
"Proportion of ethnic group who are employed, split by occupation group","2015","Year","Other ethnic group","Professional Occupations","SOC 2010","20.9","%","440100","92100","6.77","","","","","","",""
"Proportion of ethnic group who are employed, split by occupation group","2015","Year","Other ethnic group","Associate Professional And Technical Occupations","SOC 2010","11.0","%","440100","48500","7.58","","","","","","",""
"Proportion of ethnic group who are employed, split by occupation group","2015","Year","Other ethnic group","Administrative And Secretarial Occupations","SOC 2010","9.0","%","440100","39800","7.53","","","","","","",""
"Proportion of ethnic group who are employed, split by occupation group","2015","Year","Other ethnic group","Skilled Trades Occupations","SOC 2010","8.9","%","440100","39100","7.42","","","","","","",""
"Proportion of ethnic group who are employed, split by occupation group","2015","Year","Other ethnic group","Caring, Leisure And Other Service Occupations","SOC 2010","10.3","%","440100","45400","7.07","","","","","","",""
"Proportion of ethnic group who are employed, split by occupation group","2015","Year","Other ethnic group","Sales And Customer Service Occupations","SOC 2010","7.0","%","440100","30600","7.71","","","","","","",""
"Proportion of ethnic group who are employed, split by occupation group","2015","Year","Other ethnic group","Process, Plant And Machine Operatives","SOC 2010","7.1","%","440100","31400","7.30","","","","","","",""
"Proportion of ethnic group who are employed, split by occupation group","2015","Year","Other ethnic group","Elementary Occupations","SOC 2010","17.1","%","440100","75300","7.29","","","","","","",""
"Proportion of ethnic group who are employed, split by occupation group","2015","Year","Pakistani/ Bangladeshi","Managers, Directors And Senior Officials","SOC 2010","9.1","%","589700","53400","6.16","","","","","","",""
"Proportion of ethnic group who are employed, split by occupation group","2015","Year","Pakistani/ Bangladeshi","Professional Occupations","SOC 2010","16.7","%","589700","98500","6.01","","","","","","",""
"Proportion of ethnic group who are employed, split by occupation group","2015","Year","Pakistani/ Bangladeshi","Associate Professional And Technical Occupations","SOC 2010","8.9","%","589700","52300","6.25","","","","","","",""
"Proportion of ethnic group who are employed, split by occupation group","2015","Year","Pakistani/ Bangladeshi","Administrative And Secretarial Occupations","SOC 2010","9.3","%","589700","54700","6.59","","","","","","",""
"Proportion of ethnic group who are employed, split by occupation group","2015","Year","Pakistani/ Bangladeshi","Skilled Trades Occupations","SOC 2010","7.4","%","589700","43900","6.31","","","","","","",""
"Proportion of ethnic group who are employed, split by occupation group","2015","Year","Pakistani/ Bangladeshi","Caring, Leisure And Other Service Occupations","SOC 2010","7.4","%","589700","43700","6.52","","","","","","",""
"Proportion of ethnic group who are employed, split by occupation group","2015","Year","Pakistani/ Bangladeshi","Sales And Customer Service Occupations","SOC 2010","14.3","%","589700","84400","6.36","","","","","","",""
"Proportion of ethnic group who are employed, split by occupation group","2015","Year","Pakistani/ Bangladeshi","Process, Plant And Machine Operatives","SOC 2010","14.5","%","589700","85400","5.92","","","","","","",""
"Proportion of ethnic group who are employed, split by occupation group","2015","Year","Pakistani/ Bangladeshi","Elementary Occupations","SOC 2010","12.5","%","589700","73500","6.15","","","","","","",""
"Proportion of ethnic group who are employed, split by occupation group","2015","Year","White","Managers, Directors And Senior Officials","SOC 2010","10.6","%","27518800","2922300","0.77","","","","","","",""
"Proportion of ethnic group who are employed, split by occupation group","2015","Year","White","Professional Occupations","SOC 2010","19.4","%","27518800","5341700","0.74","","","","","","",""
"Proportion of ethnic group who are employed, split by occupation group","2015","Year","White","Associate Professional And Technical Occupations","SOC 2010","14.4","%","27518800","3959300","0.77","","","","","","",""
"Proportion of ethnic group who are employed, split by occupation group","2015","Year","White","Administrative And Secretarial Occupations","SOC 2010","11.0","%","27518800","3022300","0.76","","","","","","",""
"Proportion of ethnic group who are employed, split by occupation group","2015","Year","White","Skilled Trades Occupations","SOC 2010","11.3","%","27518800","3096600","0.77","","","","","","",""
"Proportion of ethnic group who are employed, split by occupation group","2015","Year","White","Caring, Leisure And Other Service Occupations","SOC 2010","9.1","%","27518800","2494200","0.75","","","","","","",""
"Proportion of ethnic group who are employed, split by occupation group","2015","Year","White","Sales And Customer Service Occupations","SOC 2010","7.5","%","27518800","2055700","0.77","","","","","","",""
"Proportion of ethnic group who are employed, split by occupation group","2015","Year","White","Process, Plant And Machine Operatives","SOC 2010","6.3","%","27518800","1728800","0.77","","","","","","",""
"Proportion of ethnic group who are employed, split by occupation group","2015","Year","White","Elementary Occupations","SOC 2010","10.5","%","27518800","2897900","0.76","","","","","","",""
"Proportion of ethnic group who are employed, split by occupation group","2015","Year","White British","Managers, Directors And Senior Officials","SOC 2010","10.7","%","24780900","2663500","0.80","","","","","","",""
"Proportion of ethnic group who are employed, split by occupation group","2015","Year","White British","Professional Occupations","SOC 2010","19.3","%","24780900","4781000","0.77","","","","","","",""
"Proportion of ethnic group who are employed, split by occupation group","2015","Year","White British","Associate Professional And Technical Occupations","SOC 2010","14.5","%","24780900","3595800","0.80","","","","","","",""
"Proportion of ethnic group who are employed, split by occupation group","2015","Year","White British","Administrative And Secretarial Occupations","SOC 2010","11.4","%","24780900","2813500","0.79","","","","","","",""
"Proportion of ethnic group who are employed, split by occupation group","2015","Year","White British","Skilled Trades Occupations","SOC 2010","11.3","%","24780900","2800800","0.80","","","","","","",""
"Proportion of ethnic group who are employed, split by occupation group","2015","Year","White British","Caring, Leisure And Other Service Occupations","SOC 2010","9.3","%","24780900","2292700","0.79","","","","","","",""
"Proportion of ethnic group who are employed, split by occupation group","2015","Year","White British","Sales And Customer Service Occupations","SOC 2010","7.8","%","24780900","1934400","0.81","","","","","","",""
"Proportion of ethnic group who are employed, split by occupation group","2015","Year","White British","Process, Plant And Machine Operatives","SOC 2010","5.9","%","24780900","1472200","0.80","","","","","","",""
"Proportion of ethnic group who are employed, split by occupation group","2015","Year","White British","Elementary Occupations","SOC 2010","9.8","%","24780900","2427000","0.80","","","","","","",""
"Proportion of ethnic group who are employed, split by occupation group","2015","Year","White Other","Managers, Directors And Senior Officials","SOC 2010","9.5","%","2736500","258700","2.65","","","","","","",""
"Proportion of ethnic group who are employed, split by occupation group","2015","Year","White Other","Professional Occupations","SOC 2010","20.5","%","2736500","560700","2.52","","","","","","",""
"Proportion of ethnic group who are employed, split by occupation group","2015","Year","White Other","Associate Professional And Technical Occupations","SOC 2010","13.3","%","2736500","363300","2.67","","","","","","",""
"Proportion of ethnic group who are employed, split by occupation group","2015","Year","White Other","Administrative And Secretarial Occupations","SOC 2010","7.6","%","2736500","208700","2.66","","","","","","",""
"Proportion of ethnic group who are employed, split by occupation group","2015","Year","White Other","Skilled Trades Occupations","SOC 2010","10.8","%","2736500","295700","2.72","","","","","","",""
"Proportion of ethnic group who are employed, split by occupation group","2015","Year","White Other","Caring, Leisure And Other Service Occupations","SOC 2010","7.4","%","2736500","201200","2.61","","","","","","",""
"Proportion of ethnic group who are employed, split by occupation group","2015","Year","White Other","Sales And Customer Service Occupations","SOC 2010","4.4","%","2736500","121300","2.64","","","","","","",""
"Proportion of ethnic group who are employed, split by occupation group","2015","Year","White Other","Process, Plant And Machine Operatives","SOC 2010","9.4","%","2736500","256300","2.62","","","","","","",""
"Proportion of ethnic group who are employed, split by occupation group","2015","Year","White Other","Elementary Occupations","SOC 2010","17.2","%","2736500","470700","2.52","","","","","","",""
"Proportion of ethnic group who are employed, split by occupation group","2016","Year","All","Managers, Directors And Senior Officials","SOC 2010","10.6","%","31402900","3323200","0.50","","","","","","",""
"Proportion of ethnic group who are employed, split by occupation group","2016","Year","All","Professional Occupations","SOC 2010","20.3","%","31402900","6378000","0.48","","","","","","",""
"Proportion of ethnic group who are employed, split by occupation group","2016","Year","All","Associate Professional And Technical Occupations","SOC 2010","14.3","%","31402900","4482800","0.51","","","","","","",""
"Proportion of ethnic group who are employed, split by occupation group","2016","Year","All","Administrative And Secretarial Occupations","SOC 2010","10.3","%","31402900","3222100","0.50","","","","","","",""
"Proportion of ethnic group who are employed, split by occupation group","2016","Year","All","Skilled Trades Occupations","SOC 2010","10.5","%","31402900","3288500","0.50","","","","","","",""
"Proportion of ethnic group who are employed, split by occupation group","2016","Year","All","Caring, Leisure And Other Service Occupations","SOC 2010","9.2","%","31402900","2893400","0.49","","","","","","",""
"Proportion of ethnic group who are employed, split by occupation group","2016","Year","All","Sales And Customer Service Occupations","SOC 2010","7.6","%","31402900","2402200","0.52","","","","","","",""
"Proportion of ethnic group who are employed, split by occupation group","2016","Year","All","Process, Plant And Machine Operatives","SOC 2010","6.5","%","31402900","2029200","0.50","","","","","","",""
"Proportion of ethnic group who are employed, split by occupation group","2016","Year","All","Elementary Occupations","SOC 2010","10.8","%","31402900","3383600","0.50","","","","","","",""
"Proportion of ethnic group who are employed, split by occupation group","2016","Year","Asian","Managers, Directors And Senior Officials","SOC 2010","10.4","%","2000500","207600","3.53","","","","","","",""
"Proportion of ethnic group who are employed, split by occupation group","2016","Year","Asian","Professional Occupations","SOC 2010","25.7","%","2000500","514900","3.20","","","","","","",""
"Proportion of ethnic group who are employed, split by occupation group","2016","Year","Asian","Associate Professional And Technical Occupations","SOC 2010","11.5","%","2000500","230300","3.62","","","","","","",""
"Proportion of ethnic group who are employed, split by occupation group","2016","Year","Asian","Administrative And Secretarial Occupations","SOC 2010","8.8","%","2000500","176300","3.60","","","","","","",""
"Proportion of ethnic group who are employed, split by occupation group","2016","Year","Asian","Skilled Trades Occupations","SOC 2010","5.7","%","2000500","113600","3.56","","","","","","",""
"Proportion of ethnic group who are employed, split by occupation group","2016","Year","Asian","Caring, Leisure And Other Service Occupations","SOC 2010","7.0","%","2000500","140600","3.49","","","","","","",""
"Proportion of ethnic group who are employed, split by occupation group","2016","Year","Asian","Sales And Customer Service Occupations","SOC 2010","10.6","%","2000500","212700","3.61","","","","","","",""
"Proportion of ethnic group who are employed, split by occupation group","2016","Year","Asian","Process, Plant And Machine Operatives","SOC 2010","9.5","%","2000500","190500","3.44","","","","","","",""
"Proportion of ethnic group who are employed, split by occupation group","2016","Year","Asian","Elementary Occupations","SOC 2010","10.7","%","2000500","214000","3.47","","","","","","",""
"Proportion of ethnic group who are employed, split by occupation group","2016","Year","Black","Managers, Directors And Senior Officials","SOC 2010","5.3","%","890100","46800","5.50","","","","","","",""
"Proportion of ethnic group who are employed, split by occupation group","2016","Year","Black","Professional Occupations","SOC 2010","19.6","%","890100","174700","5.11","","","","","","",""
"Proportion of ethnic group who are employed, split by occupation group","2016","Year","Black","Associate Professional And Technical Occupations","SOC 2010","12.2","%","890100","108700","5.73","","","","","","",""
"Proportion of ethnic group who are employed, split by occupation group","2016","Year","Black","Administrative And Secretarial Occupations","SOC 2010","10.1","%","890100","90100","5.77","","","","","","",""
"Proportion of ethnic group who are employed, split by occupation group","2016","Year","Black","Skilled Trades Occupations","SOC 2010","4.5","%","890100","40300","5.63","","","","","","",""
"Proportion of ethnic group who are employed, split by occupation group","2016","Year","Black","Caring, Leisure And Other Service Occupations","SOC 2010","17.1","%","890100","152000","5.28","","","","","","",""
"Proportion of ethnic group who are employed, split by occupation group","2016","Year","Black","Sales And Customer Service Occupations","SOC 2010","9.0","%","890100","80100","5.99","","","","","","",""
"Proportion of ethnic group who are employed, split by occupation group","2016","Year","Black","Process, Plant And Machine Operatives","SOC 2010","6.3","%","890100","56400","5.68","","","","","","",""
"Proportion of ethnic group who are employed, split by occupation group","2016","Year","Black","Elementary Occupations","SOC 2010","15.8","%","890100","141000","5.37","","","","","","",""
"Proportion of ethnic group who are employed, split by occupation group","2016","Year","Indian","Managers, Directors And Senior Officials","SOC 2010","11.2","%","839600","94000","5.37","","","","","","",""
"Proportion of ethnic group who are employed, split by occupation group","2016","Year","Indian","Professional Occupations","SOC 2010","31.7","%","839600","266100","4.72","","","","","","",""
"Proportion of ethnic group who are employed, split by occupation group","2016","Year","Indian","Associate Professional And Technical Occupations","SOC 2010","12.7","%","839600","106300","5.51","","","","","","",""
"Proportion of ethnic group who are employed, split by occupation group","2016","Year","Indian","Administrative And Secretarial Occupations","SOC 2010","10.0","%","839600","84300","5.38","","","","","","",""
"Proportion of ethnic group who are employed, split by occupation group","2016","Year","Indian","Skilled Trades Occupations","SOC 2010","4.7","%","839600","39700","5.52","","","","","","",""
"Proportion of ethnic group who are employed, split by occupation group","2016","Year","Indian","Caring, Leisure And Other Service Occupations","SOC 2010","6.4","%","839600","53900","5.40","","","","","","",""
"Proportion of ethnic group who are employed, split by occupation group","2016","Year","Indian","Sales And Customer Service Occupations","SOC 2010","8.2","%","839600","68400","5.51","","","","","","",""
"Proportion of ethnic group who are employed, split by occupation group","2016","Year","Indian","Process, Plant And Machine Operatives","SOC 2010","6.0","%","839600","50100","5.10","","","","","","",""
"Proportion of ethnic group who are employed, split by occupation group","2016","Year","Indian","Elementary Occupations","SOC 2010","9.1","%","839600","76700","5.27","","","","","","",""
"Proportion of ethnic group who are employed, split by occupation group","2016","Year","Mixed/Multiple ethnic groups","Managers, Directors And Senior Officials","SOC 2010","7.8","%","327900","25500","7.55","","","","","","",""
"Proportion of ethnic group who are employed, split by occupation group","2016","Year","Mixed/Multiple ethnic groups","Professional Occupations","SOC 2010","21.8","%","327900","71300","7.39","","","","","","",""
"Proportion of ethnic group who are employed, split by occupation group","2016","Year","Mixed/Multiple ethnic groups","Associate Professional And Technical Occupations","SOC 2010","19.3","%","327900","63100","7.32","","","","","","",""
"Proportion of ethnic group who are employed, split by occupation group","2016","Year","Mixed/Multiple ethnic groups","Administrative And Secretarial Occupations","SOC 2010","7.7","%","327900","25400","7.32","","","","","","",""
"Proportion of ethnic group who are employed, split by occupation group","2016","Year","Mixed/Multiple ethnic groups","Skilled Trades Occupations","SOC 2010","6.6","%","327900","21800","7.91","","","","","","",""
"Proportion of ethnic group who are employed, split by occupation group","2016","Year","Mixed/Multiple ethnic groups","Caring, Leisure And Other Service Occupations","SOC 2010","11.5","%","327900","37600","7.52","","","","","","",""
"Proportion of ethnic group who are employed, split by occupation group","2016","Year","Mixed/Multiple ethnic groups","Sales And Customer Service Occupations","SOC 2010","10.0","%","327900","32800","7.74","","","","","","",""
"Proportion of ethnic group who are employed, split by occupation group","2016","Year","Mixed/Multiple ethnic groups","Process, Plant And Machine Operatives","SOC 2010","4.4","%","327900","14400","7.85","","","","","","",""
"Proportion of ethnic group who are employed, split by occupation group","2016","Year","Mixed/Multiple ethnic groups","Elementary Occupations","SOC 2010","11.0","%","327900","35900","7.25","","","","","","",""
"Proportion of ethnic group who are employed, split by occupation group","2016","Year","Other Asian (inc. Chinese)","Managers, Directors And Senior Officials","SOC 2010","10.7","%","522900","55800","7.20","","","","","","",""
"Proportion of ethnic group who are employed, split by occupation group","2016","Year","Other Asian (inc. Chinese)","Professional Occupations","SOC 2010","25.4","%","522900","132700","6.48","","","","","","",""
"Proportion of ethnic group who are employed, split by occupation group","2016","Year","Other Asian (inc. Chinese)","Associate Professional And Technical Occupations","SOC 2010","10.6","%","522900","55400","7.40","","","","","","",""
"Proportion of ethnic group who are employed, split by occupation group","2016","Year","Other Asian (inc. Chinese)","Administrative And Secretarial Occupations","SOC 2010","7.2","%","522900","37600","7.27","","","","","","",""
"Proportion of ethnic group who are employed, split by occupation group","2016","Year","Other Asian (inc. Chinese)","Skilled Trades Occupations","SOC 2010","6.6","%","522900","34500","7.04","","","","","","",""
"Proportion of ethnic group who are employed, split by occupation group","2016","Year","Other Asian (inc. Chinese)","Caring, Leisure And Other Service Occupations","SOC 2010","9.2","%","522900","48300","6.81","","","","","","",""
"Proportion of ethnic group who are employed, split by occupation group","2016","Year","Other Asian (inc. Chinese)","Sales And Customer Service Occupations","SOC 2010","11.4","%","522900","59400","7.46","","","","","","",""
"Proportion of ethnic group who are employed, split by occupation group","2016","Year","Other Asian (inc. Chinese)","Process, Plant And Machine Operatives","SOC 2010","5.9","%","522900","30900","7.04","","","","","","",""
"Proportion of ethnic group who are employed, split by occupation group","2016","Year","Other Asian (inc. Chinese)","Elementary Occupations","SOC 2010","13.0","%","522900","68200","6.74","","","","","","",""
"Proportion of ethnic group who are employed, split by occupation group","2016","Year","Other ethnic group","Managers, Directors And Senior Officials","SOC 2010","9.4","%","475500","44800","7.47","","","","","","",""
"Proportion of ethnic group who are employed, split by occupation group","2016","Year","Other ethnic group","Professional Occupations","SOC 2010","23.2","%","475500","110400","6.76","","","","","","",""
"Proportion of ethnic group who are employed, split by occupation group","2016","Year","Other ethnic group","Associate Professional And Technical Occupations","SOC 2010","12.9","%","475500","61200","7.79","","","","","","",""
"Proportion of ethnic group who are employed, split by occupation group","2016","Year","Other ethnic group","Administrative And Secretarial Occupations","SOC 2010","6.9","%","475500","32800","7.79","","","","","","",""
"Proportion of ethnic group who are employed, split by occupation group","2016","Year","Other ethnic group","Skilled Trades Occupations","SOC 2010","7.3","%","475500","34800","7.33","","","","","","",""
"Proportion of ethnic group who are employed, split by occupation group","2016","Year","Other ethnic group","Caring, Leisure And Other Service Occupations","SOC 2010","10.3","%","475500","49100","7.15","","","","","","",""
"Proportion of ethnic group who are employed, split by occupation group","2016","Year","Other ethnic group","Sales And Customer Service Occupations","SOC 2010","7.9","%","475500","37800","7.73","","","","","","",""
"Proportion of ethnic group who are employed, split by occupation group","2016","Year","Other ethnic group","Process, Plant And Machine Operatives","SOC 2010","7.8","%","475500","37300","7.16","","","","","","",""
"Proportion of ethnic group who are employed, split by occupation group","2016","Year","Other ethnic group","Elementary Occupations","SOC 2010","14.1","%","475500","67200","7.03","","","","","","",""
"Proportion of ethnic group who are employed, split by occupation group","2016","Year","Pakistani/ Bangladeshi","Managers, Directors And Senior Officials","SOC 2010","9.1","%","638000","57800","6.16","","","","","","",""
"Proportion of ethnic group who are employed, split by occupation group","2016","Year","Pakistani/ Bangladeshi","Professional Occupations","SOC 2010","18.2","%","638000","116200","5.83","","","","","","",""
"Proportion of ethnic group who are employed, split by occupation group","2016","Year","Pakistani/ Bangladeshi","Associate Professional And Technical Occupations","SOC 2010","10.8","%","638000","68700","6.32","","","","","","",""
"Proportion of ethnic group who are employed, split by occupation group","2016","Year","Pakistani/ Bangladeshi","Administrative And Secretarial Occupations","SOC 2010","8.5","%","638000","54400","6.55","","","","","","",""
"Proportion of ethnic group who are employed, split by occupation group","2016","Year","Pakistani/ Bangladeshi","Skilled Trades Occupations","SOC 2010","6.2","%","638000","39300","6.21","","","","","","",""
"Proportion of ethnic group who are employed, split by occupation group","2016","Year","Pakistani/ Bangladeshi","Caring, Leisure And Other Service Occupations","SOC 2010","6.0","%","638000","38400","6.14","","","","","","",""
"Proportion of ethnic group who are employed, split by occupation group","2016","Year","Pakistani/ Bangladeshi","Sales And Customer Service Occupations","SOC 2010","13.3","%","638000","84800","6.18","","","","","","",""
"Proportion of ethnic group who are employed, split by occupation group","2016","Year","Pakistani/ Bangladeshi","Process, Plant And Machine Operatives","SOC 2010","17.2","%","638000","109400","5.95","","","","","","",""
"Proportion of ethnic group who are employed, split by occupation group","2016","Year","Pakistani/ Bangladeshi","Elementary Occupations","SOC 2010","10.8","%","638000","69100","6.30","","","","","","",""
"Proportion of ethnic group who are employed, split by occupation group","2016","Year","White","Managers, Directors And Senior Officials","SOC 2010","10.8","%","27685900","2994600","0.80","","","","","","",""
"Proportion of ethnic group who are employed, split by occupation group","2016","Year","White","Professional Occupations","SOC 2010","19.9","%","27685900","5502000","0.77","","","","","","",""
"Proportion of ethnic group who are employed, split by occupation group","2016","Year","White","Associate Professional And Technical Occupations","SOC 2010","14.5","%","27685900","4015300","0.80","","","","","","",""
"Proportion of ethnic group who are employed, split by occupation group","2016","Year","White","Administrative And Secretarial Occupations","SOC 2010","10.5","%","27685900","2895500","0.79","","","","","","",""
"Proportion of ethnic group who are employed, split by occupation group","2016","Year","White","Skilled Trades Occupations","SOC 2010","11.1","%","27685900","3076100","0.80","","","","","","",""
"Proportion of ethnic group who are employed, split by occupation group","2016","Year","White","Caring, Leisure And Other Service Occupations","SOC 2010","9.1","%","27685900","2511700","0.78","","","","","","",""
"Proportion of ethnic group who are employed, split by occupation group","2016","Year","White","Sales And Customer Service Occupations","SOC 2010","7.4","%","27685900","2037300","0.81","","","","","","",""
"Proportion of ethnic group who are employed, split by occupation group","2016","Year","White","Process, Plant And Machine Operatives","SOC 2010","6.2","%","27685900","1729700","0.80","","","","","","",""
"Proportion of ethnic group who are employed, split by occupation group","2016","Year","White","Elementary Occupations","SOC 2010","10.6","%","27685900","2923600","0.79","","","","","","",""
"Proportion of ethnic group who are employed, split by occupation group","2016","Year","White British","Managers, Directors And Senior Officials","SOC 2010","11.0","%","24693800","2715400","0.84","","","","","","",""
"Proportion of ethnic group who are employed, split by occupation group","2016","Year","White British","Professional Occupations","SOC 2010","19.7","%","24693800","4866800","0.80","","","","","","",""
"Proportion of ethnic group who are employed, split by occupation group","2016","Year","White British","Associate Professional And Technical Occupations","SOC 2010","14.7","%","24693800","3638100","0.84","","","","","","",""
"Proportion of ethnic group who are employed, split by occupation group","2016","Year","White British","Administrative And Secretarial Occupations","SOC 2010","10.8","%","24693800","2676200","0.83","","","","","","",""
"Proportion of ethnic group who are employed, split by occupation group","2016","Year","White British","Skilled Trades Occupations","SOC 2010","11.2","%","24693800","2764100","0.84","","","","","","",""
"Proportion of ethnic group who are employed, split by occupation group","2016","Year","White British","Caring, Leisure And Other Service Occupations","SOC 2010","9.3","%","24693800","2300000","0.82","","","","","","",""
"Proportion of ethnic group who are employed, split by occupation group","2016","Year","White British","Sales And Customer Service Occupations","SOC 2010","7.7","%","24693800","1894000","0.85","","","","","","",""
"Proportion of ethnic group who are employed, split by occupation group","2016","Year","White British","Process, Plant And Machine Operatives","SOC 2010","5.8","%","24693800","1443400","0.83","","","","","","",""
"Proportion of ethnic group who are employed, split by occupation group","2016","Year","White British","Elementary Occupations","SOC 2010","9.7","%","24693800","2395700","0.83","","","","","","",""
"Proportion of ethnic group who are employed, split by occupation group","2016","Year","White Other","Managers, Directors And Senior Officials","SOC 2010","9.3","%","2991800","279300","2.65","","","","","","",""
"Proportion of ethnic group who are employed, split by occupation group","2016","Year","White Other","Professional Occupations","SOC 2010","21.2","%","2991800","635000","2.51","","","","","","",""
"Proportion of ethnic group who are employed, split by occupation group","2016","Year","White Other","Associate Professional And Technical Occupations","SOC 2010","12.6","%","2991800","377200","2.71","","","","","","",""
"Proportion of ethnic group who are employed, split by occupation group","2016","Year","White Other","Administrative And Secretarial Occupations","SOC 2010","7.3","%","2991800","219400","2.64","","","","","","",""
"Proportion of ethnic group who are employed, split by occupation group","2016","Year","White Other","Skilled Trades Occupations","SOC 2010","10.4","%","2991800","312000","2.73","","","","","","",""
"Proportion of ethnic group who are employed, split by occupation group","2016","Year","White Other","Caring, Leisure And Other Service Occupations","SOC 2010","7.1","%","2991800","211700","2.59","","","","","","",""
"Proportion of ethnic group who are employed, split by occupation group","2016","Year","White Other","Sales And Customer Service Occupations","SOC 2010","4.8","%","2991800","143100","2.69","","","","","","",""
"Proportion of ethnic group who are employed, split by occupation group","2016","Year","White Other","Process, Plant And Machine Operatives","SOC 2010","9.6","%","2991800","286300","2.56","","","","","","",""
"Proportion of ethnic group who are employed, split by occupation group","2016","Year","White Other","Elementary Occupations","SOC 2010","17.6","%","2991800","527900","2.51","","","","","","",""
"Proportion of ethnic group who are employed, split by occupation group","2017","Year","All","Managers, Directors And Senior Officials","SOC 2010","10.9","%","31840000","3456100","0.50","","","","","","",""
"Proportion of ethnic group who are employed, split by occupation group","2017","Year","All","Professional Occupations","SOC 2010","20.3","%","31840000","6448600","0.48","","","","","","",""
"Proportion of ethnic group who are employed, split by occupation group","2017","Year","All","Associate Professional And Technical Occupations","SOC 2010","14.3","%","31840000","4559500","0.50","","","","","","",""
"Proportion of ethnic group who are employed, split by occupation group","2017","Year","All","Administrative And Secretarial Occupations","SOC 2010","10.4","%","31840000","3314900","0.49","","","","","","",""
"Proportion of ethnic group who are employed, split by occupation group","2017","Year","All","Skilled Trades Occupations","SOC 2010","10.5","%","31840000","3336600","0.50","","","","","","",""
"Proportion of ethnic group who are employed, split by occupation group","2017","Year","All","Caring, Leisure And Other Service Occupations","SOC 2010","9.2","%","31840000","2921800","0.49","","","","","","",""
"Proportion of ethnic group who are employed, split by occupation group","2017","Year","All","Sales And Customer Service Occupations","SOC 2010","7.6","%","31840000","2410800","0.51","","","","","","",""
"Proportion of ethnic group who are employed, split by occupation group","2017","Year","All","Process, Plant And Machine Operatives","SOC 2010","6.4","%","31840000","2034700","0.50","","","","","","",""
"Proportion of ethnic group who are employed, split by occupation group","2017","Year","All","Elementary Occupations","SOC 2010","10.5","%","31840000","3356900","0.50","","","","","","",""
"Proportion of ethnic group who are employed, split by occupation group","2017","Year","Asian","Managers, Directors And Senior Officials","SOC 2010","11.3","%","2045600","231300","3.55","","","","","","",""
"Proportion of ethnic group who are employed, split by occupation group","2017","Year","Asian","Professional Occupations","SOC 2010","24.2","%","2045600","495200","3.21","","","","","","",""
"Proportion of ethnic group who are employed, split by occupation group","2017","Year","Asian","Associate Professional And Technical Occupations","SOC 2010","11.5","%","2045600","235500","3.62","","","","","","",""
"Proportion of ethnic group who are employed, split by occupation group","2017","Year","Asian","Administrative And Secretarial Occupations","SOC 2010","9.5","%","2045600","195100","3.56","","","","","","",""
"Proportion of ethnic group who are employed, split by occupation group","2017","Year","Asian","Skilled Trades Occupations","SOC 2010","6.2","%","2045600","126200","3.65","","","","","","",""
"Proportion of ethnic group who are employed, split by occupation group","2017","Year","Asian","Caring, Leisure And Other Service Occupations","SOC 2010","7.5","%","2045600","153600","3.47","","","","","","",""
"Proportion of ethnic group who are employed, split by occupation group","2017","Year","Asian","Sales And Customer Service Occupations","SOC 2010","10.6","%","2045600","216300","3.59","","","","","","",""
"Proportion of ethnic group who are employed, split by occupation group","2017","Year","Asian","Process, Plant And Machine Operatives","SOC 2010","8.4","%","2045600","171900","3.41","","","","","","",""
"Proportion of ethnic group who are employed, split by occupation group","2017","Year","Asian","Elementary Occupations","SOC 2010","10.8","%","2045600","220700","3.51","","","","","","",""
"Proportion of ethnic group who are employed, split by occupation group","2017","Year","Black","Managers, Directors And Senior Officials","SOC 2010","5.5","%","863300","47900","5.82","","","","","","",""
"Proportion of ethnic group who are employed, split by occupation group","2017","Year","Black","Professional Occupations","SOC 2010","21.4","%","863300","184800","5.21","","","","","","",""
"Proportion of ethnic group who are employed, split by occupation group","2017","Year","Black","Associate Professional And Technical Occupations","SOC 2010","12.4","%","863300","107300","5.71","","","","","","",""
"Proportion of ethnic group who are employed, split by occupation group","2017","Year","Black","Administrative And Secretarial Occupations","SOC 2010","8.4","%","863300","72800","5.87","","","","","","",""
"Proportion of ethnic group who are employed, split by occupation group","2017","Year","Black","Skilled Trades Occupations","SOC 2010","5.8","%","863300","50200","5.81","","","","","","",""
"Proportion of ethnic group who are employed, split by occupation group","2017","Year","Black","Caring, Leisure And Other Service Occupations","SOC 2010","17.8","%","863300","153400","5.22","","","","","","",""
"Proportion of ethnic group who are employed, split by occupation group","2017","Year","Black","Sales And Customer Service Occupations","SOC 2010","8.2","%","863300","70700","6.08","","","","","","",""
"Proportion of ethnic group who are employed, split by occupation group","2017","Year","Black","Process, Plant And Machine Operatives","SOC 2010","6.4","%","863300","55600","5.72","","","","","","",""
"Proportion of ethnic group who are employed, split by occupation group","2017","Year","Black","Elementary Occupations","SOC 2010","14.0","%","863300","120700","5.58","","","","","","",""
"Proportion of ethnic group who are employed, split by occupation group","2017","Year","Indian","Managers, Directors And Senior Officials","SOC 2010","11.2","%","846300","94400","5.45","","","","","","",""
"Proportion of ethnic group who are employed, split by occupation group","2017","Year","Indian","Professional Occupations","SOC 2010","31.1","%","846300","263400","4.75","","","","","","",""
"Proportion of ethnic group who are employed, split by occupation group","2017","Year","Indian","Associate Professional And Technical Occupations","SOC 2010","12.8","%","846300","108100","5.46","","","","","","",""
"Proportion of ethnic group who are employed, split by occupation group","2017","Year","Indian","Administrative And Secretarial Occupations","SOC 2010","10.2","%","846300","85900","5.43","","","","","","",""
"Proportion of ethnic group who are employed, split by occupation group","2017","Year","Indian","Skilled Trades Occupations","SOC 2010","4.9","%","846300","41600","5.82","","","","","","",""
"Proportion of ethnic group who are employed, split by occupation group","2017","Year","Indian","Caring, Leisure And Other Service Occupations","SOC 2010","5.7","%","846300","48400","5.33","","","","","","",""
"Proportion of ethnic group who are employed, split by occupation group","2017","Year","Indian","Sales And Customer Service Occupations","SOC 2010","9.2","%","846300","78000","5.62","","","","","","",""
"Proportion of ethnic group who are employed, split by occupation group","2017","Year","Indian","Process, Plant And Machine Operatives","SOC 2010","5.8","%","846300","48900","5.30","","","","","","",""
"Proportion of ethnic group who are employed, split by occupation group","2017","Year","Indian","Elementary Occupations","SOC 2010","9.2","%","846300","77600","5.39","","","","","","",""
"Proportion of ethnic group who are employed, split by occupation group","2017","Year","Mixed/Multiple ethnic groups","Managers, Directors And Senior Officials","SOC 2010","8.1","%","363300","29500","7.25","","","","","","",""
"Proportion of ethnic group who are employed, split by occupation group","2017","Year","Mixed/Multiple ethnic groups","Professional Occupations","SOC 2010","20.4","%","363300","74200","6.90","","","","","","",""
"Proportion of ethnic group who are employed, split by occupation group","2017","Year","Mixed/Multiple ethnic groups","Associate Professional And Technical Occupations","SOC 2010","17.2","%","363300","62500","7.06","","","","","","",""
"Proportion of ethnic group who are employed, split by occupation group","2017","Year","Mixed/Multiple ethnic groups","Administrative And Secretarial Occupations","SOC 2010","9.1","%","363300","33200","7.33","","","","","","",""
"Proportion of ethnic group who are employed, split by occupation group","2017","Year","Mixed/Multiple ethnic groups","Skilled Trades Occupations","SOC 2010","5.7","%","363300","20800","7.27","","","","","","",""
"Proportion of ethnic group who are employed, split by occupation group","2017","Year","Mixed/Multiple ethnic groups","Caring, Leisure And Other Service Occupations","SOC 2010","11.1","%","363300","40100","7.20","","","","","","",""
"Proportion of ethnic group who are employed, split by occupation group","2017","Year","Mixed/Multiple ethnic groups","Sales And Customer Service Occupations","SOC 2010","9.8","%","363300","35600","7.28","","","","","","",""
"Proportion of ethnic group who are employed, split by occupation group","2017","Year","Mixed/Multiple ethnic groups","Process, Plant And Machine Operatives","SOC 2010","4.7","%","363300","17200","7.54","","","","","","",""
"Proportion of ethnic group who are employed, split by occupation group","2017","Year","Mixed/Multiple ethnic groups","Elementary Occupations","SOC 2010","13.8","%","363300","50200","7.29","","","","","","",""
"Proportion of ethnic group who are employed, split by occupation group","2017","Year","Other Asian (inc. Chinese)","Managers, Directors And Senior Officials","SOC 2010","11.8","%","542100","64100","7.30","","","","","","",""
"Proportion of ethnic group who are employed, split by occupation group","2017","Year","Other Asian (inc. Chinese)","Professional Occupations","SOC 2010","23.5","%","542100","127300","6.45","","","","","","",""
"Proportion of ethnic group who are employed, split by occupation group","2017","Year","Other Asian (inc. Chinese)","Associate Professional And Technical Occupations","SOC 2010","11.7","%","542100","63600","7.46","","","","","","",""
"Proportion of ethnic group who are employed, split by occupation group","2017","Year","Other Asian (inc. Chinese)","Administrative And Secretarial Occupations","SOC 2010","8.7","%","542100","47200","7.16","","","","","","",""
"Proportion of ethnic group who are employed, split by occupation group","2017","Year","Other Asian (inc. Chinese)","Skilled Trades Occupations","SOC 2010","7.1","%","542100","38200","6.89","","","","","","",""
"Proportion of ethnic group who are employed, split by occupation group","2017","Year","Other Asian (inc. Chinese)","Caring, Leisure And Other Service Occupations","SOC 2010","9.1","%","542100","49300","6.67","","","","","","",""
"Proportion of ethnic group who are employed, split by occupation group","2017","Year","Other Asian (inc. Chinese)","Sales And Customer Service Occupations","SOC 2010","9.7","%","542100","52400","7.01","","","","","","",""
"Proportion of ethnic group who are employed, split by occupation group","2017","Year","Other Asian (inc. Chinese)","Process, Plant And Machine Operatives","SOC 2010","5.3","%","542100","28700","6.81","","","","","","",""
"Proportion of ethnic group who are employed, split by occupation group","2017","Year","Other Asian (inc. Chinese)","Elementary Occupations","SOC 2010","13.1","%","542100","71300","6.87","","","","","","",""
"Proportion of ethnic group who are employed, split by occupation group","2017","Year","Other ethnic group","Managers, Directors And Senior Officials","SOC 2010","9.4","%","495000","46700","7.32","","","","","","",""
"Proportion of ethnic group who are employed, split by occupation group","2017","Year","Other ethnic group","Professional Occupations","SOC 2010","24.5","%","495000","121300","6.87","","","","","","",""
"Proportion of ethnic group who are employed, split by occupation group","2017","Year","Other ethnic group","Associate Professional And Technical Occupations","SOC 2010","10.7","%","495000","52800","7.39","","","","","","",""
"Proportion of ethnic group who are employed, split by occupation group","2017","Year","Other ethnic group","Administrative And Secretarial Occupations","SOC 2010","8.1","%","495000","40000","7.49","","","","","","",""
"Proportion of ethnic group who are employed, split by occupation group","2017","Year","Other ethnic group","Skilled Trades Occupations","SOC 2010","10.0","%","495000","49700","7.60","","","","","","",""
"Proportion of ethnic group who are employed, split by occupation group","2017","Year","Other ethnic group","Caring, Leisure And Other Service Occupations","SOC 2010","9.3","%","495000","46200","7.18","","","","","","",""
"Proportion of ethnic group who are employed, split by occupation group","2017","Year","Other ethnic group","Sales And Customer Service Occupations","SOC 2010","6.2","%","495000","30500","7.43","","","","","","",""
"Proportion of ethnic group who are employed, split by occupation group","2017","Year","Other ethnic group","Process, Plant And Machine Operatives","SOC 2010","7.2","%","495000","35500","7.03","","","","","","",""
"Proportion of ethnic group who are employed, split by occupation group","2017","Year","Other ethnic group","Elementary Occupations","SOC 2010","14.6","%","495000","72200","7.11","","","","","","",""
"Proportion of ethnic group who are employed, split by occupation group","2017","Year","Pakistani/ Bangladeshi","Managers, Directors And Senior Officials","SOC 2010","11.1","%","657200","72800","6.07","","","","","","",""
"Proportion of ethnic group who are employed, split by occupation group","2017","Year","Pakistani/ Bangladeshi","Professional Occupations","SOC 2010","15.9","%","657200","104500","5.80","","","","","","",""
"Proportion of ethnic group who are employed, split by occupation group","2017","Year","Pakistani/ Bangladeshi","Associate Professional And Technical Occupations","SOC 2010","9.7","%","657200","63800","6.32","","","","","","",""
"Proportion of ethnic group who are employed, split by occupation group","2017","Year","Pakistani/ Bangladeshi","Administrative And Secretarial Occupations","SOC 2010","9.4","%","657200","62000","6.29","","","","","","",""
"Proportion of ethnic group who are employed, split by occupation group","2017","Year","Pakistani/ Bangladeshi","Skilled Trades Occupations","SOC 2010","7.0","%","657200","46300","6.42","","","","","","",""
"Proportion of ethnic group who are employed, split by occupation group","2017","Year","Pakistani/ Bangladeshi","Caring, Leisure And Other Service Occupations","SOC 2010","8.5","%","657200","55900","6.24","","","","","","",""
"Proportion of ethnic group who are employed, split by occupation group","2017","Year","Pakistani/ Bangladeshi","Sales And Customer Service Occupations","SOC 2010","13.1","%","657200","85800","6.25","","","","","","",""
"Proportion of ethnic group who are employed, split by occupation group","2017","Year","Pakistani/ Bangladeshi","Process, Plant And Machine Operatives","SOC 2010","14.3","%","657200","94300","5.83","","","","","","",""
"Proportion of ethnic group who are employed, split by occupation group","2017","Year","Pakistani/ Bangladeshi","Elementary Occupations","SOC 2010","10.9","%","657200","71800","6.18","","","","","","",""
"Proportion of ethnic group who are employed, split by occupation group","2017","Year","White","Managers, Directors And Senior Officials","SOC 2010","11.0","%","28055400","3098500","0.80","","","","","","",""
"Proportion of ethnic group who are employed, split by occupation group","2017","Year","White","Professional Occupations","SOC 2010","19.8","%","28055400","5568600","0.76","","","","","","",""
"Proportion of ethnic group who are employed, split by occupation group","2017","Year","White","Associate Professional And Technical Occupations","SOC 2010","14.6","%","28055400","4098500","0.80","","","","","","",""
"Proportion of ethnic group who are employed, split by occupation group","2017","Year","White","Administrative And Secretarial Occupations","SOC 2010","10.6","%","28055400","2972600","0.78","","","","","","",""
"Proportion of ethnic group who are employed, split by occupation group","2017","Year","White","Skilled Trades Occupations","SOC 2010","11.0","%","28055400","3088000","0.79","","","","","","",""
"Proportion of ethnic group who are employed, split by occupation group","2017","Year","White","Caring, Leisure And Other Service Occupations","SOC 2010","9.0","%","28055400","2527900","0.78","","","","","","",""
"Proportion of ethnic group who are employed, split by occupation group","2017","Year","White","Sales And Customer Service Occupations","SOC 2010","7.3","%","28055400","2056100","0.80","","","","","","",""
"Proportion of ethnic group who are employed, split by occupation group","2017","Year","White","Process, Plant And Machine Operatives","SOC 2010","6.3","%","28055400","1754000","0.79","","","","","","",""
"Proportion of ethnic group who are employed, split by occupation group","2017","Year","White","Elementary Occupations","SOC 2010","10.3","%","28055400","2891100","0.79","","","","","","",""
"Proportion of ethnic group who are employed, split by occupation group","2017","Year","White British","Managers, Directors And Senior Officials","SOC 2010","11.2","%","24892300","2789600","0.84","","","","","","",""
"Proportion of ethnic group who are employed, split by occupation group","2017","Year","White British","Professional Occupations","SOC 2010","19.8","%","24892300","4919400","0.80","","","","","","",""
"Proportion of ethnic group who are employed, split by occupation group","2017","Year","White British","Associate Professional And Technical Occupations","SOC 2010","14.9","%","24892300","3711400","0.84","","","","","","",""
"Proportion of ethnic group who are employed, split by occupation group","2017","Year","White British","Administrative And Secretarial Occupations","SOC 2010","11.0","%","24892300","2731100","0.82","","","","","","",""
"Proportion of ethnic group who are employed, split by occupation group","2017","Year","White British","Skilled Trades Occupations","SOC 2010","11.0","%","24892300","2738600","0.83","","","","","","",""
"Proportion of ethnic group who are employed, split by occupation group","2017","Year","White British","Caring, Leisure And Other Service Occupations","SOC 2010","9.2","%","24892300","2291700","0.81","","","","","","",""
"Proportion of ethnic group who are employed, split by occupation group","2017","Year","White British","Sales And Customer Service Occupations","SOC 2010","7.6","%","24892300","1896600","0.85","","","","","","",""
"Proportion of ethnic group who are employed, split by occupation group","2017","Year","White British","Process, Plant And Machine Operatives","SOC 2010","5.9","%","24892300","1457400","0.83","","","","","","",""
"Proportion of ethnic group who are employed, split by occupation group","2017","Year","White British","Elementary Occupations","SOC 2010","9.5","%","24892300","2356500","0.83","","","","","","",""
"Proportion of ethnic group who are employed, split by occupation group","2017","Year","White Other","Managers, Directors And Senior Officials","SOC 2010","9.7","%","3161900","308100","2.68","","","","","","",""
"Proportion of ethnic group who are employed, split by occupation group","2017","Year","White Other","Professional Occupations","SOC 2010","20.5","%","3161900","648900","2.50","","","","","","",""
"Proportion of ethnic group who are employed, split by occupation group","2017","Year","White Other","Associate Professional And Technical Occupations","SOC 2010","12.2","%","3161900","387000","2.61","","","","","","",""
"Proportion of ethnic group who are employed, split by occupation group","2017","Year","White Other","Administrative And Secretarial Occupations","SOC 2010","7.6","%","3161900","241600","2.60","","","","","","",""
"Proportion of ethnic group who are employed, split by occupation group","2017","Year","White Other","Skilled Trades Occupations","SOC 2010","11.1","%","3161900","349400","2.65","","","","","","",""
"Proportion of ethnic group who are employed, split by occupation group","2017","Year","White Other","Caring, Leisure And Other Service Occupations","SOC 2010","7.5","%","3161900","236300","2.56","","","","","","",""
"Proportion of ethnic group who are employed, split by occupation group","2017","Year","White Other","Sales And Customer Service Occupations","SOC 2010","5.0","%","3161900","159500","2.64","","","","","","",""
"Proportion of ethnic group who are employed, split by occupation group","2017","Year","White Other","Process, Plant And Machine Operatives","SOC 2010","9.4","%","3161900","296400","2.52","","","","","","",""
"Proportion of ethnic group who are employed, split by occupation group","2017","Year","White Other","Elementary Occupations","SOC 2010","16.9","%","3161900","534600","2.48","","","","","","",""
"Proportion of ethnic group who are employed, split by occupation group","2018","Year","All","Managers, Directors And Senior Officials","SOC 2010","10.8","%","32075000","3461100","0.51","","","","","","",""
"Proportion of ethnic group who are employed, split by occupation group","2018","Year","All","Professional Occupations","SOC 2010","20.7","%","32075000","6652100","0.49","","","","","","",""
"Proportion of ethnic group who are employed, split by occupation group","2018","Year","All","Associate Professional And Technical Occupations","SOC 2010","14.7","%","32075000","4704400","0.51","","","","","","",""
"Proportion of ethnic group who are employed, split by occupation group","2018","Year","All","Administrative And Secretarial Occupations","SOC 2010","10.2","%","32075000","3263400","0.50","","","","","","",""
"Proportion of ethnic group who are employed, split by occupation group","2018","Year","All","Skilled Trades Occupations","SOC 2010","10.2","%","32075000","3262700","0.50","","","","","","",""
"Proportion of ethnic group who are employed, split by occupation group","2018","Year","All","Caring, Leisure And Other Service Occupations","SOC 2010","9.1","%","32075000","2906100","0.50","","","","","","",""
"Proportion of ethnic group who are employed, split by occupation group","2018","Year","All","Sales And Customer Service Occupations","SOC 2010","7.6","%","32075000","2428800","0.52","","","","","","",""
"Proportion of ethnic group who are employed, split by occupation group","2018","Year","All","Process, Plant And Machine Operatives","SOC 2010","6.4","%","32075000","2047100","0.50","","","","","","",""
"Proportion of ethnic group who are employed, split by occupation group","2018","Year","All","Elementary Occupations","SOC 2010","10.4","%","32075000","3349200","0.50","","","","","","",""
"Proportion of ethnic group who are employed, split by occupation group","2018","Year","Asian","Managers, Directors And Senior Officials","SOC 2010","9.5","%","2108500","201100","3.60","","","","","","",""
"Proportion of ethnic group who are employed, split by occupation group","2018","Year","Asian","Professional Occupations","SOC 2010","26.9","%","2108500","567500","3.21","","","","","","",""
"Proportion of ethnic group who are employed, split by occupation group","2018","Year","Asian","Associate Professional And Technical Occupations","SOC 2010","12.0","%","2108500","252600","3.68","","","","","","",""
"Proportion of ethnic group who are employed, split by occupation group","2018","Year","Asian","Administrative And Secretarial Occupations","SOC 2010","8.7","%","2108500","184100","3.57","","","","","","",""
"Proportion of ethnic group who are employed, split by occupation group","2018","Year","Asian","Skilled Trades Occupations","SOC 2010","5.9","%","2108500","123800","3.62","","","","","","",""
"Proportion of ethnic group who are employed, split by occupation group","2018","Year","Asian","Caring, Leisure And Other Service Occupations","SOC 2010","7.5","%","2108500","158600","3.45","","","","","","",""
"Proportion of ethnic group who are employed, split by occupation group","2018","Year","Asian","Sales And Customer Service Occupations","SOC 2010","10.1","%","2108500","212600","3.59","","","","","","",""
"Proportion of ethnic group who are employed, split by occupation group","2018","Year","Asian","Process, Plant And Machine Operatives","SOC 2010","8.6","%","2108500","180400","3.41","","","","","","",""
"Proportion of ethnic group who are employed, split by occupation group","2018","Year","Asian","Elementary Occupations","SOC 2010","10.8","%","2108500","227700","3.48","","","","","","",""
"Proportion of ethnic group who are employed, split by occupation group","2018","Year","Black","Managers, Directors And Senior Officials","SOC 2010","5.4","%","952100","51700","5.67","","","","","","",""
"Proportion of ethnic group who are employed, split by occupation group","2018","Year","Black","Professional Occupations","SOC 2010","21.1","%","952100","201200","5.15","","","","","","",""
"Proportion of ethnic group who are employed, split by occupation group","2018","Year","Black","Associate Professional And Technical Occupations","SOC 2010","11.6","%","952100","110300","5.69","","","","","","",""
"Proportion of ethnic group who are employed, split by occupation group","2018","Year","Black","Administrative And Secretarial Occupations","SOC 2010","9.0","%","952100","85800","5.74","","","","","","",""
"Proportion of ethnic group who are employed, split by occupation group","2018","Year","Black","Skilled Trades Occupations","SOC 2010","5.7","%","952100","54700","5.79","","","","","","",""
"Proportion of ethnic group who are employed, split by occupation group","2018","Year","Black","Caring, Leisure And Other Service Occupations","SOC 2010","17.8","%","952100","169400","5.19","","","","","","",""
"Proportion of ethnic group who are employed, split by occupation group","2018","Year","Black","Sales And Customer Service Occupations","SOC 2010","6.8","%","952100","64300","5.94","","","","","","",""
"Proportion of ethnic group who are employed, split by occupation group","2018","Year","Black","Process, Plant And Machine Operatives","SOC 2010","6.8","%","952100","64700","5.73","","","","","","",""
"Proportion of ethnic group who are employed, split by occupation group","2018","Year","Black","Elementary Occupations","SOC 2010","15.8","%","952100","150100","5.39","","","","","","",""
"Proportion of ethnic group who are employed, split by occupation group","2018","Year","Indian","Managers, Directors And Senior Officials","SOC 2010","10.7","%","873500","93200","5.64","","","","","","",""
"Proportion of ethnic group who are employed, split by occupation group","2018","Year","Indian","Professional Occupations","SOC 2010","33.3","%","873500","290600","4.70","","","","","","",""
"Proportion of ethnic group who are employed, split by occupation group","2018","Year","Indian","Associate Professional And Technical Occupations","SOC 2010","14.1","%","873500","123500","5.75","","","","","","",""
"Proportion of ethnic group who are employed, split by occupation group","2018","Year","Indian","Administrative And Secretarial Occupations","SOC 2010","9.2","%","873500","80000","5.47","","","","","","",""
"Proportion of ethnic group who are employed, split by occupation group","2018","Year","Indian","Skilled Trades Occupations","SOC 2010","4.5","%","873500","39500","5.84","","","","","","",""
"Proportion of ethnic group who are employed, split by occupation group","2018","Year","Indian","Caring, Leisure And Other Service Occupations","SOC 2010","6.5","%","873500","56900","5.33","","","","","","",""
"Proportion of ethnic group who are employed, split by occupation group","2018","Year","Indian","Sales And Customer Service Occupations","SOC 2010","7.3","%","873500","63500","5.44","","","","","","",""
"Proportion of ethnic group who are employed, split by occupation group","2018","Year","Indian","Process, Plant And Machine Operatives","SOC 2010","5.2","%","873500","45100","5.11","","","","","","",""
"Proportion of ethnic group who are employed, split by occupation group","2018","Year","Indian","Elementary Occupations","SOC 2010","9.3","%","873500","81200","5.39","","","","","","",""
"Proportion of ethnic group who are employed, split by occupation group","2018","Year","Mixed/Multiple ethnic groups","Managers, Directors And Senior Officials","SOC 2010","8.6","%","368200","31800","7.28","","","","","","",""
"Proportion of ethnic group who are employed, split by occupation group","2018","Year","Mixed/Multiple ethnic groups","Professional Occupations","SOC 2010","23.2","%","368200","85600","7.07","","","","","","",""
"Proportion of ethnic group who are employed, split by occupation group","2018","Year","Mixed/Multiple ethnic groups","Associate Professional And Technical Occupations","SOC 2010","18.6","%","368200","68600","7.58","","","","","","",""
"Proportion of ethnic group who are employed, split by occupation group","2018","Year","Mixed/Multiple ethnic groups","Administrative And Secretarial Occupations","SOC 2010","8.5","%","368200","31400","7.42","","","","","","",""
"Proportion of ethnic group who are employed, split by occupation group","2018","Year","Mixed/Multiple ethnic groups","Skilled Trades Occupations","SOC 2010","5.8","%","368200","21400","7.23","","","","","","",""
"Proportion of ethnic group who are employed, split by occupation group","2018","Year","Mixed/Multiple ethnic groups","Caring, Leisure And Other Service Occupations","SOC 2010","9.1","%","368200","33500","7.00","","","","","","",""
"Proportion of ethnic group who are employed, split by occupation group","2018","Year","Mixed/Multiple ethnic groups","Sales And Customer Service Occupations","SOC 2010","9.5","%","368200","34900","7.38","","","","","","",""
"Proportion of ethnic group who are employed, split by occupation group","2018","Year","Mixed/Multiple ethnic groups","Process, Plant And Machine Operatives","SOC 2010","4.6","%","368200","16900","7.30","","","","","","",""
"Proportion of ethnic group who are employed, split by occupation group","2018","Year","Mixed/Multiple ethnic groups","Elementary Occupations","SOC 2010","12.0","%","368200","44200","7.07","","","","","","",""
"Proportion of ethnic group who are employed, split by occupation group","2018","Year","Other Asian (inc. Chinese)","Managers, Directors And Senior Officials","SOC 2010","9.5","%","521600","49400","7.39","","","","","","",""
"Proportion of ethnic group who are employed, split by occupation group","2018","Year","Other Asian (inc. Chinese)","Professional Occupations","SOC 2010","29.2","%","521600","152000","6.63","","","","","","",""
"Proportion of ethnic group who are employed, split by occupation group","2018","Year","Other Asian (inc. Chinese)","Associate Professional And Technical Occupations","SOC 2010","11.2","%","521600","58600","7.37","","","","","","",""
"Proportion of ethnic group who are employed, split by occupation group","2018","Year","Other Asian (inc. Chinese)","Administrative And Secretarial Occupations","SOC 2010","8.9","%","521600","46300","7.52","","","","","","",""
"Proportion of ethnic group who are employed, split by occupation group","2018","Year","Other Asian (inc. Chinese)","Skilled Trades Occupations","SOC 2010","6.3","%","521600","32800","6.78","","","","","","",""
"Proportion of ethnic group who are employed, split by occupation group","2018","Year","Other Asian (inc. Chinese)","Caring, Leisure And Other Service Occupations","SOC 2010","8.9","%","521600","46700","6.88","","","","","","",""
"Proportion of ethnic group who are employed, split by occupation group","2018","Year","Other Asian (inc. Chinese)","Sales And Customer Service Occupations","SOC 2010","8.8","%","521600","46000","7.32","","","","","","",""
"Proportion of ethnic group who are employed, split by occupation group","2018","Year","Other Asian (inc. Chinese)","Process, Plant And Machine Operatives","SOC 2010","5.0","%","521600","26300","7.40","","","","","","",""
"Proportion of ethnic group who are employed, split by occupation group","2018","Year","Other Asian (inc. Chinese)","Elementary Occupations","SOC 2010","12.1","%","521600","63400","6.88","","","","","","",""
"Proportion of ethnic group who are employed, split by occupation group","2018","Year","Other ethnic group","Managers, Directors And Senior Officials","SOC 2010","9.5","%","498900","47400","7.35","","","","","","",""
"Proportion of ethnic group who are employed, split by occupation group","2018","Year","Other ethnic group","Professional Occupations","SOC 2010","21.4","%","498900","106800","7.09","","","","","","",""
"Proportion of ethnic group who are employed, split by occupation group","2018","Year","Other ethnic group","Associate Professional And Technical Occupations","SOC 2010","12.3","%","498900","61400","7.77","","","","","","",""
"Proportion of ethnic group who are employed, split by occupation group","2018","Year","Other ethnic group","Administrative And Secretarial Occupations","SOC 2010","7.3","%","498900","36300","7.45","","","","","","",""
"Proportion of ethnic group who are employed, split by occupation group","2018","Year","Other ethnic group","Skilled Trades Occupations","SOC 2010","10.2","%","498900","50800","7.60","","","","","","",""
"Proportion of ethnic group who are employed, split by occupation group","2018","Year","Other ethnic group","Caring, Leisure And Other Service Occupations","SOC 2010","9.3","%","498900","46400","7.25","","","","","","",""
"Proportion of ethnic group who are employed, split by occupation group","2018","Year","Other ethnic group","Sales And Customer Service Occupations","SOC 2010","7.2","%","498900","35900","7.69","","","","","","",""
"Proportion of ethnic group who are employed, split by occupation group","2018","Year","Other ethnic group","Process, Plant And Machine Operatives","SOC 2010","8.0","%","498900","40100","7.30","","","","","","",""
"Proportion of ethnic group who are employed, split by occupation group","2018","Year","Other ethnic group","Elementary Occupations","SOC 2010","14.8","%","498900","73800","7.13","","","","","","",""
"Proportion of ethnic group who are employed, split by occupation group","2018","Year","Pakistani/ Bangladeshi","Managers, Directors And Senior Officials","SOC 2010","8.2","%","713400","58500","5.99","","","","","","",""
"Proportion of ethnic group who are employed, split by occupation group","2018","Year","Pakistani/ Bangladeshi","Professional Occupations","SOC 2010","17.5","%","713400","124900","5.77","","","","","","",""
"Proportion of ethnic group who are employed, split by occupation group","2018","Year","Pakistani/ Bangladeshi","Associate Professional And Technical Occupations","SOC 2010","9.9","%","713400","70500","6.25","","","","","","",""
"Proportion of ethnic group who are employed, split by occupation group","2018","Year","Pakistani/ Bangladeshi","Administrative And Secretarial Occupations","SOC 2010","8.1","%","713400","57800","6.06","","","","","","",""
"Proportion of ethnic group who are employed, split by occupation group","2018","Year","Pakistani/ Bangladeshi","Skilled Trades Occupations","SOC 2010","7.2","%","713400","51500","6.33","","","","","","",""
"Proportion of ethnic group who are employed, split by occupation group","2018","Year","Pakistani/ Bangladeshi","Caring, Leisure And Other Service Occupations","SOC 2010","7.7","%","713400","55000","6.01","","","","","","",""
"Proportion of ethnic group who are employed, split by occupation group","2018","Year","Pakistani/ Bangladeshi","Sales And Customer Service Occupations","SOC 2010","14.5","%","713400","103100","6.16","","","","","","",""
"Proportion of ethnic group who are employed, split by occupation group","2018","Year","Pakistani/ Bangladeshi","Process, Plant And Machine Operatives","SOC 2010","15.3","%","713400","109000","5.71","","","","","","",""
"Proportion of ethnic group who are employed, split by occupation group","2018","Year","Pakistani/ Bangladeshi","Elementary Occupations","SOC 2010","11.7","%","713400","83200","6.06","","","","","","",""
"Proportion of ethnic group who are employed, split by occupation group","2018","Year","White","Managers, Directors And Senior Officials","SOC 2010","11.1","%","28124800","3126800","0.81","","","","","","",""
"Proportion of ethnic group who are employed, split by occupation group","2018","Year","White","Professional Occupations","SOC 2010","20.2","%","28124800","5683600","0.77","","","","","","",""
"Proportion of ethnic group who are employed, split by occupation group","2018","Year","White","Associate Professional And Technical Occupations","SOC 2010","15.0","%","28124800","4208300","0.80","","","","","","",""
"Proportion of ethnic group who are employed, split by occupation group","2018","Year","White","Administrative And Secretarial Occupations","SOC 2010","10.4","%","28124800","2924300","0.79","","","","","","",""
"Proportion of ethnic group who are employed, split by occupation group","2018","Year","White","Skilled Trades Occupations","SOC 2010","10.7","%","28124800","3009100","0.80","","","","","","",""
"Proportion of ethnic group who are employed, split by occupation group","2018","Year","White","Caring, Leisure And Other Service Occupations","SOC 2010","8.9","%","28124800","2496200","0.79","","","","","","",""
"Proportion of ethnic group who are employed, split by occupation group","2018","Year","White","Sales And Customer Service Occupations","SOC 2010","7.4","%","28124800","2079500","0.82","","","","","","",""
"Proportion of ethnic group who are employed, split by occupation group","2018","Year","White","Process, Plant And Machine Operatives","SOC 2010","6.2","%","28124800","1745100","0.79","","","","","","",""
"Proportion of ethnic group who are employed, split by occupation group","2018","Year","White","Elementary Occupations","SOC 2010","10.1","%","28124800","2851800","0.80","","","","","","",""
"Proportion of ethnic group who are employed, split by occupation group","2018","Year","White British","Managers, Directors And Senior Officials","SOC 2010","11.2","%","25012300","2808100","0.85","","","","","","",""
"Proportion of ethnic group who are employed, split by occupation group","2018","Year","White British","Professional Occupations","SOC 2010","20.1","%","25012300","5024100","0.81","","","","","","",""
"Proportion of ethnic group who are employed, split by occupation group","2018","Year","White British","Associate Professional And Technical Occupations","SOC 2010","15.2","%","25012300","3795400","0.84","","","","","","",""
"Proportion of ethnic group who are employed, split by occupation group","2018","Year","White British","Administrative And Secretarial Occupations","SOC 2010","10.7","%","25012300","2667900","0.83","","","","","","",""
"Proportion of ethnic group who are employed, split by occupation group","2018","Year","White British","Skilled Trades Occupations","SOC 2010","10.8","%","25012300","2712100","0.84","","","","","","",""
"Proportion of ethnic group who are employed, split by occupation group","2018","Year","White British","Caring, Leisure And Other Service Occupations","SOC 2010","9.1","%","25012300","2264300","0.82","","","","","","",""
"Proportion of ethnic group who are employed, split by occupation group","2018","Year","White British","Sales And Customer Service Occupations","SOC 2010","7.7","%","25012300","1915200","0.86","","","","","","",""
"Proportion of ethnic group who are employed, split by occupation group","2018","Year","White British","Process, Plant And Machine Operatives","SOC 2010","5.8","%","25012300","1445900","0.83","","","","","","",""
"Proportion of ethnic group who are employed, split by occupation group","2018","Year","White British","Elementary Occupations","SOC 2010","9.5","%","25012300","2379200","0.84","","","","","","",""
"Proportion of ethnic group who are employed, split by occupation group","2018","Year","White Other","Managers, Directors And Senior Officials","SOC 2010","10.2","%","3110300","318500","2.73","","","","","","",""
"Proportion of ethnic group who are employed, split by occupation group","2018","Year","White Other","Professional Occupations","SOC 2010","21.2","%","3110300","658800","2.53","","","","","","",""
"Proportion of ethnic group who are employed, split by occupation group","2018","Year","White Other","Associate Professional And Technical Occupations","SOC 2010","13.3","%","3110300","412700","2.73","","","","","","",""
"Proportion of ethnic group who are employed, split by occupation group","2018","Year","White Other","Administrative And Secretarial Occupations","SOC 2010","8.2","%","3110300","256400","2.67","","","","","","",""
"Proportion of ethnic group who are employed, split by occupation group","2018","Year","White Other","Skilled Trades Occupations","SOC 2010","9.5","%","3110300","296900","2.64","","","","","","",""
"Proportion of ethnic group who are employed, split by occupation group","2018","Year","White Other","Caring, Leisure And Other Service Occupations","SOC 2010","7.5","%","3110300","231800","2.67","","","","","","",""
"Proportion of ethnic group who are employed, split by occupation group","2018","Year","White Other","Sales And Customer Service Occupations","SOC 2010","5.3","%","3110300","164400","2.73","","","","","","",""
"Proportion of ethnic group who are employed, split by occupation group","2018","Year","White Other","Process, Plant And Machine Operatives","SOC 2010","9.6","%","3110300","299000","2.51","","","","","","",""
"Proportion of ethnic group who are employed, split by occupation group","2018","Year","White Other","Elementary Occupations","SOC 2010","15.2","%","3110300","471700","2.52","","","","","","",""
"Proportion of ethnic group who are employed, split by occupation group","2019","Year","All","Managers, Directors And Senior Officials","SOC2010","11.4","%","32461332","3685206","0.2","","","","","","",""
"Proportion of ethnic group who are employed, split by occupation group","2019","Year","All","Professional Occupations","SOC2010","21.4","%","32461332","6944010","0.3","","","","","","",""
"Proportion of ethnic group who are employed, split by occupation group","2019","Year","All","Associate Professional And Technical Occupations","SOC2010","14.5","%","32461332","4708310","0.2","","","","","","",""
"Proportion of ethnic group who are employed, split by occupation group","2019","Year","All","Administrative And Secretarial Occupations","SOC2010","9.7","%","32461332","3133170","0.2","","","","","","",""
"Proportion of ethnic group who are employed, split by occupation group","2019","Year","All","Skilled Trades Occupations","SOC2010","10.2","%","32461332","3305440","0.2","","","","","","",""
"Proportion of ethnic group who are employed, split by occupation group","2019","Year","All","Caring, Leisure And Other Service Occupations","SOC2010","9.1","%","32461332","2954375","0.2","","","","","","",""
"Proportion of ethnic group who are employed, split by occupation group","2019","Year","All","Sales And Customer Service Occupations","SOC2010","7.3","%","32461332","2369078","0.2","","","","","","",""
"Proportion of ethnic group who are employed, split by occupation group","2019","Year","All","Process, Plant And Machine Operatives","SOC2010","6.2","%","32461332","2023724","0.2","","","","","","",""
"Proportion of ethnic group who are employed, split by occupation group","2019","Year","All","Elementary Occupations","SOC2010","10.3","%","32461332","3338019","0.2","","","","","","",""
"Proportion of ethnic group who are employed, split by occupation group","2019","Year","Asian","Managers, Directors And Senior Officials","SOC2010","10.8","%","2167783","234636","0.9","","","","","","",""
"Proportion of ethnic group who are employed, split by occupation group","2019","Year","Asian","Professional Occupations","SOC2010","26.9","%","2167783","582138","1.3","","","","","","",""
"Proportion of ethnic group who are employed, split by occupation group","2019","Year","Asian","Associate Professional And Technical Occupations","SOC2010","12.2","%","2167783","264257","0.9","","","","","","",""
"Proportion of ethnic group who are employed, split by occupation group","2019","Year","Asian","Administrative And Secretarial Occupations","SOC2010","8.3","%","2167783","180781","0.8","","","","","","",""
"Proportion of ethnic group who are employed, split by occupation group","2019","Year","Asian","Skilled Trades Occupations","SOC2010","6.2","%","2167783","134058","0.7","","","","","","",""
"Proportion of ethnic group who are employed, split by occupation group","2019","Year","Asian","Caring, Leisure And Other Service Occupations","SOC2010","8.0","%","2167783","173365","0.8","","","","","","",""
"Proportion of ethnic group who are employed, split by occupation group","2019","Year","Asian","Sales And Customer Service Occupations","SOC2010","9.0","%","2167783","195367","0.9","","","","","","",""
"Proportion of ethnic group who are employed, split by occupation group","2019","Year","Asian","Process, Plant And Machine Operatives","SOC2010","8.3","%","2167783","179889","0.8","","","","","","",""
"Proportion of ethnic group who are employed, split by occupation group","2019","Year","Asian","Elementary Occupations","SOC2010","10.3","%","2167783","223292","0.9","","","","","","",""
"Proportion of ethnic group who are employed, split by occupation group","2019","Year","Black","Managers, Directors And Senior Officials","SOC2010","5.4","%","1008316","54928","0.9","","","","","","",""
"Proportion of ethnic group who are employed, split by occupation group","2019","Year","Black","Professional Occupations","SOC2010","21.9","%","1008316","220949","1.7","","","","","","",""
"Proportion of ethnic group who are employed, split by occupation group","2019","Year","Black","Associate Professional And Technical Occupations","SOC2010","11.7","%","1008316","117547","1.3","","","","","","",""
"Proportion of ethnic group who are employed, split by occupation group","2019","Year","Black","Administrative And Secretarial Occupations","SOC2010","8.6","%","1008316","87087","1.2","","","","","","",""
"Proportion of ethnic group who are employed, split by occupation group","2019","Year","Black","Skilled Trades Occupations","SOC2010","5.3","%","1008316","53071","0.9","","","","","","",""
"Proportion of ethnic group who are employed, split by occupation group","2019","Year","Black","Caring, Leisure And Other Service Occupations","SOC2010","17.1","%","1008316","172762","1.5","","","","","","",""
"Proportion of ethnic group who are employed, split by occupation group","2019","Year","Black","Sales And Customer Service Occupations","SOC2010","7.9","%","1008316","80004","1.2","","","","","","",""
"Proportion of ethnic group who are employed, split by occupation group","2019","Year","Black","Process, Plant And Machine Operatives","SOC2010","6.4","%","1008316","64322","1.0","","","","","","",""
"Proportion of ethnic group who are employed, split by occupation group","2019","Year","Black","Elementary Occupations","SOC2010","15.6","%","1008316","157646","1.5","","","","","","",""
"Proportion of ethnic group who are employed, split by occupation group","2019","Year","Indian","Managers, Directors And Senior Officials","SOC2010","12.2","%","913493","111049","1.5","","","","","","",""
"Proportion of ethnic group who are employed, split by occupation group","2019","Year","Indian","Professional Occupations","SOC2010","33.2","%","913493","303416","2.2","","","","","","",""
"Proportion of ethnic group who are employed, split by occupation group","2019","Year","Indian","Associate Professional And Technical Occupations","SOC2010","13.4","%","913493","122739","1.5","","","","","","",""
"Proportion of ethnic group who are employed, split by occupation group","2019","Year","Indian","Administrative And Secretarial Occupations","SOC2010","9.0","%","913493","82617","1.3","","","","","","",""
"Proportion of ethnic group who are employed, split by occupation group","2019","Year","Indian","Skilled Trades Occupations","SOC2010","5.5","%","913493","49925","1.0","","","","","","",""
"Proportion of ethnic group who are employed, split by occupation group","2019","Year","Indian","Caring, Leisure And Other Service Occupations","SOC2010","6.7","%","913493","61466","1.1","","","","","","",""
"Proportion of ethnic group who are employed, split by occupation group","2019","Year","Indian","Sales And Customer Service Occupations","SOC2010","6.5","%","913493","59197","1.1","","","","","","",""
"Proportion of ethnic group who are employed, split by occupation group","2019","Year","Indian","Process, Plant And Machine Operatives","SOC2010","5.7","%","913493","51689","1.0","","","","","","",""
"Proportion of ethnic group who are employed, split by occupation group","2019","Year","Indian","Elementary Occupations","SOC2010","7.8","%","913493","71395","1.1","","","","","","",""
"Proportion of ethnic group who are employed, split by occupation group","2019","Year","Mixed/Multiple ethnic groups","Managers, Directors And Senior Officials","SOC2010","10.1","%","372363","37650","2.2","","","","","","",""
"Proportion of ethnic group who are employed, split by occupation group","2019","Year","Mixed/Multiple ethnic groups","Professional Occupations","SOC2010","22.2","%","372363","82678","2.9","","","","","","",""
"Proportion of ethnic group who are employed, split by occupation group","2019","Year","Mixed/Multiple ethnic groups","Associate Professional And Technical Occupations","SOC2010","19.9","%","372363","74042","2.8","","","","","","",""
"Proportion of ethnic group who are employed, split by occupation group","2019","Year","Mixed/Multiple ethnic groups","Administrative And Secretarial Occupations","SOC2010","7.7","%","372363","28638","1.7","","","","","","",""
"Proportion of ethnic group who are employed, split by occupation group","2019","Year","Mixed/Multiple ethnic groups","Skilled Trades Occupations","SOC2010","6.9","%","372363","25522","1.8","","","","","","",""
"Proportion of ethnic group who are employed, split by occupation group","2019","Year","Mixed/Multiple ethnic groups","Caring, Leisure And Other Service Occupations","SOC2010","8.0","%","372363","29915","1.8","","","","","","",""
"Proportion of ethnic group who are employed, split by occupation group","2019","Year","Mixed/Multiple ethnic groups","Sales And Customer Service Occupations","SOC2010","8.9","%","372363","33266","2.0","","","","","","",""
"Proportion of ethnic group who are employed, split by occupation group","2019","Year","Mixed/Multiple ethnic groups","Process, Plant And Machine Operatives","SOC2010","3.6","%","372363","13561","1.2","","","","","","",""
"Proportion of ethnic group who are employed, split by occupation group","2019","Year","Mixed/Multiple ethnic groups","Elementary Occupations","SOC2010","12.6","%","372363","47091","2.4","","","","","","",""
"Proportion of ethnic group who are employed, split by occupation group","2019","Year","Other Asian (inc. Chinese)","Managers, Directors And Senior Officials","SOC2010","9.9","%","541358","53340","1.8","","","","","","",""
"Proportion of ethnic group who are employed, split by occupation group","2019","Year","Other Asian (inc. Chinese)","Professional Occupations","SOC2010","26.8","%","541358","144858","2.7","","","","","","",""
"Proportion of ethnic group who are employed, split by occupation group","2019","Year","Other Asian (inc. Chinese)","Associate Professional And Technical Occupations","SOC2010","12.5","%","541358","67615","1.9","","","","","","",""
"Proportion of ethnic group who are employed, split by occupation group","2019","Year","Other Asian (inc. Chinese)","Administrative And Secretarial Occupations","SOC2010","6.8","%","541358","36899","1.4","","","","","","",""
"Proportion of ethnic group who are employed, split by occupation group","2019","Year","Other Asian (inc. Chinese)","Skilled Trades Occupations","SOC2010","7.1","%","541358","38216","1.4","","","","","","",""
"Proportion of ethnic group who are employed, split by occupation group","2019","Year","Other Asian (inc. Chinese)","Caring, Leisure And Other Service Occupations","SOC2010","10.2","%","541358","55273","1.8","","","","","","",""
"Proportion of ethnic group who are employed, split by occupation group","2019","Year","Other Asian (inc. Chinese)","Sales And Customer Service Occupations","SOC2010","8.3","%","541358","45046","1.8","","","","","","",""
"Proportion of ethnic group who are employed, split by occupation group","2019","Year","Other Asian (inc. Chinese)","Process, Plant And Machine Operatives","SOC2010","4.7","%","541358","25692","1.3","","","","","","",""
"Proportion of ethnic group who are employed, split by occupation group","2019","Year","Other Asian (inc. Chinese)","Elementary Occupations","SOC2010","13.7","%","541358","74419","2.3","","","","","","",""
"Proportion of ethnic group who are employed, split by occupation group","2019","Year","Other ethnic group","Managers, Directors And Senior Officials","SOC2010","10.3","%","522859","53847","1.7","","","","","","",""
"Proportion of ethnic group who are employed, split by occupation group","2019","Year","Other ethnic group","Professional Occupations","SOC2010","22.0","%","522859","115148","2.7","","","","","","",""
"Proportion of ethnic group who are employed, split by occupation group","2019","Year","Other ethnic group","Associate Professional And Technical Occupations","SOC2010","13.0","%","522859","67747","2.1","","","","","","",""
"Proportion of ethnic group who are employed, split by occupation group","2019","Year","Other ethnic group","Administrative And Secretarial Occupations","SOC2010","6.0","%","522859","31325","1.3","","","","","","",""
"Proportion of ethnic group who are employed, split by occupation group","2019","Year","Other ethnic group","Skilled Trades Occupations","SOC2010","8.3","%","522859","43144","1.7","","","","","","",""
"Proportion of ethnic group who are employed, split by occupation group","2019","Year","Other ethnic group","Caring, Leisure And Other Service Occupations","SOC2010","9.0","%","522859","47148","1.7","","","","","","",""
"Proportion of ethnic group who are employed, split by occupation group","2019","Year","Other ethnic group","Sales And Customer Service Occupations","SOC2010","7.3","%","522859","38092","1.7","","","","","","",""
"Proportion of ethnic group who are employed, split by occupation group","2019","Year","Other ethnic group","Process, Plant And Machine Operatives","SOC2010","9.9","%","522859","51623","1.9","","","","","","",""
"Proportion of ethnic group who are employed, split by occupation group","2019","Year","Other ethnic group","Elementary Occupations","SOC2010","14.3","%","522859","74785","2.2","","","","","","",""
"Proportion of ethnic group who are employed, split by occupation group","2019","Year","Pakistani/ Bangladeshi","Managers, Directors And Senior Officials","SOC2010","9.9","%","712932","70247","1.5","","","","","","",""
"Proportion of ethnic group who are employed, split by occupation group","2019","Year","Pakistani/ Bangladeshi","Professional Occupations","SOC2010","18.8","%","712932","133864","2.0","","","","","","",""
"Proportion of ethnic group who are employed, split by occupation group","2019","Year","Pakistani/ Bangladeshi","Associate Professional And Technical Occupations","SOC2010","10.4","%","712932","73903","1.5","","","","","","",""
"Proportion of ethnic group who are employed, split by occupation group","2019","Year","Pakistani/ Bangladeshi","Administrative And Secretarial Occupations","SOC2010","8.6","%","712932","61265","1.4","","","","","","",""
"Proportion of ethnic group who are employed, split by occupation group","2019","Year","Pakistani/ Bangladeshi","Skilled Trades Occupations","SOC2010","6.4","%","712932","45917","1.2","","","","","","",""
"Proportion of ethnic group who are employed, split by occupation group","2019","Year","Pakistani/ Bangladeshi","Caring, Leisure And Other Service Occupations","SOC2010","7.9","%","712932","56626","1.4","","","","","","",""
"Proportion of ethnic group who are employed, split by occupation group","2019","Year","Pakistani/ Bangladeshi","Sales And Customer Service Occupations","SOC2010","12.8","%","712932","91124","1.7","","","","","","",""
"Proportion of ethnic group who are employed, split by occupation group","2019","Year","Pakistani/ Bangladeshi","Process, Plant And Machine Operatives","SOC2010","14.4","%","712932","102508","1.6","","","","","","",""
"Proportion of ethnic group who are employed, split by occupation group","2019","Year","Pakistani/ Bangladeshi","Elementary Occupations","SOC2010","10.9","%","712932","77478","1.5","","","","","","",""
"Proportion of ethnic group who are employed, split by occupation group","2019","Year","White","Managers, Directors And Senior Officials","SOC2010","11.6","%","3301804","28376344","0.2","","","","","","",""
"Proportion of ethnic group who are employed, split by occupation group","2019","Year","White","Professional Occupations","SOC2010","20.9","%","5938923","28376344","0.3","","","","","","",""
"Proportion of ethnic group who are employed, split by occupation group","2019","Year","White","Associate Professional And Technical Occupations","SOC2010","14.7","%","4182579","28376344","0.3","","","","","","",""
"Proportion of ethnic group who are employed, split by occupation group","2019","Year","White","Administrative And Secretarial Occupations","SOC2010","9.9","%","2805023","28376344","0.2","","","","","","",""
"Proportion of ethnic group who are employed, split by occupation group","2019","Year","White","Skilled Trades Occupations","SOC2010","10.7","%","3048928","28376344","0.2","","","","","","",""
"Proportion of ethnic group who are employed, split by occupation group","2019","Year","White","Caring, Leisure And Other Service Occupations","SOC2010","8.9","%","2530412","28376344","0.2","","","","","","",""
"Proportion of ethnic group who are employed, split by occupation group","2019","Year","White","Sales And Customer Service Occupations","SOC2010","7.1","%","2020969","28376344","0.2","","","","","","",""
"Proportion of ethnic group who are employed, split by occupation group","2019","Year","White","Process, Plant And Machine Operatives","SOC2010","6.0","%","1713337","28376344","0.2","","","","","","",""
"Proportion of ethnic group who are employed, split by occupation group","2019","Year","White","Elementary Occupations","SOC2010","10.0","%","2834369","28376344","0.2","","","","","","",""
"Proportion of ethnic group who are employed, split by occupation group","2019","Year","White British","Managers, Directors And Senior Officials","SOC2010","11.7","%","25119906","2947678","0.2","","","","","","",""
"Proportion of ethnic group who are employed, split by occupation group","2019","Year","White British","Professional Occupations","SOC2010","20.7","%","25119906","5203671","0.3","","","","","","",""
"Proportion of ethnic group who are employed, split by occupation group","2019","Year","White British","Associate Professional And Technical Occupations","SOC2010","15.0","%","25119906","3758843","0.3","","","","","","",""
"Proportion of ethnic group who are employed, split by occupation group","2019","Year","White British","Administrative And Secretarial Occupations","SOC2010","10.3","%","25119906","2575593","0.2","","","","","","",""
"Proportion of ethnic group who are employed, split by occupation group","2019","Year","White British","Skilled Trades Occupations","SOC2010","10.8","%","25119906","2706754","0.2","","","","","","",""
"Proportion of ethnic group who are employed, split by occupation group","2019","Year","White British","Caring, Leisure And Other Service Occupations","SOC2010","9.2","%","25119906","2315044","0.2","","","","","","",""
"Proportion of ethnic group who are employed, split by occupation group","2019","Year","White British","Sales And Customer Service Occupations","SOC2010","7.4","%","25119906","1859664","0.2","","","","","","",""
"Proportion of ethnic group who are employed, split by occupation group","2019","Year","White British","Process, Plant And Machine Operatives","SOC2010","5.6","%","25119906","1400794","0.2","","","","","","",""
"Proportion of ethnic group who are employed, split by occupation group","2019","Year","White British","Elementary Occupations","SOC2010","9.4","%","25119906","2351865","0.2","","","","","","",""
"Proportion of ethnic group who are employed, split by occupation group","2019","Year","White Other","Managers, Directors And Senior Officials","SOC2010","10.9","%","3254634","354038","0.7","","","","","","",""
"Proportion of ethnic group who are employed, split by occupation group","2019","Year","White Other","Professional Occupations","SOC2010","22.6","%","3254634","735252","1.0","","","","","","",""
"Proportion of ethnic group who are employed, split by occupation group","2019","Year","White Other","Associate Professional And Technical Occupations","SOC2010","13.0","%","3254634","423736","0.8","","","","","","",""
"Proportion of ethnic group who are employed, split by occupation group","2019","Year","White Other","Administrative And Secretarial Occupations","SOC2010","7.0","%","3254634","229430","0.6","","","","","","",""
"Proportion of ethnic group who are employed, split by occupation group","2019","Year","White Other","Skilled Trades Occupations","SOC2010","10.5","%","3254634","341294","0.7","","","","","","",""
"Proportion of ethnic group who are employed, split by occupation group","2019","Year","White Other","Caring, Leisure And Other Service Occupations","SOC2010","6.6","%","3254634","214847","0.5","","","","","","",""
"Proportion of ethnic group who are employed, split by occupation group","2019","Year","White Other","Sales And Customer Service Occupations","SOC2010","5.0","%","3254634","161305","0.5","","","","","","",""
"Proportion of ethnic group who are employed, split by occupation group","2019","Year","White Other","Process, Plant And Machine Operatives","SOC2010","9.6","%","3254634","312543","0.7","","","","","","",""
"Proportion of ethnic group who are employed, split by occupation group","2019","Year","White Other","Elementary Occupations","SOC2010","14.8","%","3254634","482189","0.9","","","","","","",""
"","","","","","","","","","","","","","","","","",""
"Notes","","","","","","","","","","","","","","","","",""
"1. Totals may not sum due to rounding.","","","","","","","","","","","","","","","","",""
"2. Shaded cells indicate that the data are based on reasonably low sample sizes (< 26). These estimates may not as reliable, and should therefore be used with caution. ","","","","","","","","","","","","","","","","",""
"3.  '-' Indicates where sample sizes are too small to provide reliable estimates (<3).","","","","","","","","","","","","","","","","",""
