"Measure","Time","Time_type","Academic_Year","Years After Graduation","Ethnicity","Ethnicity_type","Destination","Value","Value_type","Denominator"
"Percentage of graduates by destination after higher education","2018/2019","Tax Year","2016/2017","One","All","LEO","Activity Not Captured","4","%","296675"
"Percentage of graduates by destination after higher education","2018/2019","Tax Year","2016/2017","One","All","LEO","No Sustained Destination","7.2","%","296675"
"Percentage of graduates by destination after higher education","2018/2019","Tax Year","2016/2017","One","All","LEO","Sustained Employment Only","64.2","%","296675"
"Percentage of graduates by destination after higher education","2018/2019","Tax Year","2016/2017","One","All","LEO","Sustained Employment With Or Without Further Study","79.6","%","296675"
"Percentage of graduates by destination after higher education","2018/2019","Tax Year","2016/2017","One","All","LEO","Sustained Employment Further Study Or Both","88.8","%","296675"
"Percentage of graduates by destination after higher education","2018/2019","Tax Year","2016/2017","One","All","LEO","Further Study With Or Without Sustained Employment","24.6","%","296675"
"Percentage of graduates by destination after higher education","2018/2019","Tax Year","2016/2017","One","White","LEO","Activity Not Captured","3.8","%","219510"
"Percentage of graduates by destination after higher education","2018/2019","Tax Year","2016/2017","One","White","LEO","No Sustained Destination","6.6","%","219510"
"Percentage of graduates by destination after higher education","2018/2019","Tax Year","2016/2017","One","White","LEO","Sustained Employment Only","65.6","%","219510"
"Percentage of graduates by destination after higher education","2018/2019","Tax Year","2016/2017","One","White","LEO","Sustained Employment With Or Without Further Study","81.3","%","219510"
"Percentage of graduates by destination after higher education","2018/2019","Tax Year","2016/2017","One","White","LEO","Sustained Employment Further Study Or Both","89.6","%","219510"
"Percentage of graduates by destination after higher education","2018/2019","Tax Year","2016/2017","One","White","LEO","Further Study With Or Without Sustained Employment","24","%","219510"
"Percentage of graduates by destination after higher education","2018/2019","Tax Year","2016/2017","One","Mixed White And Black Caribbean","LEO","Activity Not Captured","3.3","%","3285"
"Percentage of graduates by destination after higher education","2018/2019","Tax Year","2016/2017","One","Mixed White And Black Caribbean","LEO","No Sustained Destination","9.3","%","3285"
"Percentage of graduates by destination after higher education","2018/2019","Tax Year","2016/2017","One","Mixed White And Black Caribbean","LEO","Sustained Employment Only","65.9","%","3285"
"Percentage of graduates by destination after higher education","2018/2019","Tax Year","2016/2017","One","Mixed White And Black Caribbean","LEO","Sustained Employment With Or Without Further Study","81.3","%","3285"
"Percentage of graduates by destination after higher education","2018/2019","Tax Year","2016/2017","One","Mixed White And Black Caribbean","LEO","Sustained Employment Further Study Or Both","87.4","%","3285"
"Percentage of graduates by destination after higher education","2018/2019","Tax Year","2016/2017","One","Mixed White And Black Caribbean","LEO","Further Study With Or Without Sustained Employment","21.4","%","3285"
"Percentage of graduates by destination after higher education","2018/2019","Tax Year","2016/2017","One","Mixed White And Black African","LEO","Activity Not Captured","5.6","%","1380"
"Percentage of graduates by destination after higher education","2018/2019","Tax Year","2016/2017","One","Mixed White And Black African","LEO","No Sustained Destination","10","%","1380"
"Percentage of graduates by destination after higher education","2018/2019","Tax Year","2016/2017","One","Mixed White And Black African","LEO","Sustained Employment Only","61.5","%","1380"
"Percentage of graduates by destination after higher education","2018/2019","Tax Year","2016/2017","One","Mixed White And Black African","LEO","Sustained Employment With Or Without Further Study","74.4","%","1380"
"Percentage of graduates by destination after higher education","2018/2019","Tax Year","2016/2017","One","Mixed White And Black African","LEO","Sustained Employment Further Study Or Both","84.4","%","1380"
"Percentage of graduates by destination after higher education","2018/2019","Tax Year","2016/2017","One","Mixed White And Black African","LEO","Further Study With Or Without Sustained Employment","22.9","%","1380"
"Percentage of graduates by destination after higher education","2018/2019","Tax Year","2016/2017","One","Mixed White And Asian","LEO","Activity Not Captured","5.4","%","3580"
"Percentage of graduates by destination after higher education","2018/2019","Tax Year","2016/2017","One","Mixed White And Asian","LEO","No Sustained Destination","8.4","%","3580"
"Percentage of graduates by destination after higher education","2018/2019","Tax Year","2016/2017","One","Mixed White And Asian","LEO","Sustained Employment Only","60.4","%","3580"
"Percentage of graduates by destination after higher education","2018/2019","Tax Year","2016/2017","One","Mixed White And Asian","LEO","Sustained Employment With Or Without Further Study","74.7","%","3580"
"Percentage of graduates by destination after higher education","2018/2019","Tax Year","2016/2017","One","Mixed White And Asian","LEO","Sustained Employment Further Study Or Both","86.2","%","3580"
"Percentage of graduates by destination after higher education","2018/2019","Tax Year","2016/2017","One","Mixed White And Asian","LEO","Further Study With Or Without Sustained Employment","25.8","%","3580"
"Percentage of graduates by destination after higher education","2018/2019","Tax Year","2016/2017","One","Any Other Mixed/Multiple Ethnic Background","LEO","Activity Not Captured","5.3","%","3320"
"Percentage of graduates by destination after higher education","2018/2019","Tax Year","2016/2017","One","Any Other Mixed/Multiple Ethnic Background","LEO","No Sustained Destination","10","%","3320"
"Percentage of graduates by destination after higher education","2018/2019","Tax Year","2016/2017","One","Any Other Mixed/Multiple Ethnic Background","LEO","Sustained Employment Only","59","%","3320"
"Percentage of graduates by destination after higher education","2018/2019","Tax Year","2016/2017","One","Any Other Mixed/Multiple Ethnic Background","LEO","Sustained Employment With Or Without Further Study","73.3","%","3320"
"Percentage of graduates by destination after higher education","2018/2019","Tax Year","2016/2017","One","Any Other Mixed/Multiple Ethnic Background","LEO","Sustained Employment Further Study Or Both","84.7","%","3320"
"Percentage of graduates by destination after higher education","2018/2019","Tax Year","2016/2017","One","Any Other Mixed/Multiple Ethnic Background","LEO","Further Study With Or Without Sustained Employment","25.7","%","3320"
"Percentage of graduates by destination after higher education","2018/2019","Tax Year","2016/2017","One","Indian","LEO","Activity Not Captured","3.2","%","11335"
"Percentage of graduates by destination after higher education","2018/2019","Tax Year","2016/2017","One","Indian","LEO","No Sustained Destination","7.2","%","11335"
"Percentage of graduates by destination after higher education","2018/2019","Tax Year","2016/2017","One","Indian","LEO","Sustained Employment Only","62.3","%","11335"
"Percentage of graduates by destination after higher education","2018/2019","Tax Year","2016/2017","One","Indian","LEO","Sustained Employment With Or Without Further Study","76.2","%","11335"
"Percentage of graduates by destination after higher education","2018/2019","Tax Year","2016/2017","One","Indian","LEO","Sustained Employment Further Study Or Both","89.5","%","11335"
"Percentage of graduates by destination after higher education","2018/2019","Tax Year","2016/2017","One","Indian","LEO","Further Study With Or Without Sustained Employment","27.2","%","11335"
"Percentage of graduates by destination after higher education","2018/2019","Tax Year","2016/2017","One","Pakistani","LEO","Activity Not Captured","4.4","%","9760"
"Percentage of graduates by destination after higher education","2018/2019","Tax Year","2016/2017","One","Pakistani","LEO","No Sustained Destination","10","%","9760"
"Percentage of graduates by destination after higher education","2018/2019","Tax Year","2016/2017","One","Pakistani","LEO","Sustained Employment Only","57.1","%","9760"
"Percentage of graduates by destination after higher education","2018/2019","Tax Year","2016/2017","One","Pakistani","LEO","Sustained Employment With Or Without Further Study","69.7","%","9760"
"Percentage of graduates by destination after higher education","2018/2019","Tax Year","2016/2017","One","Pakistani","LEO","Sustained Employment Further Study Or Both","85.6","%","9760"
"Percentage of graduates by destination after higher education","2018/2019","Tax Year","2016/2017","One","Pakistani","LEO","Further Study With Or Without Sustained Employment","28.4","%","9760"
"Percentage of graduates by destination after higher education","2018/2019","Tax Year","2016/2017","One","Bangladeshi","LEO","Activity Not Captured","3.1","%","4150"
"Percentage of graduates by destination after higher education","2018/2019","Tax Year","2016/2017","One","Bangladeshi","LEO","No Sustained Destination","8.5","%","4150"
"Percentage of graduates by destination after higher education","2018/2019","Tax Year","2016/2017","One","Bangladeshi","LEO","Sustained Employment Only","62.8","%","4150"
"Percentage of graduates by destination after higher education","2018/2019","Tax Year","2016/2017","One","Bangladeshi","LEO","Sustained Employment With Or Without Further Study","74.9","%","4150"
"Percentage of graduates by destination after higher education","2018/2019","Tax Year","2016/2017","One","Bangladeshi","LEO","Sustained Employment Further Study Or Both","88.4","%","4150"
"Percentage of graduates by destination after higher education","2018/2019","Tax Year","2016/2017","One","Bangladeshi","LEO","Further Study With Or Without Sustained Employment","25.6","%","4150"
"Percentage of graduates by destination after higher education","2018/2019","Tax Year","2016/2017","One","Chinese","LEO","Activity Not Captured","9.6","%","2645"
"Percentage of graduates by destination after higher education","2018/2019","Tax Year","2016/2017","One","Chinese","LEO","No Sustained Destination","8.8","%","2645"
"Percentage of graduates by destination after higher education","2018/2019","Tax Year","2016/2017","One","Chinese","LEO","Sustained Employment Only","53.8","%","2645"
"Percentage of graduates by destination after higher education","2018/2019","Tax Year","2016/2017","One","Chinese","LEO","Sustained Employment With Or Without Further Study","66.1","%","2645"
"Percentage of graduates by destination after higher education","2018/2019","Tax Year","2016/2017","One","Chinese","LEO","Sustained Employment Further Study Or Both","81.6","%","2645"
"Percentage of graduates by destination after higher education","2018/2019","Tax Year","2016/2017","One","Chinese","LEO","Further Study With Or Without Sustained Employment","27.9","%","2645"
"Percentage of graduates by destination after higher education","2018/2019","Tax Year","2016/2017","One","Any Other Asian Background","LEO","Activity Not Captured","5","%","6000"
"Percentage of graduates by destination after higher education","2018/2019","Tax Year","2016/2017","One","Any Other Asian Background","LEO","No Sustained Destination","8.3","%","6000"
"Percentage of graduates by destination after higher education","2018/2019","Tax Year","2016/2017","One","Any Other Asian Background","LEO","Sustained Employment Only","60.2","%","6000"
"Percentage of graduates by destination after higher education","2018/2019","Tax Year","2016/2017","One","Any Other Asian Background","LEO","Sustained Employment With Or Without Further Study","73.5","%","6000"
"Percentage of graduates by destination after higher education","2018/2019","Tax Year","2016/2017","One","Any Other Asian Background","LEO","Sustained Employment Further Study Or Both","86.7","%","6000"
"Percentage of graduates by destination after higher education","2018/2019","Tax Year","2016/2017","One","Any Other Asian Background","LEO","Further Study With Or Without Sustained Employment","26.5","%","6000"
"Percentage of graduates by destination after higher education","2018/2019","Tax Year","2016/2017","One","Black African","LEO","Activity Not Captured","3.8","%","15995"
"Percentage of graduates by destination after higher education","2018/2019","Tax Year","2016/2017","One","Black African","LEO","No Sustained Destination","8.8","%","15995"
"Percentage of graduates by destination after higher education","2018/2019","Tax Year","2016/2017","One","Black African","LEO","Sustained Employment Only","59.2","%","15995"
"Percentage of graduates by destination after higher education","2018/2019","Tax Year","2016/2017","One","Black African","LEO","Sustained Employment With Or Without Further Study","76.6","%","15995"
"Percentage of graduates by destination after higher education","2018/2019","Tax Year","2016/2017","One","Black African","LEO","Sustained Employment Further Study Or Both","87.4","%","15995"
"Percentage of graduates by destination after higher education","2018/2019","Tax Year","2016/2017","One","Black African","LEO","Further Study With Or Without Sustained Employment","28.2","%","15995"
"Percentage of graduates by destination after higher education","2018/2019","Tax Year","2016/2017","One","Black Caribbean","LEO","Activity Not Captured","2.8","%","4575"
"Percentage of graduates by destination after higher education","2018/2019","Tax Year","2016/2017","One","Black Caribbean","LEO","No Sustained Destination","9.6","%","4575"
"Percentage of graduates by destination after higher education","2018/2019","Tax Year","2016/2017","One","Black Caribbean","LEO","Sustained Employment Only","67.2","%","4575"
"Percentage of graduates by destination after higher education","2018/2019","Tax Year","2016/2017","One","Black Caribbean","LEO","Sustained Employment With Or Without Further Study","80.6","%","4575"
"Percentage of graduates by destination after higher education","2018/2019","Tax Year","2016/2017","One","Black Caribbean","LEO","Sustained Employment Further Study Or Both","87.6","%","4575"
"Percentage of graduates by destination after higher education","2018/2019","Tax Year","2016/2017","One","Black Caribbean","LEO","Further Study With Or Without Sustained Employment","20.3","%","4575"
"Percentage of graduates by destination after higher education","2018/2019","Tax Year","2016/2017","One","Any Other Black Background","LEO","Activity Not Captured","3.6","%","1095"
"Percentage of graduates by destination after higher education","2018/2019","Tax Year","2016/2017","One","Any Other Black Background","LEO","No Sustained Destination","10.4","%","1095"
"Percentage of graduates by destination after higher education","2018/2019","Tax Year","2016/2017","One","Any Other Black Background","LEO","Sustained Employment Only","61.5","%","1095"
"Percentage of graduates by destination after higher education","2018/2019","Tax Year","2016/2017","One","Any Other Black Background","LEO","Sustained Employment With Or Without Further Study","75.5","%","1095"
"Percentage of graduates by destination after higher education","2018/2019","Tax Year","2016/2017","One","Any Other Black Background","LEO","Sustained Employment Further Study Or Both","86.1","%","1095"
"Percentage of graduates by destination after higher education","2018/2019","Tax Year","2016/2017","One","Any Other Black Background","LEO","Further Study With Or Without Sustained Employment","24.5","%","1095"
"Percentage of graduates by destination after higher education","2018/2019","Tax Year","2016/2017","One","Arab","LEO","Activity Not Captured","6.7","%","1395"
"Percentage of graduates by destination after higher education","2018/2019","Tax Year","2016/2017","One","Arab","LEO","No Sustained Destination","12","%","1395"
"Percentage of graduates by destination after higher education","2018/2019","Tax Year","2016/2017","One","Arab","LEO","Sustained Employment Only","47.2","%","1395"
"Percentage of graduates by destination after higher education","2018/2019","Tax Year","2016/2017","One","Arab","LEO","Sustained Employment With Or Without Further Study","62.8","%","1395"
"Percentage of graduates by destination after higher education","2018/2019","Tax Year","2016/2017","One","Arab","LEO","Sustained Employment Further Study Or Both","81.3","%","1395"
"Percentage of graduates by destination after higher education","2018/2019","Tax Year","2016/2017","One","Arab","LEO","Further Study With Or Without Sustained Employment","34.1","%","1395"
"Percentage of graduates by destination after higher education","2018/2019","Tax Year","2016/2017","One","Other","LEO","Activity Not Captured","5.9","%","2740"
"Percentage of graduates by destination after higher education","2018/2019","Tax Year","2016/2017","One","Other","LEO","No Sustained Destination","11.1","%","2740"
"Percentage of graduates by destination after higher education","2018/2019","Tax Year","2016/2017","One","Other","LEO","Sustained Employment Only","56.6","%","2740"
"Percentage of graduates by destination after higher education","2018/2019","Tax Year","2016/2017","One","Other","LEO","Sustained Employment With Or Without Further Study","69.9","%","2740"
"Percentage of graduates by destination after higher education","2018/2019","Tax Year","2016/2017","One","Other","LEO","Sustained Employment Further Study Or Both","83","%","2740"
"Percentage of graduates by destination after higher education","2018/2019","Tax Year","2016/2017","One","Other","LEO","Further Study With Or Without Sustained Employment","26.4","%","2740"
"Percentage of graduates by destination after higher education","2018/2019","Tax Year","2016/2017","One","Unknown","LEO","Activity Not Captured","7.2","%","5895"
"Percentage of graduates by destination after higher education","2018/2019","Tax Year","2016/2017","One","Unknown","LEO","No Sustained Destination","9.3","%","5895"
"Percentage of graduates by destination after higher education","2018/2019","Tax Year","2016/2017","One","Unknown","LEO","Sustained Employment Only","63.4","%","5895"
"Percentage of graduates by destination after higher education","2018/2019","Tax Year","2016/2017","One","Unknown","LEO","Sustained Employment With Or Without Further Study","75.4","%","5895"
"Percentage of graduates by destination after higher education","2018/2019","Tax Year","2016/2017","One","Unknown","LEO","Sustained Employment Further Study Or Both","83.5","%","5895"
"Percentage of graduates by destination after higher education","2018/2019","Tax Year","2016/2017","One","Unknown","LEO","Further Study With Or Without Sustained Employment","20.1","%","5895"
"Percentage of graduates by destination after higher education","2018/2019","Tax Year","2014/2015","Three","All","LEO","Activity Not Captured","6.1","%","277020"
"Percentage of graduates by destination after higher education","2018/2019","Tax Year","2014/2015","Three","All","LEO","No Sustained Destination","6.2","%","277020"
"Percentage of graduates by destination after higher education","2018/2019","Tax Year","2014/2015","Three","All","LEO","Sustained Employment Only","72.5","%","277020"
"Percentage of graduates by destination after higher education","2018/2019","Tax Year","2014/2015","Three","All","LEO","Sustained Employment With Or Without Further Study","83.2","%","277020"
"Percentage of graduates by destination after higher education","2018/2019","Tax Year","2014/2015","Three","All","LEO","Sustained Employment Further Study Or Both","87.7","%","277020"
"Percentage of graduates by destination after higher education","2018/2019","Tax Year","2014/2015","Three","All","LEO","Further Study With Or Without Sustained Employment","15.2","%","277020"
"Percentage of graduates by destination after higher education","2018/2019","Tax Year","2014/2015","Three","White","LEO","Activity Not Captured","5.8","%","206910"
"Percentage of graduates by destination after higher education","2018/2019","Tax Year","2014/2015","Three","White","LEO","No Sustained Destination","5.6","%","206910"
"Percentage of graduates by destination after higher education","2018/2019","Tax Year","2014/2015","Three","White","LEO","Sustained Employment Only","73.7","%","206910"
"Percentage of graduates by destination after higher education","2018/2019","Tax Year","2014/2015","Three","White","LEO","Sustained Employment With Or Without Further Study","84.5","%","206910"
"Percentage of graduates by destination after higher education","2018/2019","Tax Year","2014/2015","Three","White","LEO","Sustained Employment Further Study Or Both","88.6","%","206910"
"Percentage of graduates by destination after higher education","2018/2019","Tax Year","2014/2015","Three","White","LEO","Further Study With Or Without Sustained Employment","15","%","206910"
"Percentage of graduates by destination after higher education","2018/2019","Tax Year","2014/2015","Three","Mixed White And Black Caribbean","LEO","Activity Not Captured","5.6","%","2705"
"Percentage of graduates by destination after higher education","2018/2019","Tax Year","2014/2015","Three","Mixed White And Black Caribbean","LEO","No Sustained Destination","7.7","%","2705"
"Percentage of graduates by destination after higher education","2018/2019","Tax Year","2014/2015","Three","Mixed White And Black Caribbean","LEO","Sustained Employment Only","72","%","2705"
"Percentage of graduates by destination after higher education","2018/2019","Tax Year","2014/2015","Three","Mixed White And Black Caribbean","LEO","Sustained Employment With Or Without Further Study","82.6","%","2705"
"Percentage of graduates by destination after higher education","2018/2019","Tax Year","2014/2015","Three","Mixed White And Black Caribbean","LEO","Sustained Employment Further Study Or Both","86.7","%","2705"
"Percentage of graduates by destination after higher education","2018/2019","Tax Year","2014/2015","Three","Mixed White And Black Caribbean","LEO","Further Study With Or Without Sustained Employment","14.7","%","2705"
"Percentage of graduates by destination after higher education","2018/2019","Tax Year","2014/2015","Three","Mixed White And Black African","LEO","Activity Not Captured","8.6","%","1175"
"Percentage of graduates by destination after higher education","2018/2019","Tax Year","2014/2015","Three","Mixed White And Black African","LEO","No Sustained Destination","8.9","%","1175"
"Percentage of graduates by destination after higher education","2018/2019","Tax Year","2014/2015","Three","Mixed White And Black African","LEO","Sustained Employment Only","67.4","%","1175"
"Percentage of graduates by destination after higher education","2018/2019","Tax Year","2014/2015","Three","Mixed White And Black African","LEO","Sustained Employment With Or Without Further Study","77.1","%","1175"
"Percentage of graduates by destination after higher education","2018/2019","Tax Year","2014/2015","Three","Mixed White And Black African","LEO","Sustained Employment Further Study Or Both","82.5","%","1175"
"Percentage of graduates by destination after higher education","2018/2019","Tax Year","2014/2015","Three","Mixed White And Black African","LEO","Further Study With Or Without Sustained Employment","15.2","%","1175"
"Percentage of graduates by destination after higher education","2018/2019","Tax Year","2014/2015","Three","Mixed White And Asian","LEO","Activity Not Captured","7.6","%","3130"
"Percentage of graduates by destination after higher education","2018/2019","Tax Year","2014/2015","Three","Mixed White And Asian","LEO","No Sustained Destination","7.7","%","3130"
"Percentage of graduates by destination after higher education","2018/2019","Tax Year","2014/2015","Three","Mixed White And Asian","LEO","Sustained Employment Only","69.7","%","3130"
"Percentage of graduates by destination after higher education","2018/2019","Tax Year","2014/2015","Three","Mixed White And Asian","LEO","Sustained Employment With Or Without Further Study","79.7","%","3130"
"Percentage of graduates by destination after higher education","2018/2019","Tax Year","2014/2015","Three","Mixed White And Asian","LEO","Sustained Employment Further Study Or Both","84.7","%","3130"
"Percentage of graduates by destination after higher education","2018/2019","Tax Year","2014/2015","Three","Mixed White And Asian","LEO","Further Study With Or Without Sustained Employment","14.9","%","3130"
"Percentage of graduates by destination after higher education","2018/2019","Tax Year","2014/2015","Three","Any Other Mixed/Multiple Ethnic Background","LEO","Activity Not Captured","9.2","%","3050"
"Percentage of graduates by destination after higher education","2018/2019","Tax Year","2014/2015","Three","Any Other Mixed/Multiple Ethnic Background","LEO","No Sustained Destination","8.2","%","3050"
"Percentage of graduates by destination after higher education","2018/2019","Tax Year","2014/2015","Three","Any Other Mixed/Multiple Ethnic Background","LEO","Sustained Employment Only","66.8","%","3050"
"Percentage of graduates by destination after higher education","2018/2019","Tax Year","2014/2015","Three","Any Other Mixed/Multiple Ethnic Background","LEO","Sustained Employment With Or Without Further Study","77","%","3050"
"Percentage of graduates by destination after higher education","2018/2019","Tax Year","2014/2015","Three","Any Other Mixed/Multiple Ethnic Background","LEO","Sustained Employment Further Study Or Both","82.6","%","3050"
"Percentage of graduates by destination after higher education","2018/2019","Tax Year","2014/2015","Three","Any Other Mixed/Multiple Ethnic Background","LEO","Further Study With Or Without Sustained Employment","15.8","%","3050"
"Percentage of graduates by destination after higher education","2018/2019","Tax Year","2014/2015","Three","Indian","LEO","Activity Not Captured","5.2","%","11115"
"Percentage of graduates by destination after higher education","2018/2019","Tax Year","2014/2015","Three","Indian","LEO","No Sustained Destination","6.1","%","11115"
"Percentage of graduates by destination after higher education","2018/2019","Tax Year","2014/2015","Three","Indian","LEO","Sustained Employment Only","73.9","%","11115"
"Percentage of graduates by destination after higher education","2018/2019","Tax Year","2014/2015","Three","Indian","LEO","Sustained Employment With Or Without Further Study","82.7","%","11115"
"Percentage of graduates by destination after higher education","2018/2019","Tax Year","2014/2015","Three","Indian","LEO","Sustained Employment Further Study Or Both","88.7","%","11115"
"Percentage of graduates by destination after higher education","2018/2019","Tax Year","2014/2015","Three","Indian","LEO","Further Study With Or Without Sustained Employment","14.8","%","11115"
"Percentage of graduates by destination after higher education","2018/2019","Tax Year","2014/2015","Three","Pakistani","LEO","Activity Not Captured","7.2","%","8300"
"Percentage of graduates by destination after higher education","2018/2019","Tax Year","2014/2015","Three","Pakistani","LEO","No Sustained Destination","8.4","%","8300"
"Percentage of graduates by destination after higher education","2018/2019","Tax Year","2014/2015","Three","Pakistani","LEO","Sustained Employment Only","69.5","%","8300"
"Percentage of graduates by destination after higher education","2018/2019","Tax Year","2014/2015","Three","Pakistani","LEO","Sustained Employment With Or Without Further Study","76.9","%","8300"
"Percentage of graduates by destination after higher education","2018/2019","Tax Year","2014/2015","Three","Pakistani","LEO","Sustained Employment Further Study Or Both","84.4","%","8300"
"Percentage of graduates by destination after higher education","2018/2019","Tax Year","2014/2015","Three","Pakistani","LEO","Further Study With Or Without Sustained Employment","14.8","%","8300"
"Percentage of graduates by destination after higher education","2018/2019","Tax Year","2014/2015","Three","Bangladeshi","LEO","Activity Not Captured","4.5","%","3230"
"Percentage of graduates by destination after higher education","2018/2019","Tax Year","2014/2015","Three","Bangladeshi","LEO","No Sustained Destination","8.1","%","3230"
"Percentage of graduates by destination after higher education","2018/2019","Tax Year","2014/2015","Three","Bangladeshi","LEO","Sustained Employment Only","74.2","%","3230"
"Percentage of graduates by destination after higher education","2018/2019","Tax Year","2014/2015","Three","Bangladeshi","LEO","Sustained Employment With Or Without Further Study","81","%","3230"
"Percentage of graduates by destination after higher education","2018/2019","Tax Year","2014/2015","Three","Bangladeshi","LEO","Sustained Employment Further Study Or Both","87.5","%","3230"
"Percentage of graduates by destination after higher education","2018/2019","Tax Year","2014/2015","Three","Bangladeshi","LEO","Further Study With Or Without Sustained Employment","13.2","%","3230"
"Percentage of graduates by destination after higher education","2018/2019","Tax Year","2014/2015","Three","Chinese","LEO","Activity Not Captured","13.5","%","2460"
"Percentage of graduates by destination after higher education","2018/2019","Tax Year","2014/2015","Three","Chinese","LEO","No Sustained Destination","6.2","%","2460"
"Percentage of graduates by destination after higher education","2018/2019","Tax Year","2014/2015","Three","Chinese","LEO","Sustained Employment Only","64.9","%","2460"
"Percentage of graduates by destination after higher education","2018/2019","Tax Year","2014/2015","Three","Chinese","LEO","Sustained Employment With Or Without Further Study","74.5","%","2460"
"Percentage of graduates by destination after higher education","2018/2019","Tax Year","2014/2015","Three","Chinese","LEO","Sustained Employment Further Study Or Both","80.3","%","2460"
"Percentage of graduates by destination after higher education","2018/2019","Tax Year","2014/2015","Three","Chinese","LEO","Further Study With Or Without Sustained Employment","15.4","%","2460"
"Percentage of graduates by destination after higher education","2018/2019","Tax Year","2014/2015","Three","Any Other Asian Background","LEO","Activity Not Captured","8.6","%","5135"
"Percentage of graduates by destination after higher education","2018/2019","Tax Year","2014/2015","Three","Any Other Asian Background","LEO","No Sustained Destination","7.5","%","5135"
"Percentage of graduates by destination after higher education","2018/2019","Tax Year","2014/2015","Three","Any Other Asian Background","LEO","Sustained Employment Only","67.9","%","5135"
"Percentage of graduates by destination after higher education","2018/2019","Tax Year","2014/2015","Three","Any Other Asian Background","LEO","Sustained Employment With Or Without Further Study","77","%","5135"
"Percentage of graduates by destination after higher education","2018/2019","Tax Year","2014/2015","Three","Any Other Asian Background","LEO","Sustained Employment Further Study Or Both","83.9","%","5135"
"Percentage of graduates by destination after higher education","2018/2019","Tax Year","2014/2015","Three","Any Other Asian Background","LEO","Further Study With Or Without Sustained Employment","16.1","%","5135"
"Percentage of graduates by destination after higher education","2018/2019","Tax Year","2014/2015","Three","Black African","LEO","Activity Not Captured","5.9","%","14180"
"Percentage of graduates by destination after higher education","2018/2019","Tax Year","2014/2015","Three","Black African","LEO","No Sustained Destination","8.8","%","14180"
"Percentage of graduates by destination after higher education","2018/2019","Tax Year","2014/2015","Three","Black African","LEO","Sustained Employment Only","66.1","%","14180"
"Percentage of graduates by destination after higher education","2018/2019","Tax Year","2014/2015","Three","Black African","LEO","Sustained Employment With Or Without Further Study","79.3","%","14180"
"Percentage of graduates by destination after higher education","2018/2019","Tax Year","2014/2015","Three","Black African","LEO","Sustained Employment Further Study Or Both","85.3","%","14180"
"Percentage of graduates by destination after higher education","2018/2019","Tax Year","2014/2015","Three","Black African","LEO","Further Study With Or Without Sustained Employment","19.2","%","14180"
"Percentage of graduates by destination after higher education","2018/2019","Tax Year","2014/2015","Three","Black Caribbean","LEO","Activity Not Captured","4.1","%","4465"
"Percentage of graduates by destination after higher education","2018/2019","Tax Year","2014/2015","Three","Black Caribbean","LEO","No Sustained Destination","8.6","%","4465"
"Percentage of graduates by destination after higher education","2018/2019","Tax Year","2014/2015","Three","Black Caribbean","LEO","Sustained Employment Only","71.2","%","4465"
"Percentage of graduates by destination after higher education","2018/2019","Tax Year","2014/2015","Three","Black Caribbean","LEO","Sustained Employment With Or Without Further Study","83.2","%","4465"
"Percentage of graduates by destination after higher education","2018/2019","Tax Year","2014/2015","Three","Black Caribbean","LEO","Sustained Employment Further Study Or Both","87.3","%","4465"
"Percentage of graduates by destination after higher education","2018/2019","Tax Year","2014/2015","Three","Black Caribbean","LEO","Further Study With Or Without Sustained Employment","16.1","%","4465"
"Percentage of graduates by destination after higher education","2018/2019","Tax Year","2014/2015","Three","Any Other Black Background","LEO","Activity Not Captured","6.8","%","830"
"Percentage of graduates by destination after higher education","2018/2019","Tax Year","2014/2015","Three","Any Other Black Background","LEO","No Sustained Destination","8.7","%","830"
"Percentage of graduates by destination after higher education","2018/2019","Tax Year","2014/2015","Three","Any Other Black Background","LEO","Sustained Employment Only","65.6","%","830"
"Percentage of graduates by destination after higher education","2018/2019","Tax Year","2014/2015","Three","Any Other Black Background","LEO","Sustained Employment With Or Without Further Study","77.8","%","830"
"Percentage of graduates by destination after higher education","2018/2019","Tax Year","2014/2015","Three","Any Other Black Background","LEO","Sustained Employment Further Study Or Both","84.6","%","830"
"Percentage of graduates by destination after higher education","2018/2019","Tax Year","2014/2015","Three","Any Other Black Background","LEO","Further Study With Or Without Sustained Employment","18.9","%","830"
"Percentage of graduates by destination after higher education","2018/2019","Tax Year","2014/2015","Three","Arab","LEO","Activity Not Captured","13.4","%","615"
"Percentage of graduates by destination after higher education","2018/2019","Tax Year","2014/2015","Three","Arab","LEO","No Sustained Destination","11.9","%","615"
"Percentage of graduates by destination after higher education","2018/2019","Tax Year","2014/2015","Three","Arab","LEO","Sustained Employment Only","56.2","%","615"
"Percentage of graduates by destination after higher education","2018/2019","Tax Year","2014/2015","Three","Arab","LEO","Sustained Employment With Or Without Further Study","65.3","%","615"
"Percentage of graduates by destination after higher education","2018/2019","Tax Year","2014/2015","Three","Arab","LEO","Sustained Employment Further Study Or Both","74.8","%","615"
"Percentage of graduates by destination after higher education","2018/2019","Tax Year","2014/2015","Three","Arab","LEO","Further Study With Or Without Sustained Employment","18.6","%","615"
"Percentage of graduates by destination after higher education","2018/2019","Tax Year","2014/2015","Three","Other","LEO","Activity Not Captured","9.1","%","2755"
"Percentage of graduates by destination after higher education","2018/2019","Tax Year","2014/2015","Three","Other","LEO","No Sustained Destination","9.7","%","2755"
"Percentage of graduates by destination after higher education","2018/2019","Tax Year","2014/2015","Three","Other","LEO","Sustained Employment Only","64.4","%","2755"
"Percentage of graduates by destination after higher education","2018/2019","Tax Year","2014/2015","Three","Other","LEO","Sustained Employment With Or Without Further Study","74.4","%","2755"
"Percentage of graduates by destination after higher education","2018/2019","Tax Year","2014/2015","Three","Other","LEO","Sustained Employment Further Study Or Both","81.2","%","2755"
"Percentage of graduates by destination after higher education","2018/2019","Tax Year","2014/2015","Three","Other","LEO","Further Study With Or Without Sustained Employment","16.8","%","2755"
"Percentage of graduates by destination after higher education","2018/2019","Tax Year","2014/2015","Three","Unknown","LEO","Activity Not Captured","8.6","%","6970"
"Percentage of graduates by destination after higher education","2018/2019","Tax Year","2014/2015","Three","Unknown","LEO","No Sustained Destination","8","%","6970"
"Percentage of graduates by destination after higher education","2018/2019","Tax Year","2014/2015","Three","Unknown","LEO","Sustained Employment Only","69","%","6970"
"Percentage of graduates by destination after higher education","2018/2019","Tax Year","2014/2015","Three","Unknown","LEO","Sustained Employment With Or Without Further Study","79.7","%","6970"
"Percentage of graduates by destination after higher education","2018/2019","Tax Year","2014/2015","Three","Unknown","LEO","Sustained Employment Further Study Or Both","83.5","%","6970"
"Percentage of graduates by destination after higher education","2018/2019","Tax Year","2014/2015","Three","Unknown","LEO","Further Study With Or Without Sustained Employment","14.4","%","6970"
"Percentage of graduates by destination after higher education","2018/2019","Tax Year","2012/2013","Five","All","LEO","Activity Not Captured","7.7","%","282500"
"Percentage of graduates by destination after higher education","2018/2019","Tax Year","2012/2013","Five","All","LEO","No Sustained Destination","5.6","%","282500"
"Percentage of graduates by destination after higher education","2018/2019","Tax Year","2012/2013","Five","All","LEO","Sustained Employment Only","76.1","%","282500"
"Percentage of graduates by destination after higher education","2018/2019","Tax Year","2012/2013","Five","All","LEO","Sustained Employment With Or Without Further Study","84.1","%","282500"
"Percentage of graduates by destination after higher education","2018/2019","Tax Year","2012/2013","Five","All","LEO","Sustained Employment Further Study Or Both","86.7","%","282500"
"Percentage of graduates by destination after higher education","2018/2019","Tax Year","2012/2013","Five","All","LEO","Further Study With Or Without Sustained Employment","10.6","%","282500"
"Percentage of graduates by destination after higher education","2018/2019","Tax Year","2012/2013","Five","White","LEO","Activity Not Captured","7.2","%","215405"
"Percentage of graduates by destination after higher education","2018/2019","Tax Year","2012/2013","Five","White","LEO","No Sustained Destination","5","%","215405"
"Percentage of graduates by destination after higher education","2018/2019","Tax Year","2012/2013","Five","White","LEO","Sustained Employment Only","77.3","%","215405"
"Percentage of graduates by destination after higher education","2018/2019","Tax Year","2012/2013","Five","White","LEO","Sustained Employment With Or Without Further Study","85.4","%","215405"
"Percentage of graduates by destination after higher education","2018/2019","Tax Year","2012/2013","Five","White","LEO","Sustained Employment Further Study Or Both","87.7","%","215405"
"Percentage of graduates by destination after higher education","2018/2019","Tax Year","2012/2013","Five","White","LEO","Further Study With Or Without Sustained Employment","10.4","%","215405"
"Percentage of graduates by destination after higher education","2018/2019","Tax Year","2012/2013","Five","Mixed White And Black Caribbean","LEO","Activity Not Captured","6.6","%","2580"
"Percentage of graduates by destination after higher education","2018/2019","Tax Year","2012/2013","Five","Mixed White And Black Caribbean","LEO","No Sustained Destination","6.8","%","2580"
"Percentage of graduates by destination after higher education","2018/2019","Tax Year","2012/2013","Five","Mixed White And Black Caribbean","LEO","Sustained Employment Only","76.7","%","2580"
"Percentage of graduates by destination after higher education","2018/2019","Tax Year","2012/2013","Five","Mixed White And Black Caribbean","LEO","Sustained Employment With Or Without Further Study","84.7","%","2580"
"Percentage of graduates by destination after higher education","2018/2019","Tax Year","2012/2013","Five","Mixed White And Black Caribbean","LEO","Sustained Employment Further Study Or Both","86.6","%","2580"
"Percentage of graduates by destination after higher education","2018/2019","Tax Year","2012/2013","Five","Mixed White And Black Caribbean","LEO","Further Study With Or Without Sustained Employment","9.9","%","2580"
"Percentage of graduates by destination after higher education","2018/2019","Tax Year","2012/2013","Five","Mixed White And Black African","LEO","Activity Not Captured","12.7","%","1040"
"Percentage of graduates by destination after higher education","2018/2019","Tax Year","2012/2013","Five","Mixed White And Black African","LEO","No Sustained Destination","6.4","%","1040"
"Percentage of graduates by destination after higher education","2018/2019","Tax Year","2012/2013","Five","Mixed White And Black African","LEO","Sustained Employment Only","69.5","%","1040"
"Percentage of graduates by destination after higher education","2018/2019","Tax Year","2012/2013","Five","Mixed White And Black African","LEO","Sustained Employment With Or Without Further Study","77.5","%","1040"
"Percentage of graduates by destination after higher education","2018/2019","Tax Year","2012/2013","Five","Mixed White And Black African","LEO","Sustained Employment Further Study Or Both","80.8","%","1040"
"Percentage of graduates by destination after higher education","2018/2019","Tax Year","2012/2013","Five","Mixed White And Black African","LEO","Further Study With Or Without Sustained Employment","11.4","%","1040"
"Percentage of graduates by destination after higher education","2018/2019","Tax Year","2012/2013","Five","Mixed White And Asian","LEO","Activity Not Captured","10","%","2980"
"Percentage of graduates by destination after higher education","2018/2019","Tax Year","2012/2013","Five","Mixed White And Asian","LEO","No Sustained Destination","6.6","%","2980"
"Percentage of graduates by destination after higher education","2018/2019","Tax Year","2012/2013","Five","Mixed White And Asian","LEO","Sustained Employment Only","72.1","%","2980"
"Percentage of graduates by destination after higher education","2018/2019","Tax Year","2012/2013","Five","Mixed White And Asian","LEO","Sustained Employment With Or Without Further Study","80.4","%","2980"
"Percentage of graduates by destination after higher education","2018/2019","Tax Year","2012/2013","Five","Mixed White And Asian","LEO","Sustained Employment Further Study Or Both","83.4","%","2980"
"Percentage of graduates by destination after higher education","2018/2019","Tax Year","2012/2013","Five","Mixed White And Asian","LEO","Further Study With Or Without Sustained Employment","11.3","%","2980"
"Percentage of graduates by destination after higher education","2018/2019","Tax Year","2012/2013","Five","Any Other Mixed/Multiple Ethnic Background","LEO","Activity Not Captured","10.9","%","2890"
"Percentage of graduates by destination after higher education","2018/2019","Tax Year","2012/2013","Five","Any Other Mixed/Multiple Ethnic Background","LEO","No Sustained Destination","7.7","%","2890"
"Percentage of graduates by destination after higher education","2018/2019","Tax Year","2012/2013","Five","Any Other Mixed/Multiple Ethnic Background","LEO","Sustained Employment Only","69","%","2890"
"Percentage of graduates by destination after higher education","2018/2019","Tax Year","2012/2013","Five","Any Other Mixed/Multiple Ethnic Background","LEO","Sustained Employment With Or Without Further Study","77.8","%","2890"
"Percentage of graduates by destination after higher education","2018/2019","Tax Year","2012/2013","Five","Any Other Mixed/Multiple Ethnic Background","LEO","Sustained Employment Further Study Or Both","81.4","%","2890"
"Percentage of graduates by destination after higher education","2018/2019","Tax Year","2012/2013","Five","Any Other Mixed/Multiple Ethnic Background","LEO","Further Study With Or Without Sustained Employment","12.4","%","2890"
"Percentage of graduates by destination after higher education","2018/2019","Tax Year","2012/2013","Five","Indian","LEO","Activity Not Captured","7.4","%","11795"
"Percentage of graduates by destination after higher education","2018/2019","Tax Year","2012/2013","Five","Indian","LEO","No Sustained Destination","5.5","%","11795"
"Percentage of graduates by destination after higher education","2018/2019","Tax Year","2012/2013","Five","Indian","LEO","Sustained Employment Only","77.8","%","11795"
"Percentage of graduates by destination after higher education","2018/2019","Tax Year","2012/2013","Five","Indian","LEO","Sustained Employment With Or Without Further Study","83.7","%","11795"
"Percentage of graduates by destination after higher education","2018/2019","Tax Year","2012/2013","Five","Indian","LEO","Sustained Employment Further Study Or Both","87.1","%","11795"
"Percentage of graduates by destination after higher education","2018/2019","Tax Year","2012/2013","Five","Indian","LEO","Further Study With Or Without Sustained Employment","9.3","%","11795"
"Percentage of graduates by destination after higher education","2018/2019","Tax Year","2012/2013","Five","Pakistani","LEO","Activity Not Captured","9.2","%","7790"
"Percentage of graduates by destination after higher education","2018/2019","Tax Year","2012/2013","Five","Pakistani","LEO","No Sustained Destination","8.2","%","7790"
"Percentage of graduates by destination after higher education","2018/2019","Tax Year","2012/2013","Five","Pakistani","LEO","Sustained Employment Only","73.5","%","7790"
"Percentage of graduates by destination after higher education","2018/2019","Tax Year","2012/2013","Five","Pakistani","LEO","Sustained Employment With Or Without Further Study","78.6","%","7790"
"Percentage of graduates by destination after higher education","2018/2019","Tax Year","2012/2013","Five","Pakistani","LEO","Sustained Employment Further Study Or Both","82.6","%","7790"
"Percentage of graduates by destination after higher education","2018/2019","Tax Year","2012/2013","Five","Pakistani","LEO","Further Study With Or Without Sustained Employment","9.1","%","7790"
"Percentage of graduates by destination after higher education","2018/2019","Tax Year","2012/2013","Five","Bangladeshi","LEO","Activity Not Captured","7.5","%","2955"
"Percentage of graduates by destination after higher education","2018/2019","Tax Year","2012/2013","Five","Bangladeshi","LEO","No Sustained Destination","7.9","%","2955"
"Percentage of graduates by destination after higher education","2018/2019","Tax Year","2012/2013","Five","Bangladeshi","LEO","Sustained Employment Only","77.4","%","2955"
"Percentage of graduates by destination after higher education","2018/2019","Tax Year","2012/2013","Five","Bangladeshi","LEO","Sustained Employment With Or Without Further Study","81.5","%","2955"
"Percentage of graduates by destination after higher education","2018/2019","Tax Year","2012/2013","Five","Bangladeshi","LEO","Sustained Employment Further Study Or Both","84.7","%","2955"
"Percentage of graduates by destination after higher education","2018/2019","Tax Year","2012/2013","Five","Bangladeshi","LEO","Further Study With Or Without Sustained Employment","7.2","%","2955"
"Percentage of graduates by destination after higher education","2018/2019","Tax Year","2012/2013","Five","Chinese","LEO","Activity Not Captured","19.1","%","2495"
"Percentage of graduates by destination after higher education","2018/2019","Tax Year","2012/2013","Five","Chinese","LEO","No Sustained Destination","5.7","%","2495"
"Percentage of graduates by destination after higher education","2018/2019","Tax Year","2012/2013","Five","Chinese","LEO","Sustained Employment Only","66","%","2495"
"Percentage of graduates by destination after higher education","2018/2019","Tax Year","2012/2013","Five","Chinese","LEO","Sustained Employment With Or Without Further Study","71.9","%","2495"
"Percentage of graduates by destination after higher education","2018/2019","Tax Year","2012/2013","Five","Chinese","LEO","Sustained Employment Further Study Or Both","75.2","%","2495"
"Percentage of graduates by destination after higher education","2018/2019","Tax Year","2012/2013","Five","Chinese","LEO","Further Study With Or Without Sustained Employment","9.2","%","2495"
"Percentage of graduates by destination after higher education","2018/2019","Tax Year","2012/2013","Five","Any Other Asian Background","LEO","Activity Not Captured","10.6","%","4550"
"Percentage of graduates by destination after higher education","2018/2019","Tax Year","2012/2013","Five","Any Other Asian Background","LEO","No Sustained Destination","6.5","%","4550"
"Percentage of graduates by destination after higher education","2018/2019","Tax Year","2012/2013","Five","Any Other Asian Background","LEO","Sustained Employment Only","71.9","%","4550"
"Percentage of graduates by destination after higher education","2018/2019","Tax Year","2012/2013","Five","Any Other Asian Background","LEO","Sustained Employment With Or Without Further Study","79","%","4550"
"Percentage of graduates by destination after higher education","2018/2019","Tax Year","2012/2013","Five","Any Other Asian Background","LEO","Sustained Employment Further Study Or Both","82.9","%","4550"
"Percentage of graduates by destination after higher education","2018/2019","Tax Year","2012/2013","Five","Any Other Asian Background","LEO","Further Study With Or Without Sustained Employment","11","%","4550"
"Percentage of graduates by destination after higher education","2018/2019","Tax Year","2012/2013","Five","Black African","LEO","Activity Not Captured","8.3","%","12530"
"Percentage of graduates by destination after higher education","2018/2019","Tax Year","2012/2013","Five","Black African","LEO","No Sustained Destination","9.1","%","12530"
"Percentage of graduates by destination after higher education","2018/2019","Tax Year","2012/2013","Five","Black African","LEO","Sustained Employment Only","67.9","%","12530"
"Percentage of graduates by destination after higher education","2018/2019","Tax Year","2012/2013","Five","Black African","LEO","Sustained Employment With Or Without Further Study","78.2","%","12530"
"Percentage of graduates by destination after higher education","2018/2019","Tax Year","2012/2013","Five","Black African","LEO","Sustained Employment Further Study Or Both","82.5","%","12530"
"Percentage of graduates by destination after higher education","2018/2019","Tax Year","2012/2013","Five","Black African","LEO","Further Study With Or Without Sustained Employment","14.7","%","12530"
"Percentage of graduates by destination after higher education","2018/2019","Tax Year","2012/2013","Five","Black Caribbean","LEO","Activity Not Captured","4.7","%","4415"
"Percentage of graduates by destination after higher education","2018/2019","Tax Year","2012/2013","Five","Black Caribbean","LEO","No Sustained Destination","8.3","%","4415"
"Percentage of graduates by destination after higher education","2018/2019","Tax Year","2012/2013","Five","Black Caribbean","LEO","Sustained Employment Only","76","%","4415"
"Percentage of graduates by destination after higher education","2018/2019","Tax Year","2012/2013","Five","Black Caribbean","LEO","Sustained Employment With Or Without Further Study","84.3","%","4415"
"Percentage of graduates by destination after higher education","2018/2019","Tax Year","2012/2013","Five","Black Caribbean","LEO","Sustained Employment Further Study Or Both","86.9","%","4415"
"Percentage of graduates by destination after higher education","2018/2019","Tax Year","2012/2013","Five","Black Caribbean","LEO","Further Study With Or Without Sustained Employment","10.9","%","4415"
"Percentage of graduates by destination after higher education","2018/2019","Tax Year","2012/2013","Five","Any Other Black Background","LEO","Activity Not Captured","10.9","%","850"
"Percentage of graduates by destination after higher education","2018/2019","Tax Year","2012/2013","Five","Any Other Black Background","LEO","No Sustained Destination","10.7","%","850"
"Percentage of graduates by destination after higher education","2018/2019","Tax Year","2012/2013","Five","Any Other Black Background","LEO","Sustained Employment Only","65.8","%","850"
"Percentage of graduates by destination after higher education","2018/2019","Tax Year","2012/2013","Five","Any Other Black Background","LEO","Sustained Employment With Or Without Further Study","74.3","%","850"
"Percentage of graduates by destination after higher education","2018/2019","Tax Year","2012/2013","Five","Any Other Black Background","LEO","Sustained Employment Further Study Or Both","78.4","%","850"
"Percentage of graduates by destination after higher education","2018/2019","Tax Year","2012/2013","Five","Any Other Black Background","LEO","Further Study With Or Without Sustained Employment","12.6","%","850"
"Percentage of graduates by destination after higher education","2018/2019","Tax Year","2012/2013","Five","Arab","LEO","Activity Not Captured","14.1","%","130"
"Percentage of graduates by destination after higher education","2018/2019","Tax Year","2012/2013","Five","Arab","LEO","No Sustained Destination","7","%","130"
"Percentage of graduates by destination after higher education","2018/2019","Tax Year","2012/2013","Five","Arab","LEO","Sustained Employment Only","60.9","%","130"
"Percentage of graduates by destination after higher education","2018/2019","Tax Year","2012/2013","Five","Arab","LEO","Sustained Employment With Or Without Further Study","71.1","%","130"
"Percentage of graduates by destination after higher education","2018/2019","Tax Year","2012/2013","Five","Arab","LEO","Sustained Employment Further Study Or Both","78.9","%","130"
"Percentage of graduates by destination after higher education","2018/2019","Tax Year","2012/2013","Five","Arab","LEO","Further Study With Or Without Sustained Employment","18","%","130"
"Percentage of graduates by destination after higher education","2018/2019","Tax Year","2012/2013","Five","Other","LEO","Activity Not Captured","12.9","%","2940"
"Percentage of graduates by destination after higher education","2018/2019","Tax Year","2012/2013","Five","Other","LEO","No Sustained Destination","8.8","%","2940"
"Percentage of graduates by destination after higher education","2018/2019","Tax Year","2012/2013","Five","Other","LEO","Sustained Employment Only","66.4","%","2940"
"Percentage of graduates by destination after higher education","2018/2019","Tax Year","2012/2013","Five","Other","LEO","Sustained Employment With Or Without Further Study","73.8","%","2940"
"Percentage of graduates by destination after higher education","2018/2019","Tax Year","2012/2013","Five","Other","LEO","Sustained Employment Further Study Or Both","78.3","%","2940"
"Percentage of graduates by destination after higher education","2018/2019","Tax Year","2012/2013","Five","Other","LEO","Further Study With Or Without Sustained Employment","11.9","%","2940"
"Percentage of graduates by destination after higher education","2018/2019","Tax Year","2012/2013","Five","Unknown","LEO","Activity Not Captured","11.2","%","7155"
"Percentage of graduates by destination after higher education","2018/2019","Tax Year","2012/2013","Five","Unknown","LEO","No Sustained Destination","7.8","%","7155"
"Percentage of graduates by destination after higher education","2018/2019","Tax Year","2012/2013","Five","Unknown","LEO","Sustained Employment Only","69.9","%","7155"
"Percentage of graduates by destination after higher education","2018/2019","Tax Year","2012/2013","Five","Unknown","LEO","Sustained Employment With Or Without Further Study","78.3","%","7155"
"Percentage of graduates by destination after higher education","2018/2019","Tax Year","2012/2013","Five","Unknown","LEO","Sustained Employment Further Study Or Both","81","%","7155"
"Percentage of graduates by destination after higher education","2018/2019","Tax Year","2012/2013","Five","Unknown","LEO","Further Study With Or Without Sustained Employment","11.1","%","7155"
"Percentage of graduates by destination after higher education","2018/2019","Tax Year","2007/2008","Ten","All","LEO","Activity Not Captured","10.5","%","230980"
"Percentage of graduates by destination after higher education","2018/2019","Tax Year","2007/2008","Ten","All","LEO","No Sustained Destination","4.5","%","230980"
"Percentage of graduates by destination after higher education","2018/2019","Tax Year","2007/2008","Ten","All","LEO","Sustained Employment Only","79.2","%","230980"
"Percentage of graduates by destination after higher education","2018/2019","Tax Year","2007/2008","Ten","All","LEO","Sustained Employment With Or Without Further Study","84","%","230980"
"Percentage of graduates by destination after higher education","2018/2019","Tax Year","2007/2008","Ten","All","LEO","Sustained Employment Further Study Or Both","84.9","%","230980"
"Percentage of graduates by destination after higher education","2018/2019","Tax Year","2007/2008","Ten","All","LEO","Further Study With Or Without Sustained Employment","5.7","%","230980"
"Percentage of graduates by destination after higher education","2018/2019","Tax Year","2007/2008","Ten","White","LEO","Activity Not Captured","9.9","%","179735"
"Percentage of graduates by destination after higher education","2018/2019","Tax Year","2007/2008","Ten","White","LEO","No Sustained Destination","4.1","%","179735"
"Percentage of graduates by destination after higher education","2018/2019","Tax Year","2007/2008","Ten","White","LEO","Sustained Employment Only","80.4","%","179735"
"Percentage of graduates by destination after higher education","2018/2019","Tax Year","2007/2008","Ten","White","LEO","Sustained Employment With Or Without Further Study","85.2","%","179735"
"Percentage of graduates by destination after higher education","2018/2019","Tax Year","2007/2008","Ten","White","LEO","Sustained Employment Further Study Or Both","86.1","%","179735"
"Percentage of graduates by destination after higher education","2018/2019","Tax Year","2007/2008","Ten","White","LEO","Further Study With Or Without Sustained Employment","5.6","%","179735"
"Percentage of graduates by destination after higher education","2018/2019","Tax Year","2007/2008","Ten","Mixed White And Black Caribbean","LEO","Activity Not Captured","9.1","%","1285"
"Percentage of graduates by destination after higher education","2018/2019","Tax Year","2007/2008","Ten","Mixed White And Black Caribbean","LEO","No Sustained Destination","5.9","%","1285"
"Percentage of graduates by destination after higher education","2018/2019","Tax Year","2007/2008","Ten","Mixed White And Black Caribbean","LEO","Sustained Employment Only","78.3","%","1285"
"Percentage of graduates by destination after higher education","2018/2019","Tax Year","2007/2008","Ten","Mixed White And Black Caribbean","LEO","Sustained Employment With Or Without Further Study","83.7","%","1285"
"Percentage of graduates by destination after higher education","2018/2019","Tax Year","2007/2008","Ten","Mixed White And Black Caribbean","LEO","Sustained Employment Further Study Or Both","85","%","1285"
"Percentage of graduates by destination after higher education","2018/2019","Tax Year","2007/2008","Ten","Mixed White And Black Caribbean","LEO","Further Study With Or Without Sustained Employment","6.7","%","1285"
"Percentage of graduates by destination after higher education","2018/2019","Tax Year","2007/2008","Ten","Mixed White And Black African","LEO","Activity Not Captured","16.3","%","605"
"Percentage of graduates by destination after higher education","2018/2019","Tax Year","2007/2008","Ten","Mixed White And Black African","LEO","No Sustained Destination","7.1","%","605"
"Percentage of graduates by destination after higher education","2018/2019","Tax Year","2007/2008","Ten","Mixed White And Black African","LEO","Sustained Employment Only","69.7","%","605"
"Percentage of graduates by destination after higher education","2018/2019","Tax Year","2007/2008","Ten","Mixed White And Black African","LEO","Sustained Employment With Or Without Further Study","75.8","%","605"
"Percentage of graduates by destination after higher education","2018/2019","Tax Year","2007/2008","Ten","Mixed White And Black African","LEO","Sustained Employment Further Study Or Both","76.6","%","605"
"Percentage of graduates by destination after higher education","2018/2019","Tax Year","2007/2008","Ten","Mixed White And Black African","LEO","Further Study With Or Without Sustained Employment","6.9","%","605"
"Percentage of graduates by destination after higher education","2018/2019","Tax Year","2007/2008","Ten","Mixed White And Asian","LEO","Activity Not Captured","11.8","%","1925"
"Percentage of graduates by destination after higher education","2018/2019","Tax Year","2007/2008","Ten","Mixed White And Asian","LEO","No Sustained Destination","4.7","%","1925"
"Percentage of graduates by destination after higher education","2018/2019","Tax Year","2007/2008","Ten","Mixed White And Asian","LEO","Sustained Employment Only","76.9","%","1925"
"Percentage of graduates by destination after higher education","2018/2019","Tax Year","2007/2008","Ten","Mixed White And Asian","LEO","Sustained Employment With Or Without Further Study","82.4","%","1925"
"Percentage of graduates by destination after higher education","2018/2019","Tax Year","2007/2008","Ten","Mixed White And Asian","LEO","Sustained Employment Further Study Or Both","83.5","%","1925"
"Percentage of graduates by destination after higher education","2018/2019","Tax Year","2007/2008","Ten","Mixed White And Asian","LEO","Further Study With Or Without Sustained Employment","6.5","%","1925"
"Percentage of graduates by destination after higher education","2018/2019","Tax Year","2007/2008","Ten","Any Other Mixed/Multiple Ethnic Background","LEO","Activity Not Captured","13.8","%","1995"
"Percentage of graduates by destination after higher education","2018/2019","Tax Year","2007/2008","Ten","Any Other Mixed/Multiple Ethnic Background","LEO","No Sustained Destination","6.5","%","1995"
"Percentage of graduates by destination after higher education","2018/2019","Tax Year","2007/2008","Ten","Any Other Mixed/Multiple Ethnic Background","LEO","Sustained Employment Only","73.3","%","1995"
"Percentage of graduates by destination after higher education","2018/2019","Tax Year","2007/2008","Ten","Any Other Mixed/Multiple Ethnic Background","LEO","Sustained Employment With Or Without Further Study","78.4","%","1995"
"Percentage of graduates by destination after higher education","2018/2019","Tax Year","2007/2008","Ten","Any Other Mixed/Multiple Ethnic Background","LEO","Sustained Employment Further Study Or Both","79.6","%","1995"
"Percentage of graduates by destination after higher education","2018/2019","Tax Year","2007/2008","Ten","Any Other Mixed/Multiple Ethnic Background","LEO","Further Study With Or Without Sustained Employment","6.3","%","1995"
"Percentage of graduates by destination after higher education","2018/2019","Tax Year","2007/2008","Ten","Indian","LEO","Activity Not Captured","9.9","%","10815"
"Percentage of graduates by destination after higher education","2018/2019","Tax Year","2007/2008","Ten","Indian","LEO","No Sustained Destination","5.1","%","10815"
"Percentage of graduates by destination after higher education","2018/2019","Tax Year","2007/2008","Ten","Indian","LEO","Sustained Employment Only","80.3","%","10815"
"Percentage of graduates by destination after higher education","2018/2019","Tax Year","2007/2008","Ten","Indian","LEO","Sustained Employment With Or Without Further Study","84","%","10815"
"Percentage of graduates by destination after higher education","2018/2019","Tax Year","2007/2008","Ten","Indian","LEO","Sustained Employment Further Study Or Both","84.9","%","10815"
"Percentage of graduates by destination after higher education","2018/2019","Tax Year","2007/2008","Ten","Indian","LEO","Further Study With Or Without Sustained Employment","4.6","%","10815"
"Percentage of graduates by destination after higher education","2018/2019","Tax Year","2007/2008","Ten","Pakistani","LEO","Activity Not Captured","12.9","%","5960"
"Percentage of graduates by destination after higher education","2018/2019","Tax Year","2007/2008","Ten","Pakistani","LEO","No Sustained Destination","7.1","%","5960"
"Percentage of graduates by destination after higher education","2018/2019","Tax Year","2007/2008","Ten","Pakistani","LEO","Sustained Employment Only","74.9","%","5960"
"Percentage of graduates by destination after higher education","2018/2019","Tax Year","2007/2008","Ten","Pakistani","LEO","Sustained Employment With Or Without Further Study","78.5","%","5960"
"Percentage of graduates by destination after higher education","2018/2019","Tax Year","2007/2008","Ten","Pakistani","LEO","Sustained Employment Further Study Or Both","80","%","5960"
"Percentage of graduates by destination after higher education","2018/2019","Tax Year","2007/2008","Ten","Pakistani","LEO","Further Study With Or Without Sustained Employment","5","%","5960"
"Percentage of graduates by destination after higher education","2018/2019","Tax Year","2007/2008","Ten","Bangladeshi","LEO","Activity Not Captured","11.2","%","2130"
"Percentage of graduates by destination after higher education","2018/2019","Tax Year","2007/2008","Ten","Bangladeshi","LEO","No Sustained Destination","6.7","%","2130"
"Percentage of graduates by destination after higher education","2018/2019","Tax Year","2007/2008","Ten","Bangladeshi","LEO","Sustained Employment Only","77.8","%","2130"
"Percentage of graduates by destination after higher education","2018/2019","Tax Year","2007/2008","Ten","Bangladeshi","LEO","Sustained Employment With Or Without Further Study","80.5","%","2130"
"Percentage of graduates by destination after higher education","2018/2019","Tax Year","2007/2008","Ten","Bangladeshi","LEO","Sustained Employment Further Study Or Both","82.1","%","2130"
"Percentage of graduates by destination after higher education","2018/2019","Tax Year","2007/2008","Ten","Bangladeshi","LEO","Further Study With Or Without Sustained Employment","4.3","%","2130"
"Percentage of graduates by destination after higher education","2018/2019","Tax Year","2007/2008","Ten","Chinese","LEO","Activity Not Captured","25.1","%","2310"
"Percentage of graduates by destination after higher education","2018/2019","Tax Year","2007/2008","Ten","Chinese","LEO","No Sustained Destination","4.4","%","2310"
"Percentage of graduates by destination after higher education","2018/2019","Tax Year","2007/2008","Ten","Chinese","LEO","Sustained Employment Only","66.6","%","2310"
"Percentage of graduates by destination after higher education","2018/2019","Tax Year","2007/2008","Ten","Chinese","LEO","Sustained Employment With Or Without Further Study","69.9","%","2310"
"Percentage of graduates by destination after higher education","2018/2019","Tax Year","2007/2008","Ten","Chinese","LEO","Sustained Employment Further Study Or Both","70.5","%","2310"
"Percentage of graduates by destination after higher education","2018/2019","Tax Year","2007/2008","Ten","Chinese","LEO","Further Study With Or Without Sustained Employment","3.9","%","2310"
"Percentage of graduates by destination after higher education","2018/2019","Tax Year","2007/2008","Ten","Any Other Asian Background","LEO","Activity Not Captured","15.1","%","2865"
"Percentage of graduates by destination after higher education","2018/2019","Tax Year","2007/2008","Ten","Any Other Asian Background","LEO","No Sustained Destination","5.5","%","2865"
"Percentage of graduates by destination after higher education","2018/2019","Tax Year","2007/2008","Ten","Any Other Asian Background","LEO","Sustained Employment Only","72.7","%","2865"
"Percentage of graduates by destination after higher education","2018/2019","Tax Year","2007/2008","Ten","Any Other Asian Background","LEO","Sustained Employment With Or Without Further Study","77.6","%","2865"
"Percentage of graduates by destination after higher education","2018/2019","Tax Year","2007/2008","Ten","Any Other Asian Background","LEO","Sustained Employment Further Study Or Both","79.4","%","2865"
"Percentage of graduates by destination after higher education","2018/2019","Tax Year","2007/2008","Ten","Any Other Asian Background","LEO","Further Study With Or Without Sustained Employment","6.7","%","2865"
"Percentage of graduates by destination after higher education","2018/2019","Tax Year","2007/2008","Ten","Black African","LEO","Activity Not Captured","13.5","%","6940"
"Percentage of graduates by destination after higher education","2018/2019","Tax Year","2007/2008","Ten","Black African","LEO","No Sustained Destination","8","%","6940"
"Percentage of graduates by destination after higher education","2018/2019","Tax Year","2007/2008","Ten","Black African","LEO","Sustained Employment Only","69.2","%","6940"
"Percentage of graduates by destination after higher education","2018/2019","Tax Year","2007/2008","Ten","Black African","LEO","Sustained Employment With Or Without Further Study","76.1","%","6940"
"Percentage of graduates by destination after higher education","2018/2019","Tax Year","2007/2008","Ten","Black African","LEO","Sustained Employment Further Study Or Both","78.6","%","6940"
"Percentage of graduates by destination after higher education","2018/2019","Tax Year","2007/2008","Ten","Black African","LEO","Further Study With Or Without Sustained Employment","9.4","%","6940"
"Percentage of graduates by destination after higher education","2018/2019","Tax Year","2007/2008","Ten","Black Caribbean","LEO","Activity Not Captured","9","%","3180"
"Percentage of graduates by destination after higher education","2018/2019","Tax Year","2007/2008","Ten","Black Caribbean","LEO","No Sustained Destination","6.6","%","3180"
"Percentage of graduates by destination after higher education","2018/2019","Tax Year","2007/2008","Ten","Black Caribbean","LEO","Sustained Employment Only","77.4","%","3180"
"Percentage of graduates by destination after higher education","2018/2019","Tax Year","2007/2008","Ten","Black Caribbean","LEO","Sustained Employment With Or Without Further Study","83","%","3180"
"Percentage of graduates by destination after higher education","2018/2019","Tax Year","2007/2008","Ten","Black Caribbean","LEO","Sustained Employment Further Study Or Both","84.4","%","3180"
"Percentage of graduates by destination after higher education","2018/2019","Tax Year","2007/2008","Ten","Black Caribbean","LEO","Further Study With Or Without Sustained Employment","7.1","%","3180"
"Percentage of graduates by destination after higher education","2018/2019","Tax Year","2007/2008","Ten","Any Other Black Background","LEO","Activity Not Captured","12","%","715"
"Percentage of graduates by destination after higher education","2018/2019","Tax Year","2007/2008","Ten","Any Other Black Background","LEO","No Sustained Destination","8.4","%","715"
"Percentage of graduates by destination after higher education","2018/2019","Tax Year","2007/2008","Ten","Any Other Black Background","LEO","Sustained Employment Only","72.8","%","715"
"Percentage of graduates by destination after higher education","2018/2019","Tax Year","2007/2008","Ten","Any Other Black Background","LEO","Sustained Employment With Or Without Further Study","78.2","%","715"
"Percentage of graduates by destination after higher education","2018/2019","Tax Year","2007/2008","Ten","Any Other Black Background","LEO","Sustained Employment Further Study Or Both","79.6","%","715"
"Percentage of graduates by destination after higher education","2018/2019","Tax Year","2007/2008","Ten","Any Other Black Background","LEO","Further Study With Or Without Sustained Employment","6.8","%","715"
"Percentage of graduates by destination after higher education","2018/2019","Tax Year","2007/2008","Ten","Arab","LEO","Activity Not Captured","!","%","!"
"Percentage of graduates by destination after higher education","2018/2019","Tax Year","2007/2008","Ten","Arab","LEO","No Sustained Destination","!","%","!"
"Percentage of graduates by destination after higher education","2018/2019","Tax Year","2007/2008","Ten","Arab","LEO","Sustained Employment Only","!","%","!"
"Percentage of graduates by destination after higher education","2018/2019","Tax Year","2007/2008","Ten","Arab","LEO","Sustained Employment With Or Without Further Study","!","%","!"
"Percentage of graduates by destination after higher education","2018/2019","Tax Year","2007/2008","Ten","Arab","LEO","Sustained Employment Further Study Or Both","!","%","!"
"Percentage of graduates by destination after higher education","2018/2019","Tax Year","2007/2008","Ten","Arab","LEO","Further Study With Or Without Sustained Employment","!","%","!"
"Percentage of graduates by destination after higher education","2018/2019","Tax Year","2007/2008","Ten","Other","LEO","Activity Not Captured","16.2","%","2080"
"Percentage of graduates by destination after higher education","2018/2019","Tax Year","2007/2008","Ten","Other","LEO","No Sustained Destination","7.5","%","2080"
"Percentage of graduates by destination after higher education","2018/2019","Tax Year","2007/2008","Ten","Other","LEO","Sustained Employment Only","69.7","%","2080"
"Percentage of graduates by destination after higher education","2018/2019","Tax Year","2007/2008","Ten","Other","LEO","Sustained Employment With Or Without Further Study","74.5","%","2080"
"Percentage of graduates by destination after higher education","2018/2019","Tax Year","2007/2008","Ten","Other","LEO","Sustained Employment Further Study Or Both","76.3","%","2080"
"Percentage of graduates by destination after higher education","2018/2019","Tax Year","2007/2008","Ten","Other","LEO","Further Study With Or Without Sustained Employment","6.6","%","2080"
"Percentage of graduates by destination after higher education","2018/2019","Tax Year","2007/2008","Ten","Unknown","LEO","Activity Not Captured","13.1","%","8435"
"Percentage of graduates by destination after higher education","2018/2019","Tax Year","2007/2008","Ten","Unknown","LEO","No Sustained Destination","5.9","%","8435"
"Percentage of graduates by destination after higher education","2018/2019","Tax Year","2007/2008","Ten","Unknown","LEO","Sustained Employment Only","74.4","%","8435"
"Percentage of graduates by destination after higher education","2018/2019","Tax Year","2007/2008","Ten","Unknown","LEO","Sustained Employment With Or Without Further Study","79.6","%","8435"
"Percentage of graduates by destination after higher education","2018/2019","Tax Year","2007/2008","Ten","Unknown","LEO","Sustained Employment Further Study Or Both","81","%","8435"
"Percentage of graduates by destination after higher education","2018/2019","Tax Year","2007/2008","Ten","Unknown","LEO","Further Study With Or Without Sustained Employment","6.6","%","8435"
"Percentage of graduates by destination after higher education","2017/2018","Tax Year","2015/2016","One","Black African","LEO","Activity Not Captured","4.5","%","15300"
"Percentage of graduates by destination after higher education","2017/2018","Tax Year","2015/2016","One","All","LEO","Activity Not Captured","4.7","%","286355"
"Percentage of graduates by destination after higher education","2017/2018","Tax Year","2015/2016","One","Any Other Asian Background","LEO","Activity Not Captured","6.1","%","5390"
"Percentage of graduates by destination after higher education","2017/2018","Tax Year","2015/2016","One","Any Other Black Background","LEO","Activity Not Captured","6","%","990"
"Percentage of graduates by destination after higher education","2017/2018","Tax Year","2015/2016","One","Any Other Mixed/Multiple Ethnic Background","LEO","Activity Not Captured","7.2","%","3205"
"Percentage of graduates by destination after higher education","2017/2018","Tax Year","2015/2016","One","Arab","LEO","Activity Not Captured","7.9","%","1045"
"Percentage of graduates by destination after higher education","2017/2018","Tax Year","2015/2016","One","Bangladeshi","LEO","Activity Not Captured","3.6","%","3735"
"Percentage of graduates by destination after higher education","2017/2018","Tax Year","2015/2016","One","Black Caribbean","LEO","Activity Not Captured","3.5","%","4585"
"Percentage of graduates by destination after higher education","2017/2018","Tax Year","2015/2016","One","Chinese","LEO","Activity Not Captured","10.9","%","2405"
"Percentage of graduates by destination after higher education","2017/2018","Tax Year","2015/2016","One","Indian","LEO","Activity Not Captured","4.6","%","11500"
"Percentage of graduates by destination after higher education","2017/2018","Tax Year","2015/2016","One","Unknown","LEO","Activity Not Captured","7.9","%","6140"
"Percentage of graduates by destination after higher education","2017/2018","Tax Year","2015/2016","One","Other","LEO","Activity Not Captured","6.7","%","2925"
"Percentage of graduates by destination after higher education","2017/2018","Tax Year","2015/2016","One","Pakistani","LEO","Activity Not Captured","5.7","%","9285"
"Percentage of graduates by destination after higher education","2017/2018","Tax Year","2015/2016","One","White","LEO","Activity Not Captured","4.4","%","212200"
"Percentage of graduates by destination after higher education","2017/2018","Tax Year","2015/2016","One","Mixed White And Asian","LEO","Activity Not Captured","6.6","%","3450"
"Percentage of graduates by destination after higher education","2017/2018","Tax Year","2015/2016","One","Mixed White And Black African","LEO","Activity Not Captured","6.2","%","1280"
"Percentage of graduates by destination after higher education","2017/2018","Tax Year","2015/2016","One","Mixed White And Black Caribbean","LEO","Activity Not Captured","3.8","%","2920"
"Percentage of graduates by destination after higher education","2017/2018","Tax Year","2013/2014","Three","Black African","LEO","Activity Not Captured","7.4","%","13340"
"Percentage of graduates by destination after higher education","2017/2018","Tax Year","2013/2014","Three","All","LEO","Activity Not Captured","7.3","%","301280"
"Percentage of graduates by destination after higher education","2017/2018","Tax Year","2013/2014","Three","Any Other Asian Background","LEO","Activity Not Captured","11.2","%","5220"
"Percentage of graduates by destination after higher education","2017/2018","Tax Year","2013/2014","Three","Any Other Black Background","LEO","Activity Not Captured","11.4","%","870"
"Percentage of graduates by destination after higher education","2017/2018","Tax Year","2013/2014","Three","Any Other Mixed/Multiple Ethnic Background","LEO","Activity Not Captured","10","%","3260"
"Percentage of graduates by destination after higher education","2017/2018","Tax Year","2013/2014","Three","Arab","LEO","Activity Not Captured","11.5","%","260"
"Percentage of graduates by destination after higher education","2017/2018","Tax Year","2013/2014","Three","Bangladeshi","LEO","Activity Not Captured","6.4","%","3080"
"Percentage of graduates by destination after higher education","2017/2018","Tax Year","2013/2014","Three","Black Caribbean","LEO","Activity Not Captured","5.1","%","4710"
"Percentage of graduates by destination after higher education","2017/2018","Tax Year","2013/2014","Three","Chinese","LEO","Activity Not Captured","17.3","%","2665"
"Percentage of graduates by destination after higher education","2017/2018","Tax Year","2013/2014","Three","Indian","LEO","Activity Not Captured","6.6","%","11885"
"Percentage of graduates by destination after higher education","2017/2018","Tax Year","2013/2014","Three","Unknown","LEO","Activity Not Captured","9.9","%","7855"
"Percentage of graduates by destination after higher education","2017/2018","Tax Year","2013/2014","Three","Other","LEO","Activity Not Captured","11.3","%","2975"
"Percentage of graduates by destination after higher education","2017/2018","Tax Year","2013/2014","Three","Pakistani","LEO","Activity Not Captured","9.1","%","8425"
"Percentage of graduates by destination after higher education","2017/2018","Tax Year","2013/2014","Three","White","LEO","Activity Not Captured","6.9","%","229300"
"Percentage of graduates by destination after higher education","2017/2018","Tax Year","2013/2014","Three","Mixed White And Asian","LEO","Activity Not Captured","9.1","%","3415"
"Percentage of graduates by destination after higher education","2017/2018","Tax Year","2013/2014","Three","Mixed White And Black African","LEO","Activity Not Captured","9.7","%","1180"
"Percentage of graduates by destination after higher education","2017/2018","Tax Year","2013/2014","Three","Mixed White And Black Caribbean","LEO","Activity Not Captured","5.8","%","2840"
"Percentage of graduates by destination after higher education","2017/2018","Tax Year","2011/2012","Five","Black African","LEO","Activity Not Captured","10.3","%","11340"
"Percentage of graduates by destination after higher education","2017/2018","Tax Year","2011/2012","Five","All","LEO","Activity Not Captured","9.1","%","274190"
"Percentage of graduates by destination after higher education","2017/2018","Tax Year","2011/2012","Five","Any Other Asian Background","LEO","Activity Not Captured","12.6","%","4085"
"Percentage of graduates by destination after higher education","2017/2018","Tax Year","2011/2012","Five","Any Other Black Background","LEO","Activity Not Captured","12.9","%","845"
"Percentage of graduates by destination after higher education","2017/2018","Tax Year","2011/2012","Five","Any Other Mixed/Multiple Ethnic Background","LEO","Activity Not Captured","13","%","2875"
"Percentage of graduates by destination after higher education","2017/2018","Tax Year","2011/2012","Five","Arab","LEO","Activity Not Captured","!","%","!"
"Percentage of graduates by destination after higher education","2017/2018","Tax Year","2011/2012","Five","Bangladeshi","LEO","Activity Not Captured","8.5","%","2930"
"Percentage of graduates by destination after higher education","2017/2018","Tax Year","2011/2012","Five","Black Caribbean","LEO","Activity Not Captured","6.6","%","4320"
"Percentage of graduates by destination after higher education","2017/2018","Tax Year","2011/2012","Five","Chinese","LEO","Activity Not Captured","20.3","%","2520"
"Percentage of graduates by destination after higher education","2017/2018","Tax Year","2011/2012","Five","Indian","LEO","Activity Not Captured","7.3","%","11605"
"Percentage of graduates by destination after higher education","2017/2018","Tax Year","2011/2012","Five","Unknown","LEO","Activity Not Captured","12.8","%","6790"
"Percentage of graduates by destination after higher education","2017/2018","Tax Year","2011/2012","Five","Other","LEO","Activity Not Captured","13.9","%","2845"
"Percentage of graduates by destination after higher education","2017/2018","Tax Year","2011/2012","Five","Pakistani","LEO","Activity Not Captured","11.5","%","7255"
"Percentage of graduates by destination after higher education","2017/2018","Tax Year","2011/2012","Five","White","LEO","Activity Not Captured","8.6","%","210710"
"Percentage of graduates by destination after higher education","2017/2018","Tax Year","2011/2012","Five","Mixed White And Asian","LEO","Activity Not Captured","11.5","%","2770"
"Percentage of graduates by destination after higher education","2017/2018","Tax Year","2011/2012","Five","Mixed White And Black African","LEO","Activity Not Captured","10.9","%","965"
"Percentage of graduates by destination after higher education","2017/2018","Tax Year","2011/2012","Five","Mixed White And Black Caribbean","LEO","Activity Not Captured","7.6","%","2330"
"Percentage of graduates by destination after higher education","2017/2018","Tax Year","2006/2007","Ten","Black African","LEO","Activity Not Captured","15.5","%","5945"
"Percentage of graduates by destination after higher education","2017/2018","Tax Year","2006/2007","Ten","All","LEO","Activity Not Captured","12.8","%","222725"
"Percentage of graduates by destination after higher education","2017/2018","Tax Year","2006/2007","Ten","Any Other Asian Background","LEO","Activity Not Captured","17.5","%","2735"
"Percentage of graduates by destination after higher education","2017/2018","Tax Year","2006/2007","Ten","Any Other Black Background","LEO","Activity Not Captured","15.3","%","690"
"Percentage of graduates by destination after higher education","2017/2018","Tax Year","2006/2007","Ten","Any Other Mixed/Multiple Ethnic Background","LEO","Activity Not Captured","17.9","%","1835"
"Percentage of graduates by destination after higher education","2017/2018","Tax Year","2006/2007","Ten","Bangladeshi","LEO","Activity Not Captured","12.1","%","2080"
"Percentage of graduates by destination after higher education","2017/2018","Tax Year","2006/2007","Ten","Black Caribbean","LEO","Activity Not Captured","10.4","%","3075"
"Percentage of graduates by destination after higher education","2017/2018","Tax Year","2006/2007","Ten","Chinese","LEO","Activity Not Captured","29.2","%","2385"
"Percentage of graduates by destination after higher education","2017/2018","Tax Year","2006/2007","Ten","Indian","LEO","Activity Not Captured","11","%","10755"
"Percentage of graduates by destination after higher education","2017/2018","Tax Year","2006/2007","Ten","Unknown","LEO","Activity Not Captured","15.1","%","8875"
"Percentage of graduates by destination after higher education","2017/2018","Tax Year","2006/2007","Ten","Other","LEO","Activity Not Captured","19.8","%","1930"
"Percentage of graduates by destination after higher education","2017/2018","Tax Year","2006/2007","Ten","Pakistani","LEO","Activity Not Captured","16.2","%","5700"
"Percentage of graduates by destination after higher education","2017/2018","Tax Year","2006/2007","Ten","White","LEO","Activity Not Captured","12.1","%","173300"
"Percentage of graduates by destination after higher education","2017/2018","Tax Year","2006/2007","Ten","Mixed White And Asian","LEO","Activity Not Captured","16.4","%","1805"
"Percentage of graduates by destination after higher education","2017/2018","Tax Year","2006/2007","Ten","Mixed White And Black African","LEO","Activity Not Captured","14.9","%","550"
"Percentage of graduates by destination after higher education","2017/2018","Tax Year","2006/2007","Ten","Mixed White And Black Caribbean","LEO","Activity Not Captured","9.9","%","1060"
"Percentage of graduates by destination after higher education","2017/2018","Tax Year","2015/2016","One","Black African","LEO","Further Study With Or Without Sustained Employment","29.1","%","15300"
"Percentage of graduates by destination after higher education","2017/2018","Tax Year","2015/2016","One","All","LEO","Further Study With Or Without Sustained Employment","24.1","%","286355"
"Percentage of graduates by destination after higher education","2017/2018","Tax Year","2015/2016","One","Any Other Asian Background","LEO","Further Study With Or Without Sustained Employment","25.7","%","5390"
"Percentage of graduates by destination after higher education","2017/2018","Tax Year","2015/2016","One","Any Other Black Background","LEO","Further Study With Or Without Sustained Employment","25.5","%","990"
"Percentage of graduates by destination after higher education","2017/2018","Tax Year","2015/2016","One","Any Other Mixed/Multiple Ethnic Background","LEO","Further Study With Or Without Sustained Employment","23.9","%","3205"
"Percentage of graduates by destination after higher education","2017/2018","Tax Year","2015/2016","One","Arab","LEO","Further Study With Or Without Sustained Employment","35.7","%","1045"
"Percentage of graduates by destination after higher education","2017/2018","Tax Year","2015/2016","One","Bangladeshi","LEO","Further Study With Or Without Sustained Employment","24.1","%","3735"
"Percentage of graduates by destination after higher education","2017/2018","Tax Year","2015/2016","One","Black Caribbean","LEO","Further Study With Or Without Sustained Employment","21.3","%","4585"
"Percentage of graduates by destination after higher education","2017/2018","Tax Year","2015/2016","One","Chinese","LEO","Further Study With Or Without Sustained Employment","25.8","%","2405"
"Percentage of graduates by destination after higher education","2017/2018","Tax Year","2015/2016","One","Indian","LEO","Further Study With Or Without Sustained Employment","23.6","%","11500"
"Percentage of graduates by destination after higher education","2017/2018","Tax Year","2015/2016","One","Unknown","LEO","Further Study With Or Without Sustained Employment","19.6","%","6140"
"Percentage of graduates by destination after higher education","2017/2018","Tax Year","2015/2016","One","Other","LEO","Further Study With Or Without Sustained Employment","27.3","%","2925"
"Percentage of graduates by destination after higher education","2017/2018","Tax Year","2015/2016","One","Pakistani","LEO","Further Study With Or Without Sustained Employment","27","%","9285"
"Percentage of graduates by destination after higher education","2017/2018","Tax Year","2015/2016","One","White","LEO","Further Study With Or Without Sustained Employment","23.5","%","212200"
"Percentage of graduates by destination after higher education","2017/2018","Tax Year","2015/2016","One","Mixed White And Asian","LEO","Further Study With Or Without Sustained Employment","26.6","%","3450"
"Percentage of graduates by destination after higher education","2017/2018","Tax Year","2015/2016","One","Mixed White And Black African","LEO","Further Study With Or Without Sustained Employment","24.2","%","1280"
"Percentage of graduates by destination after higher education","2017/2018","Tax Year","2015/2016","One","Mixed White And Black Caribbean","LEO","Further Study With Or Without Sustained Employment","20.4","%","2920"
"Percentage of graduates by destination after higher education","2017/2018","Tax Year","2013/2014","Three","Black African","LEO","Further Study With Or Without Sustained Employment","20.4","%","13340"
"Percentage of graduates by destination after higher education","2017/2018","Tax Year","2013/2014","Three","All","LEO","Further Study With Or Without Sustained Employment","14.6","%","301280"
"Percentage of graduates by destination after higher education","2017/2018","Tax Year","2013/2014","Three","Any Other Asian Background","LEO","Further Study With Or Without Sustained Employment","15.9","%","5220"
"Percentage of graduates by destination after higher education","2017/2018","Tax Year","2013/2014","Three","Any Other Black Background","LEO","Further Study With Or Without Sustained Employment","17.2","%","870"
"Percentage of graduates by destination after higher education","2017/2018","Tax Year","2013/2014","Three","Any Other Mixed/Multiple Ethnic Background","LEO","Further Study With Or Without Sustained Employment","15.3","%","3260"
"Percentage of graduates by destination after higher education","2017/2018","Tax Year","2013/2014","Three","Arab","LEO","Further Study With Or Without Sustained Employment","22.9","%","260"
"Percentage of graduates by destination after higher education","2017/2018","Tax Year","2013/2014","Three","Bangladeshi","LEO","Further Study With Or Without Sustained Employment","11.7","%","3080"
"Percentage of graduates by destination after higher education","2017/2018","Tax Year","2013/2014","Three","Black Caribbean","LEO","Further Study With Or Without Sustained Employment","16.3","%","4710"
"Percentage of graduates by destination after higher education","2017/2018","Tax Year","2013/2014","Three","Chinese","LEO","Further Study With Or Without Sustained Employment","13.5","%","2665"
"Percentage of graduates by destination after higher education","2017/2018","Tax Year","2013/2014","Three","Indian","LEO","Further Study With Or Without Sustained Employment","13.5","%","11885"
"Percentage of graduates by destination after higher education","2017/2018","Tax Year","2013/2014","Three","Unknown","LEO","Further Study With Or Without Sustained Employment","13.7","%","7855"
"Percentage of graduates by destination after higher education","2017/2018","Tax Year","2013/2014","Three","Other","LEO","Further Study With Or Without Sustained Employment","14.9","%","2975"
"Percentage of graduates by destination after higher education","2017/2018","Tax Year","2013/2014","Three","Pakistani","LEO","Further Study With Or Without Sustained Employment","14.6","%","8425"
"Percentage of graduates by destination after higher education","2017/2018","Tax Year","2013/2014","Three","White","LEO","Further Study With Or Without Sustained Employment","14.4","%","229300"
"Percentage of graduates by destination after higher education","2017/2018","Tax Year","2013/2014","Three","Mixed White And Asian","LEO","Further Study With Or Without Sustained Employment","16","%","3415"
"Percentage of graduates by destination after higher education","2017/2018","Tax Year","2013/2014","Three","Mixed White And Black African","LEO","Further Study With Or Without Sustained Employment","14.9","%","1180"
"Percentage of graduates by destination after higher education","2017/2018","Tax Year","2013/2014","Three","Mixed White And Black Caribbean","LEO","Further Study With Or Without Sustained Employment","13.3","%","2840"
"Percentage of graduates by destination after higher education","2017/2018","Tax Year","2011/2012","Five","Black African","LEO","Further Study With Or Without Sustained Employment","15.6","%","11340"
"Percentage of graduates by destination after higher education","2017/2018","Tax Year","2011/2012","Five","All","LEO","Further Study With Or Without Sustained Employment","10.4","%","274190"
"Percentage of graduates by destination after higher education","2017/2018","Tax Year","2011/2012","Five","Any Other Asian Background","LEO","Further Study With Or Without Sustained Employment","11.8","%","4085"
"Percentage of graduates by destination after higher education","2017/2018","Tax Year","2011/2012","Five","Any Other Black Background","LEO","Further Study With Or Without Sustained Employment","12.3","%","845"
"Percentage of graduates by destination after higher education","2017/2018","Tax Year","2011/2012","Five","Any Other Mixed/Multiple Ethnic Background","LEO","Further Study With Or Without Sustained Employment","11","%","2875"
"Percentage of graduates by destination after higher education","2017/2018","Tax Year","2011/2012","Five","Arab","LEO","Further Study With Or Without Sustained Employment","!","%","!"
"Percentage of graduates by destination after higher education","2017/2018","Tax Year","2011/2012","Five","Bangladeshi","LEO","Further Study With Or Without Sustained Employment","6.8","%","2930"
"Percentage of graduates by destination after higher education","2017/2018","Tax Year","2011/2012","Five","Black Caribbean","LEO","Further Study With Or Without Sustained Employment","11.6","%","4320"
"Percentage of graduates by destination after higher education","2017/2018","Tax Year","2011/2012","Five","Chinese","LEO","Further Study With Or Without Sustained Employment","9.5","%","2520"
"Percentage of graduates by destination after higher education","2017/2018","Tax Year","2011/2012","Five","Indian","LEO","Further Study With Or Without Sustained Employment","8.7","%","11605"
"Percentage of graduates by destination after higher education","2017/2018","Tax Year","2011/2012","Five","Unknown","LEO","Further Study With Or Without Sustained Employment","10.7","%","6790"
"Percentage of graduates by destination after higher education","2017/2018","Tax Year","2011/2012","Five","Other","LEO","Further Study With Or Without Sustained Employment","11.8","%","2845"
"Percentage of graduates by destination after higher education","2017/2018","Tax Year","2011/2012","Five","Pakistani","LEO","Further Study With Or Without Sustained Employment","8.9","%","7255"
"Percentage of graduates by destination after higher education","2017/2018","Tax Year","2011/2012","Five","White","LEO","Further Study With Or Without Sustained Employment","10.3","%","210710"
"Percentage of graduates by destination after higher education","2017/2018","Tax Year","2011/2012","Five","Mixed White And Asian","LEO","Further Study With Or Without Sustained Employment","11.4","%","2770"
"Percentage of graduates by destination after higher education","2017/2018","Tax Year","2011/2012","Five","Mixed White And Black African","LEO","Further Study With Or Without Sustained Employment","11.5","%","965"
"Percentage of graduates by destination after higher education","2017/2018","Tax Year","2011/2012","Five","Mixed White And Black Caribbean","LEO","Further Study With Or Without Sustained Employment","9.5","%","2330"
"Percentage of graduates by destination after higher education","2017/2018","Tax Year","2006/2007","Ten","Black African","LEO","Further Study With Or Without Sustained Employment","9.7","%","5945"
"Percentage of graduates by destination after higher education","2017/2018","Tax Year","2006/2007","Ten","All","LEO","Further Study With Or Without Sustained Employment","5.6","%","222725"
"Percentage of graduates by destination after higher education","2017/2018","Tax Year","2006/2007","Ten","Any Other Asian Background","LEO","Further Study With Or Without Sustained Employment","6.7","%","2735"
"Percentage of graduates by destination after higher education","2017/2018","Tax Year","2006/2007","Ten","Any Other Black Background","LEO","Further Study With Or Without Sustained Employment","8.3","%","690"
"Percentage of graduates by destination after higher education","2017/2018","Tax Year","2006/2007","Ten","Any Other Mixed/Multiple Ethnic Background","LEO","Further Study With Or Without Sustained Employment","5.9","%","1835"
"Percentage of graduates by destination after higher education","2017/2018","Tax Year","2006/2007","Ten","Bangladeshi","LEO","Further Study With Or Without Sustained Employment","4.5","%","2080"
"Percentage of graduates by destination after higher education","2017/2018","Tax Year","2006/2007","Ten","Black Caribbean","LEO","Further Study With Or Without Sustained Employment","7.4","%","3075"
"Percentage of graduates by destination after higher education","2017/2018","Tax Year","2006/2007","Ten","Chinese","LEO","Further Study With Or Without Sustained Employment","4.2","%","2385"
"Percentage of graduates by destination after higher education","2017/2018","Tax Year","2006/2007","Ten","Indian","LEO","Further Study With Or Without Sustained Employment","4.5","%","10755"
"Percentage of graduates by destination after higher education","2017/2018","Tax Year","2006/2007","Ten","Unknown","LEO","Further Study With Or Without Sustained Employment","6.5","%","8875"
"Percentage of graduates by destination after higher education","2017/2018","Tax Year","2006/2007","Ten","Other","LEO","Further Study With Or Without Sustained Employment","6.8","%","1930"
"Percentage of graduates by destination after higher education","2017/2018","Tax Year","2006/2007","Ten","Pakistani","LEO","Further Study With Or Without Sustained Employment","4.5","%","5700"
"Percentage of graduates by destination after higher education","2017/2018","Tax Year","2006/2007","Ten","White","LEO","Further Study With Or Without Sustained Employment","5.5","%","173300"
"Percentage of graduates by destination after higher education","2017/2018","Tax Year","2006/2007","Ten","Mixed White And Asian","LEO","Further Study With Or Without Sustained Employment","7","%","1805"
"Percentage of graduates by destination after higher education","2017/2018","Tax Year","2006/2007","Ten","Mixed White And Black African","LEO","Further Study With Or Without Sustained Employment","7.4","%","550"
"Percentage of graduates by destination after higher education","2017/2018","Tax Year","2006/2007","Ten","Mixed White And Black Caribbean","LEO","Further Study With Or Without Sustained Employment","7.6","%","1060"
"Percentage of graduates by destination after higher education","2017/2018","Tax Year","2015/2016","One","Black African","LEO","No Sustained Destination","9.5","%","15300"
"Percentage of graduates by destination after higher education","2017/2018","Tax Year","2015/2016","One","All","LEO","No Sustained Destination","7.7","%","286355"
"Percentage of graduates by destination after higher education","2017/2018","Tax Year","2015/2016","One","Any Other Asian Background","LEO","No Sustained Destination","8.6","%","5390"
"Percentage of graduates by destination after higher education","2017/2018","Tax Year","2015/2016","One","Any Other Black Background","LEO","No Sustained Destination","12.4","%","990"
"Percentage of graduates by destination after higher education","2017/2018","Tax Year","2015/2016","One","Any Other Mixed/Multiple Ethnic Background","LEO","No Sustained Destination","11.1","%","3205"
"Percentage of graduates by destination after higher education","2017/2018","Tax Year","2015/2016","One","Arab","LEO","No Sustained Destination","11.2","%","1045"
"Percentage of graduates by destination after higher education","2017/2018","Tax Year","2015/2016","One","Bangladeshi","LEO","No Sustained Destination","9.4","%","3735"
"Percentage of graduates by destination after higher education","2017/2018","Tax Year","2015/2016","One","Black Caribbean","LEO","No Sustained Destination","9.8","%","4585"
"Percentage of graduates by destination after higher education","2017/2018","Tax Year","2015/2016","One","Chinese","LEO","No Sustained Destination","8.7","%","2405"
"Percentage of graduates by destination after higher education","2017/2018","Tax Year","2015/2016","One","Indian","LEO","No Sustained Destination","8","%","11500"
"Percentage of graduates by destination after higher education","2017/2018","Tax Year","2015/2016","One","Unknown","LEO","No Sustained Destination","9.7","%","6140"
"Percentage of graduates by destination after higher education","2017/2018","Tax Year","2015/2016","One","Other","LEO","No Sustained Destination","11.7","%","2925"
"Percentage of graduates by destination after higher education","2017/2018","Tax Year","2015/2016","One","Pakistani","LEO","No Sustained Destination","10.3","%","9285"
"Percentage of graduates by destination after higher education","2017/2018","Tax Year","2015/2016","One","White","LEO","No Sustained Destination","7","%","212200"
"Percentage of graduates by destination after higher education","2017/2018","Tax Year","2015/2016","One","Mixed White And Asian","LEO","No Sustained Destination","8.6","%","3450"
"Percentage of graduates by destination after higher education","2017/2018","Tax Year","2015/2016","One","Mixed White And Black African","LEO","No Sustained Destination","10.8","%","1280"
"Percentage of graduates by destination after higher education","2017/2018","Tax Year","2015/2016","One","Mixed White And Black Caribbean","LEO","No Sustained Destination","9.5","%","2920"
"Percentage of graduates by destination after higher education","2017/2018","Tax Year","2013/2014","Three","Black African","LEO","No Sustained Destination","9.7","%","13340"
"Percentage of graduates by destination after higher education","2017/2018","Tax Year","2013/2014","Three","All","LEO","No Sustained Destination","6.8","%","301280"
"Percentage of graduates by destination after higher education","2017/2018","Tax Year","2013/2014","Three","Any Other Asian Background","LEO","No Sustained Destination","8.3","%","5220"
"Percentage of graduates by destination after higher education","2017/2018","Tax Year","2013/2014","Three","Any Other Black Background","LEO","No Sustained Destination","11.4","%","870"
"Percentage of graduates by destination after higher education","2017/2018","Tax Year","2013/2014","Three","Any Other Mixed/Multiple Ethnic Background","LEO","No Sustained Destination","9.1","%","3260"
"Percentage of graduates by destination after higher education","2017/2018","Tax Year","2013/2014","Three","Arab","LEO","No Sustained Destination","11.5","%","260"
"Percentage of graduates by destination after higher education","2017/2018","Tax Year","2013/2014","Three","Bangladeshi","LEO","No Sustained Destination","7.4","%","3080"
"Percentage of graduates by destination after higher education","2017/2018","Tax Year","2013/2014","Three","Black Caribbean","LEO","No Sustained Destination","9.2","%","4710"
"Percentage of graduates by destination after higher education","2017/2018","Tax Year","2013/2014","Three","Chinese","LEO","No Sustained Destination","6.3","%","2665"
"Percentage of graduates by destination after higher education","2017/2018","Tax Year","2013/2014","Three","Indian","LEO","No Sustained Destination","6.9","%","11885"
"Percentage of graduates by destination after higher education","2017/2018","Tax Year","2013/2014","Three","Unknown","LEO","No Sustained Destination","8.5","%","7855"
"Percentage of graduates by destination after higher education","2017/2018","Tax Year","2013/2014","Three","Other","LEO","No Sustained Destination","11","%","2975"
"Percentage of graduates by destination after higher education","2017/2018","Tax Year","2013/2014","Three","Pakistani","LEO","No Sustained Destination","9.1","%","8425"
"Percentage of graduates by destination after higher education","2017/2018","Tax Year","2013/2014","Three","White","LEO","No Sustained Destination","6.2","%","229300"
"Percentage of graduates by destination after higher education","2017/2018","Tax Year","2013/2014","Three","Mixed White And Asian","LEO","No Sustained Destination","7","%","3415"
"Percentage of graduates by destination after higher education","2017/2018","Tax Year","2013/2014","Three","Mixed White And Black African","LEO","No Sustained Destination","8.3","%","1180"
"Percentage of graduates by destination after higher education","2017/2018","Tax Year","2013/2014","Three","Mixed White And Black Caribbean","LEO","No Sustained Destination","8.5","%","2840"
"Percentage of graduates by destination after higher education","2017/2018","Tax Year","2011/2012","Five","Black African","LEO","No Sustained Destination","8.7","%","11340"
"Percentage of graduates by destination after higher education","2017/2018","Tax Year","2011/2012","Five","All","LEO","No Sustained Destination","6","%","274190"
"Percentage of graduates by destination after higher education","2017/2018","Tax Year","2011/2012","Five","Any Other Asian Background","LEO","No Sustained Destination","7.2","%","4085"
"Percentage of graduates by destination after higher education","2017/2018","Tax Year","2011/2012","Five","Any Other Black Background","LEO","No Sustained Destination","10.4","%","845"
"Percentage of graduates by destination after higher education","2017/2018","Tax Year","2011/2012","Five","Any Other Mixed/Multiple Ethnic Background","LEO","No Sustained Destination","8.8","%","2875"
"Percentage of graduates by destination after higher education","2017/2018","Tax Year","2011/2012","Five","Arab","LEO","No Sustained Destination","!","%","!"
"Percentage of graduates by destination after higher education","2017/2018","Tax Year","2011/2012","Five","Bangladeshi","LEO","No Sustained Destination","8.3","%","2930"
"Percentage of graduates by destination after higher education","2017/2018","Tax Year","2011/2012","Five","Black Caribbean","LEO","No Sustained Destination","8.8","%","4320"
"Percentage of graduates by destination after higher education","2017/2018","Tax Year","2011/2012","Five","Chinese","LEO","No Sustained Destination","5.1","%","2520"
"Percentage of graduates by destination after higher education","2017/2018","Tax Year","2011/2012","Five","Indian","LEO","No Sustained Destination","6.6","%","11605"
"Percentage of graduates by destination after higher education","2017/2018","Tax Year","2011/2012","Five","Unknown","LEO","No Sustained Destination","8","%","6790"
"Percentage of graduates by destination after higher education","2017/2018","Tax Year","2011/2012","Five","Other","LEO","No Sustained Destination","8.5","%","2845"
"Percentage of graduates by destination after higher education","2017/2018","Tax Year","2011/2012","Five","Pakistani","LEO","No Sustained Destination","9.1","%","7255"
"Percentage of graduates by destination after higher education","2017/2018","Tax Year","2011/2012","Five","White","LEO","No Sustained Destination","5.4","%","210710"
"Percentage of graduates by destination after higher education","2017/2018","Tax Year","2011/2012","Five","Mixed White And Asian","LEO","No Sustained Destination","6.6","%","2770"
"Percentage of graduates by destination after higher education","2017/2018","Tax Year","2011/2012","Five","Mixed White And Black African","LEO","No Sustained Destination","8.5","%","965"
"Percentage of graduates by destination after higher education","2017/2018","Tax Year","2011/2012","Five","Mixed White And Black Caribbean","LEO","No Sustained Destination","7.6","%","2330"
"Percentage of graduates by destination after higher education","2017/2018","Tax Year","2006/2007","Ten","Black African","LEO","No Sustained Destination","8.3","%","5945"
"Percentage of graduates by destination after higher education","2017/2018","Tax Year","2006/2007","Ten","All","LEO","No Sustained Destination","4.9","%","222725"
"Percentage of graduates by destination after higher education","2017/2018","Tax Year","2006/2007","Ten","Any Other Asian Background","LEO","No Sustained Destination","6.3","%","2735"
"Percentage of graduates by destination after higher education","2017/2018","Tax Year","2006/2007","Ten","Any Other Black Background","LEO","No Sustained Destination","8.2","%","690"
"Percentage of graduates by destination after higher education","2017/2018","Tax Year","2006/2007","Ten","Any Other Mixed/Multiple Ethnic Background","LEO","No Sustained Destination","6.3","%","1835"
"Percentage of graduates by destination after higher education","2017/2018","Tax Year","2006/2007","Ten","Bangladeshi","LEO","No Sustained Destination","7.3","%","2080"
"Percentage of graduates by destination after higher education","2017/2018","Tax Year","2006/2007","Ten","Black Caribbean","LEO","No Sustained Destination","7.1","%","3075"
"Percentage of graduates by destination after higher education","2017/2018","Tax Year","2006/2007","Ten","Chinese","LEO","No Sustained Destination","4.8","%","2385"
"Percentage of graduates by destination after higher education","2017/2018","Tax Year","2006/2007","Ten","Indian","LEO","No Sustained Destination","5.8","%","10755"
"Percentage of graduates by destination after higher education","2017/2018","Tax Year","2006/2007","Ten","Unknown","LEO","No Sustained Destination","6.6","%","8875"
"Percentage of graduates by destination after higher education","2017/2018","Tax Year","2006/2007","Ten","Other","LEO","No Sustained Destination","7.4","%","1930"
"Percentage of graduates by destination after higher education","2017/2018","Tax Year","2006/2007","Ten","Pakistani","LEO","No Sustained Destination","7.6","%","5700"
"Percentage of graduates by destination after higher education","2017/2018","Tax Year","2006/2007","Ten","White","LEO","No Sustained Destination","4.4","%","173300"
"Percentage of graduates by destination after higher education","2017/2018","Tax Year","2006/2007","Ten","Mixed White And Asian","LEO","No Sustained Destination","3.9","%","1805"
"Percentage of graduates by destination after higher education","2017/2018","Tax Year","2006/2007","Ten","Mixed White And Black African","LEO","No Sustained Destination","8.7","%","550"
"Percentage of graduates by destination after higher education","2017/2018","Tax Year","2006/2007","Ten","Mixed White And Black Caribbean","LEO","No Sustained Destination","6.1","%","1060"
"Percentage of graduates by destination after higher education","2017/2018","Tax Year","2015/2016","One","Black African","LEO","Sustained Employment Further Study Or Both","85.9","%","15300"
"Percentage of graduates by destination after higher education","2017/2018","Tax Year","2015/2016","One","All","LEO","Sustained Employment Further Study Or Both","87.7","%","286355"
"Percentage of graduates by destination after higher education","2017/2018","Tax Year","2015/2016","One","Any Other Asian Background","LEO","Sustained Employment Further Study Or Both","85.3","%","5390"
"Percentage of graduates by destination after higher education","2017/2018","Tax Year","2015/2016","One","Any Other Black Background","LEO","Sustained Employment Further Study Or Both","81.6","%","990"
"Percentage of graduates by destination after higher education","2017/2018","Tax Year","2015/2016","One","Any Other Mixed/Multiple Ethnic Background","LEO","Sustained Employment Further Study Or Both","81.7","%","3205"
"Percentage of graduates by destination after higher education","2017/2018","Tax Year","2015/2016","One","Arab","LEO","Sustained Employment Further Study Or Both","80.9","%","1045"
"Percentage of graduates by destination after higher education","2017/2018","Tax Year","2015/2016","One","Bangladeshi","LEO","Sustained Employment Further Study Or Both","87","%","3735"
"Percentage of graduates by destination after higher education","2017/2018","Tax Year","2015/2016","One","Black Caribbean","LEO","Sustained Employment Further Study Or Both","86.6","%","4585"
"Percentage of graduates by destination after higher education","2017/2018","Tax Year","2015/2016","One","Chinese","LEO","Sustained Employment Further Study Or Both","80.4","%","2405"
"Percentage of graduates by destination after higher education","2017/2018","Tax Year","2015/2016","One","Indian","LEO","Sustained Employment Further Study Or Both","87.4","%","11500"
"Percentage of graduates by destination after higher education","2017/2018","Tax Year","2015/2016","One","Unknown","LEO","Sustained Employment Further Study Or Both","82.4","%","6140"
"Percentage of graduates by destination after higher education","2017/2018","Tax Year","2015/2016","One","Other","LEO","Sustained Employment Further Study Or Both","81.6","%","2925"
"Percentage of graduates by destination after higher education","2017/2018","Tax Year","2015/2016","One","Pakistani","LEO","Sustained Employment Further Study Or Both","84.1","%","9285"
"Percentage of graduates by destination after higher education","2017/2018","Tax Year","2015/2016","One","White","LEO","Sustained Employment Further Study Or Both","88.6","%","212200"
"Percentage of graduates by destination after higher education","2017/2018","Tax Year","2015/2016","One","Mixed White And Asian","LEO","Sustained Employment Further Study Or Both","84.8","%","3450"
"Percentage of graduates by destination after higher education","2017/2018","Tax Year","2015/2016","One","Mixed White And Black African","LEO","Sustained Employment Further Study Or Both","83","%","1280"
"Percentage of graduates by destination after higher education","2017/2018","Tax Year","2015/2016","One","Mixed White And Black Caribbean","LEO","Sustained Employment Further Study Or Both","86.7","%","2920"
"Percentage of graduates by destination after higher education","2017/2018","Tax Year","2013/2014","Three","Black African","LEO","Sustained Employment Further Study Or Both","82.9","%","13340"
"Percentage of graduates by destination after higher education","2017/2018","Tax Year","2013/2014","Three","All","LEO","Sustained Employment Further Study Or Both","85.9","%","301280"
"Percentage of graduates by destination after higher education","2017/2018","Tax Year","2013/2014","Three","Any Other Asian Background","LEO","Sustained Employment Further Study Or Both","80.5","%","5220"
"Percentage of graduates by destination after higher education","2017/2018","Tax Year","2013/2014","Three","Any Other Black Background","LEO","Sustained Employment Further Study Or Both","77.2","%","870"
"Percentage of graduates by destination after higher education","2017/2018","Tax Year","2013/2014","Three","Any Other Mixed/Multiple Ethnic Background","LEO","Sustained Employment Further Study Or Both","80.9","%","3260"
"Percentage of graduates by destination after higher education","2017/2018","Tax Year","2013/2014","Three","Arab","LEO","Sustained Employment Further Study Or Both","77.1","%","260"
"Percentage of graduates by destination after higher education","2017/2018","Tax Year","2013/2014","Three","Bangladeshi","LEO","Sustained Employment Further Study Or Both","86.3","%","3080"
"Percentage of graduates by destination after higher education","2017/2018","Tax Year","2013/2014","Three","Black Caribbean","LEO","Sustained Employment Further Study Or Both","85.7","%","4710"
"Percentage of graduates by destination after higher education","2017/2018","Tax Year","2013/2014","Three","Chinese","LEO","Sustained Employment Further Study Or Both","76.4","%","2665"
"Percentage of graduates by destination after higher education","2017/2018","Tax Year","2013/2014","Three","Indian","LEO","Sustained Employment Further Study Or Both","86.5","%","11885"
"Percentage of graduates by destination after higher education","2017/2018","Tax Year","2013/2014","Three","Unknown","LEO","Sustained Employment Further Study Or Both","81.5","%","7855"
"Percentage of graduates by destination after higher education","2017/2018","Tax Year","2013/2014","Three","Other","LEO","Sustained Employment Further Study Or Both","77.7","%","2975"
"Percentage of graduates by destination after higher education","2017/2018","Tax Year","2013/2014","Three","Pakistani","LEO","Sustained Employment Further Study Or Both","81.8","%","8425"
"Percentage of graduates by destination after higher education","2017/2018","Tax Year","2013/2014","Three","White","LEO","Sustained Employment Further Study Or Both","86.9","%","229300"
"Percentage of graduates by destination after higher education","2017/2018","Tax Year","2013/2014","Three","Mixed White And Asian","LEO","Sustained Employment Further Study Or Both","83.9","%","3415"
"Percentage of graduates by destination after higher education","2017/2018","Tax Year","2013/2014","Three","Mixed White And Black African","LEO","Sustained Employment Further Study Or Both","81.9","%","1180"
"Percentage of graduates by destination after higher education","2017/2018","Tax Year","2013/2014","Three","Mixed White And Black Caribbean","LEO","Sustained Employment Further Study Or Both","85.7","%","2840"
"Percentage of graduates by destination after higher education","2017/2018","Tax Year","2011/2012","Five","Black African","LEO","Sustained Employment Further Study Or Both","81","%","11340"
"Percentage of graduates by destination after higher education","2017/2018","Tax Year","2011/2012","Five","All","LEO","Sustained Employment Further Study Or Both","84.9","%","274190"
"Percentage of graduates by destination after higher education","2017/2018","Tax Year","2011/2012","Five","Any Other Asian Background","LEO","Sustained Employment Further Study Or Both","80.2","%","4085"
"Percentage of graduates by destination after higher education","2017/2018","Tax Year","2011/2012","Five","Any Other Black Background","LEO","Sustained Employment Further Study Or Both","76.7","%","845"
"Percentage of graduates by destination after higher education","2017/2018","Tax Year","2011/2012","Five","Any Other Mixed/Multiple Ethnic Background","LEO","Sustained Employment Further Study Or Both","78.3","%","2875"
"Percentage of graduates by destination after higher education","2017/2018","Tax Year","2011/2012","Five","Arab","LEO","Sustained Employment Further Study Or Both","!","%","!"
"Percentage of graduates by destination after higher education","2017/2018","Tax Year","2011/2012","Five","Bangladeshi","LEO","Sustained Employment Further Study Or Both","83.2","%","2930"
"Percentage of graduates by destination after higher education","2017/2018","Tax Year","2011/2012","Five","Black Caribbean","LEO","Sustained Employment Further Study Or Both","84.7","%","4320"
"Percentage of graduates by destination after higher education","2017/2018","Tax Year","2011/2012","Five","Chinese","LEO","Sustained Employment Further Study Or Both","74.6","%","2520"
"Percentage of graduates by destination after higher education","2017/2018","Tax Year","2011/2012","Five","Indian","LEO","Sustained Employment Further Study Or Both","86.1","%","11605"
"Percentage of graduates by destination after higher education","2017/2018","Tax Year","2011/2012","Five","Unknown","LEO","Sustained Employment Further Study Or Both","79.2","%","6790"
"Percentage of graduates by destination after higher education","2017/2018","Tax Year","2011/2012","Five","Other","LEO","Sustained Employment Further Study Or Both","77.6","%","2845"
"Percentage of graduates by destination after higher education","2017/2018","Tax Year","2011/2012","Five","Pakistani","LEO","Sustained Employment Further Study Or Both","79.4","%","7255"
"Percentage of graduates by destination after higher education","2017/2018","Tax Year","2011/2012","Five","White","LEO","Sustained Employment Further Study Or Both","86","%","210710"
"Percentage of graduates by destination after higher education","2017/2018","Tax Year","2011/2012","Five","Mixed White And Asian","LEO","Sustained Employment Further Study Or Both","82","%","2770"
"Percentage of graduates by destination after higher education","2017/2018","Tax Year","2011/2012","Five","Mixed White And Black African","LEO","Sustained Employment Further Study Or Both","80.6","%","965"
"Percentage of graduates by destination after higher education","2017/2018","Tax Year","2011/2012","Five","Mixed White And Black Caribbean","LEO","Sustained Employment Further Study Or Both","84.8","%","2330"
"Percentage of graduates by destination after higher education","2017/2018","Tax Year","2006/2007","Ten","Black African","LEO","Sustained Employment Further Study Or Both","76.2","%","5945"
"Percentage of graduates by destination after higher education","2017/2018","Tax Year","2006/2007","Ten","All","LEO","Sustained Employment Further Study Or Both","82.3","%","222725"
"Percentage of graduates by destination after higher education","2017/2018","Tax Year","2006/2007","Ten","Any Other Asian Background","LEO","Sustained Employment Further Study Or Both","76.2","%","2735"
"Percentage of graduates by destination after higher education","2017/2018","Tax Year","2006/2007","Ten","Any Other Black Background","LEO","Sustained Employment Further Study Or Both","76.4","%","690"
"Percentage of graduates by destination after higher education","2017/2018","Tax Year","2006/2007","Ten","Any Other Mixed/Multiple Ethnic Background","LEO","Sustained Employment Further Study Or Both","75.7","%","1835"
"Percentage of graduates by destination after higher education","2017/2018","Tax Year","2006/2007","Ten","Bangladeshi","LEO","Sustained Employment Further Study Or Both","80.6","%","2080"
"Percentage of graduates by destination after higher education","2017/2018","Tax Year","2006/2007","Ten","Black Caribbean","LEO","Sustained Employment Further Study Or Both","82.4","%","3075"
"Percentage of graduates by destination after higher education","2017/2018","Tax Year","2006/2007","Ten","Chinese","LEO","Sustained Employment Further Study Or Both","66","%","2385"
"Percentage of graduates by destination after higher education","2017/2018","Tax Year","2006/2007","Ten","Indian","LEO","Sustained Employment Further Study Or Both","83.1","%","10755"
"Percentage of graduates by destination after higher education","2017/2018","Tax Year","2006/2007","Ten","Unknown","LEO","Sustained Employment Further Study Or Both","78.3","%","8875"
"Percentage of graduates by destination after higher education","2017/2018","Tax Year","2006/2007","Ten","Other","LEO","Sustained Employment Further Study Or Both","72.8","%","1930"
"Percentage of graduates by destination after higher education","2017/2018","Tax Year","2006/2007","Ten","Pakistani","LEO","Sustained Employment Further Study Or Both","76.2","%","5700"
"Percentage of graduates by destination after higher education","2017/2018","Tax Year","2006/2007","Ten","White","LEO","Sustained Employment Further Study Or Both","83.5","%","173300"
"Percentage of graduates by destination after higher education","2017/2018","Tax Year","2006/2007","Ten","Mixed White And Asian","LEO","Sustained Employment Further Study Or Both","79.6","%","1805"
"Percentage of graduates by destination after higher education","2017/2018","Tax Year","2006/2007","Ten","Mixed White And Black African","LEO","Sustained Employment Further Study Or Both","76.4","%","550"
"Percentage of graduates by destination after higher education","2017/2018","Tax Year","2006/2007","Ten","Mixed White And Black Caribbean","LEO","Sustained Employment Further Study Or Both","84","%","1060"
"Percentage of graduates by destination after higher education","2017/2018","Tax Year","2015/2016","One","Black African","LEO","Sustained Employment Only","56.8","%","15300"
"Percentage of graduates by destination after higher education","2017/2018","Tax Year","2015/2016","One","All","LEO","Sustained Employment Only","63.6","%","286355"
"Percentage of graduates by destination after higher education","2017/2018","Tax Year","2015/2016","One","Any Other Asian Background","LEO","Sustained Employment Only","59.6","%","5390"
"Percentage of graduates by destination after higher education","2017/2018","Tax Year","2015/2016","One","Any Other Black Background","LEO","Sustained Employment Only","56.1","%","990"
"Percentage of graduates by destination after higher education","2017/2018","Tax Year","2015/2016","One","Any Other Mixed/Multiple Ethnic Background","LEO","Sustained Employment Only","57.8","%","3205"
"Percentage of graduates by destination after higher education","2017/2018","Tax Year","2015/2016","One","Arab","LEO","Sustained Employment Only","45.2","%","1045"
"Percentage of graduates by destination after higher education","2017/2018","Tax Year","2015/2016","One","Bangladeshi","LEO","Sustained Employment Only","62.9","%","3735"
"Percentage of graduates by destination after higher education","2017/2018","Tax Year","2015/2016","One","Black Caribbean","LEO","Sustained Employment Only","65.3","%","4585"
"Percentage of graduates by destination after higher education","2017/2018","Tax Year","2015/2016","One","Chinese","LEO","Sustained Employment Only","54.6","%","2405"
"Percentage of graduates by destination after higher education","2017/2018","Tax Year","2015/2016","One","Indian","LEO","Sustained Employment Only","63.8","%","11500"
"Percentage of graduates by destination after higher education","2017/2018","Tax Year","2015/2016","One","Unknown","LEO","Sustained Employment Only","62.8","%","6140"
"Percentage of graduates by destination after higher education","2017/2018","Tax Year","2015/2016","One","Other","LEO","Sustained Employment Only","54.3","%","2925"
"Percentage of graduates by destination after higher education","2017/2018","Tax Year","2015/2016","One","Pakistani","LEO","Sustained Employment Only","57.1","%","9285"
"Percentage of graduates by destination after higher education","2017/2018","Tax Year","2015/2016","One","White","LEO","Sustained Employment Only","65.1","%","212200"
"Percentage of graduates by destination after higher education","2017/2018","Tax Year","2015/2016","One","Mixed White And Asian","LEO","Sustained Employment Only","58.2","%","3450"
"Percentage of graduates by destination after higher education","2017/2018","Tax Year","2015/2016","One","Mixed White And Black African","LEO","Sustained Employment Only","58.8","%","1280"
"Percentage of graduates by destination after higher education","2017/2018","Tax Year","2015/2016","One","Mixed White And Black Caribbean","LEO","Sustained Employment Only","66.3","%","2920"
"Percentage of graduates by destination after higher education","2017/2018","Tax Year","2013/2014","Three","Black African","LEO","Sustained Employment Only","62.5","%","13340"
"Percentage of graduates by destination after higher education","2017/2018","Tax Year","2013/2014","Three","All","LEO","Sustained Employment Only","71.3","%","301280"
"Percentage of graduates by destination after higher education","2017/2018","Tax Year","2013/2014","Three","Any Other Asian Background","LEO","Sustained Employment Only","64.6","%","5220"
"Percentage of graduates by destination after higher education","2017/2018","Tax Year","2013/2014","Three","Any Other Black Background","LEO","Sustained Employment Only","60","%","870"
"Percentage of graduates by destination after higher education","2017/2018","Tax Year","2013/2014","Three","Any Other Mixed/Multiple Ethnic Background","LEO","Sustained Employment Only","65.6","%","3260"
"Percentage of graduates by destination after higher education","2017/2018","Tax Year","2013/2014","Three","Arab","LEO","Sustained Employment Only","54.2","%","260"
"Percentage of graduates by destination after higher education","2017/2018","Tax Year","2013/2014","Three","Bangladeshi","LEO","Sustained Employment Only","74.6","%","3080"
"Percentage of graduates by destination after higher education","2017/2018","Tax Year","2013/2014","Three","Black Caribbean","LEO","Sustained Employment Only","69.4","%","4710"
"Percentage of graduates by destination after higher education","2017/2018","Tax Year","2013/2014","Three","Chinese","LEO","Sustained Employment Only","62.9","%","2665"
"Percentage of graduates by destination after higher education","2017/2018","Tax Year","2013/2014","Three","Indian","LEO","Sustained Employment Only","73","%","11885"
"Percentage of graduates by destination after higher education","2017/2018","Tax Year","2013/2014","Three","Unknown","LEO","Sustained Employment Only","67.8","%","7855"
"Percentage of graduates by destination after higher education","2017/2018","Tax Year","2013/2014","Three","Other","LEO","Sustained Employment Only","62.8","%","2975"
"Percentage of graduates by destination after higher education","2017/2018","Tax Year","2013/2014","Three","Pakistani","LEO","Sustained Employment Only","67.2","%","8425"
"Percentage of graduates by destination after higher education","2017/2018","Tax Year","2013/2014","Three","White","LEO","Sustained Employment Only","72.5","%","229300"
"Percentage of graduates by destination after higher education","2017/2018","Tax Year","2013/2014","Three","Mixed White And Asian","LEO","Sustained Employment Only","67.9","%","3415"
"Percentage of graduates by destination after higher education","2017/2018","Tax Year","2013/2014","Three","Mixed White And Black African","LEO","Sustained Employment Only","67","%","1180"
"Percentage of graduates by destination after higher education","2017/2018","Tax Year","2013/2014","Three","Mixed White And Black Caribbean","LEO","Sustained Employment Only","72.4","%","2840"
"Percentage of graduates by destination after higher education","2017/2018","Tax Year","2011/2012","Five","Black African","LEO","Sustained Employment Only","65.4","%","11340"
"Percentage of graduates by destination after higher education","2017/2018","Tax Year","2011/2012","Five","All","LEO","Sustained Employment Only","74.5","%","274190"
"Percentage of graduates by destination after higher education","2017/2018","Tax Year","2011/2012","Five","Any Other Asian Background","LEO","Sustained Employment Only","68.4","%","4085"
"Percentage of graduates by destination after higher education","2017/2018","Tax Year","2011/2012","Five","Any Other Black Background","LEO","Sustained Employment Only","64.4","%","845"
"Percentage of graduates by destination after higher education","2017/2018","Tax Year","2011/2012","Five","Any Other Mixed/Multiple Ethnic Background","LEO","Sustained Employment Only","67.3","%","2875"
"Percentage of graduates by destination after higher education","2017/2018","Tax Year","2011/2012","Five","Arab","LEO","Sustained Employment Only","!","%","!"
"Percentage of graduates by destination after higher education","2017/2018","Tax Year","2011/2012","Five","Bangladeshi","LEO","Sustained Employment Only","76.4","%","2930"
"Percentage of graduates by destination after higher education","2017/2018","Tax Year","2011/2012","Five","Black Caribbean","LEO","Sustained Employment Only","73.1","%","4320"
"Percentage of graduates by destination after higher education","2017/2018","Tax Year","2011/2012","Five","Chinese","LEO","Sustained Employment Only","65.1","%","2520"
"Percentage of graduates by destination after higher education","2017/2018","Tax Year","2011/2012","Five","Indian","LEO","Sustained Employment Only","77.4","%","11605"
"Percentage of graduates by destination after higher education","2017/2018","Tax Year","2011/2012","Five","Unknown","LEO","Sustained Employment Only","68.5","%","6790"
"Percentage of graduates by destination after higher education","2017/2018","Tax Year","2011/2012","Five","Other","LEO","Sustained Employment Only","65.8","%","2845"
"Percentage of graduates by destination after higher education","2017/2018","Tax Year","2011/2012","Five","Pakistani","LEO","Sustained Employment Only","70.5","%","7255"
"Percentage of graduates by destination after higher education","2017/2018","Tax Year","2011/2012","Five","White","LEO","Sustained Employment Only","75.7","%","210710"
"Percentage of graduates by destination after higher education","2017/2018","Tax Year","2011/2012","Five","Mixed White And Asian","LEO","Sustained Employment Only","70.6","%","2770"
"Percentage of graduates by destination after higher education","2017/2018","Tax Year","2011/2012","Five","Mixed White And Black African","LEO","Sustained Employment Only","69.1","%","965"
"Percentage of graduates by destination after higher education","2017/2018","Tax Year","2011/2012","Five","Mixed White And Black Caribbean","LEO","Sustained Employment Only","75.3","%","2330"
"Percentage of graduates by destination after higher education","2017/2018","Tax Year","2006/2007","Ten","Black African","LEO","Sustained Employment Only","66.5","%","5945"
"Percentage of graduates by destination after higher education","2017/2018","Tax Year","2006/2007","Ten","All","LEO","Sustained Employment Only","76.7","%","222725"
"Percentage of graduates by destination after higher education","2017/2018","Tax Year","2006/2007","Ten","Any Other Asian Background","LEO","Sustained Employment Only","69.5","%","2735"
"Percentage of graduates by destination after higher education","2017/2018","Tax Year","2006/2007","Ten","Any Other Black Background","LEO","Sustained Employment Only","68.1","%","690"
"Percentage of graduates by destination after higher education","2017/2018","Tax Year","2006/2007","Ten","Any Other Mixed/Multiple Ethnic Background","LEO","Sustained Employment Only","69.8","%","1835"
"Percentage of graduates by destination after higher education","2017/2018","Tax Year","2006/2007","Ten","Bangladeshi","LEO","Sustained Employment Only","76.1","%","2080"
"Percentage of graduates by destination after higher education","2017/2018","Tax Year","2006/2007","Ten","Black Caribbean","LEO","Sustained Employment Only","75","%","3075"
"Percentage of graduates by destination after higher education","2017/2018","Tax Year","2006/2007","Ten","Chinese","LEO","Sustained Employment Only","61.8","%","2385"
"Percentage of graduates by destination after higher education","2017/2018","Tax Year","2006/2007","Ten","Indian","LEO","Sustained Employment Only","78.6","%","10755"
"Percentage of graduates by destination after higher education","2017/2018","Tax Year","2006/2007","Ten","Unknown","LEO","Sustained Employment Only","71.8","%","8875"
"Percentage of graduates by destination after higher education","2017/2018","Tax Year","2006/2007","Ten","Other","LEO","Sustained Employment Only","66","%","1930"
"Percentage of graduates by destination after higher education","2017/2018","Tax Year","2006/2007","Ten","Pakistani","LEO","Sustained Employment Only","71.7","%","5700"
"Percentage of graduates by destination after higher education","2017/2018","Tax Year","2006/2007","Ten","White","LEO","Sustained Employment Only","78","%","173300"
"Percentage of graduates by destination after higher education","2017/2018","Tax Year","2006/2007","Ten","Mixed White And Asian","LEO","Sustained Employment Only","72.6","%","1805"
"Percentage of graduates by destination after higher education","2017/2018","Tax Year","2006/2007","Ten","Mixed White And Black African","LEO","Sustained Employment Only","69","%","550"
"Percentage of graduates by destination after higher education","2017/2018","Tax Year","2006/2007","Ten","Mixed White And Black Caribbean","LEO","Sustained Employment Only","76.4","%","1060"
"Percentage of graduates by destination after higher education","2017/2018","Tax Year","2015/2016","One","Black African","LEO","Sustained Employment With Or Without Further Study","77.6","%","15300"
"Percentage of graduates by destination after higher education","2017/2018","Tax Year","2015/2016","One","All","LEO","Sustained Employment With Or Without Further Study","80.5","%","286355"
"Percentage of graduates by destination after higher education","2017/2018","Tax Year","2015/2016","One","Any Other Asian Background","LEO","Sustained Employment With Or Without Further Study","74.7","%","5390"
"Percentage of graduates by destination after higher education","2017/2018","Tax Year","2015/2016","One","Any Other Black Background","LEO","Sustained Employment With Or Without Further Study","73.6","%","990"
"Percentage of graduates by destination after higher education","2017/2018","Tax Year","2015/2016","One","Any Other Mixed/Multiple Ethnic Background","LEO","Sustained Employment With Or Without Further Study","72.8","%","3205"
"Percentage of graduates by destination after higher education","2017/2018","Tax Year","2015/2016","One","Arab","LEO","Sustained Employment With Or Without Further Study","64.5","%","1045"
"Percentage of graduates by destination after higher education","2017/2018","Tax Year","2015/2016","One","Bangladeshi","LEO","Sustained Employment With Or Without Further Study","78.4","%","3735"
"Percentage of graduates by destination after higher education","2017/2018","Tax Year","2015/2016","One","Black Caribbean","LEO","Sustained Employment With Or Without Further Study","81.2","%","4585"
"Percentage of graduates by destination after higher education","2017/2018","Tax Year","2015/2016","One","Chinese","LEO","Sustained Employment With Or Without Further Study","66.4","%","2405"
"Percentage of graduates by destination after higher education","2017/2018","Tax Year","2015/2016","One","Indian","LEO","Sustained Employment With Or Without Further Study","78.2","%","11500"
"Percentage of graduates by destination after higher education","2017/2018","Tax Year","2015/2016","One","Unknown","LEO","Sustained Employment With Or Without Further Study","76.1","%","6140"
"Percentage of graduates by destination after higher education","2017/2018","Tax Year","2015/2016","One","Other","LEO","Sustained Employment With Or Without Further Study","70.4","%","2925"
"Percentage of graduates by destination after higher education","2017/2018","Tax Year","2015/2016","One","Pakistani","LEO","Sustained Employment With Or Without Further Study","73.9","%","9285"
"Percentage of graduates by destination after higher education","2017/2018","Tax Year","2015/2016","One","White","LEO","Sustained Employment With Or Without Further Study","82","%","212200"
"Percentage of graduates by destination after higher education","2017/2018","Tax Year","2015/2016","One","Mixed White And Asian","LEO","Sustained Employment With Or Without Further Study","74.8","%","3450"
"Percentage of graduates by destination after higher education","2017/2018","Tax Year","2015/2016","One","Mixed White And Black African","LEO","Sustained Employment With Or Without Further Study","75.4","%","1280"
"Percentage of graduates by destination after higher education","2017/2018","Tax Year","2015/2016","One","Mixed White And Black Caribbean","LEO","Sustained Employment With Or Without Further Study","81","%","2920"
"Percentage of graduates by destination after higher education","2017/2018","Tax Year","2013/2014","Three","Black African","LEO","Sustained Employment With Or Without Further Study","78.1","%","13340"
"Percentage of graduates by destination after higher education","2017/2018","Tax Year","2013/2014","Three","All","LEO","Sustained Employment With Or Without Further Study","82.5","%","301280"
"Percentage of graduates by destination after higher education","2017/2018","Tax Year","2013/2014","Three","Any Other Asian Background","LEO","Sustained Employment With Or Without Further Study","76","%","5220"
"Percentage of graduates by destination after higher education","2017/2018","Tax Year","2013/2014","Three","Any Other Black Background","LEO","Sustained Employment With Or Without Further Study","74","%","870"
"Percentage of graduates by destination after higher education","2017/2018","Tax Year","2013/2014","Three","Any Other Mixed/Multiple Ethnic Background","LEO","Sustained Employment With Or Without Further Study","76.8","%","3260"
"Percentage of graduates by destination after higher education","2017/2018","Tax Year","2013/2014","Three","Arab","LEO","Sustained Employment With Or Without Further Study","67.9","%","260"
"Percentage of graduates by destination after higher education","2017/2018","Tax Year","2013/2014","Three","Bangladeshi","LEO","Sustained Employment With Or Without Further Study","83.5","%","3080"
"Percentage of graduates by destination after higher education","2017/2018","Tax Year","2013/2014","Three","Black Caribbean","LEO","Sustained Employment With Or Without Further Study","82.1","%","4710"
"Percentage of graduates by destination after higher education","2017/2018","Tax Year","2013/2014","Three","Chinese","LEO","Sustained Employment With Or Without Further Study","71.1","%","2665"
"Percentage of graduates by destination after higher education","2017/2018","Tax Year","2013/2014","Three","Indian","LEO","Sustained Employment With Or Without Further Study","83.3","%","11885"
"Percentage of graduates by destination after higher education","2017/2018","Tax Year","2013/2014","Three","Unknown","LEO","Sustained Employment With Or Without Further Study","77.9","%","7855"
"Percentage of graduates by destination after higher education","2017/2018","Tax Year","2013/2014","Three","Other","LEO","Sustained Employment With Or Without Further Study","73.3","%","2975"
"Percentage of graduates by destination after higher education","2017/2018","Tax Year","2013/2014","Three","Pakistani","LEO","Sustained Employment With Or Without Further Study","77.7","%","8425"
"Percentage of graduates by destination after higher education","2017/2018","Tax Year","2013/2014","Three","White","LEO","Sustained Employment With Or Without Further Study","83.7","%","229300"
"Percentage of graduates by destination after higher education","2017/2018","Tax Year","2013/2014","Three","Mixed White And Asian","LEO","Sustained Employment With Or Without Further Study","78.8","%","3415"
"Percentage of graduates by destination after higher education","2017/2018","Tax Year","2013/2014","Three","Mixed White And Black African","LEO","Sustained Employment With Or Without Further Study","77.3","%","1180"
"Percentage of graduates by destination after higher education","2017/2018","Tax Year","2013/2014","Three","Mixed White And Black Caribbean","LEO","Sustained Employment With Or Without Further Study","83.2","%","2840"
"Percentage of graduates by destination after higher education","2017/2018","Tax Year","2011/2012","Five","Black African","LEO","Sustained Employment With Or Without Further Study","77.7","%","11340"
"Percentage of graduates by destination after higher education","2017/2018","Tax Year","2011/2012","Five","All","LEO","Sustained Employment With Or Without Further Study","82.9","%","274190"
"Percentage of graduates by destination after higher education","2017/2018","Tax Year","2011/2012","Five","Any Other Asian Background","LEO","Sustained Employment With Or Without Further Study","77.5","%","4085"
"Percentage of graduates by destination after higher education","2017/2018","Tax Year","2011/2012","Five","Any Other Black Background","LEO","Sustained Employment With Or Without Further Study","73.7","%","845"
"Percentage of graduates by destination after higher education","2017/2018","Tax Year","2011/2012","Five","Any Other Mixed/Multiple Ethnic Background","LEO","Sustained Employment With Or Without Further Study","75.7","%","2875"
"Percentage of graduates by destination after higher education","2017/2018","Tax Year","2011/2012","Five","Arab","LEO","Sustained Employment With Or Without Further Study","!","%","!"
"Percentage of graduates by destination after higher education","2017/2018","Tax Year","2011/2012","Five","Bangladeshi","LEO","Sustained Employment With Or Without Further Study","81.5","%","2930"
"Percentage of graduates by destination after higher education","2017/2018","Tax Year","2011/2012","Five","Black Caribbean","LEO","Sustained Employment With Or Without Further Study","82.8","%","4320"
"Percentage of graduates by destination after higher education","2017/2018","Tax Year","2011/2012","Five","Chinese","LEO","Sustained Employment With Or Without Further Study","72","%","2520"
"Percentage of graduates by destination after higher education","2017/2018","Tax Year","2011/2012","Five","Indian","LEO","Sustained Employment With Or Without Further Study","84.5","%","11605"
"Percentage of graduates by destination after higher education","2017/2018","Tax Year","2011/2012","Five","Unknown","LEO","Sustained Employment With Or Without Further Study","76.8","%","6790"
"Percentage of graduates by destination after higher education","2017/2018","Tax Year","2011/2012","Five","Other","LEO","Sustained Employment With Or Without Further Study","74.2","%","2845"
"Percentage of graduates by destination after higher education","2017/2018","Tax Year","2011/2012","Five","Pakistani","LEO","Sustained Employment With Or Without Further Study","77","%","7255"
"Percentage of graduates by destination after higher education","2017/2018","Tax Year","2011/2012","Five","White","LEO","Sustained Employment With Or Without Further Study","84.1","%","210710"
"Percentage of graduates by destination after higher education","2017/2018","Tax Year","2011/2012","Five","Mixed White And Asian","LEO","Sustained Employment With Or Without Further Study","79.2","%","2770"
"Percentage of graduates by destination after higher education","2017/2018","Tax Year","2011/2012","Five","Mixed White And Black African","LEO","Sustained Employment With Or Without Further Study","78.4","%","965"
"Percentage of graduates by destination after higher education","2017/2018","Tax Year","2011/2012","Five","Mixed White And Black Caribbean","LEO","Sustained Employment With Or Without Further Study","83.3","%","2330"
"Percentage of graduates by destination after higher education","2017/2018","Tax Year","2006/2007","Ten","Black African","LEO","Sustained Employment With Or Without Further Study","74.4","%","5945"
"Percentage of graduates by destination after higher education","2017/2018","Tax Year","2006/2007","Ten","All","LEO","Sustained Employment With Or Without Further Study","81.5","%","222725"
"Percentage of graduates by destination after higher education","2017/2018","Tax Year","2006/2007","Ten","Any Other Asian Background","LEO","Sustained Employment With Or Without Further Study","75","%","2735"
"Percentage of graduates by destination after higher education","2017/2018","Tax Year","2006/2007","Ten","Any Other Black Background","LEO","Sustained Employment With Or Without Further Study","74.7","%","690"
"Percentage of graduates by destination after higher education","2017/2018","Tax Year","2006/2007","Ten","Any Other Mixed/Multiple Ethnic Background","LEO","Sustained Employment With Or Without Further Study","74.6","%","1835"
"Percentage of graduates by destination after higher education","2017/2018","Tax Year","2006/2007","Ten","Bangladeshi","LEO","Sustained Employment With Or Without Further Study","79.6","%","2080"
"Percentage of graduates by destination after higher education","2017/2018","Tax Year","2006/2007","Ten","Black Caribbean","LEO","Sustained Employment With Or Without Further Study","81.5","%","3075"
"Percentage of graduates by destination after higher education","2017/2018","Tax Year","2006/2007","Ten","Chinese","LEO","Sustained Employment With Or Without Further Study","65.4","%","2385"
"Percentage of graduates by destination after higher education","2017/2018","Tax Year","2006/2007","Ten","Indian","LEO","Sustained Employment With Or Without Further Study","82.5","%","10755"
"Percentage of graduates by destination after higher education","2017/2018","Tax Year","2006/2007","Ten","Unknown","LEO","Sustained Employment With Or Without Further Study","77.4","%","8875"
"Percentage of graduates by destination after higher education","2017/2018","Tax Year","2006/2007","Ten","Other","LEO","Sustained Employment With Or Without Further Study","71.7","%","1930"
"Percentage of graduates by destination after higher education","2017/2018","Tax Year","2006/2007","Ten","Pakistani","LEO","Sustained Employment With Or Without Further Study","75.4","%","5700"
"Percentage of graduates by destination after higher education","2017/2018","Tax Year","2006/2007","Ten","White","LEO","Sustained Employment With Or Without Further Study","82.6","%","173300"
"Percentage of graduates by destination after higher education","2017/2018","Tax Year","2006/2007","Ten","Mixed White And Asian","LEO","Sustained Employment With Or Without Further Study","78.4","%","1805"
"Percentage of graduates by destination after higher education","2017/2018","Tax Year","2006/2007","Ten","Mixed White And Black African","LEO","Sustained Employment With Or Without Further Study","75.2","%","550"
"Percentage of graduates by destination after higher education","2017/2018","Tax Year","2006/2007","Ten","Mixed White And Black Caribbean","LEO","Sustained Employment With Or Without Further Study","82.9","%","1060"
"Percentage of graduates by destination after higher education","2016/2017","Tax Year","2014/2015","1","All","LEO","Activity Not Captured","5","%","NA"
"Percentage of graduates by destination after higher education","2016/2017","Tax Year","2014/2015","1","Bangladeshi","LEO","Activity Not Captured","4.3","%","NA"
"Percentage of graduates by destination after higher education","2016/2017","Tax Year","2014/2015","1","Indian","LEO","Activity Not Captured","4.6","%","NA"
"Percentage of graduates by destination after higher education","2016/2017","Tax Year","2014/2015","1","Pakistani","LEO","Activity Not Captured","6.5","%","NA"
"Percentage of graduates by destination after higher education","2016/2017","Tax Year","2014/2015","1","Black African","LEO","Activity Not Captured","4.9","%","NA"
"Percentage of graduates by destination after higher education","2016/2017","Tax Year","2014/2015","1","Black Caribbean","LEO","Activity Not Captured","3.5","%","NA"
"Percentage of graduates by destination after higher education","2016/2017","Tax Year","2014/2015","1","Chinese","LEO","Activity Not Captured","11.3","%","NA"
"Percentage of graduates by destination after higher education","2016/2017","Tax Year","2014/2015","1","Other (Including Mixed)","LEO","Activity Not Captured","6.4","%","NA"
"Percentage of graduates by destination after higher education","2016/2017","Tax Year","2014/2015","1","Any Other Asian Background","LEO","Activity Not Captured","6.5","%","NA"
"Percentage of graduates by destination after higher education","2016/2017","Tax Year","2014/2015","1","Any Other Black Background","LEO","Activity Not Captured","5.1","%","NA"
"Percentage of graduates by destination after higher education","2016/2017","Tax Year","2014/2015","1","Unknown","LEO","Activity Not Captured","7.8","%","NA"
"Percentage of graduates by destination after higher education","2016/2017","Tax Year","2014/2015","1","White","LEO","Activity Not Captured","4.7","%","NA"
"Percentage of graduates by destination after higher education","2016/2017","Tax Year","2012/2013","3","All","LEO","Activity Not Captured","7.2","%","NA"
"Percentage of graduates by destination after higher education","2016/2017","Tax Year","2012/2013","3","Bangladeshi","LEO","Activity Not Captured","5.8","%","NA"
"Percentage of graduates by destination after higher education","2016/2017","Tax Year","2012/2013","3","Indian","LEO","Activity Not Captured","6.3","%","NA"
"Percentage of graduates by destination after higher education","2016/2017","Tax Year","2012/2013","3","Pakistani","LEO","Activity Not Captured","8.8","%","NA"
"Percentage of graduates by destination after higher education","2016/2017","Tax Year","2012/2013","3","Black African","LEO","Activity Not Captured","8.3","%","NA"
"Percentage of graduates by destination after higher education","2016/2017","Tax Year","2012/2013","3","Black Caribbean","LEO","Activity Not Captured","4.7","%","NA"
"Percentage of graduates by destination after higher education","2016/2017","Tax Year","2012/2013","3","Chinese","LEO","Activity Not Captured","19.1","%","NA"
"Percentage of graduates by destination after higher education","2016/2017","Tax Year","2012/2013","3","Other (Including Mixed)","LEO","Activity Not Captured","9.9","%","NA"
"Percentage of graduates by destination after higher education","2016/2017","Tax Year","2012/2013","3","Any Other Asian Background","LEO","Activity Not Captured","10.1","%","NA"
"Percentage of graduates by destination after higher education","2016/2017","Tax Year","2012/2013","3","Any Other Black Background","LEO","Activity Not Captured","8.7","%","NA"
"Percentage of graduates by destination after higher education","2016/2017","Tax Year","2012/2013","3","Unknown","LEO","Activity Not Captured","10.3","%","NA"
"Percentage of graduates by destination after higher education","2016/2017","Tax Year","2012/2013","3","White","LEO","Activity Not Captured","6.7","%","NA"
"Percentage of graduates by destination after higher education","2016/2017","Tax Year","2010/2011","5","All","LEO","Activity Not Captured","8.9","%","NA"
"Percentage of graduates by destination after higher education","2016/2017","Tax Year","2010/2011","5","Bangladeshi","LEO","Activity Not Captured","8.6","%","NA"
"Percentage of graduates by destination after higher education","2016/2017","Tax Year","2010/2011","5","Indian","LEO","Activity Not Captured","7.3","%","NA"
"Percentage of graduates by destination after higher education","2016/2017","Tax Year","2010/2011","5","Pakistani","LEO","Activity Not Captured","10.3","%","NA"
"Percentage of graduates by destination after higher education","2016/2017","Tax Year","2010/2011","5","Black African","LEO","Activity Not Captured","11.1","%","NA"
"Percentage of graduates by destination after higher education","2016/2017","Tax Year","2010/2011","5","Black Caribbean","LEO","Activity Not Captured","5.6","%","NA"
"Percentage of graduates by destination after higher education","2016/2017","Tax Year","2010/2011","5","Chinese","LEO","Activity Not Captured","21.8","%","NA"
"Percentage of graduates by destination after higher education","2016/2017","Tax Year","2010/2011","5","Other (Including Mixed)","LEO","Activity Not Captured","11.6","%","NA"
"Percentage of graduates by destination after higher education","2016/2017","Tax Year","2010/2011","5","Any Other Asian Background","LEO","Activity Not Captured","14","%","NA"
"Percentage of graduates by destination after higher education","2016/2017","Tax Year","2010/2011","5","Any Other Black Background","LEO","Activity Not Captured","12.4","%","NA"
"Percentage of graduates by destination after higher education","2016/2017","Tax Year","2010/2011","5","Unknown","LEO","Activity Not Captured","12.2","%","NA"
"Percentage of graduates by destination after higher education","2016/2017","Tax Year","2010/2011","5","White","LEO","Activity Not Captured","8.4","%","NA"
"Percentage of graduates by destination after higher education","2016/2017","Tax Year","2005/2006","10","All","LEO","Activity Not Captured","12.7","%","NA"
"Percentage of graduates by destination after higher education","2016/2017","Tax Year","2005/2006","10","Bangladeshi","LEO","Activity Not Captured","13.3","%","NA"
"Percentage of graduates by destination after higher education","2016/2017","Tax Year","2005/2006","10","Indian","LEO","Activity Not Captured","11.4","%","NA"
"Percentage of graduates by destination after higher education","2016/2017","Tax Year","2005/2006","10","Pakistani","LEO","Activity Not Captured","15.2","%","NA"
"Percentage of graduates by destination after higher education","2016/2017","Tax Year","2005/2006","10","Black African","LEO","Activity Not Captured","16.8","%","NA"
"Percentage of graduates by destination after higher education","2016/2017","Tax Year","2005/2006","10","Black Caribbean","LEO","Activity Not Captured","9.2","%","NA"
"Percentage of graduates by destination after higher education","2016/2017","Tax Year","2005/2006","10","Chinese","LEO","Activity Not Captured","26.6","%","NA"
"Percentage of graduates by destination after higher education","2016/2017","Tax Year","2005/2006","10","Other (Including Mixed)","LEO","Activity Not Captured","16.6","%","NA"
"Percentage of graduates by destination after higher education","2016/2017","Tax Year","2005/2006","10","Any Other Asian Background","LEO","Activity Not Captured","17.2","%","NA"
"Percentage of graduates by destination after higher education","2016/2017","Tax Year","2005/2006","10","Any Other Black Background","LEO","Activity Not Captured","13.5","%","NA"
"Percentage of graduates by destination after higher education","2016/2017","Tax Year","2005/2006","10","Unknown","LEO","Activity Not Captured","14.4","%","NA"
"Percentage of graduates by destination after higher education","2016/2017","Tax Year","2005/2006","10","White","LEO","Activity Not Captured","12.1","%","NA"
"Percentage of graduates by destination after higher education","2016/2017","Tax Year","2014/2015","1","All","LEO","Further Study, With Or Without Sustained Employment","21.3","%","NA"
"Percentage of graduates by destination after higher education","2016/2017","Tax Year","2014/2015","1","Bangladeshi","LEO","Further Study, With Or Without Sustained Employment","20.7","%","NA"
"Percentage of graduates by destination after higher education","2016/2017","Tax Year","2014/2015","1","Indian","LEO","Further Study, With Or Without Sustained Employment","22.2","%","NA"
"Percentage of graduates by destination after higher education","2016/2017","Tax Year","2014/2015","1","Pakistani","LEO","Further Study, With Or Without Sustained Employment","24.3","%","NA"
"Percentage of graduates by destination after higher education","2016/2017","Tax Year","2014/2015","1","Black African","LEO","Further Study, With Or Without Sustained Employment","24.8","%","NA"
"Percentage of graduates by destination after higher education","2016/2017","Tax Year","2014/2015","1","Black Caribbean","LEO","Further Study, With Or Without Sustained Employment","18","%","NA"
"Percentage of graduates by destination after higher education","2016/2017","Tax Year","2014/2015","1","Chinese","LEO","Further Study, With Or Without Sustained Employment","23.8","%","NA"
"Percentage of graduates by destination after higher education","2016/2017","Tax Year","2014/2015","1","Other (Including Mixed)","LEO","Further Study, With Or Without Sustained Employment","22","%","NA"
"Percentage of graduates by destination after higher education","2016/2017","Tax Year","2014/2015","1","Any Other Asian Background","LEO","Further Study, With Or Without Sustained Employment","24.8","%","NA"
"Percentage of graduates by destination after higher education","2016/2017","Tax Year","2014/2015","1","Any Other Black Background","LEO","Further Study, With Or Without Sustained Employment","22.7","%","NA"
"Percentage of graduates by destination after higher education","2016/2017","Tax Year","2014/2015","1","Unknown","LEO","Further Study, With Or Without Sustained Employment","18.1","%","NA"
"Percentage of graduates by destination after higher education","2016/2017","Tax Year","2014/2015","1","White","LEO","Further Study, With Or Without Sustained Employment","20.9","%","NA"
"Percentage of graduates by destination after higher education","2016/2017","Tax Year","2012/2013","3","All","LEO","Further Study, With Or Without Sustained Employment","13.9","%","NA"
"Percentage of graduates by destination after higher education","2016/2017","Tax Year","2012/2013","3","Bangladeshi","LEO","Further Study, With Or Without Sustained Employment","10.8","%","NA"
"Percentage of graduates by destination after higher education","2016/2017","Tax Year","2012/2013","3","Indian","LEO","Further Study, With Or Without Sustained Employment","13","%","NA"
"Percentage of graduates by destination after higher education","2016/2017","Tax Year","2012/2013","3","Pakistani","LEO","Further Study, With Or Without Sustained Employment","12.2","%","NA"
"Percentage of graduates by destination after higher education","2016/2017","Tax Year","2012/2013","3","Black African","LEO","Further Study, With Or Without Sustained Employment","18.2","%","NA"
"Percentage of graduates by destination after higher education","2016/2017","Tax Year","2012/2013","3","Black Caribbean","LEO","Further Study, With Or Without Sustained Employment","12.7","%","NA"
"Percentage of graduates by destination after higher education","2016/2017","Tax Year","2012/2013","3","Chinese","LEO","Further Study, With Or Without Sustained Employment","12","%","NA"
"Percentage of graduates by destination after higher education","2016/2017","Tax Year","2012/2013","3","Other (Including Mixed)","LEO","Further Study, With Or Without Sustained Employment","14.1","%","NA"
"Percentage of graduates by destination after higher education","2016/2017","Tax Year","2012/2013","3","Any Other Asian Background","LEO","Further Study, With Or Without Sustained Employment","14.6","%","NA"
"Percentage of graduates by destination after higher education","2016/2017","Tax Year","2012/2013","3","Any Other Black Background","LEO","Further Study, With Or Without Sustained Employment","14.1","%","NA"
"Percentage of graduates by destination after higher education","2016/2017","Tax Year","2012/2013","3","Unknown","LEO","Further Study, With Or Without Sustained Employment","14.2","%","NA"
"Percentage of graduates by destination after higher education","2016/2017","Tax Year","2012/2013","3","White","LEO","Further Study, With Or Without Sustained Employment","13.8","%","NA"
"Percentage of graduates by destination after higher education","2016/2017","Tax Year","2010/2011","5","All","LEO","Further Study, With Or Without Sustained Employment","10.4","%","NA"
"Percentage of graduates by destination after higher education","2016/2017","Tax Year","2010/2011","5","Bangladeshi","LEO","Further Study, With Or Without Sustained Employment","6.9","%","NA"
"Percentage of graduates by destination after higher education","2016/2017","Tax Year","2010/2011","5","Indian","LEO","Further Study, With Or Without Sustained Employment","8.8","%","NA"
"Percentage of graduates by destination after higher education","2016/2017","Tax Year","2010/2011","5","Pakistani","LEO","Further Study, With Or Without Sustained Employment","8.7","%","NA"
"Percentage of graduates by destination after higher education","2016/2017","Tax Year","2010/2011","5","Black African","LEO","Further Study, With Or Without Sustained Employment","14.5","%","NA"
"Percentage of graduates by destination after higher education","2016/2017","Tax Year","2010/2011","5","Black Caribbean","LEO","Further Study, With Or Without Sustained Employment","11.4","%","NA"
"Percentage of graduates by destination after higher education","2016/2017","Tax Year","2010/2011","5","Chinese","LEO","Further Study, With Or Without Sustained Employment","8.1","%","NA"
"Percentage of graduates by destination after higher education","2016/2017","Tax Year","2010/2011","5","Other (Including Mixed)","LEO","Further Study, With Or Without Sustained Employment","10.3","%","NA"
"Percentage of graduates by destination after higher education","2016/2017","Tax Year","2010/2011","5","Any Other Asian Background","LEO","Further Study, With Or Without Sustained Employment","11","%","NA"
"Percentage of graduates by destination after higher education","2016/2017","Tax Year","2010/2011","5","Any Other Black Background","LEO","Further Study, With Or Without Sustained Employment","12.7","%","NA"
"Percentage of graduates by destination after higher education","2016/2017","Tax Year","2010/2011","5","Unknown","LEO","Further Study, With Or Without Sustained Employment","10.7","%","NA"
"Percentage of graduates by destination after higher education","2016/2017","Tax Year","2010/2011","5","White","LEO","Further Study, With Or Without Sustained Employment","10.4","%","NA"
"Percentage of graduates by destination after higher education","2016/2017","Tax Year","2005/2006","10","All","LEO","Further Study, With Or Without Sustained Employment","5.7","%","NA"
"Percentage of graduates by destination after higher education","2016/2017","Tax Year","2005/2006","10","Bangladeshi","LEO","Further Study, With Or Without Sustained Employment","3.1","%","NA"
"Percentage of graduates by destination after higher education","2016/2017","Tax Year","2005/2006","10","Indian","LEO","Further Study, With Or Without Sustained Employment","4.5","%","NA"
"Percentage of graduates by destination after higher education","2016/2017","Tax Year","2005/2006","10","Pakistani","LEO","Further Study, With Or Without Sustained Employment","4.5","%","NA"
"Percentage of graduates by destination after higher education","2016/2017","Tax Year","2005/2006","10","Black African","LEO","Further Study, With Or Without Sustained Employment","9.2","%","NA"
"Percentage of graduates by destination after higher education","2016/2017","Tax Year","2005/2006","10","Black Caribbean","LEO","Further Study, With Or Without Sustained Employment","7.3","%","NA"
"Percentage of graduates by destination after higher education","2016/2017","Tax Year","2005/2006","10","Chinese","LEO","Further Study, With Or Without Sustained Employment","4.8","%","NA"
"Percentage of graduates by destination after higher education","2016/2017","Tax Year","2005/2006","10","Other (Including Mixed)","LEO","Further Study, With Or Without Sustained Employment","6.3","%","NA"
"Percentage of graduates by destination after higher education","2016/2017","Tax Year","2005/2006","10","Any Other Asian Background","LEO","Further Study, With Or Without Sustained Employment","6.7","%","NA"
"Percentage of graduates by destination after higher education","2016/2017","Tax Year","2005/2006","10","Any Other Black Background","LEO","Further Study, With Or Without Sustained Employment","6.4","%","NA"
"Percentage of graduates by destination after higher education","2016/2017","Tax Year","2005/2006","10","Unknown","LEO","Further Study, With Or Without Sustained Employment","5.8","%","NA"
"Percentage of graduates by destination after higher education","2016/2017","Tax Year","2005/2006","10","White","LEO","Further Study, With Or Without Sustained Employment","5.6","%","NA"
"Percentage of graduates by destination after higher education","2016/2017","Tax Year","2014/2015","1","All","LEO","No Sustained Destination","7.8","%","NA"
"Percentage of graduates by destination after higher education","2016/2017","Tax Year","2014/2015","1","Bangladeshi","LEO","No Sustained Destination","9.3","%","NA"
"Percentage of graduates by destination after higher education","2016/2017","Tax Year","2014/2015","1","Indian","LEO","No Sustained Destination","8.1","%","NA"
"Percentage of graduates by destination after higher education","2016/2017","Tax Year","2014/2015","1","Pakistani","LEO","No Sustained Destination","10.4","%","NA"
"Percentage of graduates by destination after higher education","2016/2017","Tax Year","2014/2015","1","Black African","LEO","No Sustained Destination","9.8","%","NA"
"Percentage of graduates by destination after higher education","2016/2017","Tax Year","2014/2015","1","Black Caribbean","LEO","No Sustained Destination","9.3","%","NA"
"Percentage of graduates by destination after higher education","2016/2017","Tax Year","2014/2015","1","Chinese","LEO","No Sustained Destination","8.2","%","NA"
"Percentage of graduates by destination after higher education","2016/2017","Tax Year","2014/2015","1","Other (Including Mixed)","LEO","No Sustained Destination","9.9","%","NA"
"Percentage of graduates by destination after higher education","2016/2017","Tax Year","2014/2015","1","Any Other Asian Background","LEO","No Sustained Destination","9.8","%","NA"
"Percentage of graduates by destination after higher education","2016/2017","Tax Year","2014/2015","1","Any Other Black Background","LEO","No Sustained Destination","10","%","NA"
"Percentage of graduates by destination after higher education","2016/2017","Tax Year","2014/2015","1","Unknown","LEO","No Sustained Destination","9.4","%","NA"
"Percentage of graduates by destination after higher education","2016/2017","Tax Year","2014/2015","1","White","LEO","No Sustained Destination","7.3","%","NA"
"Percentage of graduates by destination after higher education","2016/2017","Tax Year","2012/2013","3","All","LEO","No Sustained Destination","6.6","%","NA"
"Percentage of graduates by destination after higher education","2016/2017","Tax Year","2012/2013","3","Bangladeshi","LEO","No Sustained Destination","10.1","%","NA"
"Percentage of graduates by destination after higher education","2016/2017","Tax Year","2012/2013","3","Indian","LEO","No Sustained Destination","6.5","%","NA"
"Percentage of graduates by destination after higher education","2016/2017","Tax Year","2012/2013","3","Pakistani","LEO","No Sustained Destination","9.2","%","NA"
"Percentage of graduates by destination after higher education","2016/2017","Tax Year","2012/2013","3","Black African","LEO","No Sustained Destination","9.2","%","NA"
"Percentage of graduates by destination after higher education","2016/2017","Tax Year","2012/2013","3","Black Caribbean","LEO","No Sustained Destination","9.2","%","NA"
"Percentage of graduates by destination after higher education","2016/2017","Tax Year","2012/2013","3","Chinese","LEO","No Sustained Destination","6.3","%","NA"
"Percentage of graduates by destination after higher education","2016/2017","Tax Year","2012/2013","3","Other (Including Mixed)","LEO","No Sustained Destination","8.9","%","NA"
"Percentage of graduates by destination after higher education","2016/2017","Tax Year","2012/2013","3","Any Other Asian Background","LEO","No Sustained Destination","8.2","%","NA"
"Percentage of graduates by destination after higher education","2016/2017","Tax Year","2012/2013","3","Any Other Black Background","LEO","No Sustained Destination","12.3","%","NA"
"Percentage of graduates by destination after higher education","2016/2017","Tax Year","2012/2013","3","Unknown","LEO","No Sustained Destination","8.1","%","NA"
"Percentage of graduates by destination after higher education","2016/2017","Tax Year","2012/2013","3","White","LEO","No Sustained Destination","6","%","NA"
"Percentage of graduates by destination after higher education","2016/2017","Tax Year","2010/2011","5","All","LEO","No Sustained Destination","6","%","NA"
"Percentage of graduates by destination after higher education","2016/2017","Tax Year","2010/2011","5","Bangladeshi","LEO","No Sustained Destination","8.3","%","NA"
"Percentage of graduates by destination after higher education","2016/2017","Tax Year","2010/2011","5","Indian","LEO","No Sustained Destination","6.4","%","NA"
"Percentage of graduates by destination after higher education","2016/2017","Tax Year","2010/2011","5","Pakistani","LEO","No Sustained Destination","8.7","%","NA"
"Percentage of graduates by destination after higher education","2016/2017","Tax Year","2010/2011","5","Black African","LEO","No Sustained Destination","9.4","%","NA"
"Percentage of graduates by destination after higher education","2016/2017","Tax Year","2010/2011","5","Black Caribbean","LEO","No Sustained Destination","8.6","%","NA"
"Percentage of graduates by destination after higher education","2016/2017","Tax Year","2010/2011","5","Chinese","LEO","No Sustained Destination","5.4","%","NA"
"Percentage of graduates by destination after higher education","2016/2017","Tax Year","2010/2011","5","Other (Including Mixed)","LEO","No Sustained Destination","8.4","%","NA"
"Percentage of graduates by destination after higher education","2016/2017","Tax Year","2010/2011","5","Any Other Asian Background","LEO","No Sustained Destination","8.2","%","NA"
"Percentage of graduates by destination after higher education","2016/2017","Tax Year","2010/2011","5","Any Other Black Background","LEO","No Sustained Destination","10","%","NA"
"Percentage of graduates by destination after higher education","2016/2017","Tax Year","2010/2011","5","Unknown","LEO","No Sustained Destination","7.9","%","NA"
"Percentage of graduates by destination after higher education","2016/2017","Tax Year","2010/2011","5","White","LEO","No Sustained Destination","5.4","%","NA"
"Percentage of graduates by destination after higher education","2016/2017","Tax Year","2005/2006","10","All","LEO","No Sustained Destination","4.7","%","NA"
"Percentage of graduates by destination after higher education","2016/2017","Tax Year","2005/2006","10","Bangladeshi","LEO","No Sustained Destination","5.9","%","NA"
"Percentage of graduates by destination after higher education","2016/2017","Tax Year","2005/2006","10","Indian","LEO","No Sustained Destination","5.4","%","NA"
"Percentage of graduates by destination after higher education","2016/2017","Tax Year","2005/2006","10","Pakistani","LEO","No Sustained Destination","7.6","%","NA"
"Percentage of graduates by destination after higher education","2016/2017","Tax Year","2005/2006","10","Black African","LEO","No Sustained Destination","8.2","%","NA"
"Percentage of graduates by destination after higher education","2016/2017","Tax Year","2005/2006","10","Black Caribbean","LEO","No Sustained Destination","7.3","%","NA"
"Percentage of graduates by destination after higher education","2016/2017","Tax Year","2005/2006","10","Chinese","LEO","No Sustained Destination","4.8","%","NA"
"Percentage of graduates by destination after higher education","2016/2017","Tax Year","2005/2006","10","Other (Including Mixed)","LEO","No Sustained Destination","6.6","%","NA"
"Percentage of graduates by destination after higher education","2016/2017","Tax Year","2005/2006","10","Any Other Asian Background","LEO","No Sustained Destination","7","%","NA"
"Percentage of graduates by destination after higher education","2016/2017","Tax Year","2005/2006","10","Any Other Black Background","LEO","No Sustained Destination","10.1","%","NA"
"Percentage of graduates by destination after higher education","2016/2017","Tax Year","2005/2006","10","Unknown","LEO","No Sustained Destination","5.8","%","NA"
"Percentage of graduates by destination after higher education","2016/2017","Tax Year","2005/2006","10","White","LEO","No Sustained Destination","4.2","%","NA"
"Percentage of graduates by destination after higher education","2016/2017","Tax Year","2014/2015","1","All","LEO","Sustained Employment Further Study Or Both","87.2","%","NA"
"Percentage of graduates by destination after higher education","2016/2017","Tax Year","2014/2015","1","Bangladeshi","LEO","Sustained Employment Further Study Or Both","86.4","%","NA"
"Percentage of graduates by destination after higher education","2016/2017","Tax Year","2014/2015","1","Indian","LEO","Sustained Employment Further Study Or Both","87.3","%","NA"
"Percentage of graduates by destination after higher education","2016/2017","Tax Year","2014/2015","1","Pakistani","LEO","Sustained Employment Further Study Or Both","83.2","%","NA"
"Percentage of graduates by destination after higher education","2016/2017","Tax Year","2014/2015","1","Black African","LEO","Sustained Employment Further Study Or Both","85.4","%","NA"
"Percentage of graduates by destination after higher education","2016/2017","Tax Year","2014/2015","1","Black Caribbean","LEO","Sustained Employment Further Study Or Both","87.1","%","NA"
"Percentage of graduates by destination after higher education","2016/2017","Tax Year","2014/2015","1","Chinese","LEO","Sustained Employment Further Study Or Both","80.5","%","NA"
"Percentage of graduates by destination after higher education","2016/2017","Tax Year","2014/2015","1","Other (Including Mixed)","LEO","Sustained Employment Further Study Or Both","83.7","%","NA"
"Percentage of graduates by destination after higher education","2016/2017","Tax Year","2014/2015","1","Any Other Asian Background","LEO","Sustained Employment Further Study Or Both","83.7","%","NA"
"Percentage of graduates by destination after higher education","2016/2017","Tax Year","2014/2015","1","Any Other Black Background","LEO","Sustained Employment Further Study Or Both","84.8","%","NA"
"Percentage of graduates by destination after higher education","2016/2017","Tax Year","2014/2015","1","Unknown","LEO","Sustained Employment Further Study Or Both","82.9","%","NA"
"Percentage of graduates by destination after higher education","2016/2017","Tax Year","2014/2015","1","White","LEO","Sustained Employment Further Study Or Both","88.1","%","NA"
"Percentage of graduates by destination after higher education","2016/2017","Tax Year","2012/2013","3","All","LEO","Sustained Employment Further Study Or Both","86.2","%","NA"
"Percentage of graduates by destination after higher education","2016/2017","Tax Year","2012/2013","3","Bangladeshi","LEO","Sustained Employment Further Study Or Both","84.1","%","NA"
"Percentage of graduates by destination after higher education","2016/2017","Tax Year","2012/2013","3","Indian","LEO","Sustained Employment Further Study Or Both","87.2","%","NA"
"Percentage of graduates by destination after higher education","2016/2017","Tax Year","2012/2013","3","Pakistani","LEO","Sustained Employment Further Study Or Both","82","%","NA"
"Percentage of graduates by destination after higher education","2016/2017","Tax Year","2012/2013","3","Black African","LEO","Sustained Employment Further Study Or Both","82.5","%","NA"
"Percentage of graduates by destination after higher education","2016/2017","Tax Year","2012/2013","3","Black Caribbean","LEO","Sustained Employment Further Study Or Both","86.1","%","NA"
"Percentage of graduates by destination after higher education","2016/2017","Tax Year","2012/2013","3","Chinese","LEO","Sustained Employment Further Study Or Both","74.6","%","NA"
"Percentage of graduates by destination after higher education","2016/2017","Tax Year","2012/2013","3","Other (Including Mixed)","LEO","Sustained Employment Further Study Or Both","81.2","%","NA"
"Percentage of graduates by destination after higher education","2016/2017","Tax Year","2012/2013","3","Any Other Asian Background","LEO","Sustained Employment Further Study Or Both","81.7","%","NA"
"Percentage of graduates by destination after higher education","2016/2017","Tax Year","2012/2013","3","Any Other Black Background","LEO","Sustained Employment Further Study Or Both","79.1","%","NA"
"Percentage of graduates by destination after higher education","2016/2017","Tax Year","2012/2013","3","Unknown","LEO","Sustained Employment Further Study Or Both","81.5","%","NA"
"Percentage of graduates by destination after higher education","2016/2017","Tax Year","2012/2013","3","White","LEO","Sustained Employment Further Study Or Both","87.2","%","NA"
"Percentage of graduates by destination after higher education","2016/2017","Tax Year","2010/2011","5","All","LEO","Sustained Employment Further Study Or Both","85.1","%","NA"
"Percentage of graduates by destination after higher education","2016/2017","Tax Year","2010/2011","5","Bangladeshi","LEO","Sustained Employment Further Study Or Both","83.1","%","NA"
"Percentage of graduates by destination after higher education","2016/2017","Tax Year","2010/2011","5","Indian","LEO","Sustained Employment Further Study Or Both","86.3","%","NA"
"Percentage of graduates by destination after higher education","2016/2017","Tax Year","2010/2011","5","Pakistani","LEO","Sustained Employment Further Study Or Both","81","%","NA"
"Percentage of graduates by destination after higher education","2016/2017","Tax Year","2010/2011","5","Black African","LEO","Sustained Employment Further Study Or Both","79.4","%","NA"
"Percentage of graduates by destination after higher education","2016/2017","Tax Year","2010/2011","5","Black Caribbean","LEO","Sustained Employment Further Study Or Both","85.8","%","NA"
"Percentage of graduates by destination after higher education","2016/2017","Tax Year","2010/2011","5","Chinese","LEO","Sustained Employment Further Study Or Both","72.7","%","NA"
"Percentage of graduates by destination after higher education","2016/2017","Tax Year","2010/2011","5","Other (Including Mixed)","LEO","Sustained Employment Further Study Or Both","79.9","%","NA"
"Percentage of graduates by destination after higher education","2016/2017","Tax Year","2010/2011","5","Any Other Asian Background","LEO","Sustained Employment Further Study Or Both","77.8","%","NA"
"Percentage of graduates by destination after higher education","2016/2017","Tax Year","2010/2011","5","Any Other Black Background","LEO","Sustained Employment Further Study Or Both","77.6","%","NA"
"Percentage of graduates by destination after higher education","2016/2017","Tax Year","2010/2011","5","Unknown","LEO","Sustained Employment Further Study Or Both","80","%","NA"
"Percentage of graduates by destination after higher education","2016/2017","Tax Year","2010/2011","5","White","LEO","Sustained Employment Further Study Or Both","86.3","%","NA"
"Percentage of graduates by destination after higher education","2016/2017","Tax Year","2005/2006","10","All","LEO","Sustained Employment Further Study Or Both","82.6","%","NA"
"Percentage of graduates by destination after higher education","2016/2017","Tax Year","2005/2006","10","Bangladeshi","LEO","Sustained Employment Further Study Or Both","80.8","%","NA"
"Percentage of graduates by destination after higher education","2016/2017","Tax Year","2005/2006","10","Indian","LEO","Sustained Employment Further Study Or Both","83.2","%","NA"
"Percentage of graduates by destination after higher education","2016/2017","Tax Year","2005/2006","10","Pakistani","LEO","Sustained Employment Further Study Or Both","77.1","%","NA"
"Percentage of graduates by destination after higher education","2016/2017","Tax Year","2005/2006","10","Black African","LEO","Sustained Employment Further Study Or Both","75.1","%","NA"
"Percentage of graduates by destination after higher education","2016/2017","Tax Year","2005/2006","10","Black Caribbean","LEO","Sustained Employment Further Study Or Both","83.5","%","NA"
"Percentage of graduates by destination after higher education","2016/2017","Tax Year","2005/2006","10","Chinese","LEO","Sustained Employment Further Study Or Both","68.6","%","NA"
"Percentage of graduates by destination after higher education","2016/2017","Tax Year","2005/2006","10","Other (Including Mixed)","LEO","Sustained Employment Further Study Or Both","76.9","%","NA"
"Percentage of graduates by destination after higher education","2016/2017","Tax Year","2005/2006","10","Any Other Asian Background","LEO","Sustained Employment Further Study Or Both","75.8","%","NA"
"Percentage of graduates by destination after higher education","2016/2017","Tax Year","2005/2006","10","Any Other Black Background","LEO","Sustained Employment Further Study Or Both","76.4","%","NA"
"Percentage of graduates by destination after higher education","2016/2017","Tax Year","2005/2006","10","Unknown","LEO","Sustained Employment Further Study Or Both","79.8","%","NA"
"Percentage of graduates by destination after higher education","2016/2017","Tax Year","2005/2006","10","White","LEO","Sustained Employment Further Study Or Both","83.7","%","NA"
"Percentage of graduates by destination after higher education","2016/2017","Tax Year","2014/2015","1","All","LEO","Sustained Employment Only","65.9","%","NA"
"Percentage of graduates by destination after higher education","2016/2017","Tax Year","2014/2015","1","Bangladeshi","LEO","Sustained Employment Only","65.7","%","NA"
"Percentage of graduates by destination after higher education","2016/2017","Tax Year","2014/2015","1","Indian","LEO","Sustained Employment Only","65.1","%","NA"
"Percentage of graduates by destination after higher education","2016/2017","Tax Year","2014/2015","1","Pakistani","LEO","Sustained Employment Only","58.9","%","NA"
"Percentage of graduates by destination after higher education","2016/2017","Tax Year","2014/2015","1","Black African","LEO","Sustained Employment Only","60.6","%","NA"
"Percentage of graduates by destination after higher education","2016/2017","Tax Year","2014/2015","1","Black Caribbean","LEO","Sustained Employment Only","69.1","%","NA"
"Percentage of graduates by destination after higher education","2016/2017","Tax Year","2014/2015","1","Chinese","LEO","Sustained Employment Only","56.7","%","NA"
"Percentage of graduates by destination after higher education","2016/2017","Tax Year","2014/2015","1","Other (Including Mixed)","LEO","Sustained Employment Only","61.7","%","NA"
"Percentage of graduates by destination after higher education","2016/2017","Tax Year","2014/2015","1","Any Other Asian Background","LEO","Sustained Employment Only","58.9","%","NA"
"Percentage of graduates by destination after higher education","2016/2017","Tax Year","2014/2015","1","Any Other Black Background","LEO","Sustained Employment Only","62.1","%","NA"
"Percentage of graduates by destination after higher education","2016/2017","Tax Year","2014/2015","1","Unknown","LEO","Sustained Employment Only","64.8","%","NA"
"Percentage of graduates by destination after higher education","2016/2017","Tax Year","2014/2015","1","White","LEO","Sustained Employment Only","67.2","%","NA"
"Percentage of graduates by destination after higher education","2016/2017","Tax Year","2012/2013","3","All","LEO","Sustained Employment Only","72.3","%","NA"
"Percentage of graduates by destination after higher education","2016/2017","Tax Year","2012/2013","3","Bangladeshi","LEO","Sustained Employment Only","73.3","%","NA"
"Percentage of graduates by destination after higher education","2016/2017","Tax Year","2012/2013","3","Indian","LEO","Sustained Employment Only","74.2","%","NA"
"Percentage of graduates by destination after higher education","2016/2017","Tax Year","2012/2013","3","Pakistani","LEO","Sustained Employment Only","69.8","%","NA"
"Percentage of graduates by destination after higher education","2016/2017","Tax Year","2012/2013","3","Black African","LEO","Sustained Employment Only","64.3","%","NA"
"Percentage of graduates by destination after higher education","2016/2017","Tax Year","2012/2013","3","Black Caribbean","LEO","Sustained Employment Only","73.4","%","NA"
"Percentage of graduates by destination after higher education","2016/2017","Tax Year","2012/2013","3","Chinese","LEO","Sustained Employment Only","62.6","%","NA"
"Percentage of graduates by destination after higher education","2016/2017","Tax Year","2012/2013","3","Other (Including Mixed)","LEO","Sustained Employment Only","67.1","%","NA"
"Percentage of graduates by destination after higher education","2016/2017","Tax Year","2012/2013","3","Any Other Asian Background","LEO","Sustained Employment Only","67.1","%","NA"
"Percentage of graduates by destination after higher education","2016/2017","Tax Year","2012/2013","3","Any Other Black Background","LEO","Sustained Employment Only","65","%","NA"
"Percentage of graduates by destination after higher education","2016/2017","Tax Year","2012/2013","3","Unknown","LEO","Sustained Employment Only","67.3","%","NA"
"Percentage of graduates by destination after higher education","2016/2017","Tax Year","2012/2013","3","White","LEO","Sustained Employment Only","73.4","%","NA"
"Percentage of graduates by destination after higher education","2016/2017","Tax Year","2010/2011","5","All","LEO","Sustained Employment Only","74.7","%","NA"
"Percentage of graduates by destination after higher education","2016/2017","Tax Year","2010/2011","5","Bangladeshi","LEO","Sustained Employment Only","76.2","%","NA"
"Percentage of graduates by destination after higher education","2016/2017","Tax Year","2010/2011","5","Indian","LEO","Sustained Employment Only","77.5","%","NA"
"Percentage of graduates by destination after higher education","2016/2017","Tax Year","2010/2011","5","Pakistani","LEO","Sustained Employment Only","72.3","%","NA"
"Percentage of graduates by destination after higher education","2016/2017","Tax Year","2010/2011","5","Black African","LEO","Sustained Employment Only","64.9","%","NA"
"Percentage of graduates by destination after higher education","2016/2017","Tax Year","2010/2011","5","Black Caribbean","LEO","Sustained Employment Only","74.4","%","NA"
"Percentage of graduates by destination after higher education","2016/2017","Tax Year","2010/2011","5","Chinese","LEO","Sustained Employment Only","64.6","%","NA"
"Percentage of graduates by destination after higher education","2016/2017","Tax Year","2010/2011","5","Other (Including Mixed)","LEO","Sustained Employment Only","69.6","%","NA"
"Percentage of graduates by destination after higher education","2016/2017","Tax Year","2010/2011","5","Any Other Asian Background","LEO","Sustained Employment Only","66.8","%","NA"
"Percentage of graduates by destination after higher education","2016/2017","Tax Year","2010/2011","5","Any Other Black Background","LEO","Sustained Employment Only","64.9","%","NA"
"Percentage of graduates by destination after higher education","2016/2017","Tax Year","2010/2011","5","Unknown","LEO","Sustained Employment Only","69.3","%","NA"
"Percentage of graduates by destination after higher education","2016/2017","Tax Year","2010/2011","5","White","LEO","Sustained Employment Only","75.9","%","NA"
"Percentage of graduates by destination after higher education","2016/2017","Tax Year","2005/2006","10","All","LEO","Sustained Employment Only","76.9","%","NA"
"Percentage of graduates by destination after higher education","2016/2017","Tax Year","2005/2006","10","Bangladeshi","LEO","Sustained Employment Only","77.7","%","NA"
"Percentage of graduates by destination after higher education","2016/2017","Tax Year","2005/2006","10","Indian","LEO","Sustained Employment Only","78.7","%","NA"
"Percentage of graduates by destination after higher education","2016/2017","Tax Year","2005/2006","10","Pakistani","LEO","Sustained Employment Only","72.6","%","NA"
"Percentage of graduates by destination after higher education","2016/2017","Tax Year","2005/2006","10","Black African","LEO","Sustained Employment Only","65.9","%","NA"
"Percentage of graduates by destination after higher education","2016/2017","Tax Year","2005/2006","10","Black Caribbean","LEO","Sustained Employment Only","76.2","%","NA"
"Percentage of graduates by destination after higher education","2016/2017","Tax Year","2005/2006","10","Chinese","LEO","Sustained Employment Only","63.8","%","NA"
"Percentage of graduates by destination after higher education","2016/2017","Tax Year","2005/2006","10","Other (Including Mixed)","LEO","Sustained Employment Only","70.6","%","NA"
"Percentage of graduates by destination after higher education","2016/2017","Tax Year","2005/2006","10","Any Other Asian Background","LEO","Sustained Employment Only","69.1","%","NA"
"Percentage of graduates by destination after higher education","2016/2017","Tax Year","2005/2006","10","Any Other Black Background","LEO","Sustained Employment Only","70","%","NA"
"Percentage of graduates by destination after higher education","2016/2017","Tax Year","2005/2006","10","Unknown","LEO","Sustained Employment Only","74","%","NA"
"Percentage of graduates by destination after higher education","2016/2017","Tax Year","2005/2006","10","White","LEO","Sustained Employment Only","78.1","%","NA"
"Percentage of graduates by destination after higher education","2016/2017","Tax Year","2014/2015","1","All","LEO","Sustained Employment With Or Without Further Study","81.1","%","NA"
"Percentage of graduates by destination after higher education","2016/2017","Tax Year","2014/2015","1","Bangladeshi","LEO","Sustained Employment With Or Without Further Study","79.8","%","NA"
"Percentage of graduates by destination after higher education","2016/2017","Tax Year","2014/2015","1","Indian","LEO","Sustained Employment With Or Without Further Study","79.5","%","NA"
"Percentage of graduates by destination after higher education","2016/2017","Tax Year","2014/2015","1","Pakistani","LEO","Sustained Employment With Or Without Further Study","74.4","%","NA"
"Percentage of graduates by destination after higher education","2016/2017","Tax Year","2014/2015","1","Black African","LEO","Sustained Employment With Or Without Further Study","78.1","%","NA"
"Percentage of graduates by destination after higher education","2016/2017","Tax Year","2014/2015","1","Black Caribbean","LEO","Sustained Employment With Or Without Further Study","83","%","NA"
"Percentage of graduates by destination after higher education","2016/2017","Tax Year","2014/2015","1","Chinese","LEO","Sustained Employment With Or Without Further Study","69","%","NA"
"Percentage of graduates by destination after higher education","2016/2017","Tax Year","2014/2015","1","Other (Including Mixed)","LEO","Sustained Employment With Or Without Further Study","75.4","%","NA"
"Percentage of graduates by destination after higher education","2016/2017","Tax Year","2014/2015","1","Any Other Asian Background","LEO","Sustained Employment With Or Without Further Study","74.6","%","NA"
"Percentage of graduates by destination after higher education","2016/2017","Tax Year","2014/2015","1","Any Other Black Background","LEO","Sustained Employment With Or Without Further Study","77.7","%","NA"
"Percentage of graduates by destination after higher education","2016/2017","Tax Year","2014/2015","1","Unknown","LEO","Sustained Employment With Or Without Further Study","77.8","%","NA"
"Percentage of graduates by destination after higher education","2016/2017","Tax Year","2014/2015","1","White","LEO","Sustained Employment With Or Without Further Study","82.4","%","NA"
"Percentage of graduates by destination after higher education","2016/2017","Tax Year","2012/2013","3","All","LEO","Sustained Employment With Or Without Further Study","83.1","%","NA"
"Percentage of graduates by destination after higher education","2016/2017","Tax Year","2012/2013","3","Bangladeshi","LEO","Sustained Employment With Or Without Further Study","81.3","%","NA"
"Percentage of graduates by destination after higher education","2016/2017","Tax Year","2012/2013","3","Indian","LEO","Sustained Employment With Or Without Further Study","84.1","%","NA"
"Percentage of graduates by destination after higher education","2016/2017","Tax Year","2012/2013","3","Pakistani","LEO","Sustained Employment With Or Without Further Study","79","%","NA"
"Percentage of graduates by destination after higher education","2016/2017","Tax Year","2012/2013","3","Black African","LEO","Sustained Employment With Or Without Further Study","78.4","%","NA"
"Percentage of graduates by destination after higher education","2016/2017","Tax Year","2012/2013","3","Black Caribbean","LEO","Sustained Employment With Or Without Further Study","83.5","%","NA"
"Percentage of graduates by destination after higher education","2016/2017","Tax Year","2012/2013","3","Chinese","LEO","Sustained Employment With Or Without Further Study","70.5","%","NA"
"Percentage of graduates by destination after higher education","2016/2017","Tax Year","2012/2013","3","Other (Including Mixed)","LEO","Sustained Employment With Or Without Further Study","77.4","%","NA"
"Percentage of graduates by destination after higher education","2016/2017","Tax Year","2012/2013","3","Any Other Asian Background","LEO","Sustained Employment With Or Without Further Study","77.4","%","NA"
"Percentage of graduates by destination after higher education","2016/2017","Tax Year","2012/2013","3","Any Other Black Background","LEO","Sustained Employment With Or Without Further Study","75.2","%","NA"
"Percentage of graduates by destination after higher education","2016/2017","Tax Year","2012/2013","3","Unknown","LEO","Sustained Employment With Or Without Further Study","77.9","%","NA"
"Percentage of graduates by destination after higher education","2016/2017","Tax Year","2012/2013","3","White","LEO","Sustained Employment With Or Without Further Study","84.3","%","NA"
"Percentage of graduates by destination after higher education","2016/2017","Tax Year","2010/2011","5","All","LEO","Sustained Employment With Or Without Further Study","83.2","%","NA"
"Percentage of graduates by destination after higher education","2016/2017","Tax Year","2010/2011","5","Bangladeshi","LEO","Sustained Employment With Or Without Further Study","81.7","%","NA"
"Percentage of graduates by destination after higher education","2016/2017","Tax Year","2010/2011","5","Indian","LEO","Sustained Employment With Or Without Further Study","84.7","%","NA"
"Percentage of graduates by destination after higher education","2016/2017","Tax Year","2010/2011","5","Pakistani","LEO","Sustained Employment With Or Without Further Study","78.8","%","NA"
"Percentage of graduates by destination after higher education","2016/2017","Tax Year","2010/2011","5","Black African","LEO","Sustained Employment With Or Without Further Study","76.2","%","NA"
"Percentage of graduates by destination after higher education","2016/2017","Tax Year","2010/2011","5","Black Caribbean","LEO","Sustained Employment With Or Without Further Study","83.7","%","NA"
"Percentage of graduates by destination after higher education","2016/2017","Tax Year","2010/2011","5","Chinese","LEO","Sustained Employment With Or Without Further Study","70.9","%","NA"
"Percentage of graduates by destination after higher education","2016/2017","Tax Year","2010/2011","5","Other (Including Mixed)","LEO","Sustained Employment With Or Without Further Study","77.7","%","NA"
"Percentage of graduates by destination after higher education","2016/2017","Tax Year","2010/2011","5","Any Other Asian Background","LEO","Sustained Employment With Or Without Further Study","75","%","NA"
"Percentage of graduates by destination after higher education","2016/2017","Tax Year","2010/2011","5","Any Other Black Background","LEO","Sustained Employment With Or Without Further Study","74.4","%","NA"
"Percentage of graduates by destination after higher education","2016/2017","Tax Year","2010/2011","5","Unknown","LEO","Sustained Employment With Or Without Further Study","77.8","%","NA"
"Percentage of graduates by destination after higher education","2016/2017","Tax Year","2010/2011","5","White","LEO","Sustained Employment With Or Without Further Study","84.5","%","NA"
"Percentage of graduates by destination after higher education","2016/2017","Tax Year","2005/2006","10","All","LEO","Sustained Employment With Or Without Further Study","81.8","%","NA"
"Percentage of graduates by destination after higher education","2016/2017","Tax Year","2005/2006","10","Bangladeshi","LEO","Sustained Employment With Or Without Further Study","80.6","%","NA"
"Percentage of graduates by destination after higher education","2016/2017","Tax Year","2005/2006","10","Indian","LEO","Sustained Employment With Or Without Further Study","82.6","%","NA"
"Percentage of graduates by destination after higher education","2016/2017","Tax Year","2005/2006","10","Pakistani","LEO","Sustained Employment With Or Without Further Study","76.4","%","NA"
"Percentage of graduates by destination after higher education","2016/2017","Tax Year","2005/2006","10","Black African","LEO","Sustained Employment With Or Without Further Study","73.4","%","NA"
"Percentage of graduates by destination after higher education","2016/2017","Tax Year","2005/2006","10","Black Caribbean","LEO","Sustained Employment With Or Without Further Study","82.1","%","NA"
"Percentage of graduates by destination after higher education","2016/2017","Tax Year","2005/2006","10","Chinese","LEO","Sustained Employment With Or Without Further Study","67.9","%","NA"
"Percentage of graduates by destination after higher education","2016/2017","Tax Year","2005/2006","10","Other (Including Mixed)","LEO","Sustained Employment With Or Without Further Study","75.7","%","NA"
"Percentage of graduates by destination after higher education","2016/2017","Tax Year","2005/2006","10","Any Other Asian Background","LEO","Sustained Employment With Or Without Further Study","74.9","%","NA"
"Percentage of graduates by destination after higher education","2016/2017","Tax Year","2005/2006","10","Any Other Black Background","LEO","Sustained Employment With Or Without Further Study","75.4","%","NA"
"Percentage of graduates by destination after higher education","2016/2017","Tax Year","2005/2006","10","Unknown","LEO","Sustained Employment With Or Without Further Study","78.7","%","NA"
"Percentage of graduates by destination after higher education","2016/2017","Tax Year","2005/2006","10","White","LEO","Sustained Employment With Or Without Further Study","82.8","%","NA"
