"Measure","Ethnicity","Ethnicity_type","Time","Time_type","Geography","Geography_type","Geography_code","Gender","Age","Value","Value_type","Denominator","Numerator"
"Percentage of year 1 pupils meeting the expected standard of phonic decoding","All","All","2018-2019","Academic Year","Barking and Dagenham","Local authority","E09000002","All","5-6","81","%","3652","2958"
"Percentage of year 1 pupils meeting the expected standard of phonic decoding","All","All","2018-2019","Academic Year","Barking and Dagenham","Local authority","E09000002","Boys","5-6","77","%","1910","1474"
"Percentage of year 1 pupils meeting the expected standard of phonic decoding","All","All","2018-2019","Academic Year","Barking and Dagenham","Local authority","E09000002","Girls","5-6","85","%","1742","1484"
"Percentage of year 1 pupils meeting the expected standard of phonic decoding","Asian","ONS 2011 5+1","2018-2019","Academic Year","Barking and Dagenham","Local authority","E09000002","All","5-6","86","%","974","837"
"Percentage of year 1 pupils meeting the expected standard of phonic decoding","Asian","ONS 2011 5+1","2018-2019","Academic Year","Barking and Dagenham","Local authority","E09000002","Boys","5-6","83","%","500","414"
"Percentage of year 1 pupils meeting the expected standard of phonic decoding","Asian","ONS 2011 5+1","2018-2019","Academic Year","Barking and Dagenham","Local authority","E09000002","Girls","5-6","89","%","474","423"
"Percentage of year 1 pupils meeting the expected standard of phonic decoding","Black","ONS 2011 5+1","2018-2019","Academic Year","Barking and Dagenham","Local authority","E09000002","All","5-6","84","%","871","734"
"Percentage of year 1 pupils meeting the expected standard of phonic decoding","Black","ONS 2011 5+1","2018-2019","Academic Year","Barking and Dagenham","Local authority","E09000002","Boys","5-6","80","%","480","386"
"Percentage of year 1 pupils meeting the expected standard of phonic decoding","Black","ONS 2011 5+1","2018-2019","Academic Year","Barking and Dagenham","Local authority","E09000002","Girls","5-6","89","%","391","348"
"Percentage of year 1 pupils meeting the expected standard of phonic decoding","Chinese","ONS 2011 18+1","2018-2019","Academic Year","Barking and Dagenham","Local authority","E09000002","All","5-6","100","%","14","14"
"Percentage of year 1 pupils meeting the expected standard of phonic decoding","Chinese","ONS 2011 18+1","2018-2019","Academic Year","Barking and Dagenham","Local authority","E09000002","Boys","5-6","100","%","5","5"
"Percentage of year 1 pupils meeting the expected standard of phonic decoding","Chinese","ONS 2011 18+1","2018-2019","Academic Year","Barking and Dagenham","Local authority","E09000002","Girls","5-6","100","%","9","9"
"Percentage of year 1 pupils meeting the expected standard of phonic decoding","Mixed","ONS 2011 5+1","2018-2019","Academic Year","Barking and Dagenham","Local authority","E09000002","All","5-6","85","%","318","269"
"Percentage of year 1 pupils meeting the expected standard of phonic decoding","Mixed","ONS 2011 5+1","2018-2019","Academic Year","Barking and Dagenham","Local authority","E09000002","Boys","5-6","84","%","176","147"
"Percentage of year 1 pupils meeting the expected standard of phonic decoding","Mixed","ONS 2011 5+1","2018-2019","Academic Year","Barking and Dagenham","Local authority","E09000002","Girls","5-6","86","%","142","122"
"Percentage of year 1 pupils meeting the expected standard of phonic decoding","Other","ONS 2011 5+1","2018-2019","Academic Year","Barking and Dagenham","Local authority","E09000002","All","5-6","79","%","58","46"
"Percentage of year 1 pupils meeting the expected standard of phonic decoding","Other","ONS 2011 5+1","2018-2019","Academic Year","Barking and Dagenham","Local authority","E09000002","Boys","5-6","72","%","29","21"
"Percentage of year 1 pupils meeting the expected standard of phonic decoding","Other","ONS 2011 5+1","2018-2019","Academic Year","Barking and Dagenham","Local authority","E09000002","Girls","5-6","86","%","29","25"
"Percentage of year 1 pupils meeting the expected standard of phonic decoding","White","ONS 2011 5+1","2018-2019","Academic Year","Barking and Dagenham","Local authority","E09000002","All","5-6","76","%","1348","1018"
"Percentage of year 1 pupils meeting the expected standard of phonic decoding","White","ONS 2011 5+1","2018-2019","Academic Year","Barking and Dagenham","Local authority","E09000002","Boys","5-6","70","%","690","485"
"Percentage of year 1 pupils meeting the expected standard of phonic decoding","White","ONS 2011 5+1","2018-2019","Academic Year","Barking and Dagenham","Local authority","E09000002","Girls","5-6","81","%","658","533"
"Percentage of year 1 pupils meeting the expected standard of phonic decoding","All","All","2018-2019","Academic Year","Barnet","Local authority","E09000003","All","5-6","86","%","4343","3733"
"Percentage of year 1 pupils meeting the expected standard of phonic decoding","All","All","2018-2019","Academic Year","Barnet","Local authority","E09000003","Boys","5-6","83","%","2256","1881"
"Percentage of year 1 pupils meeting the expected standard of phonic decoding","All","All","2018-2019","Academic Year","Barnet","Local authority","E09000003","Girls","5-6","89","%","2087","1852"
"Percentage of year 1 pupils meeting the expected standard of phonic decoding","Asian","ONS 2011 5+1","2018-2019","Academic Year","Barnet","Local authority","E09000003","All","5-6","89","%","495","443"
"Percentage of year 1 pupils meeting the expected standard of phonic decoding","Asian","ONS 2011 5+1","2018-2019","Academic Year","Barnet","Local authority","E09000003","Boys","5-6","87","%","248","216"
"Percentage of year 1 pupils meeting the expected standard of phonic decoding","Asian","ONS 2011 5+1","2018-2019","Academic Year","Barnet","Local authority","E09000003","Girls","5-6","92","%","247","227"
"Percentage of year 1 pupils meeting the expected standard of phonic decoding","Black","ONS 2011 5+1","2018-2019","Academic Year","Barnet","Local authority","E09000003","All","5-6","84","%","400","336"
"Percentage of year 1 pupils meeting the expected standard of phonic decoding","Black","ONS 2011 5+1","2018-2019","Academic Year","Barnet","Local authority","E09000003","Boys","5-6","81","%","205","167"
"Percentage of year 1 pupils meeting the expected standard of phonic decoding","Black","ONS 2011 5+1","2018-2019","Academic Year","Barnet","Local authority","E09000003","Girls","5-6","87","%","195","169"
"Percentage of year 1 pupils meeting the expected standard of phonic decoding","Chinese","ONS 2011 18+1","2018-2019","Academic Year","Barnet","Local authority","E09000003","All","5-6","88","%","68","60"
"Percentage of year 1 pupils meeting the expected standard of phonic decoding","Chinese","ONS 2011 18+1","2018-2019","Academic Year","Barnet","Local authority","E09000003","Boys","5-6","84","%","43","36"
"Percentage of year 1 pupils meeting the expected standard of phonic decoding","Chinese","ONS 2011 18+1","2018-2019","Academic Year","Barnet","Local authority","E09000003","Girls","5-6","96","%","25","24"
"Percentage of year 1 pupils meeting the expected standard of phonic decoding","Mixed","ONS 2011 5+1","2018-2019","Academic Year","Barnet","Local authority","E09000003","All","5-6","87","%","503","438"
"Percentage of year 1 pupils meeting the expected standard of phonic decoding","Mixed","ONS 2011 5+1","2018-2019","Academic Year","Barnet","Local authority","E09000003","Boys","5-6","82","%","251","207"
"Percentage of year 1 pupils meeting the expected standard of phonic decoding","Mixed","ONS 2011 5+1","2018-2019","Academic Year","Barnet","Local authority","E09000003","Girls","5-6","92","%","252","231"
"Percentage of year 1 pupils meeting the expected standard of phonic decoding","Other","ONS 2011 5+1","2018-2019","Academic Year","Barnet","Local authority","E09000003","All","5-6","83","%","457","379"
"Percentage of year 1 pupils meeting the expected standard of phonic decoding","Other","ONS 2011 5+1","2018-2019","Academic Year","Barnet","Local authority","E09000003","Boys","5-6","81","%","232","188"
"Percentage of year 1 pupils meeting the expected standard of phonic decoding","Other","ONS 2011 5+1","2018-2019","Academic Year","Barnet","Local authority","E09000003","Girls","5-6","85","%","225","191"
"Percentage of year 1 pupils meeting the expected standard of phonic decoding","White","ONS 2011 5+1","2018-2019","Academic Year","Barnet","Local authority","E09000003","All","5-6","87","%","2291","1988"
"Percentage of year 1 pupils meeting the expected standard of phonic decoding","White","ONS 2011 5+1","2018-2019","Academic Year","Barnet","Local authority","E09000003","Boys","5-6","84","%","1220","1025"
"Percentage of year 1 pupils meeting the expected standard of phonic decoding","White","ONS 2011 5+1","2018-2019","Academic Year","Barnet","Local authority","E09000003","Girls","5-6","90","%","1071","963"
"Percentage of year 1 pupils meeting the expected standard of phonic decoding","All","All","2018-2019","Academic Year","Barnsley","Local authority","E08000016","All","5-6","80","%","2888","2318"
"Percentage of year 1 pupils meeting the expected standard of phonic decoding","All","All","2018-2019","Academic Year","Barnsley","Local authority","E08000016","Boys","5-6","77","%","1483","1145"
"Percentage of year 1 pupils meeting the expected standard of phonic decoding","All","All","2018-2019","Academic Year","Barnsley","Local authority","E08000016","Girls","5-6","83","%","1405","1173"
"Percentage of year 1 pupils meeting the expected standard of phonic decoding","Asian","ONS 2011 5+1","2018-2019","Academic Year","Barnsley","Local authority","E08000016","All","5-6","95","%","21","20"
"Percentage of year 1 pupils meeting the expected standard of phonic decoding","Asian","ONS 2011 5+1","2018-2019","Academic Year","Barnsley","Local authority","E08000016","Boys","5-6","100","%","9","9"
"Percentage of year 1 pupils meeting the expected standard of phonic decoding","Asian","ONS 2011 5+1","2018-2019","Academic Year","Barnsley","Local authority","E08000016","Girls","5-6","92","%","12","11"
"Percentage of year 1 pupils meeting the expected standard of phonic decoding","Black","ONS 2011 5+1","2018-2019","Academic Year","Barnsley","Local authority","E08000016","All","5-6","86","%","14","12"
"Percentage of year 1 pupils meeting the expected standard of phonic decoding","Black","ONS 2011 5+1","2018-2019","Academic Year","Barnsley","Local authority","E08000016","Boys","5-6","71","%","7","5"
"Percentage of year 1 pupils meeting the expected standard of phonic decoding","Black","ONS 2011 5+1","2018-2019","Academic Year","Barnsley","Local authority","E08000016","Girls","5-6","100","%","7","7"
"Percentage of year 1 pupils meeting the expected standard of phonic decoding","Chinese","ONS 2011 18+1","2018-2019","Academic Year","Barnsley","Local authority","E08000016","All","5-6","100","%","2","2"
"Percentage of year 1 pupils meeting the expected standard of phonic decoding","Chinese","ONS 2011 18+1","2018-2019","Academic Year","Barnsley","Local authority","E08000016","Boys","5-6","100","%","1","1"
"Percentage of year 1 pupils meeting the expected standard of phonic decoding","Chinese","ONS 2011 18+1","2018-2019","Academic Year","Barnsley","Local authority","E08000016","Girls","5-6","100","%","1","1"
"Percentage of year 1 pupils meeting the expected standard of phonic decoding","Mixed","ONS 2011 5+1","2018-2019","Academic Year","Barnsley","Local authority","E08000016","All","5-6","85","%","84","71"
"Percentage of year 1 pupils meeting the expected standard of phonic decoding","Mixed","ONS 2011 5+1","2018-2019","Academic Year","Barnsley","Local authority","E08000016","Boys","5-6","79","%","48","38"
"Percentage of year 1 pupils meeting the expected standard of phonic decoding","Mixed","ONS 2011 5+1","2018-2019","Academic Year","Barnsley","Local authority","E08000016","Girls","5-6","92","%","36","33"
"Percentage of year 1 pupils meeting the expected standard of phonic decoding","Other","ONS 2011 5+1","2018-2019","Academic Year","Barnsley","Local authority","E08000016","All","5-6","70","%","10","7"
"Percentage of year 1 pupils meeting the expected standard of phonic decoding","Other","ONS 2011 5+1","2018-2019","Academic Year","Barnsley","Local authority","E08000016","Boys","5-6","71","%","7","5"
"Percentage of year 1 pupils meeting the expected standard of phonic decoding","Other","ONS 2011 5+1","2018-2019","Academic Year","Barnsley","Local authority","E08000016","Girls","5-6","67","%","3","2"
"Percentage of year 1 pupils meeting the expected standard of phonic decoding","White","ONS 2011 5+1","2018-2019","Academic Year","Barnsley","Local authority","E08000016","All","5-6","80","%","2725","2187"
"Percentage of year 1 pupils meeting the expected standard of phonic decoding","White","ONS 2011 5+1","2018-2019","Academic Year","Barnsley","Local authority","E08000016","Boys","5-6","77","%","1400","1081"
"Percentage of year 1 pupils meeting the expected standard of phonic decoding","White","ONS 2011 5+1","2018-2019","Academic Year","Barnsley","Local authority","E08000016","Girls","5-6","83","%","1325","1106"
"Percentage of year 1 pupils meeting the expected standard of phonic decoding","All","All","2018-2019","Academic Year","Bath and North East Somerset","Local authority","E06000022","All","5-6","82","%","1896","1546"
"Percentage of year 1 pupils meeting the expected standard of phonic decoding","All","All","2018-2019","Academic Year","Bath and North East Somerset","Local authority","E06000022","Boys","5-6","80","%","998","803"
"Percentage of year 1 pupils meeting the expected standard of phonic decoding","All","All","2018-2019","Academic Year","Bath and North East Somerset","Local authority","E06000022","Girls","5-6","83","%","898","743"
"Percentage of year 1 pupils meeting the expected standard of phonic decoding","Asian","ONS 2011 5+1","2018-2019","Academic Year","Bath and North East Somerset","Local authority","E06000022","All","5-6","76","%","34","26"
"Percentage of year 1 pupils meeting the expected standard of phonic decoding","Asian","ONS 2011 5+1","2018-2019","Academic Year","Bath and North East Somerset","Local authority","E06000022","Boys","5-6","71","%","21","15"
"Percentage of year 1 pupils meeting the expected standard of phonic decoding","Asian","ONS 2011 5+1","2018-2019","Academic Year","Bath and North East Somerset","Local authority","E06000022","Girls","5-6","85","%","13","11"
"Percentage of year 1 pupils meeting the expected standard of phonic decoding","Black","ONS 2011 5+1","2018-2019","Academic Year","Bath and North East Somerset","Local authority","E06000022","All","5-6","80","%","15","12"
"Percentage of year 1 pupils meeting the expected standard of phonic decoding","Black","ONS 2011 5+1","2018-2019","Academic Year","Bath and North East Somerset","Local authority","E06000022","Boys","5-6","83","%","6","5"
"Percentage of year 1 pupils meeting the expected standard of phonic decoding","Black","ONS 2011 5+1","2018-2019","Academic Year","Bath and North East Somerset","Local authority","E06000022","Girls","5-6","78","%","9","7"
"Percentage of year 1 pupils meeting the expected standard of phonic decoding","Chinese","ONS 2011 18+1","2018-2019","Academic Year","Bath and North East Somerset","Local authority","E06000022","All","5-6","100","%","7","7"
"Percentage of year 1 pupils meeting the expected standard of phonic decoding","Chinese","ONS 2011 18+1","2018-2019","Academic Year","Bath and North East Somerset","Local authority","E06000022","Boys","5-6","100","%","3","3"
"Percentage of year 1 pupils meeting the expected standard of phonic decoding","Chinese","ONS 2011 18+1","2018-2019","Academic Year","Bath and North East Somerset","Local authority","E06000022","Girls","5-6","100","%","4","4"
"Percentage of year 1 pupils meeting the expected standard of phonic decoding","Mixed","ONS 2011 5+1","2018-2019","Academic Year","Bath and North East Somerset","Local authority","E06000022","All","5-6","81","%","110","89"
"Percentage of year 1 pupils meeting the expected standard of phonic decoding","Mixed","ONS 2011 5+1","2018-2019","Academic Year","Bath and North East Somerset","Local authority","E06000022","Boys","5-6","83","%","54","45"
"Percentage of year 1 pupils meeting the expected standard of phonic decoding","Mixed","ONS 2011 5+1","2018-2019","Academic Year","Bath and North East Somerset","Local authority","E06000022","Girls","5-6","79","%","56","44"
"Percentage of year 1 pupils meeting the expected standard of phonic decoding","Other","ONS 2011 5+1","2018-2019","Academic Year","Bath and North East Somerset","Local authority","E06000022","All","5-6","84","%","19","16"
"Percentage of year 1 pupils meeting the expected standard of phonic decoding","Other","ONS 2011 5+1","2018-2019","Academic Year","Bath and North East Somerset","Local authority","E06000022","Boys","5-6","88","%","8","7"
"Percentage of year 1 pupils meeting the expected standard of phonic decoding","Other","ONS 2011 5+1","2018-2019","Academic Year","Bath and North East Somerset","Local authority","E06000022","Girls","5-6","82","%","11","9"
"Percentage of year 1 pupils meeting the expected standard of phonic decoding","White","ONS 2011 5+1","2018-2019","Academic Year","Bath and North East Somerset","Local authority","E06000022","All","5-6","82","%","1676","1377"
"Percentage of year 1 pupils meeting the expected standard of phonic decoding","White","ONS 2011 5+1","2018-2019","Academic Year","Bath and North East Somerset","Local authority","E06000022","Boys","5-6","81","%","889","719"
"Percentage of year 1 pupils meeting the expected standard of phonic decoding","White","ONS 2011 5+1","2018-2019","Academic Year","Bath and North East Somerset","Local authority","E06000022","Girls","5-6","84","%","787","658"
"Percentage of year 1 pupils meeting the expected standard of phonic decoding","All","All","2018-2019","Academic Year","Bedford","Local authority","E06000055","All","5-6","80","%","2243","1796"
"Percentage of year 1 pupils meeting the expected standard of phonic decoding","All","All","2018-2019","Academic Year","Bedford","Local authority","E06000055","Boys","5-6","78","%","1137","887"
"Percentage of year 1 pupils meeting the expected standard of phonic decoding","All","All","2018-2019","Academic Year","Bedford","Local authority","E06000055","Girls","5-6","82","%","1106","909"
"Percentage of year 1 pupils meeting the expected standard of phonic decoding","Asian","ONS 2011 5+1","2018-2019","Academic Year","Bedford","Local authority","E06000055","All","5-6","85","%","338","286"
"Percentage of year 1 pupils meeting the expected standard of phonic decoding","Asian","ONS 2011 5+1","2018-2019","Academic Year","Bedford","Local authority","E06000055","Boys","5-6","84","%","160","134"
"Percentage of year 1 pupils meeting the expected standard of phonic decoding","Asian","ONS 2011 5+1","2018-2019","Academic Year","Bedford","Local authority","E06000055","Girls","5-6","85","%","178","152"
"Percentage of year 1 pupils meeting the expected standard of phonic decoding","Black","ONS 2011 5+1","2018-2019","Academic Year","Bedford","Local authority","E06000055","All","5-6","83","%","115","96"
"Percentage of year 1 pupils meeting the expected standard of phonic decoding","Black","ONS 2011 5+1","2018-2019","Academic Year","Bedford","Local authority","E06000055","Boys","5-6","80","%","50","40"
"Percentage of year 1 pupils meeting the expected standard of phonic decoding","Black","ONS 2011 5+1","2018-2019","Academic Year","Bedford","Local authority","E06000055","Girls","5-6","86","%","65","56"
"Percentage of year 1 pupils meeting the expected standard of phonic decoding","Chinese","ONS 2011 18+1","2018-2019","Academic Year","Bedford","Local authority","E06000055","All","5-6","100","%","4","4"
"Percentage of year 1 pupils meeting the expected standard of phonic decoding","Chinese","ONS 2011 18+1","2018-2019","Academic Year","Bedford","Local authority","E06000055","Boys","5-6","100","%","3","3"
"Percentage of year 1 pupils meeting the expected standard of phonic decoding","Chinese","ONS 2011 18+1","2018-2019","Academic Year","Bedford","Local authority","E06000055","Girls","5-6","100","%","1","1"
"Percentage of year 1 pupils meeting the expected standard of phonic decoding","Mixed","ONS 2011 5+1","2018-2019","Academic Year","Bedford","Local authority","E06000055","All","5-6","76","%","243","185"
"Percentage of year 1 pupils meeting the expected standard of phonic decoding","Mixed","ONS 2011 5+1","2018-2019","Academic Year","Bedford","Local authority","E06000055","Boys","5-6","67","%","126","84"
"Percentage of year 1 pupils meeting the expected standard of phonic decoding","Mixed","ONS 2011 5+1","2018-2019","Academic Year","Bedford","Local authority","E06000055","Girls","5-6","86","%","117","101"
"Percentage of year 1 pupils meeting the expected standard of phonic decoding","Other","ONS 2011 5+1","2018-2019","Academic Year","Bedford","Local authority","E06000055","All","5-6","76","%","33","25"
"Percentage of year 1 pupils meeting the expected standard of phonic decoding","Other","ONS 2011 5+1","2018-2019","Academic Year","Bedford","Local authority","E06000055","Boys","5-6","75","%","16","12"
"Percentage of year 1 pupils meeting the expected standard of phonic decoding","Other","ONS 2011 5+1","2018-2019","Academic Year","Bedford","Local authority","E06000055","Girls","5-6","76","%","17","13"
"Percentage of year 1 pupils meeting the expected standard of phonic decoding","White","ONS 2011 5+1","2018-2019","Academic Year","Bedford","Local authority","E06000055","All","5-6","80","%","1475","1178"
"Percentage of year 1 pupils meeting the expected standard of phonic decoding","White","ONS 2011 5+1","2018-2019","Academic Year","Bedford","Local authority","E06000055","Boys","5-6","79","%","766","605"
"Percentage of year 1 pupils meeting the expected standard of phonic decoding","White","ONS 2011 5+1","2018-2019","Academic Year","Bedford","Local authority","E06000055","Girls","5-6","81","%","709","573"
"Percentage of year 1 pupils meeting the expected standard of phonic decoding","All","All","2018-2019","Academic Year","Bexley","Local authority","E09000004","All","5-6","84","%","3137","2645"
"Percentage of year 1 pupils meeting the expected standard of phonic decoding","All","All","2018-2019","Academic Year","Bexley","Local authority","E09000004","Boys","5-6","81","%","1598","1299"
"Percentage of year 1 pupils meeting the expected standard of phonic decoding","All","All","2018-2019","Academic Year","Bexley","Local authority","E09000004","Girls","5-6","87","%","1539","1346"
"Percentage of year 1 pupils meeting the expected standard of phonic decoding","Asian","ONS 2011 5+1","2018-2019","Academic Year","Bexley","Local authority","E09000004","All","5-6","92","%","316","290"
"Percentage of year 1 pupils meeting the expected standard of phonic decoding","Asian","ONS 2011 5+1","2018-2019","Academic Year","Bexley","Local authority","E09000004","Boys","5-6","89","%","164","146"
"Percentage of year 1 pupils meeting the expected standard of phonic decoding","Asian","ONS 2011 5+1","2018-2019","Academic Year","Bexley","Local authority","E09000004","Girls","5-6","95","%","152","144"
"Percentage of year 1 pupils meeting the expected standard of phonic decoding","Black","ONS 2011 5+1","2018-2019","Academic Year","Bexley","Local authority","E09000004","All","5-6","87","%","495","430"
"Percentage of year 1 pupils meeting the expected standard of phonic decoding","Black","ONS 2011 5+1","2018-2019","Academic Year","Bexley","Local authority","E09000004","Boys","5-6","83","%","262","217"
"Percentage of year 1 pupils meeting the expected standard of phonic decoding","Black","ONS 2011 5+1","2018-2019","Academic Year","Bexley","Local authority","E09000004","Girls","5-6","91","%","233","213"
"Percentage of year 1 pupils meeting the expected standard of phonic decoding","Chinese","ONS 2011 18+1","2018-2019","Academic Year","Bexley","Local authority","E09000004","All","5-6","92","%","49","45"
"Percentage of year 1 pupils meeting the expected standard of phonic decoding","Chinese","ONS 2011 18+1","2018-2019","Academic Year","Bexley","Local authority","E09000004","Boys","5-6","83","%","24","20"
"Percentage of year 1 pupils meeting the expected standard of phonic decoding","Chinese","ONS 2011 18+1","2018-2019","Academic Year","Bexley","Local authority","E09000004","Girls","5-6","100","%","25","25"
"Percentage of year 1 pupils meeting the expected standard of phonic decoding","Mixed","ONS 2011 5+1","2018-2019","Academic Year","Bexley","Local authority","E09000004","All","5-6","86","%","262","225"
"Percentage of year 1 pupils meeting the expected standard of phonic decoding","Mixed","ONS 2011 5+1","2018-2019","Academic Year","Bexley","Local authority","E09000004","Boys","5-6","81","%","128","104"
"Percentage of year 1 pupils meeting the expected standard of phonic decoding","Mixed","ONS 2011 5+1","2018-2019","Academic Year","Bexley","Local authority","E09000004","Girls","5-6","90","%","134","121"
"Percentage of year 1 pupils meeting the expected standard of phonic decoding","Other","ONS 2011 5+1","2018-2019","Academic Year","Bexley","Local authority","E09000004","All","5-6","81","%","36","29"
"Percentage of year 1 pupils meeting the expected standard of phonic decoding","Other","ONS 2011 5+1","2018-2019","Academic Year","Bexley","Local authority","E09000004","Boys","5-6","83","%","18","15"
"Percentage of year 1 pupils meeting the expected standard of phonic decoding","Other","ONS 2011 5+1","2018-2019","Academic Year","Bexley","Local authority","E09000004","Girls","5-6","78","%","18","14"
"Percentage of year 1 pupils meeting the expected standard of phonic decoding","White","ONS 2011 5+1","2018-2019","Academic Year","Bexley","Local authority","E09000004","All","5-6","82","%","1943","1599"
"Percentage of year 1 pupils meeting the expected standard of phonic decoding","White","ONS 2011 5+1","2018-2019","Academic Year","Bexley","Local authority","E09000004","Boys","5-6","80","%","986","787"
"Percentage of year 1 pupils meeting the expected standard of phonic decoding","White","ONS 2011 5+1","2018-2019","Academic Year","Bexley","Local authority","E09000004","Girls","5-6","85","%","957","812"
"Percentage of year 1 pupils meeting the expected standard of phonic decoding","All","All","2018-2019","Academic Year","Birmingham","Local authority","E08000025","All","5-6","81","%","16237","13163"
"Percentage of year 1 pupils meeting the expected standard of phonic decoding","All","All","2018-2019","Academic Year","Birmingham","Local authority","E08000025","Boys","5-6","77","%","8425","6513"
"Percentage of year 1 pupils meeting the expected standard of phonic decoding","All","All","2018-2019","Academic Year","Birmingham","Local authority","E08000025","Girls","5-6","85","%","7812","6650"
"Percentage of year 1 pupils meeting the expected standard of phonic decoding","Asian","ONS 2011 5+1","2018-2019","Academic Year","Birmingham","Local authority","E08000025","All","5-6","83","%","5625","4682"
"Percentage of year 1 pupils meeting the expected standard of phonic decoding","Asian","ONS 2011 5+1","2018-2019","Academic Year","Birmingham","Local authority","E08000025","Boys","5-6","79","%","2890","2282"
"Percentage of year 1 pupils meeting the expected standard of phonic decoding","Asian","ONS 2011 5+1","2018-2019","Academic Year","Birmingham","Local authority","E08000025","Girls","5-6","88","%","2735","2400"
"Percentage of year 1 pupils meeting the expected standard of phonic decoding","Black","ONS 2011 5+1","2018-2019","Academic Year","Birmingham","Local authority","E08000025","All","5-6","81","%","1933","1574"
"Percentage of year 1 pupils meeting the expected standard of phonic decoding","Black","ONS 2011 5+1","2018-2019","Academic Year","Birmingham","Local authority","E08000025","Boys","5-6","77","%","1026","792"
"Percentage of year 1 pupils meeting the expected standard of phonic decoding","Black","ONS 2011 5+1","2018-2019","Academic Year","Birmingham","Local authority","E08000025","Girls","5-6","86","%","907","782"
"Percentage of year 1 pupils meeting the expected standard of phonic decoding","Chinese","ONS 2011 18+1","2018-2019","Academic Year","Birmingham","Local authority","E08000025","All","5-6","89","%","99","88"
"Percentage of year 1 pupils meeting the expected standard of phonic decoding","Chinese","ONS 2011 18+1","2018-2019","Academic Year","Birmingham","Local authority","E08000025","Boys","5-6","85","%","53","45"
"Percentage of year 1 pupils meeting the expected standard of phonic decoding","Chinese","ONS 2011 18+1","2018-2019","Academic Year","Birmingham","Local authority","E08000025","Girls","5-6","93","%","46","43"
"Percentage of year 1 pupils meeting the expected standard of phonic decoding","Mixed","ONS 2011 5+1","2018-2019","Academic Year","Birmingham","Local authority","E08000025","All","5-6","83","%","1565","1293"
"Percentage of year 1 pupils meeting the expected standard of phonic decoding","Mixed","ONS 2011 5+1","2018-2019","Academic Year","Birmingham","Local authority","E08000025","Boys","5-6","80","%","818","654"
"Percentage of year 1 pupils meeting the expected standard of phonic decoding","Mixed","ONS 2011 5+1","2018-2019","Academic Year","Birmingham","Local authority","E08000025","Girls","5-6","86","%","747","639"
"Percentage of year 1 pupils meeting the expected standard of phonic decoding","Other","ONS 2011 5+1","2018-2019","Academic Year","Birmingham","Local authority","E08000025","All","5-6","81","%","848","685"
"Percentage of year 1 pupils meeting the expected standard of phonic decoding","Other","ONS 2011 5+1","2018-2019","Academic Year","Birmingham","Local authority","E08000025","Boys","5-6","77","%","461","353"
"Percentage of year 1 pupils meeting the expected standard of phonic decoding","Other","ONS 2011 5+1","2018-2019","Academic Year","Birmingham","Local authority","E08000025","Girls","5-6","86","%","387","332"
"Percentage of year 1 pupils meeting the expected standard of phonic decoding","White","ONS 2011 5+1","2018-2019","Academic Year","Birmingham","Local authority","E08000025","All","5-6","80","%","5663","4536"
"Percentage of year 1 pupils meeting the expected standard of phonic decoding","White","ONS 2011 5+1","2018-2019","Academic Year","Birmingham","Local authority","E08000025","Boys","5-6","77","%","2924","2246"
"Percentage of year 1 pupils meeting the expected standard of phonic decoding","White","ONS 2011 5+1","2018-2019","Academic Year","Birmingham","Local authority","E08000025","Girls","5-6","84","%","2739","2290"
"Percentage of year 1 pupils meeting the expected standard of phonic decoding","All","All","2018-2019","Academic Year","Blackburn with Darwen","Local authority","E06000008","All","5-6","82","%","2179","1779"
"Percentage of year 1 pupils meeting the expected standard of phonic decoding","All","All","2018-2019","Academic Year","Blackburn with Darwen","Local authority","E06000008","Boys","5-6","80","%","1141","908"
"Percentage of year 1 pupils meeting the expected standard of phonic decoding","All","All","2018-2019","Academic Year","Blackburn with Darwen","Local authority","E06000008","Girls","5-6","84","%","1038","871"
"Percentage of year 1 pupils meeting the expected standard of phonic decoding","Asian","ONS 2011 5+1","2018-2019","Academic Year","Blackburn with Darwen","Local authority","E06000008","All","5-6","84","%","930","783"
"Percentage of year 1 pupils meeting the expected standard of phonic decoding","Asian","ONS 2011 5+1","2018-2019","Academic Year","Blackburn with Darwen","Local authority","E06000008","Boys","5-6","82","%","495","405"
"Percentage of year 1 pupils meeting the expected standard of phonic decoding","Asian","ONS 2011 5+1","2018-2019","Academic Year","Blackburn with Darwen","Local authority","E06000008","Girls","5-6","87","%","435","378"
"Percentage of year 1 pupils meeting the expected standard of phonic decoding","Black","ONS 2011 5+1","2018-2019","Academic Year","Blackburn with Darwen","Local authority","E06000008","All","5-6","76","%","17","13"
"Percentage of year 1 pupils meeting the expected standard of phonic decoding","Black","ONS 2011 5+1","2018-2019","Academic Year","Blackburn with Darwen","Local authority","E06000008","Boys","5-6","69","%","13","9"
"Percentage of year 1 pupils meeting the expected standard of phonic decoding","Black","ONS 2011 5+1","2018-2019","Academic Year","Blackburn with Darwen","Local authority","E06000008","Girls","5-6","100","%","4","4"
"Percentage of year 1 pupils meeting the expected standard of phonic decoding","Chinese","ONS 2011 18+1","2018-2019","Academic Year","Blackburn with Darwen","Local authority","E06000008","All","5-6","86","%","7","6"
"Percentage of year 1 pupils meeting the expected standard of phonic decoding","Chinese","ONS 2011 18+1","2018-2019","Academic Year","Blackburn with Darwen","Local authority","E06000008","Boys","5-6","100","%","2","2"
"Percentage of year 1 pupils meeting the expected standard of phonic decoding","Chinese","ONS 2011 18+1","2018-2019","Academic Year","Blackburn with Darwen","Local authority","E06000008","Girls","5-6","80","%","5","4"
"Percentage of year 1 pupils meeting the expected standard of phonic decoding","Mixed","ONS 2011 5+1","2018-2019","Academic Year","Blackburn with Darwen","Local authority","E06000008","All","5-6","84","%","80","67"
"Percentage of year 1 pupils meeting the expected standard of phonic decoding","Mixed","ONS 2011 5+1","2018-2019","Academic Year","Blackburn with Darwen","Local authority","E06000008","Boys","5-6","87","%","38","33"
"Percentage of year 1 pupils meeting the expected standard of phonic decoding","Mixed","ONS 2011 5+1","2018-2019","Academic Year","Blackburn with Darwen","Local authority","E06000008","Girls","5-6","81","%","42","34"
"Percentage of year 1 pupils meeting the expected standard of phonic decoding","Other","ONS 2011 5+1","2018-2019","Academic Year","Blackburn with Darwen","Local authority","E06000008","All","5-6","89","%","18","16"
"Percentage of year 1 pupils meeting the expected standard of phonic decoding","Other","ONS 2011 5+1","2018-2019","Academic Year","Blackburn with Darwen","Local authority","E06000008","Boys","5-6","86","%","14","12"
"Percentage of year 1 pupils meeting the expected standard of phonic decoding","Other","ONS 2011 5+1","2018-2019","Academic Year","Blackburn with Darwen","Local authority","E06000008","Girls","5-6","100","%","4","4"
"Percentage of year 1 pupils meeting the expected standard of phonic decoding","White","ONS 2011 5+1","2018-2019","Academic Year","Blackburn with Darwen","Local authority","E06000008","All","5-6","81","%","1095","883"
"Percentage of year 1 pupils meeting the expected standard of phonic decoding","White","ONS 2011 5+1","2018-2019","Academic Year","Blackburn with Darwen","Local authority","E06000008","Boys","5-6","78","%","563","441"
"Percentage of year 1 pupils meeting the expected standard of phonic decoding","White","ONS 2011 5+1","2018-2019","Academic Year","Blackburn with Darwen","Local authority","E06000008","Girls","5-6","83","%","532","442"
"Percentage of year 1 pupils meeting the expected standard of phonic decoding","All","All","2018-2019","Academic Year","Blackpool","Local authority","E06000009","All","5-6","82","%","1690","1390"
"Percentage of year 1 pupils meeting the expected standard of phonic decoding","All","All","2018-2019","Academic Year","Blackpool","Local authority","E06000009","Boys","5-6","80","%","881","701"
"Percentage of year 1 pupils meeting the expected standard of phonic decoding","All","All","2018-2019","Academic Year","Blackpool","Local authority","E06000009","Girls","5-6","85","%","809","689"
"Percentage of year 1 pupils meeting the expected standard of phonic decoding","Asian","ONS 2011 5+1","2018-2019","Academic Year","Blackpool","Local authority","E06000009","All","5-6","90","%","42","38"
"Percentage of year 1 pupils meeting the expected standard of phonic decoding","Asian","ONS 2011 5+1","2018-2019","Academic Year","Blackpool","Local authority","E06000009","Boys","5-6","94","%","18","17"
"Percentage of year 1 pupils meeting the expected standard of phonic decoding","Asian","ONS 2011 5+1","2018-2019","Academic Year","Blackpool","Local authority","E06000009","Girls","5-6","88","%","24","21"
"Percentage of year 1 pupils meeting the expected standard of phonic decoding","Black","ONS 2011 5+1","2018-2019","Academic Year","Blackpool","Local authority","E06000009","All","5-6","89","%","9","8"
"Percentage of year 1 pupils meeting the expected standard of phonic decoding","Black","ONS 2011 5+1","2018-2019","Academic Year","Blackpool","Local authority","E06000009","Boys","5-6","100","%","4","4"
"Percentage of year 1 pupils meeting the expected standard of phonic decoding","Black","ONS 2011 5+1","2018-2019","Academic Year","Blackpool","Local authority","E06000009","Girls","5-6","80","%","5","4"
"Percentage of year 1 pupils meeting the expected standard of phonic decoding","Chinese","ONS 2011 18+1","2018-2019","Academic Year","Blackpool","Local authority","E06000009","All","5-6","90","%","10","9"
"Percentage of year 1 pupils meeting the expected standard of phonic decoding","Chinese","ONS 2011 18+1","2018-2019","Academic Year","Blackpool","Local authority","E06000009","Boys","5-6","80","%","5","4"
"Percentage of year 1 pupils meeting the expected standard of phonic decoding","Chinese","ONS 2011 18+1","2018-2019","Academic Year","Blackpool","Local authority","E06000009","Girls","5-6","100","%","5","5"
"Percentage of year 1 pupils meeting the expected standard of phonic decoding","Mixed","ONS 2011 5+1","2018-2019","Academic Year","Blackpool","Local authority","E06000009","All","5-6","85","%","47","40"
"Percentage of year 1 pupils meeting the expected standard of phonic decoding","Mixed","ONS 2011 5+1","2018-2019","Academic Year","Blackpool","Local authority","E06000009","Boys","5-6","83","%","23","19"
"Percentage of year 1 pupils meeting the expected standard of phonic decoding","Mixed","ONS 2011 5+1","2018-2019","Academic Year","Blackpool","Local authority","E06000009","Girls","5-6","88","%","24","21"
"Percentage of year 1 pupils meeting the expected standard of phonic decoding","Other","ONS 2011 5+1","2018-2019","Academic Year","Blackpool","Local authority","E06000009","All","5-6","89","%","9","8"
"Percentage of year 1 pupils meeting the expected standard of phonic decoding","Other","ONS 2011 5+1","2018-2019","Academic Year","Blackpool","Local authority","E06000009","Boys","5-6","75","%","4","3"
"Percentage of year 1 pupils meeting the expected standard of phonic decoding","Other","ONS 2011 5+1","2018-2019","Academic Year","Blackpool","Local authority","E06000009","Girls","5-6","100","%","5","5"
"Percentage of year 1 pupils meeting the expected standard of phonic decoding","White","ONS 2011 5+1","2018-2019","Academic Year","Blackpool","Local authority","E06000009","All","5-6","82","%","1560","1278"
"Percentage of year 1 pupils meeting the expected standard of phonic decoding","White","ONS 2011 5+1","2018-2019","Academic Year","Blackpool","Local authority","E06000009","Boys","5-6","79","%","821","649"
"Percentage of year 1 pupils meeting the expected standard of phonic decoding","White","ONS 2011 5+1","2018-2019","Academic Year","Blackpool","Local authority","E06000009","Girls","5-6","85","%","739","629"
"Percentage of year 1 pupils meeting the expected standard of phonic decoding","All","All","2018-2019","Academic Year","Bolton","Local authority","E08000001","All","5-6","81","%","3972","3237"
"Percentage of year 1 pupils meeting the expected standard of phonic decoding","All","All","2018-2019","Academic Year","Bolton","Local authority","E08000001","Boys","5-6","77","%","2014","1553"
"Percentage of year 1 pupils meeting the expected standard of phonic decoding","All","All","2018-2019","Academic Year","Bolton","Local authority","E08000001","Girls","5-6","86","%","1958","1684"
"Percentage of year 1 pupils meeting the expected standard of phonic decoding","Asian","ONS 2011 5+1","2018-2019","Academic Year","Bolton","Local authority","E08000001","All","5-6","84","%","971","818"
"Percentage of year 1 pupils meeting the expected standard of phonic decoding","Asian","ONS 2011 5+1","2018-2019","Academic Year","Bolton","Local authority","E08000001","Boys","5-6","82","%","487","399"
"Percentage of year 1 pupils meeting the expected standard of phonic decoding","Asian","ONS 2011 5+1","2018-2019","Academic Year","Bolton","Local authority","E08000001","Girls","5-6","87","%","484","419"
"Percentage of year 1 pupils meeting the expected standard of phonic decoding","Black","ONS 2011 5+1","2018-2019","Academic Year","Bolton","Local authority","E08000001","All","5-6","75","%","257","193"
"Percentage of year 1 pupils meeting the expected standard of phonic decoding","Black","ONS 2011 5+1","2018-2019","Academic Year","Bolton","Local authority","E08000001","Boys","5-6","68","%","131","89"
"Percentage of year 1 pupils meeting the expected standard of phonic decoding","Black","ONS 2011 5+1","2018-2019","Academic Year","Bolton","Local authority","E08000001","Girls","5-6","83","%","126","104"
"Percentage of year 1 pupils meeting the expected standard of phonic decoding","Chinese","ONS 2011 18+1","2018-2019","Academic Year","Bolton","Local authority","E08000001","All","5-6","89","%","18","16"
"Percentage of year 1 pupils meeting the expected standard of phonic decoding","Chinese","ONS 2011 18+1","2018-2019","Academic Year","Bolton","Local authority","E08000001","Boys","5-6","100","%","10","10"
"Percentage of year 1 pupils meeting the expected standard of phonic decoding","Chinese","ONS 2011 18+1","2018-2019","Academic Year","Bolton","Local authority","E08000001","Girls","5-6","75","%","8","6"
"Percentage of year 1 pupils meeting the expected standard of phonic decoding","Mixed","ONS 2011 5+1","2018-2019","Academic Year","Bolton","Local authority","E08000001","All","5-6","81","%","205","167"
"Percentage of year 1 pupils meeting the expected standard of phonic decoding","Mixed","ONS 2011 5+1","2018-2019","Academic Year","Bolton","Local authority","E08000001","Boys","5-6","78","%","114","89"
"Percentage of year 1 pupils meeting the expected standard of phonic decoding","Mixed","ONS 2011 5+1","2018-2019","Academic Year","Bolton","Local authority","E08000001","Girls","5-6","86","%","91","78"
"Percentage of year 1 pupils meeting the expected standard of phonic decoding","Other","ONS 2011 5+1","2018-2019","Academic Year","Bolton","Local authority","E08000001","All","5-6","78","%","85","66"
"Percentage of year 1 pupils meeting the expected standard of phonic decoding","Other","ONS 2011 5+1","2018-2019","Academic Year","Bolton","Local authority","E08000001","Boys","5-6","74","%","43","32"
"Percentage of year 1 pupils meeting the expected standard of phonic decoding","Other","ONS 2011 5+1","2018-2019","Academic Year","Bolton","Local authority","E08000001","Girls","5-6","81","%","42","34"
"Percentage of year 1 pupils meeting the expected standard of phonic decoding","White","ONS 2011 5+1","2018-2019","Academic Year","Bolton","Local authority","E08000001","All","5-6","82","%","2384","1958"
"Percentage of year 1 pupils meeting the expected standard of phonic decoding","White","ONS 2011 5+1","2018-2019","Academic Year","Bolton","Local authority","E08000001","Boys","5-6","77","%","1198","923"
"Percentage of year 1 pupils meeting the expected standard of phonic decoding","White","ONS 2011 5+1","2018-2019","Academic Year","Bolton","Local authority","E08000001","Girls","5-6","87","%","1186","1035"
"Percentage of year 1 pupils meeting the expected standard of phonic decoding","All","All","2018-2019","Academic Year","Bournemouth, Christchurch and Poole","Local authority","E06000058","All","5-6","82","%","3984","3261"
"Percentage of year 1 pupils meeting the expected standard of phonic decoding","All","All","2018-2019","Academic Year","Bournemouth, Christchurch and Poole","Local authority","E06000058","Boys","5-6","78","%","2061","1614"
"Percentage of year 1 pupils meeting the expected standard of phonic decoding","All","All","2018-2019","Academic Year","Bournemouth, Christchurch and Poole","Local authority","E06000058","Girls","5-6","86","%","1923","1647"
"Percentage of year 1 pupils meeting the expected standard of phonic decoding","Asian","ONS 2011 5+1","2018-2019","Academic Year","Bournemouth, Christchurch and Poole","Local authority","E06000058","All","5-6","92","%","129","119"
"Percentage of year 1 pupils meeting the expected standard of phonic decoding","Asian","ONS 2011 5+1","2018-2019","Academic Year","Bournemouth, Christchurch and Poole","Local authority","E06000058","Boys","5-6","91","%","65","59"
"Percentage of year 1 pupils meeting the expected standard of phonic decoding","Asian","ONS 2011 5+1","2018-2019","Academic Year","Bournemouth, Christchurch and Poole","Local authority","E06000058","Girls","5-6","94","%","64","60"
"Percentage of year 1 pupils meeting the expected standard of phonic decoding","Black","ONS 2011 5+1","2018-2019","Academic Year","Bournemouth, Christchurch and Poole","Local authority","E06000058","All","5-6","89","%","38","34"
"Percentage of year 1 pupils meeting the expected standard of phonic decoding","Black","ONS 2011 5+1","2018-2019","Academic Year","Bournemouth, Christchurch and Poole","Local authority","E06000058","Boys","5-6","93","%","15","14"
"Percentage of year 1 pupils meeting the expected standard of phonic decoding","Black","ONS 2011 5+1","2018-2019","Academic Year","Bournemouth, Christchurch and Poole","Local authority","E06000058","Girls","5-6","87","%","23","20"
"Percentage of year 1 pupils meeting the expected standard of phonic decoding","Chinese","ONS 2011 18+1","2018-2019","Academic Year","Bournemouth, Christchurch and Poole","Local authority","E06000058","All","5-6","96","%","24","23"
"Percentage of year 1 pupils meeting the expected standard of phonic decoding","Chinese","ONS 2011 18+1","2018-2019","Academic Year","Bournemouth, Christchurch and Poole","Local authority","E06000058","Boys","5-6","100","%","14","14"
"Percentage of year 1 pupils meeting the expected standard of phonic decoding","Chinese","ONS 2011 18+1","2018-2019","Academic Year","Bournemouth, Christchurch and Poole","Local authority","E06000058","Girls","5-6","90","%","10","9"
"Percentage of year 1 pupils meeting the expected standard of phonic decoding","Mixed","ONS 2011 5+1","2018-2019","Academic Year","Bournemouth, Christchurch and Poole","Local authority","E06000058","All","5-6","83","%","254","210"
"Percentage of year 1 pupils meeting the expected standard of phonic decoding","Mixed","ONS 2011 5+1","2018-2019","Academic Year","Bournemouth, Christchurch and Poole","Local authority","E06000058","Boys","5-6","80","%","147","118"
"Percentage of year 1 pupils meeting the expected standard of phonic decoding","Mixed","ONS 2011 5+1","2018-2019","Academic Year","Bournemouth, Christchurch and Poole","Local authority","E06000058","Girls","5-6","86","%","107","92"
"Percentage of year 1 pupils meeting the expected standard of phonic decoding","Other","ONS 2011 5+1","2018-2019","Academic Year","Bournemouth, Christchurch and Poole","Local authority","E06000058","All","5-6","77","%","35","27"
"Percentage of year 1 pupils meeting the expected standard of phonic decoding","Other","ONS 2011 5+1","2018-2019","Academic Year","Bournemouth, Christchurch and Poole","Local authority","E06000058","Boys","5-6","70","%","20","14"
"Percentage of year 1 pupils meeting the expected standard of phonic decoding","Other","ONS 2011 5+1","2018-2019","Academic Year","Bournemouth, Christchurch and Poole","Local authority","E06000058","Girls","5-6","87","%","15","13"
"Percentage of year 1 pupils meeting the expected standard of phonic decoding","White","ONS 2011 5+1","2018-2019","Academic Year","Bournemouth, Christchurch and Poole","Local authority","E06000058","All","5-6","82","%","3439","2813"
"Percentage of year 1 pupils meeting the expected standard of phonic decoding","White","ONS 2011 5+1","2018-2019","Academic Year","Bournemouth, Christchurch and Poole","Local authority","E06000058","Boys","5-6","78","%","1764","1374"
"Percentage of year 1 pupils meeting the expected standard of phonic decoding","White","ONS 2011 5+1","2018-2019","Academic Year","Bournemouth, Christchurch and Poole","Local authority","E06000058","Girls","5-6","86","%","1675","1439"
"Percentage of year 1 pupils meeting the expected standard of phonic decoding","All","All","2018-2019","Academic Year","Bracknell Forest","Local authority","E06000036","All","5-6","85","%","1427","1209"
"Percentage of year 1 pupils meeting the expected standard of phonic decoding","All","All","2018-2019","Academic Year","Bracknell Forest","Local authority","E06000036","Boys","5-6","82","%","760","624"
"Percentage of year 1 pupils meeting the expected standard of phonic decoding","All","All","2018-2019","Academic Year","Bracknell Forest","Local authority","E06000036","Girls","5-6","88","%","667","585"
"Percentage of year 1 pupils meeting the expected standard of phonic decoding","Asian","ONS 2011 5+1","2018-2019","Academic Year","Bracknell Forest","Local authority","E06000036","All","5-6","89","%","94","84"
"Percentage of year 1 pupils meeting the expected standard of phonic decoding","Asian","ONS 2011 5+1","2018-2019","Academic Year","Bracknell Forest","Local authority","E06000036","Boys","5-6","87","%","54","47"
"Percentage of year 1 pupils meeting the expected standard of phonic decoding","Asian","ONS 2011 5+1","2018-2019","Academic Year","Bracknell Forest","Local authority","E06000036","Girls","5-6","93","%","40","37"
"Percentage of year 1 pupils meeting the expected standard of phonic decoding","Black","ONS 2011 5+1","2018-2019","Academic Year","Bracknell Forest","Local authority","E06000036","All","5-6","87","%","45","39"
"Percentage of year 1 pupils meeting the expected standard of phonic decoding","Black","ONS 2011 5+1","2018-2019","Academic Year","Bracknell Forest","Local authority","E06000036","Boys","5-6","76","%","21","16"
"Percentage of year 1 pupils meeting the expected standard of phonic decoding","Black","ONS 2011 5+1","2018-2019","Academic Year","Bracknell Forest","Local authority","E06000036","Girls","5-6","96","%","24","23"
"Percentage of year 1 pupils meeting the expected standard of phonic decoding","Chinese","ONS 2011 18+1","2018-2019","Academic Year","Bracknell Forest","Local authority","E06000036","All","5-6","100","%","3","3"
"Percentage of year 1 pupils meeting the expected standard of phonic decoding","Chinese","ONS 2011 18+1","2018-2019","Academic Year","Bracknell Forest","Local authority","E06000036","Boys","5-6","100","%","2","2"
"Percentage of year 1 pupils meeting the expected standard of phonic decoding","Chinese","ONS 2011 18+1","2018-2019","Academic Year","Bracknell Forest","Local authority","E06000036","Girls","5-6","100","%","1","1"
"Percentage of year 1 pupils meeting the expected standard of phonic decoding","Mixed","ONS 2011 5+1","2018-2019","Academic Year","Bracknell Forest","Local authority","E06000036","All","5-6","92","%","85","78"
"Percentage of year 1 pupils meeting the expected standard of phonic decoding","Mixed","ONS 2011 5+1","2018-2019","Academic Year","Bracknell Forest","Local authority","E06000036","Boys","5-6","89","%","38","34"
"Percentage of year 1 pupils meeting the expected standard of phonic decoding","Mixed","ONS 2011 5+1","2018-2019","Academic Year","Bracknell Forest","Local authority","E06000036","Girls","5-6","94","%","47","44"
"Percentage of year 1 pupils meeting the expected standard of phonic decoding","Other","ONS 2011 5+1","2018-2019","Academic Year","Bracknell Forest","Local authority","E06000036","All","5-6","87","%","15","13"
"Percentage of year 1 pupils meeting the expected standard of phonic decoding","Other","ONS 2011 5+1","2018-2019","Academic Year","Bracknell Forest","Local authority","E06000036","Boys","5-6","78","%","9","7"
"Percentage of year 1 pupils meeting the expected standard of phonic decoding","Other","ONS 2011 5+1","2018-2019","Academic Year","Bracknell Forest","Local authority","E06000036","Girls","5-6","100","%","6","6"
"Percentage of year 1 pupils meeting the expected standard of phonic decoding","White","ONS 2011 5+1","2018-2019","Academic Year","Bracknell Forest","Local authority","E06000036","All","5-6","84","%","1162","975"
"Percentage of year 1 pupils meeting the expected standard of phonic decoding","White","ONS 2011 5+1","2018-2019","Academic Year","Bracknell Forest","Local authority","E06000036","Boys","5-6","81","%","625","509"
"Percentage of year 1 pupils meeting the expected standard of phonic decoding","White","ONS 2011 5+1","2018-2019","Academic Year","Bracknell Forest","Local authority","E06000036","Girls","5-6","87","%","537","466"
"Percentage of year 1 pupils meeting the expected standard of phonic decoding","All","All","2018-2019","Academic Year","Bradford","Local authority","E08000032","All","5-6","81","%","7776","6287"
"Percentage of year 1 pupils meeting the expected standard of phonic decoding","All","All","2018-2019","Academic Year","Bradford","Local authority","E08000032","Boys","5-6","77","%","3852","2962"
"Percentage of year 1 pupils meeting the expected standard of phonic decoding","All","All","2018-2019","Academic Year","Bradford","Local authority","E08000032","Girls","5-6","85","%","3924","3325"
"Percentage of year 1 pupils meeting the expected standard of phonic decoding","Asian","ONS 2011 5+1","2018-2019","Academic Year","Bradford","Local authority","E08000032","All","5-6","84","%","3026","2529"
"Percentage of year 1 pupils meeting the expected standard of phonic decoding","Asian","ONS 2011 5+1","2018-2019","Academic Year","Bradford","Local authority","E08000032","Boys","5-6","79","%","1464","1163"
"Percentage of year 1 pupils meeting the expected standard of phonic decoding","Asian","ONS 2011 5+1","2018-2019","Academic Year","Bradford","Local authority","E08000032","Girls","5-6","87","%","1562","1366"
"Percentage of year 1 pupils meeting the expected standard of phonic decoding","Black","ONS 2011 5+1","2018-2019","Academic Year","Bradford","Local authority","E08000032","All","5-6","81","%","121","98"
"Percentage of year 1 pupils meeting the expected standard of phonic decoding","Black","ONS 2011 5+1","2018-2019","Academic Year","Bradford","Local authority","E08000032","Boys","5-6","75","%","53","40"
"Percentage of year 1 pupils meeting the expected standard of phonic decoding","Black","ONS 2011 5+1","2018-2019","Academic Year","Bradford","Local authority","E08000032","Girls","5-6","85","%","68","58"
"Percentage of year 1 pupils meeting the expected standard of phonic decoding","Chinese","ONS 2011 18+1","2018-2019","Academic Year","Bradford","Local authority","E08000032","All","5-6","100","%","4","4"
"Percentage of year 1 pupils meeting the expected standard of phonic decoding","Chinese","ONS 2011 18+1","2018-2019","Academic Year","Bradford","Local authority","E08000032","Boys","5-6","100","%","3","3"
"Percentage of year 1 pupils meeting the expected standard of phonic decoding","Chinese","ONS 2011 18+1","2018-2019","Academic Year","Bradford","Local authority","E08000032","Girls","5-6","100","%","1","1"
"Percentage of year 1 pupils meeting the expected standard of phonic decoding","Mixed","ONS 2011 5+1","2018-2019","Academic Year","Bradford","Local authority","E08000032","All","5-6","79","%","520","410"
"Percentage of year 1 pupils meeting the expected standard of phonic decoding","Mixed","ONS 2011 5+1","2018-2019","Academic Year","Bradford","Local authority","E08000032","Boys","5-6","74","%","261","192"
"Percentage of year 1 pupils meeting the expected standard of phonic decoding","Mixed","ONS 2011 5+1","2018-2019","Academic Year","Bradford","Local authority","E08000032","Girls","5-6","84","%","259","218"
"Percentage of year 1 pupils meeting the expected standard of phonic decoding","Other","ONS 2011 5+1","2018-2019","Academic Year","Bradford","Local authority","E08000032","All","5-6","80","%","107","86"
"Percentage of year 1 pupils meeting the expected standard of phonic decoding","Other","ONS 2011 5+1","2018-2019","Academic Year","Bradford","Local authority","E08000032","Boys","5-6","71","%","51","36"
"Percentage of year 1 pupils meeting the expected standard of phonic decoding","Other","ONS 2011 5+1","2018-2019","Academic Year","Bradford","Local authority","E08000032","Girls","5-6","89","%","56","50"
"Percentage of year 1 pupils meeting the expected standard of phonic decoding","White","ONS 2011 5+1","2018-2019","Academic Year","Bradford","Local authority","E08000032","All","5-6","80","%","3880","3093"
"Percentage of year 1 pupils meeting the expected standard of phonic decoding","White","ONS 2011 5+1","2018-2019","Academic Year","Bradford","Local authority","E08000032","Boys","5-6","76","%","1955","1495"
"Percentage of year 1 pupils meeting the expected standard of phonic decoding","White","ONS 2011 5+1","2018-2019","Academic Year","Bradford","Local authority","E08000032","Girls","5-6","83","%","1925","1598"
"Percentage of year 1 pupils meeting the expected standard of phonic decoding","All","All","2018-2019","Academic Year","Brent","Local authority","E09000005","All","5-6","83","%","3732","3094"
"Percentage of year 1 pupils meeting the expected standard of phonic decoding","All","All","2018-2019","Academic Year","Brent","Local authority","E09000005","Boys","5-6","80","%","1935","1547"
"Percentage of year 1 pupils meeting the expected standard of phonic decoding","All","All","2018-2019","Academic Year","Brent","Local authority","E09000005","Girls","5-6","86","%","1797","1547"
"Percentage of year 1 pupils meeting the expected standard of phonic decoding","Asian","ONS 2011 5+1","2018-2019","Academic Year","Brent","Local authority","E09000005","All","5-6","87","%","1109","965"
"Percentage of year 1 pupils meeting the expected standard of phonic decoding","Asian","ONS 2011 5+1","2018-2019","Academic Year","Brent","Local authority","E09000005","Boys","5-6","85","%","563","477"
"Percentage of year 1 pupils meeting the expected standard of phonic decoding","Asian","ONS 2011 5+1","2018-2019","Academic Year","Brent","Local authority","E09000005","Girls","5-6","89","%","546","488"
"Percentage of year 1 pupils meeting the expected standard of phonic decoding","Black","ONS 2011 5+1","2018-2019","Academic Year","Brent","Local authority","E09000005","All","5-6","82","%","753","621"
"Percentage of year 1 pupils meeting the expected standard of phonic decoding","Black","ONS 2011 5+1","2018-2019","Academic Year","Brent","Local authority","E09000005","Boys","5-6","80","%","385","308"
"Percentage of year 1 pupils meeting the expected standard of phonic decoding","Black","ONS 2011 5+1","2018-2019","Academic Year","Brent","Local authority","E09000005","Girls","5-6","85","%","368","313"
"Percentage of year 1 pupils meeting the expected standard of phonic decoding","Chinese","ONS 2011 18+1","2018-2019","Academic Year","Brent","Local authority","E09000005","All","5-6","91","%","11","10"
"Percentage of year 1 pupils meeting the expected standard of phonic decoding","Chinese","ONS 2011 18+1","2018-2019","Academic Year","Brent","Local authority","E09000005","Boys","5-6","67","%","3","2"
"Percentage of year 1 pupils meeting the expected standard of phonic decoding","Chinese","ONS 2011 18+1","2018-2019","Academic Year","Brent","Local authority","E09000005","Girls","5-6","100","%","8","8"
"Percentage of year 1 pupils meeting the expected standard of phonic decoding","Mixed","ONS 2011 5+1","2018-2019","Academic Year","Brent","Local authority","E09000005","All","5-6","86","%","327","282"
"Percentage of year 1 pupils meeting the expected standard of phonic decoding","Mixed","ONS 2011 5+1","2018-2019","Academic Year","Brent","Local authority","E09000005","Boys","5-6","86","%","184","159"
"Percentage of year 1 pupils meeting the expected standard of phonic decoding","Mixed","ONS 2011 5+1","2018-2019","Academic Year","Brent","Local authority","E09000005","Girls","5-6","86","%","143","123"
"Percentage of year 1 pupils meeting the expected standard of phonic decoding","Other","ONS 2011 5+1","2018-2019","Academic Year","Brent","Local authority","E09000005","All","5-6","76","%","427","325"
"Percentage of year 1 pupils meeting the expected standard of phonic decoding","Other","ONS 2011 5+1","2018-2019","Academic Year","Brent","Local authority","E09000005","Boys","5-6","71","%","232","164"
"Percentage of year 1 pupils meeting the expected standard of phonic decoding","Other","ONS 2011 5+1","2018-2019","Academic Year","Brent","Local authority","E09000005","Girls","5-6","83","%","195","161"
"Percentage of year 1 pupils meeting the expected standard of phonic decoding","White","ONS 2011 5+1","2018-2019","Academic Year","Brent","Local authority","E09000005","All","5-6","84","%","1012","852"
"Percentage of year 1 pupils meeting the expected standard of phonic decoding","White","ONS 2011 5+1","2018-2019","Academic Year","Brent","Local authority","E09000005","Boys","5-6","81","%","519","419"
"Percentage of year 1 pupils meeting the expected standard of phonic decoding","White","ONS 2011 5+1","2018-2019","Academic Year","Brent","Local authority","E09000005","Girls","5-6","88","%","493","433"
"Percentage of year 1 pupils meeting the expected standard of phonic decoding","All","All","2018-2019","Academic Year","Brighton and Hove","Local authority","E06000043","All","5-6","80","%","2605","2090"
"Percentage of year 1 pupils meeting the expected standard of phonic decoding","All","All","2018-2019","Academic Year","Brighton and Hove","Local authority","E06000043","Boys","5-6","76","%","1338","1016"
"Percentage of year 1 pupils meeting the expected standard of phonic decoding","All","All","2018-2019","Academic Year","Brighton and Hove","Local authority","E06000043","Girls","5-6","85","%","1267","1074"
"Percentage of year 1 pupils meeting the expected standard of phonic decoding","Asian","ONS 2011 5+1","2018-2019","Academic Year","Brighton and Hove","Local authority","E06000043","All","5-6","77","%","98","75"
"Percentage of year 1 pupils meeting the expected standard of phonic decoding","Asian","ONS 2011 5+1","2018-2019","Academic Year","Brighton and Hove","Local authority","E06000043","Boys","5-6","71","%","52","37"
"Percentage of year 1 pupils meeting the expected standard of phonic decoding","Asian","ONS 2011 5+1","2018-2019","Academic Year","Brighton and Hove","Local authority","E06000043","Girls","5-6","83","%","46","38"
"Percentage of year 1 pupils meeting the expected standard of phonic decoding","Black","ONS 2011 5+1","2018-2019","Academic Year","Brighton and Hove","Local authority","E06000043","All","5-6","74","%","53","39"
"Percentage of year 1 pupils meeting the expected standard of phonic decoding","Black","ONS 2011 5+1","2018-2019","Academic Year","Brighton and Hove","Local authority","E06000043","Boys","5-6","65","%","23","15"
"Percentage of year 1 pupils meeting the expected standard of phonic decoding","Black","ONS 2011 5+1","2018-2019","Academic Year","Brighton and Hove","Local authority","E06000043","Girls","5-6","80","%","30","24"
"Percentage of year 1 pupils meeting the expected standard of phonic decoding","Chinese","ONS 2011 18+1","2018-2019","Academic Year","Brighton and Hove","Local authority","E06000043","All","5-6","79","%","19","15"
"Percentage of year 1 pupils meeting the expected standard of phonic decoding","Chinese","ONS 2011 18+1","2018-2019","Academic Year","Brighton and Hove","Local authority","E06000043","Boys","5-6","83","%","12","10"
"Percentage of year 1 pupils meeting the expected standard of phonic decoding","Chinese","ONS 2011 18+1","2018-2019","Academic Year","Brighton and Hove","Local authority","E06000043","Girls","5-6","71","%","7","5"
"Percentage of year 1 pupils meeting the expected standard of phonic decoding","Mixed","ONS 2011 5+1","2018-2019","Academic Year","Brighton and Hove","Local authority","E06000043","All","5-6","82","%","267","218"
"Percentage of year 1 pupils meeting the expected standard of phonic decoding","Mixed","ONS 2011 5+1","2018-2019","Academic Year","Brighton and Hove","Local authority","E06000043","Boys","5-6","74","%","134","99"
"Percentage of year 1 pupils meeting the expected standard of phonic decoding","Mixed","ONS 2011 5+1","2018-2019","Academic Year","Brighton and Hove","Local authority","E06000043","Girls","5-6","89","%","133","119"
"Percentage of year 1 pupils meeting the expected standard of phonic decoding","Other","ONS 2011 5+1","2018-2019","Academic Year","Brighton and Hove","Local authority","E06000043","All","5-6","71","%","66","47"
"Percentage of year 1 pupils meeting the expected standard of phonic decoding","Other","ONS 2011 5+1","2018-2019","Academic Year","Brighton and Hove","Local authority","E06000043","Boys","5-6","67","%","33","22"
"Percentage of year 1 pupils meeting the expected standard of phonic decoding","Other","ONS 2011 5+1","2018-2019","Academic Year","Brighton and Hove","Local authority","E06000043","Girls","5-6","76","%","33","25"
"Percentage of year 1 pupils meeting the expected standard of phonic decoding","White","ONS 2011 5+1","2018-2019","Academic Year","Brighton and Hove","Local authority","E06000043","All","5-6","81","%","2042","1659"
"Percentage of year 1 pupils meeting the expected standard of phonic decoding","White","ONS 2011 5+1","2018-2019","Academic Year","Brighton and Hove","Local authority","E06000043","Boys","5-6","77","%","1052","815"
"Percentage of year 1 pupils meeting the expected standard of phonic decoding","White","ONS 2011 5+1","2018-2019","Academic Year","Brighton and Hove","Local authority","E06000043","Girls","5-6","85","%","990","844"
"Percentage of year 1 pupils meeting the expected standard of phonic decoding","All","All","2018-2019","Academic Year","Bristol, City of","Local authority","E06000023","All","5-6","82","%","5393","4416"
"Percentage of year 1 pupils meeting the expected standard of phonic decoding","All","All","2018-2019","Academic Year","Bristol, City of","Local authority","E06000023","Boys","5-6","79","%","2762","2174"
"Percentage of year 1 pupils meeting the expected standard of phonic decoding","All","All","2018-2019","Academic Year","Bristol, City of","Local authority","E06000023","Girls","5-6","85","%","2631","2242"
"Percentage of year 1 pupils meeting the expected standard of phonic decoding","Asian","ONS 2011 5+1","2018-2019","Academic Year","Bristol, City of","Local authority","E06000023","All","5-6","78","%","372","292"
"Percentage of year 1 pupils meeting the expected standard of phonic decoding","Asian","ONS 2011 5+1","2018-2019","Academic Year","Bristol, City of","Local authority","E06000023","Boys","5-6","72","%","178","129"
"Percentage of year 1 pupils meeting the expected standard of phonic decoding","Asian","ONS 2011 5+1","2018-2019","Academic Year","Bristol, City of","Local authority","E06000023","Girls","5-6","84","%","194","163"
"Percentage of year 1 pupils meeting the expected standard of phonic decoding","Black","ONS 2011 5+1","2018-2019","Academic Year","Bristol, City of","Local authority","E06000023","All","5-6","79","%","560","440"
"Percentage of year 1 pupils meeting the expected standard of phonic decoding","Black","ONS 2011 5+1","2018-2019","Academic Year","Bristol, City of","Local authority","E06000023","Boys","5-6","74","%","299","222"
"Percentage of year 1 pupils meeting the expected standard of phonic decoding","Black","ONS 2011 5+1","2018-2019","Academic Year","Bristol, City of","Local authority","E06000023","Girls","5-6","84","%","261","218"
"Percentage of year 1 pupils meeting the expected standard of phonic decoding","Chinese","ONS 2011 18+1","2018-2019","Academic Year","Bristol, City of","Local authority","E06000023","All","5-6","91","%","33","30"
"Percentage of year 1 pupils meeting the expected standard of phonic decoding","Chinese","ONS 2011 18+1","2018-2019","Academic Year","Bristol, City of","Local authority","E06000023","Boys","5-6","100","%","18","18"
"Percentage of year 1 pupils meeting the expected standard of phonic decoding","Chinese","ONS 2011 18+1","2018-2019","Academic Year","Bristol, City of","Local authority","E06000023","Girls","5-6","80","%","15","12"
"Percentage of year 1 pupils meeting the expected standard of phonic decoding","Mixed","ONS 2011 5+1","2018-2019","Academic Year","Bristol, City of","Local authority","E06000023","All","5-6","82","%","493","402"
"Percentage of year 1 pupils meeting the expected standard of phonic decoding","Mixed","ONS 2011 5+1","2018-2019","Academic Year","Bristol, City of","Local authority","E06000023","Boys","5-6","79","%","229","181"
"Percentage of year 1 pupils meeting the expected standard of phonic decoding","Mixed","ONS 2011 5+1","2018-2019","Academic Year","Bristol, City of","Local authority","E06000023","Girls","5-6","84","%","264","221"
"Percentage of year 1 pupils meeting the expected standard of phonic decoding","Other","ONS 2011 5+1","2018-2019","Academic Year","Bristol, City of","Local authority","E06000023","All","5-6","66","%","62","41"
"Percentage of year 1 pupils meeting the expected standard of phonic decoding","Other","ONS 2011 5+1","2018-2019","Academic Year","Bristol, City of","Local authority","E06000023","Boys","5-6","68","%","37","25"
"Percentage of year 1 pupils meeting the expected standard of phonic decoding","Other","ONS 2011 5+1","2018-2019","Academic Year","Bristol, City of","Local authority","E06000023","Girls","5-6","64","%","25","16"
"Percentage of year 1 pupils meeting the expected standard of phonic decoding","White","ONS 2011 5+1","2018-2019","Academic Year","Bristol, City of","Local authority","E06000023","All","5-6","83","%","3763","3139"
"Percentage of year 1 pupils meeting the expected standard of phonic decoding","White","ONS 2011 5+1","2018-2019","Academic Year","Bristol, City of","Local authority","E06000023","Boys","5-6","81","%","1939","1561"
"Percentage of year 1 pupils meeting the expected standard of phonic decoding","White","ONS 2011 5+1","2018-2019","Academic Year","Bristol, City of","Local authority","E06000023","Girls","5-6","87","%","1824","1578"
"Percentage of year 1 pupils meeting the expected standard of phonic decoding","All","All","2018-2019","Academic Year","Bromley","Local authority","E09000006","All","5-6","86","%","3963","3400"
"Percentage of year 1 pupils meeting the expected standard of phonic decoding","All","All","2018-2019","Academic Year","Bromley","Local authority","E09000006","Boys","5-6","83","%","2018","1675"
"Percentage of year 1 pupils meeting the expected standard of phonic decoding","All","All","2018-2019","Academic Year","Bromley","Local authority","E09000006","Girls","5-6","89","%","1945","1725"
"Percentage of year 1 pupils meeting the expected standard of phonic decoding","Asian","ONS 2011 5+1","2018-2019","Academic Year","Bromley","Local authority","E09000006","All","5-6","96","%","289","278"
"Percentage of year 1 pupils meeting the expected standard of phonic decoding","Asian","ONS 2011 5+1","2018-2019","Academic Year","Bromley","Local authority","E09000006","Boys","5-6","95","%","144","137"
"Percentage of year 1 pupils meeting the expected standard of phonic decoding","Asian","ONS 2011 5+1","2018-2019","Academic Year","Bromley","Local authority","E09000006","Girls","5-6","97","%","145","141"
"Percentage of year 1 pupils meeting the expected standard of phonic decoding","Black","ONS 2011 5+1","2018-2019","Academic Year","Bromley","Local authority","E09000006","All","5-6","85","%","308","263"
"Percentage of year 1 pupils meeting the expected standard of phonic decoding","Black","ONS 2011 5+1","2018-2019","Academic Year","Bromley","Local authority","E09000006","Boys","5-6","81","%","164","133"
"Percentage of year 1 pupils meeting the expected standard of phonic decoding","Black","ONS 2011 5+1","2018-2019","Academic Year","Bromley","Local authority","E09000006","Girls","5-6","90","%","144","130"
"Percentage of year 1 pupils meeting the expected standard of phonic decoding","Chinese","ONS 2011 18+1","2018-2019","Academic Year","Bromley","Local authority","E09000006","All","5-6","96","%","77","74"
"Percentage of year 1 pupils meeting the expected standard of phonic decoding","Chinese","ONS 2011 18+1","2018-2019","Academic Year","Bromley","Local authority","E09000006","Boys","5-6","95","%","41","39"
"Percentage of year 1 pupils meeting the expected standard of phonic decoding","Chinese","ONS 2011 18+1","2018-2019","Academic Year","Bromley","Local authority","E09000006","Girls","5-6","97","%","36","35"
"Percentage of year 1 pupils meeting the expected standard of phonic decoding","Mixed","ONS 2011 5+1","2018-2019","Academic Year","Bromley","Local authority","E09000006","All","5-6","87","%","505","438"
"Percentage of year 1 pupils meeting the expected standard of phonic decoding","Mixed","ONS 2011 5+1","2018-2019","Academic Year","Bromley","Local authority","E09000006","Boys","5-6","83","%","249","207"
"Percentage of year 1 pupils meeting the expected standard of phonic decoding","Mixed","ONS 2011 5+1","2018-2019","Academic Year","Bromley","Local authority","E09000006","Girls","5-6","90","%","256","231"
"Percentage of year 1 pupils meeting the expected standard of phonic decoding","Other","ONS 2011 5+1","2018-2019","Academic Year","Bromley","Local authority","E09000006","All","5-6","82","%","44","36"
"Percentage of year 1 pupils meeting the expected standard of phonic decoding","Other","ONS 2011 5+1","2018-2019","Academic Year","Bromley","Local authority","E09000006","Boys","5-6","77","%","26","20"
"Percentage of year 1 pupils meeting the expected standard of phonic decoding","Other","ONS 2011 5+1","2018-2019","Academic Year","Bromley","Local authority","E09000006","Girls","5-6","89","%","18","16"
"Percentage of year 1 pupils meeting the expected standard of phonic decoding","White","ONS 2011 5+1","2018-2019","Academic Year","Bromley","Local authority","E09000006","All","5-6","85","%","2639","2238"
"Percentage of year 1 pupils meeting the expected standard of phonic decoding","White","ONS 2011 5+1","2018-2019","Academic Year","Bromley","Local authority","E09000006","Boys","5-6","82","%","1344","1104"
"Percentage of year 1 pupils meeting the expected standard of phonic decoding","White","ONS 2011 5+1","2018-2019","Academic Year","Bromley","Local authority","E09000006","Girls","5-6","88","%","1295","1134"
"Percentage of year 1 pupils meeting the expected standard of phonic decoding","All","All","2018-2019","Academic Year","Buckinghamshire","Local authority","E10000002","All","5-6","82","%","6310","5186"
"Percentage of year 1 pupils meeting the expected standard of phonic decoding","All","All","2018-2019","Academic Year","Buckinghamshire","Local authority","E10000002","Boys","5-6","79","%","3183","2526"
"Percentage of year 1 pupils meeting the expected standard of phonic decoding","All","All","2018-2019","Academic Year","Buckinghamshire","Local authority","E10000002","Girls","5-6","85","%","3127","2660"
"Percentage of year 1 pupils meeting the expected standard of phonic decoding","Asian","ONS 2011 5+1","2018-2019","Academic Year","Buckinghamshire","Local authority","E10000002","All","5-6","85","%","931","788"
"Percentage of year 1 pupils meeting the expected standard of phonic decoding","Asian","ONS 2011 5+1","2018-2019","Academic Year","Buckinghamshire","Local authority","E10000002","Boys","5-6","84","%","462","388"
"Percentage of year 1 pupils meeting the expected standard of phonic decoding","Asian","ONS 2011 5+1","2018-2019","Academic Year","Buckinghamshire","Local authority","E10000002","Girls","5-6","85","%","469","400"
"Percentage of year 1 pupils meeting the expected standard of phonic decoding","Black","ONS 2011 5+1","2018-2019","Academic Year","Buckinghamshire","Local authority","E10000002","All","5-6","80","%","166","132"
"Percentage of year 1 pupils meeting the expected standard of phonic decoding","Black","ONS 2011 5+1","2018-2019","Academic Year","Buckinghamshire","Local authority","E10000002","Boys","5-6","76","%","70","53"
"Percentage of year 1 pupils meeting the expected standard of phonic decoding","Black","ONS 2011 5+1","2018-2019","Academic Year","Buckinghamshire","Local authority","E10000002","Girls","5-6","82","%","96","79"
"Percentage of year 1 pupils meeting the expected standard of phonic decoding","Chinese","ONS 2011 18+1","2018-2019","Academic Year","Buckinghamshire","Local authority","E10000002","All","5-6","78","%","18","14"
"Percentage of year 1 pupils meeting the expected standard of phonic decoding","Chinese","ONS 2011 18+1","2018-2019","Academic Year","Buckinghamshire","Local authority","E10000002","Boys","5-6","64","%","11","7"
"Percentage of year 1 pupils meeting the expected standard of phonic decoding","Chinese","ONS 2011 18+1","2018-2019","Academic Year","Buckinghamshire","Local authority","E10000002","Girls","5-6","100","%","7","7"
"Percentage of year 1 pupils meeting the expected standard of phonic decoding","Mixed","ONS 2011 5+1","2018-2019","Academic Year","Buckinghamshire","Local authority","E10000002","All","5-6","81","%","537","435"
"Percentage of year 1 pupils meeting the expected standard of phonic decoding","Mixed","ONS 2011 5+1","2018-2019","Academic Year","Buckinghamshire","Local authority","E10000002","Boys","5-6","79","%","281","222"
"Percentage of year 1 pupils meeting the expected standard of phonic decoding","Mixed","ONS 2011 5+1","2018-2019","Academic Year","Buckinghamshire","Local authority","E10000002","Girls","5-6","83","%","256","213"
"Percentage of year 1 pupils meeting the expected standard of phonic decoding","Other","ONS 2011 5+1","2018-2019","Academic Year","Buckinghamshire","Local authority","E10000002","All","5-6","88","%","49","43"
"Percentage of year 1 pupils meeting the expected standard of phonic decoding","Other","ONS 2011 5+1","2018-2019","Academic Year","Buckinghamshire","Local authority","E10000002","Boys","5-6","84","%","25","21"
"Percentage of year 1 pupils meeting the expected standard of phonic decoding","Other","ONS 2011 5+1","2018-2019","Academic Year","Buckinghamshire","Local authority","E10000002","Girls","5-6","92","%","24","22"
"Percentage of year 1 pupils meeting the expected standard of phonic decoding","White","ONS 2011 5+1","2018-2019","Academic Year","Buckinghamshire","Local authority","E10000002","All","5-6","82","%","4523","3715"
"Percentage of year 1 pupils meeting the expected standard of phonic decoding","White","ONS 2011 5+1","2018-2019","Academic Year","Buckinghamshire","Local authority","E10000002","Boys","5-6","79","%","2291","1804"
"Percentage of year 1 pupils meeting the expected standard of phonic decoding","White","ONS 2011 5+1","2018-2019","Academic Year","Buckinghamshire","Local authority","E10000002","Girls","5-6","86","%","2232","1911"
"Percentage of year 1 pupils meeting the expected standard of phonic decoding","All","All","2018-2019","Academic Year","Bury","Local authority","E08000002","All","5-6","82","%","2378","1944"
"Percentage of year 1 pupils meeting the expected standard of phonic decoding","All","All","2018-2019","Academic Year","Bury","Local authority","E08000002","Boys","5-6","79","%","1221","961"
"Percentage of year 1 pupils meeting the expected standard of phonic decoding","All","All","2018-2019","Academic Year","Bury","Local authority","E08000002","Girls","5-6","85","%","1157","983"
"Percentage of year 1 pupils meeting the expected standard of phonic decoding","Asian","ONS 2011 5+1","2018-2019","Academic Year","Bury","Local authority","E08000002","All","5-6","78","%","338","262"
"Percentage of year 1 pupils meeting the expected standard of phonic decoding","Asian","ONS 2011 5+1","2018-2019","Academic Year","Bury","Local authority","E08000002","Boys","5-6","74","%","188","139"
"Percentage of year 1 pupils meeting the expected standard of phonic decoding","Asian","ONS 2011 5+1","2018-2019","Academic Year","Bury","Local authority","E08000002","Girls","5-6","82","%","150","123"
"Percentage of year 1 pupils meeting the expected standard of phonic decoding","Black","ONS 2011 5+1","2018-2019","Academic Year","Bury","Local authority","E08000002","All","5-6","75","%","44","33"
"Percentage of year 1 pupils meeting the expected standard of phonic decoding","Black","ONS 2011 5+1","2018-2019","Academic Year","Bury","Local authority","E08000002","Boys","5-6","65","%","26","17"
"Percentage of year 1 pupils meeting the expected standard of phonic decoding","Black","ONS 2011 5+1","2018-2019","Academic Year","Bury","Local authority","E08000002","Girls","5-6","89","%","18","16"
"Percentage of year 1 pupils meeting the expected standard of phonic decoding","Chinese","ONS 2011 18+1","2018-2019","Academic Year","Bury","Local authority","E08000002","All","5-6","100","%","8","8"
"Percentage of year 1 pupils meeting the expected standard of phonic decoding","Chinese","ONS 2011 18+1","2018-2019","Academic Year","Bury","Local authority","E08000002","Boys","5-6","100","%","3","3"
"Percentage of year 1 pupils meeting the expected standard of phonic decoding","Chinese","ONS 2011 18+1","2018-2019","Academic Year","Bury","Local authority","E08000002","Girls","5-6","100","%","5","5"
"Percentage of year 1 pupils meeting the expected standard of phonic decoding","Mixed","ONS 2011 5+1","2018-2019","Academic Year","Bury","Local authority","E08000002","All","5-6","81","%","101","82"
"Percentage of year 1 pupils meeting the expected standard of phonic decoding","Mixed","ONS 2011 5+1","2018-2019","Academic Year","Bury","Local authority","E08000002","Boys","5-6","78","%","58","45"
"Percentage of year 1 pupils meeting the expected standard of phonic decoding","Mixed","ONS 2011 5+1","2018-2019","Academic Year","Bury","Local authority","E08000002","Girls","5-6","86","%","43","37"
"Percentage of year 1 pupils meeting the expected standard of phonic decoding","Other","ONS 2011 5+1","2018-2019","Academic Year","Bury","Local authority","E08000002","All","5-6","79","%","43","34"
"Percentage of year 1 pupils meeting the expected standard of phonic decoding","Other","ONS 2011 5+1","2018-2019","Academic Year","Bury","Local authority","E08000002","Boys","5-6","78","%","23","18"
"Percentage of year 1 pupils meeting the expected standard of phonic decoding","Other","ONS 2011 5+1","2018-2019","Academic Year","Bury","Local authority","E08000002","Girls","5-6","80","%","20","16"
"Percentage of year 1 pupils meeting the expected standard of phonic decoding","White","ONS 2011 5+1","2018-2019","Academic Year","Bury","Local authority","E08000002","All","5-6","83","%","1821","1513"
"Percentage of year 1 pupils meeting the expected standard of phonic decoding","White","ONS 2011 5+1","2018-2019","Academic Year","Bury","Local authority","E08000002","Boys","5-6","80","%","910","732"
"Percentage of year 1 pupils meeting the expected standard of phonic decoding","White","ONS 2011 5+1","2018-2019","Academic Year","Bury","Local authority","E08000002","Girls","5-6","86","%","911","781"
"Percentage of year 1 pupils meeting the expected standard of phonic decoding","All","All","2018-2019","Academic Year","Calderdale","Local authority","E08000033","All","5-6","83","%","2680","2213"
"Percentage of year 1 pupils meeting the expected standard of phonic decoding","All","All","2018-2019","Academic Year","Calderdale","Local authority","E08000033","Boys","5-6","80","%","1381","1105"
"Percentage of year 1 pupils meeting the expected standard of phonic decoding","All","All","2018-2019","Academic Year","Calderdale","Local authority","E08000033","Girls","5-6","85","%","1299","1108"
"Percentage of year 1 pupils meeting the expected standard of phonic decoding","Asian","ONS 2011 5+1","2018-2019","Academic Year","Calderdale","Local authority","E08000033","All","5-6","81","%","426","346"
"Percentage of year 1 pupils meeting the expected standard of phonic decoding","Asian","ONS 2011 5+1","2018-2019","Academic Year","Calderdale","Local authority","E08000033","Boys","5-6","77","%","225","173"
"Percentage of year 1 pupils meeting the expected standard of phonic decoding","Asian","ONS 2011 5+1","2018-2019","Academic Year","Calderdale","Local authority","E08000033","Girls","5-6","86","%","201","173"
"Percentage of year 1 pupils meeting the expected standard of phonic decoding","Black","ONS 2011 5+1","2018-2019","Academic Year","Calderdale","Local authority","E08000033","All","5-6","80","%","20","16"
"Percentage of year 1 pupils meeting the expected standard of phonic decoding","Black","ONS 2011 5+1","2018-2019","Academic Year","Calderdale","Local authority","E08000033","Boys","5-6","70","%","10","7"
"Percentage of year 1 pupils meeting the expected standard of phonic decoding","Black","ONS 2011 5+1","2018-2019","Academic Year","Calderdale","Local authority","E08000033","Girls","5-6","90","%","10","9"
"Percentage of year 1 pupils meeting the expected standard of phonic decoding","Chinese","ONS 2011 18+1","2018-2019","Academic Year","Calderdale","Local authority","E08000033","All","5-6","90","%","10","9"
"Percentage of year 1 pupils meeting the expected standard of phonic decoding","Chinese","ONS 2011 18+1","2018-2019","Academic Year","Calderdale","Local authority","E08000033","Boys","5-6","67","%","3","2"
"Percentage of year 1 pupils meeting the expected standard of phonic decoding","Chinese","ONS 2011 18+1","2018-2019","Academic Year","Calderdale","Local authority","E08000033","Girls","5-6","100","%","7","7"
"Percentage of year 1 pupils meeting the expected standard of phonic decoding","Mixed","ONS 2011 5+1","2018-2019","Academic Year","Calderdale","Local authority","E08000033","All","5-6","87","%","98","85"
"Percentage of year 1 pupils meeting the expected standard of phonic decoding","Mixed","ONS 2011 5+1","2018-2019","Academic Year","Calderdale","Local authority","E08000033","Boys","5-6","85","%","46","39"
"Percentage of year 1 pupils meeting the expected standard of phonic decoding","Mixed","ONS 2011 5+1","2018-2019","Academic Year","Calderdale","Local authority","E08000033","Girls","5-6","88","%","52","46"
"Percentage of year 1 pupils meeting the expected standard of phonic decoding","Other","ONS 2011 5+1","2018-2019","Academic Year","Calderdale","Local authority","E08000033","All","5-6","75","%","12","9"
"Percentage of year 1 pupils meeting the expected standard of phonic decoding","Other","ONS 2011 5+1","2018-2019","Academic Year","Calderdale","Local authority","E08000033","Boys","5-6","75","%","4","3"
"Percentage of year 1 pupils meeting the expected standard of phonic decoding","Other","ONS 2011 5+1","2018-2019","Academic Year","Calderdale","Local authority","E08000033","Girls","5-6","75","%","8","6"
"Percentage of year 1 pupils meeting the expected standard of phonic decoding","White","ONS 2011 5+1","2018-2019","Academic Year","Calderdale","Local authority","E08000033","All","5-6","83","%","2095","1738"
"Percentage of year 1 pupils meeting the expected standard of phonic decoding","White","ONS 2011 5+1","2018-2019","Academic Year","Calderdale","Local authority","E08000033","Boys","5-6","81","%","1083","876"
"Percentage of year 1 pupils meeting the expected standard of phonic decoding","White","ONS 2011 5+1","2018-2019","Academic Year","Calderdale","Local authority","E08000033","Girls","5-6","85","%","1012","862"
"Percentage of year 1 pupils meeting the expected standard of phonic decoding","All","All","2018-2019","Academic Year","Cambridgeshire","Local authority","E10000003","All","5-6","80","%","7346","5896"
"Percentage of year 1 pupils meeting the expected standard of phonic decoding","All","All","2018-2019","Academic Year","Cambridgeshire","Local authority","E10000003","Boys","5-6","77","%","3773","2904"
"Percentage of year 1 pupils meeting the expected standard of phonic decoding","All","All","2018-2019","Academic Year","Cambridgeshire","Local authority","E10000003","Girls","5-6","84","%","3573","2992"
"Percentage of year 1 pupils meeting the expected standard of phonic decoding","Asian","ONS 2011 5+1","2018-2019","Academic Year","Cambridgeshire","Local authority","E10000003","All","5-6","85","%","289","246"
"Percentage of year 1 pupils meeting the expected standard of phonic decoding","Asian","ONS 2011 5+1","2018-2019","Academic Year","Cambridgeshire","Local authority","E10000003","Boys","5-6","79","%","140","110"
"Percentage of year 1 pupils meeting the expected standard of phonic decoding","Asian","ONS 2011 5+1","2018-2019","Academic Year","Cambridgeshire","Local authority","E10000003","Girls","5-6","91","%","149","136"
"Percentage of year 1 pupils meeting the expected standard of phonic decoding","Black","ONS 2011 5+1","2018-2019","Academic Year","Cambridgeshire","Local authority","E10000003","All","5-6","79","%","100","79"
"Percentage of year 1 pupils meeting the expected standard of phonic decoding","Black","ONS 2011 5+1","2018-2019","Academic Year","Cambridgeshire","Local authority","E10000003","Boys","5-6","72","%","47","34"
"Percentage of year 1 pupils meeting the expected standard of phonic decoding","Black","ONS 2011 5+1","2018-2019","Academic Year","Cambridgeshire","Local authority","E10000003","Girls","5-6","85","%","53","45"
"Percentage of year 1 pupils meeting the expected standard of phonic decoding","Chinese","ONS 2011 18+1","2018-2019","Academic Year","Cambridgeshire","Local authority","E10000003","All","5-6","93","%","67","62"
"Percentage of year 1 pupils meeting the expected standard of phonic decoding","Chinese","ONS 2011 18+1","2018-2019","Academic Year","Cambridgeshire","Local authority","E10000003","Boys","5-6","95","%","39","37"
"Percentage of year 1 pupils meeting the expected standard of phonic decoding","Chinese","ONS 2011 18+1","2018-2019","Academic Year","Cambridgeshire","Local authority","E10000003","Girls","5-6","89","%","28","25"
"Percentage of year 1 pupils meeting the expected standard of phonic decoding","Mixed","ONS 2011 5+1","2018-2019","Academic Year","Cambridgeshire","Local authority","E10000003","All","5-6","82","%","439","361"
"Percentage of year 1 pupils meeting the expected standard of phonic decoding","Mixed","ONS 2011 5+1","2018-2019","Academic Year","Cambridgeshire","Local authority","E10000003","Boys","5-6","77","%","231","179"
"Percentage of year 1 pupils meeting the expected standard of phonic decoding","Mixed","ONS 2011 5+1","2018-2019","Academic Year","Cambridgeshire","Local authority","E10000003","Girls","5-6","88","%","208","182"
"Percentage of year 1 pupils meeting the expected standard of phonic decoding","Other","ONS 2011 5+1","2018-2019","Academic Year","Cambridgeshire","Local authority","E10000003","All","5-6","87","%","79","69"
"Percentage of year 1 pupils meeting the expected standard of phonic decoding","Other","ONS 2011 5+1","2018-2019","Academic Year","Cambridgeshire","Local authority","E10000003","Boys","5-6","90","%","48","43"
"Percentage of year 1 pupils meeting the expected standard of phonic decoding","Other","ONS 2011 5+1","2018-2019","Academic Year","Cambridgeshire","Local authority","E10000003","Girls","5-6","84","%","31","26"
"Percentage of year 1 pupils meeting the expected standard of phonic decoding","White","ONS 2011 5+1","2018-2019","Academic Year","Cambridgeshire","Local authority","E10000003","All","5-6","80","%","6209","4973"
"Percentage of year 1 pupils meeting the expected standard of phonic decoding","White","ONS 2011 5+1","2018-2019","Academic Year","Cambridgeshire","Local authority","E10000003","Boys","5-6","77","%","3186","2450"
"Percentage of year 1 pupils meeting the expected standard of phonic decoding","White","ONS 2011 5+1","2018-2019","Academic Year","Cambridgeshire","Local authority","E10000003","Girls","5-6","83","%","3023","2523"
"Percentage of year 1 pupils meeting the expected standard of phonic decoding","All","All","2018-2019","Academic Year","Camden","Local authority","E09000007","All","5-6","81","%","1516","1234"
"Percentage of year 1 pupils meeting the expected standard of phonic decoding","All","All","2018-2019","Academic Year","Camden","Local authority","E09000007","Boys","5-6","79","%","757","595"
"Percentage of year 1 pupils meeting the expected standard of phonic decoding","All","All","2018-2019","Academic Year","Camden","Local authority","E09000007","Girls","5-6","84","%","759","639"
"Percentage of year 1 pupils meeting the expected standard of phonic decoding","Asian","ONS 2011 5+1","2018-2019","Academic Year","Camden","Local authority","E09000007","All","5-6","80","%","280","224"
"Percentage of year 1 pupils meeting the expected standard of phonic decoding","Asian","ONS 2011 5+1","2018-2019","Academic Year","Camden","Local authority","E09000007","Boys","5-6","75","%","142","106"
"Percentage of year 1 pupils meeting the expected standard of phonic decoding","Asian","ONS 2011 5+1","2018-2019","Academic Year","Camden","Local authority","E09000007","Girls","5-6","86","%","138","118"
"Percentage of year 1 pupils meeting the expected standard of phonic decoding","Black","ONS 2011 5+1","2018-2019","Academic Year","Camden","Local authority","E09000007","All","5-6","81","%","220","178"
"Percentage of year 1 pupils meeting the expected standard of phonic decoding","Black","ONS 2011 5+1","2018-2019","Academic Year","Camden","Local authority","E09000007","Boys","5-6","81","%","113","92"
"Percentage of year 1 pupils meeting the expected standard of phonic decoding","Black","ONS 2011 5+1","2018-2019","Academic Year","Camden","Local authority","E09000007","Girls","5-6","80","%","107","86"
"Percentage of year 1 pupils meeting the expected standard of phonic decoding","Chinese","ONS 2011 18+1","2018-2019","Academic Year","Camden","Local authority","E09000007","All","5-6","88","%","16","14"
"Percentage of year 1 pupils meeting the expected standard of phonic decoding","Chinese","ONS 2011 18+1","2018-2019","Academic Year","Camden","Local authority","E09000007","Boys","5-6","88","%","8","7"
"Percentage of year 1 pupils meeting the expected standard of phonic decoding","Chinese","ONS 2011 18+1","2018-2019","Academic Year","Camden","Local authority","E09000007","Girls","5-6","88","%","8","7"
"Percentage of year 1 pupils meeting the expected standard of phonic decoding","Mixed","ONS 2011 5+1","2018-2019","Academic Year","Camden","Local authority","E09000007","All","5-6","83","%","180","149"
"Percentage of year 1 pupils meeting the expected standard of phonic decoding","Mixed","ONS 2011 5+1","2018-2019","Academic Year","Camden","Local authority","E09000007","Boys","5-6","76","%","82","62"
"Percentage of year 1 pupils meeting the expected standard of phonic decoding","Mixed","ONS 2011 5+1","2018-2019","Academic Year","Camden","Local authority","E09000007","Girls","5-6","89","%","98","87"
"Percentage of year 1 pupils meeting the expected standard of phonic decoding","Other","ONS 2011 5+1","2018-2019","Academic Year","Camden","Local authority","E09000007","All","5-6","79","%","121","96"
"Percentage of year 1 pupils meeting the expected standard of phonic decoding","Other","ONS 2011 5+1","2018-2019","Academic Year","Camden","Local authority","E09000007","Boys","5-6","74","%","57","42"
"Percentage of year 1 pupils meeting the expected standard of phonic decoding","Other","ONS 2011 5+1","2018-2019","Academic Year","Camden","Local authority","E09000007","Girls","5-6","84","%","64","54"
"Percentage of year 1 pupils meeting the expected standard of phonic decoding","White","ONS 2011 5+1","2018-2019","Academic Year","Camden","Local authority","E09000007","All","5-6","83","%","645","534"
"Percentage of year 1 pupils meeting the expected standard of phonic decoding","White","ONS 2011 5+1","2018-2019","Academic Year","Camden","Local authority","E09000007","Boys","5-6","82","%","328","268"
"Percentage of year 1 pupils meeting the expected standard of phonic decoding","White","ONS 2011 5+1","2018-2019","Academic Year","Camden","Local authority","E09000007","Girls","5-6","84","%","317","266"
"Percentage of year 1 pupils meeting the expected standard of phonic decoding","All","All","2018-2019","Academic Year","Central Bedfordshire","Local authority","E06000056","All","5-6","82","%","3683","3036"
"Percentage of year 1 pupils meeting the expected standard of phonic decoding","All","All","2018-2019","Academic Year","Central Bedfordshire","Local authority","E06000056","Boys","5-6","80","%","1862","1481"
"Percentage of year 1 pupils meeting the expected standard of phonic decoding","All","All","2018-2019","Academic Year","Central Bedfordshire","Local authority","E06000056","Girls","5-6","85","%","1821","1555"
"Percentage of year 1 pupils meeting the expected standard of phonic decoding","Asian","ONS 2011 5+1","2018-2019","Academic Year","Central Bedfordshire","Local authority","E06000056","All","5-6","87","%","112","97"
"Percentage of year 1 pupils meeting the expected standard of phonic decoding","Asian","ONS 2011 5+1","2018-2019","Academic Year","Central Bedfordshire","Local authority","E06000056","Boys","5-6","86","%","70","60"
"Percentage of year 1 pupils meeting the expected standard of phonic decoding","Asian","ONS 2011 5+1","2018-2019","Academic Year","Central Bedfordshire","Local authority","E06000056","Girls","5-6","88","%","42","37"
"Percentage of year 1 pupils meeting the expected standard of phonic decoding","Black","ONS 2011 5+1","2018-2019","Academic Year","Central Bedfordshire","Local authority","E06000056","All","5-6","87","%","98","85"
"Percentage of year 1 pupils meeting the expected standard of phonic decoding","Black","ONS 2011 5+1","2018-2019","Academic Year","Central Bedfordshire","Local authority","E06000056","Boys","5-6","76","%","42","32"
"Percentage of year 1 pupils meeting the expected standard of phonic decoding","Black","ONS 2011 5+1","2018-2019","Academic Year","Central Bedfordshire","Local authority","E06000056","Girls","5-6","95","%","56","53"
"Percentage of year 1 pupils meeting the expected standard of phonic decoding","Chinese","ONS 2011 18+1","2018-2019","Academic Year","Central Bedfordshire","Local authority","E06000056","All","5-6","100","%","3","3"
"Percentage of year 1 pupils meeting the expected standard of phonic decoding","Chinese","ONS 2011 18+1","2018-2019","Academic Year","Central Bedfordshire","Local authority","E06000056","Boys","5-6","100","%","2","2"
"Percentage of year 1 pupils meeting the expected standard of phonic decoding","Chinese","ONS 2011 18+1","2018-2019","Academic Year","Central Bedfordshire","Local authority","E06000056","Girls","5-6","100","%","1","1"
"Percentage of year 1 pupils meeting the expected standard of phonic decoding","Mixed","ONS 2011 5+1","2018-2019","Academic Year","Central Bedfordshire","Local authority","E06000056","All","5-6","86","%","235","202"
"Percentage of year 1 pupils meeting the expected standard of phonic decoding","Mixed","ONS 2011 5+1","2018-2019","Academic Year","Central Bedfordshire","Local authority","E06000056","Boys","5-6","86","%","119","102"
"Percentage of year 1 pupils meeting the expected standard of phonic decoding","Mixed","ONS 2011 5+1","2018-2019","Academic Year","Central Bedfordshire","Local authority","E06000056","Girls","5-6","86","%","116","100"
"Percentage of year 1 pupils meeting the expected standard of phonic decoding","Other","ONS 2011 5+1","2018-2019","Academic Year","Central Bedfordshire","Local authority","E06000056","All","5-6","63","%","27","17"
"Percentage of year 1 pupils meeting the expected standard of phonic decoding","Other","ONS 2011 5+1","2018-2019","Academic Year","Central Bedfordshire","Local authority","E06000056","Boys","5-6","44","%","9","4"
"Percentage of year 1 pupils meeting the expected standard of phonic decoding","Other","ONS 2011 5+1","2018-2019","Academic Year","Central Bedfordshire","Local authority","E06000056","Girls","5-6","72","%","18","13"
"Percentage of year 1 pupils meeting the expected standard of phonic decoding","White","ONS 2011 5+1","2018-2019","Academic Year","Central Bedfordshire","Local authority","E06000056","All","5-6","82","%","3167","2604"
"Percentage of year 1 pupils meeting the expected standard of phonic decoding","White","ONS 2011 5+1","2018-2019","Academic Year","Central Bedfordshire","Local authority","E06000056","Boys","5-6","79","%","1601","1269"
"Percentage of year 1 pupils meeting the expected standard of phonic decoding","White","ONS 2011 5+1","2018-2019","Academic Year","Central Bedfordshire","Local authority","E06000056","Girls","5-6","85","%","1566","1335"
"Percentage of year 1 pupils meeting the expected standard of phonic decoding","All","All","2018-2019","Academic Year","Cheshire East","Local authority","E06000049","All","5-6","84","%","4068","3420"
"Percentage of year 1 pupils meeting the expected standard of phonic decoding","All","All","2018-2019","Academic Year","Cheshire East","Local authority","E06000049","Boys","5-6","81","%","2097","1699"
"Percentage of year 1 pupils meeting the expected standard of phonic decoding","All","All","2018-2019","Academic Year","Cheshire East","Local authority","E06000049","Girls","5-6","87","%","1971","1721"
"Percentage of year 1 pupils meeting the expected standard of phonic decoding","Asian","ONS 2011 5+1","2018-2019","Academic Year","Cheshire East","Local authority","E06000049","All","5-6","90","%","96","86"
"Percentage of year 1 pupils meeting the expected standard of phonic decoding","Asian","ONS 2011 5+1","2018-2019","Academic Year","Cheshire East","Local authority","E06000049","Boys","5-6","84","%","45","38"
"Percentage of year 1 pupils meeting the expected standard of phonic decoding","Asian","ONS 2011 5+1","2018-2019","Academic Year","Cheshire East","Local authority","E06000049","Girls","5-6","94","%","51","48"
"Percentage of year 1 pupils meeting the expected standard of phonic decoding","Black","ONS 2011 5+1","2018-2019","Academic Year","Cheshire East","Local authority","E06000049","All","5-6","88","%","17","15"
"Percentage of year 1 pupils meeting the expected standard of phonic decoding","Black","ONS 2011 5+1","2018-2019","Academic Year","Cheshire East","Local authority","E06000049","Boys","5-6","78","%","9","7"
"Percentage of year 1 pupils meeting the expected standard of phonic decoding","Black","ONS 2011 5+1","2018-2019","Academic Year","Cheshire East","Local authority","E06000049","Girls","5-6","100","%","8","8"
"Percentage of year 1 pupils meeting the expected standard of phonic decoding","Chinese","ONS 2011 18+1","2018-2019","Academic Year","Cheshire East","Local authority","E06000049","All","5-6","90","%","10","9"
"Percentage of year 1 pupils meeting the expected standard of phonic decoding","Chinese","ONS 2011 18+1","2018-2019","Academic Year","Cheshire East","Local authority","E06000049","Boys","5-6","100","%","3","3"
"Percentage of year 1 pupils meeting the expected standard of phonic decoding","Chinese","ONS 2011 18+1","2018-2019","Academic Year","Cheshire East","Local authority","E06000049","Girls","5-6","86","%","7","6"
"Percentage of year 1 pupils meeting the expected standard of phonic decoding","Mixed","ONS 2011 5+1","2018-2019","Academic Year","Cheshire East","Local authority","E06000049","All","5-6","91","%","166","151"
"Percentage of year 1 pupils meeting the expected standard of phonic decoding","Mixed","ONS 2011 5+1","2018-2019","Academic Year","Cheshire East","Local authority","E06000049","Boys","5-6","90","%","78","70"
"Percentage of year 1 pupils meeting the expected standard of phonic decoding","Mixed","ONS 2011 5+1","2018-2019","Academic Year","Cheshire East","Local authority","E06000049","Girls","5-6","92","%","88","81"
"Percentage of year 1 pupils meeting the expected standard of phonic decoding","Other","ONS 2011 5+1","2018-2019","Academic Year","Cheshire East","Local authority","E06000049","All","5-6","83","%","18","15"
"Percentage of year 1 pupils meeting the expected standard of phonic decoding","Other","ONS 2011 5+1","2018-2019","Academic Year","Cheshire East","Local authority","E06000049","Boys","5-6","80","%","10","8"
"Percentage of year 1 pupils meeting the expected standard of phonic decoding","Other","ONS 2011 5+1","2018-2019","Academic Year","Cheshire East","Local authority","E06000049","Girls","5-6","88","%","8","7"
"Percentage of year 1 pupils meeting the expected standard of phonic decoding","White","ONS 2011 5+1","2018-2019","Academic Year","Cheshire East","Local authority","E06000049","All","5-6","84","%","3710","3109"
"Percentage of year 1 pupils meeting the expected standard of phonic decoding","White","ONS 2011 5+1","2018-2019","Academic Year","Cheshire East","Local authority","E06000049","Boys","5-6","81","%","1927","1553"
"Percentage of year 1 pupils meeting the expected standard of phonic decoding","White","ONS 2011 5+1","2018-2019","Academic Year","Cheshire East","Local authority","E06000049","Girls","5-6","87","%","1783","1556"
"Percentage of year 1 pupils meeting the expected standard of phonic decoding","All","All","2018-2019","Academic Year","Cheshire West and Chester","Local authority","E06000050","All","5-6","80","%","3932","3139"
"Percentage of year 1 pupils meeting the expected standard of phonic decoding","All","All","2018-2019","Academic Year","Cheshire West and Chester","Local authority","E06000050","Boys","5-6","76","%","2028","1551"
"Percentage of year 1 pupils meeting the expected standard of phonic decoding","All","All","2018-2019","Academic Year","Cheshire West and Chester","Local authority","E06000050","Girls","5-6","83","%","1904","1588"
"Percentage of year 1 pupils meeting the expected standard of phonic decoding","Asian","ONS 2011 5+1","2018-2019","Academic Year","Cheshire West and Chester","Local authority","E06000050","All","5-6","85","%","74","63"
"Percentage of year 1 pupils meeting the expected standard of phonic decoding","Asian","ONS 2011 5+1","2018-2019","Academic Year","Cheshire West and Chester","Local authority","E06000050","Boys","5-6","89","%","37","33"
"Percentage of year 1 pupils meeting the expected standard of phonic decoding","Asian","ONS 2011 5+1","2018-2019","Academic Year","Cheshire West and Chester","Local authority","E06000050","Girls","5-6","81","%","37","30"
"Percentage of year 1 pupils meeting the expected standard of phonic decoding","Black","ONS 2011 5+1","2018-2019","Academic Year","Cheshire West and Chester","Local authority","E06000050","All","5-6","60","%","15","9"
"Percentage of year 1 pupils meeting the expected standard of phonic decoding","Black","ONS 2011 5+1","2018-2019","Academic Year","Cheshire West and Chester","Local authority","E06000050","Boys","5-6","50","%","6","3"
"Percentage of year 1 pupils meeting the expected standard of phonic decoding","Black","ONS 2011 5+1","2018-2019","Academic Year","Cheshire West and Chester","Local authority","E06000050","Girls","5-6","67","%","9","6"
"Percentage of year 1 pupils meeting the expected standard of phonic decoding","Chinese","ONS 2011 18+1","2018-2019","Academic Year","Cheshire West and Chester","Local authority","E06000050","All","5-6","92","%","13","12"
"Percentage of year 1 pupils meeting the expected standard of phonic decoding","Chinese","ONS 2011 18+1","2018-2019","Academic Year","Cheshire West and Chester","Local authority","E06000050","Boys","5-6","89","%","9","8"
"Percentage of year 1 pupils meeting the expected standard of phonic decoding","Chinese","ONS 2011 18+1","2018-2019","Academic Year","Cheshire West and Chester","Local authority","E06000050","Girls","5-6","100","%","4","4"
"Percentage of year 1 pupils meeting the expected standard of phonic decoding","Mixed","ONS 2011 5+1","2018-2019","Academic Year","Cheshire West and Chester","Local authority","E06000050","All","5-6","81","%","107","87"
"Percentage of year 1 pupils meeting the expected standard of phonic decoding","Mixed","ONS 2011 5+1","2018-2019","Academic Year","Cheshire West and Chester","Local authority","E06000050","Boys","5-6","71","%","48","34"
"Percentage of year 1 pupils meeting the expected standard of phonic decoding","Mixed","ONS 2011 5+1","2018-2019","Academic Year","Cheshire West and Chester","Local authority","E06000050","Girls","5-6","90","%","59","53"
"Percentage of year 1 pupils meeting the expected standard of phonic decoding","Other","ONS 2011 5+1","2018-2019","Academic Year","Cheshire West and Chester","Local authority","E06000050","All","5-6","63","%","19","12"
"Percentage of year 1 pupils meeting the expected standard of phonic decoding","Other","ONS 2011 5+1","2018-2019","Academic Year","Cheshire West and Chester","Local authority","E06000050","Boys","5-6","70","%","10","7"
"Percentage of year 1 pupils meeting the expected standard of phonic decoding","Other","ONS 2011 5+1","2018-2019","Academic Year","Cheshire West and Chester","Local authority","E06000050","Girls","5-6","56","%","9","5"
"Percentage of year 1 pupils meeting the expected standard of phonic decoding","White","ONS 2011 5+1","2018-2019","Academic Year","Cheshire West and Chester","Local authority","E06000050","All","5-6","80","%","3647","2923"
"Percentage of year 1 pupils meeting the expected standard of phonic decoding","White","ONS 2011 5+1","2018-2019","Academic Year","Cheshire West and Chester","Local authority","E06000050","Boys","5-6","77","%","1889","1451"
"Percentage of year 1 pupils meeting the expected standard of phonic decoding","White","ONS 2011 5+1","2018-2019","Academic Year","Cheshire West and Chester","Local authority","E06000050","Girls","5-6","84","%","1758","1472"
"Percentage of year 1 pupils meeting the expected standard of phonic decoding","All","All","2018-2019","Academic Year","City of London","Local authority","E09000001","All","5-6","!","%","!","!"
"Percentage of year 1 pupils meeting the expected standard of phonic decoding","All","All","2018-2019","Academic Year","City of London","Local authority","E09000001","Boys","5-6","!","%","!","!"
"Percentage of year 1 pupils meeting the expected standard of phonic decoding","All","All","2018-2019","Academic Year","City of London","Local authority","E09000001","Girls","5-6","!","%","!","!"
"Percentage of year 1 pupils meeting the expected standard of phonic decoding","Asian","ONS 2011 5+1","2018-2019","Academic Year","City of London","Local authority","E09000001","All","5-6","!","%","!","!"
"Percentage of year 1 pupils meeting the expected standard of phonic decoding","Asian","ONS 2011 5+1","2018-2019","Academic Year","City of London","Local authority","E09000001","Boys","5-6","!","%","!","!"
"Percentage of year 1 pupils meeting the expected standard of phonic decoding","Asian","ONS 2011 5+1","2018-2019","Academic Year","City of London","Local authority","E09000001","Girls","5-6","!","%","!","!"
"Percentage of year 1 pupils meeting the expected standard of phonic decoding","Black","N/A","2018-2019","Academic Year","City of London","Local authority","E09000001","All","5-6","!","%","!","!"
"Percentage of year 1 pupils meeting the expected standard of phonic decoding","Black","N/A","2018-2019","Academic Year","City of London","Local authority","E09000001","Boys","5-6","!","%","!","!"
"Percentage of year 1 pupils meeting the expected standard of phonic decoding","Black","N/A","2018-2019","Academic Year","City of London","Local authority","E09000001","Girls","5-6","!","%","!","!"
"Percentage of year 1 pupils meeting the expected standard of phonic decoding","Chinese","N/A","2018-2019","Academic Year","City of London","Local authority","E09000001","All","5-6","!","%","!","!"
"Percentage of year 1 pupils meeting the expected standard of phonic decoding","Chinese","N/A","2018-2019","Academic Year","City of London","Local authority","E09000001","Boys","5-6","!","%","!","!"
"Percentage of year 1 pupils meeting the expected standard of phonic decoding","Chinese","N/A","2018-2019","Academic Year","City of London","Local authority","E09000001","Girls","5-6","!","%","!","!"
"Percentage of year 1 pupils meeting the expected standard of phonic decoding","Mixed","ONS 2011 5+1","2018-2019","Academic Year","City of London","Local authority","E09000001","All","5-6","!","%","!","!"
"Percentage of year 1 pupils meeting the expected standard of phonic decoding","Mixed","ONS 2011 5+1","2018-2019","Academic Year","City of London","Local authority","E09000001","Boys","5-6","!","%","!","!"
"Percentage of year 1 pupils meeting the expected standard of phonic decoding","Mixed","ONS 2011 5+1","2018-2019","Academic Year","City of London","Local authority","E09000001","Girls","5-6","!","%","!","!"
"Percentage of year 1 pupils meeting the expected standard of phonic decoding","Other","ONS 2011 5+1","2018-2019","Academic Year","City of London","Local authority","E09000001","All","5-6","!","%","!","!"
"Percentage of year 1 pupils meeting the expected standard of phonic decoding","Other","ONS 2011 5+1","2018-2019","Academic Year","City of London","Local authority","E09000001","Boys","5-6","!","%","!","!"
"Percentage of year 1 pupils meeting the expected standard of phonic decoding","Other","ONS 2011 5+1","2018-2019","Academic Year","City of London","Local authority","E09000001","Girls","5-6","!","%","!","!"
"Percentage of year 1 pupils meeting the expected standard of phonic decoding","White","ONS 2011 5+1","2018-2019","Academic Year","City of London","Local authority","E09000001","All","5-6","!","%","!","!"
"Percentage of year 1 pupils meeting the expected standard of phonic decoding","White","ONS 2011 5+1","2018-2019","Academic Year","City of London","Local authority","E09000001","Boys","5-6","!","%","!","!"
"Percentage of year 1 pupils meeting the expected standard of phonic decoding","White","ONS 2011 5+1","2018-2019","Academic Year","City of London","Local authority","E09000001","Girls","5-6","!","%","!","!"
"Percentage of year 1 pupils meeting the expected standard of phonic decoding","All","All","2018-2019","Academic Year","Cornwall","Local authority","E06000052","All","5-6","81","%","5981","4824"
"Percentage of year 1 pupils meeting the expected standard of phonic decoding","All","All","2018-2019","Academic Year","Cornwall","Local authority","E06000052","Boys","5-6","77","%","3053","2362"
"Percentage of year 1 pupils meeting the expected standard of phonic decoding","All","All","2018-2019","Academic Year","Cornwall","Local authority","E06000052","Girls","5-6","84","%","2928","2462"
"Percentage of year 1 pupils meeting the expected standard of phonic decoding","Asian","ONS 2011 5+1","2018-2019","Academic Year","Cornwall","Local authority","E06000052","All","5-6","94","%","16","15"
"Percentage of year 1 pupils meeting the expected standard of phonic decoding","Asian","ONS 2011 5+1","2018-2019","Academic Year","Cornwall","Local authority","E06000052","Boys","5-6","100","%","6","6"
"Percentage of year 1 pupils meeting the expected standard of phonic decoding","Asian","ONS 2011 5+1","2018-2019","Academic Year","Cornwall","Local authority","E06000052","Girls","5-6","90","%","10","9"
"Percentage of year 1 pupils meeting the expected standard of phonic decoding","Black","ONS 2011 5+1","2018-2019","Academic Year","Cornwall","Local authority","E06000052","All","5-6","67","%","3","2"
"Percentage of year 1 pupils meeting the expected standard of phonic decoding","Black","N/A","2018-2019","Academic Year","Cornwall","Local authority","E06000052","Boys","5-6","N/A","%","N/A","N/A"
"Percentage of year 1 pupils meeting the expected standard of phonic decoding","Black","ONS 2011 5+1","2018-2019","Academic Year","Cornwall","Local authority","E06000052","Girls","5-6","67","%","3","2"
"Percentage of year 1 pupils meeting the expected standard of phonic decoding","Chinese","ONS 2011 18+1","2018-2019","Academic Year","Cornwall","Local authority","E06000052","All","5-6","88","%","8","7"
"Percentage of year 1 pupils meeting the expected standard of phonic decoding","Chinese","ONS 2011 18+1","2018-2019","Academic Year","Cornwall","Local authority","E06000052","Boys","5-6","83","%","6","5"
"Percentage of year 1 pupils meeting the expected standard of phonic decoding","Chinese","ONS 2011 18+1","2018-2019","Academic Year","Cornwall","Local authority","E06000052","Girls","5-6","100","%","2","2"
"Percentage of year 1 pupils meeting the expected standard of phonic decoding","Mixed","ONS 2011 5+1","2018-2019","Academic Year","Cornwall","Local authority","E06000052","All","5-6","86","%","152","131"
"Percentage of year 1 pupils meeting the expected standard of phonic decoding","Mixed","ONS 2011 5+1","2018-2019","Academic Year","Cornwall","Local authority","E06000052","Boys","5-6","83","%","86","71"
"Percentage of year 1 pupils meeting the expected standard of phonic decoding","Mixed","ONS 2011 5+1","2018-2019","Academic Year","Cornwall","Local authority","E06000052","Girls","5-6","91","%","66","60"
"Percentage of year 1 pupils meeting the expected standard of phonic decoding","Other","ONS 2011 5+1","2018-2019","Academic Year","Cornwall","Local authority","E06000052","All","5-6","85","%","20","17"
"Percentage of year 1 pupils meeting the expected standard of phonic decoding","Other","ONS 2011 5+1","2018-2019","Academic Year","Cornwall","Local authority","E06000052","Boys","5-6","90","%","10","9"
"Percentage of year 1 pupils meeting the expected standard of phonic decoding","Other","ONS 2011 5+1","2018-2019","Academic Year","Cornwall","Local authority","E06000052","Girls","5-6","80","%","10","8"
"Percentage of year 1 pupils meeting the expected standard of phonic decoding","White","ONS 2011 5+1","2018-2019","Academic Year","Cornwall","Local authority","E06000052","All","5-6","81","%","5645","4547"
"Percentage of year 1 pupils meeting the expected standard of phonic decoding","White","ONS 2011 5+1","2018-2019","Academic Year","Cornwall","Local authority","E06000052","Boys","5-6","77","%","2864","2213"
"Percentage of year 1 pupils meeting the expected standard of phonic decoding","White","ONS 2011 5+1","2018-2019","Academic Year","Cornwall","Local authority","E06000052","Girls","5-6","84","%","2781","2334"
"Percentage of year 1 pupils meeting the expected standard of phonic decoding","All","All","2018-2019","Academic Year","County Durham","Local authority","E06000047","All","5-6","82","%","5622","4608"
"Percentage of year 1 pupils meeting the expected standard of phonic decoding","All","All","2018-2019","Academic Year","County Durham","Local authority","E06000047","Boys","5-6","79","%","2923","2303"
"Percentage of year 1 pupils meeting the expected standard of phonic decoding","All","All","2018-2019","Academic Year","County Durham","Local authority","E06000047","Girls","5-6","85","%","2699","2305"
"Percentage of year 1 pupils meeting the expected standard of phonic decoding","Asian","ONS 2011 5+1","2018-2019","Academic Year","County Durham","Local authority","E06000047","All","5-6","86","%","43","37"
"Percentage of year 1 pupils meeting the expected standard of phonic decoding","Asian","ONS 2011 5+1","2018-2019","Academic Year","County Durham","Local authority","E06000047","Boys","5-6","83","%","18","15"
"Percentage of year 1 pupils meeting the expected standard of phonic decoding","Asian","ONS 2011 5+1","2018-2019","Academic Year","County Durham","Local authority","E06000047","Girls","5-6","88","%","25","22"
"Percentage of year 1 pupils meeting the expected standard of phonic decoding","Black","ONS 2011 5+1","2018-2019","Academic Year","County Durham","Local authority","E06000047","All","5-6","86","%","21","18"
"Percentage of year 1 pupils meeting the expected standard of phonic decoding","Black","ONS 2011 5+1","2018-2019","Academic Year","County Durham","Local authority","E06000047","Boys","5-6","82","%","11","9"
"Percentage of year 1 pupils meeting the expected standard of phonic decoding","Black","ONS 2011 5+1","2018-2019","Academic Year","County Durham","Local authority","E06000047","Girls","5-6","90","%","10","9"
"Percentage of year 1 pupils meeting the expected standard of phonic decoding","Chinese","ONS 2011 18+1","2018-2019","Academic Year","County Durham","Local authority","E06000047","All","5-6","95","%","19","18"
"Percentage of year 1 pupils meeting the expected standard of phonic decoding","Chinese","ONS 2011 18+1","2018-2019","Academic Year","County Durham","Local authority","E06000047","Boys","5-6","86","%","7","6"
"Percentage of year 1 pupils meeting the expected standard of phonic decoding","Chinese","ONS 2011 18+1","2018-2019","Academic Year","County Durham","Local authority","E06000047","Girls","5-6","100","%","12","12"
"Percentage of year 1 pupils meeting the expected standard of phonic decoding","Mixed","ONS 2011 5+1","2018-2019","Academic Year","County Durham","Local authority","E06000047","All","5-6","86","%","94","81"
"Percentage of year 1 pupils meeting the expected standard of phonic decoding","Mixed","ONS 2011 5+1","2018-2019","Academic Year","County Durham","Local authority","E06000047","Boys","5-6","82","%","55","45"
"Percentage of year 1 pupils meeting the expected standard of phonic decoding","Mixed","ONS 2011 5+1","2018-2019","Academic Year","County Durham","Local authority","E06000047","Girls","5-6","92","%","39","36"
"Percentage of year 1 pupils meeting the expected standard of phonic decoding","Other","ONS 2011 5+1","2018-2019","Academic Year","County Durham","Local authority","E06000047","All","5-6","84","%","31","26"
"Percentage of year 1 pupils meeting the expected standard of phonic decoding","Other","ONS 2011 5+1","2018-2019","Academic Year","County Durham","Local authority","E06000047","Boys","5-6","77","%","13","10"
"Percentage of year 1 pupils meeting the expected standard of phonic decoding","Other","ONS 2011 5+1","2018-2019","Academic Year","County Durham","Local authority","E06000047","Girls","5-6","89","%","18","16"
"Percentage of year 1 pupils meeting the expected standard of phonic decoding","White","ONS 2011 5+1","2018-2019","Academic Year","County Durham","Local authority","E06000047","All","5-6","82","%","5381","4409"
"Percentage of year 1 pupils meeting the expected standard of phonic decoding","White","ONS 2011 5+1","2018-2019","Academic Year","County Durham","Local authority","E06000047","Boys","5-6","79","%","2804","2211"
"Percentage of year 1 pupils meeting the expected standard of phonic decoding","White","ONS 2011 5+1","2018-2019","Academic Year","County Durham","Local authority","E06000047","Girls","5-6","85","%","2577","2198"
"Percentage of year 1 pupils meeting the expected standard of phonic decoding","All","All","2018-2019","Academic Year","Coventry","Local authority","E08000026","All","5-6","80","%","4475","3599"
"Percentage of year 1 pupils meeting the expected standard of phonic decoding","All","All","2018-2019","Academic Year","Coventry","Local authority","E08000026","Boys","5-6","77","%","2306","1774"
"Percentage of year 1 pupils meeting the expected standard of phonic decoding","All","All","2018-2019","Academic Year","Coventry","Local authority","E08000026","Girls","5-6","84","%","2169","1825"
"Percentage of year 1 pupils meeting the expected standard of phonic decoding","Asian","ONS 2011 5+1","2018-2019","Academic Year","Coventry","Local authority","E08000026","All","5-6","83","%","904","751"
"Percentage of year 1 pupils meeting the expected standard of phonic decoding","Asian","ONS 2011 5+1","2018-2019","Academic Year","Coventry","Local authority","E08000026","Boys","5-6","78","%","480","374"
"Percentage of year 1 pupils meeting the expected standard of phonic decoding","Asian","ONS 2011 5+1","2018-2019","Academic Year","Coventry","Local authority","E08000026","Girls","5-6","89","%","424","377"
"Percentage of year 1 pupils meeting the expected standard of phonic decoding","Black","ONS 2011 5+1","2018-2019","Academic Year","Coventry","Local authority","E08000026","All","5-6","85","%","504","427"
"Percentage of year 1 pupils meeting the expected standard of phonic decoding","Black","ONS 2011 5+1","2018-2019","Academic Year","Coventry","Local authority","E08000026","Boys","5-6","81","%","253","206"
"Percentage of year 1 pupils meeting the expected standard of phonic decoding","Black","ONS 2011 5+1","2018-2019","Academic Year","Coventry","Local authority","E08000026","Girls","5-6","88","%","251","221"
"Percentage of year 1 pupils meeting the expected standard of phonic decoding","Chinese","ONS 2011 18+1","2018-2019","Academic Year","Coventry","Local authority","E08000026","All","5-6","91","%","23","21"
"Percentage of year 1 pupils meeting the expected standard of phonic decoding","Chinese","ONS 2011 18+1","2018-2019","Academic Year","Coventry","Local authority","E08000026","Boys","5-6","86","%","14","12"
"Percentage of year 1 pupils meeting the expected standard of phonic decoding","Chinese","ONS 2011 18+1","2018-2019","Academic Year","Coventry","Local authority","E08000026","Girls","5-6","100","%","9","9"
"Percentage of year 1 pupils meeting the expected standard of phonic decoding","Mixed","ONS 2011 5+1","2018-2019","Academic Year","Coventry","Local authority","E08000026","All","5-6","82","%","346","282"
"Percentage of year 1 pupils meeting the expected standard of phonic decoding","Mixed","ONS 2011 5+1","2018-2019","Academic Year","Coventry","Local authority","E08000026","Boys","5-6","74","%","189","140"
"Percentage of year 1 pupils meeting the expected standard of phonic decoding","Mixed","ONS 2011 5+1","2018-2019","Academic Year","Coventry","Local authority","E08000026","Girls","5-6","90","%","157","142"
"Percentage of year 1 pupils meeting the expected standard of phonic decoding","Other","ONS 2011 5+1","2018-2019","Academic Year","Coventry","Local authority","E08000026","All","5-6","81","%","96","78"
"Percentage of year 1 pupils meeting the expected standard of phonic decoding","Other","ONS 2011 5+1","2018-2019","Academic Year","Coventry","Local authority","E08000026","Boys","5-6","77","%","43","33"
"Percentage of year 1 pupils meeting the expected standard of phonic decoding","Other","ONS 2011 5+1","2018-2019","Academic Year","Coventry","Local authority","E08000026","Girls","5-6","85","%","53","45"
"Percentage of year 1 pupils meeting the expected standard of phonic decoding","White","ONS 2011 5+1","2018-2019","Academic Year","Coventry","Local authority","E08000026","All","5-6","79","%","2531","2001"
"Percentage of year 1 pupils meeting the expected standard of phonic decoding","White","ONS 2011 5+1","2018-2019","Academic Year","Coventry","Local authority","E08000026","Boys","5-6","77","%","1290","987"
"Percentage of year 1 pupils meeting the expected standard of phonic decoding","White","ONS 2011 5+1","2018-2019","Academic Year","Coventry","Local authority","E08000026","Girls","5-6","82","%","1241","1014"
"Percentage of year 1 pupils meeting the expected standard of phonic decoding","All","All","2018-2019","Academic Year","Croydon","Local authority","E09000008","All","5-6","84","%","4704","3930"
"Percentage of year 1 pupils meeting the expected standard of phonic decoding","All","All","2018-2019","Academic Year","Croydon","Local authority","E09000008","Boys","5-6","80","%","2378","1900"
"Percentage of year 1 pupils meeting the expected standard of phonic decoding","All","All","2018-2019","Academic Year","Croydon","Local authority","E09000008","Girls","5-6","87","%","2326","2030"
"Percentage of year 1 pupils meeting the expected standard of phonic decoding","Asian","ONS 2011 5+1","2018-2019","Academic Year","Croydon","Local authority","E09000008","All","5-6","87","%","786","685"
"Percentage of year 1 pupils meeting the expected standard of phonic decoding","Asian","ONS 2011 5+1","2018-2019","Academic Year","Croydon","Local authority","E09000008","Boys","5-6","83","%","405","338"
"Percentage of year 1 pupils meeting the expected standard of phonic decoding","Asian","ONS 2011 5+1","2018-2019","Academic Year","Croydon","Local authority","E09000008","Girls","5-6","91","%","381","347"
"Percentage of year 1 pupils meeting the expected standard of phonic decoding","Black","ONS 2011 5+1","2018-2019","Academic Year","Croydon","Local authority","E09000008","All","5-6","81","%","1184","963"
"Percentage of year 1 pupils meeting the expected standard of phonic decoding","Black","ONS 2011 5+1","2018-2019","Academic Year","Croydon","Local authority","E09000008","Boys","5-6","77","%","588","451"
"Percentage of year 1 pupils meeting the expected standard of phonic decoding","Black","ONS 2011 5+1","2018-2019","Academic Year","Croydon","Local authority","E09000008","Girls","5-6","86","%","596","512"
"Percentage of year 1 pupils meeting the expected standard of phonic decoding","Chinese","ONS 2011 18+1","2018-2019","Academic Year","Croydon","Local authority","E09000008","All","5-6","90","%","31","28"
"Percentage of year 1 pupils meeting the expected standard of phonic decoding","Chinese","ONS 2011 18+1","2018-2019","Academic Year","Croydon","Local authority","E09000008","Boys","5-6","92","%","13","12"
"Percentage of year 1 pupils meeting the expected standard of phonic decoding","Chinese","ONS 2011 18+1","2018-2019","Academic Year","Croydon","Local authority","E09000008","Girls","5-6","89","%","18","16"
"Percentage of year 1 pupils meeting the expected standard of phonic decoding","Mixed","ONS 2011 5+1","2018-2019","Academic Year","Croydon","Local authority","E09000008","All","5-6","84","%","775","653"
"Percentage of year 1 pupils meeting the expected standard of phonic decoding","Mixed","ONS 2011 5+1","2018-2019","Academic Year","Croydon","Local authority","E09000008","Boys","5-6","81","%","365","297"
"Percentage of year 1 pupils meeting the expected standard of phonic decoding","Mixed","ONS 2011 5+1","2018-2019","Academic Year","Croydon","Local authority","E09000008","Girls","5-6","87","%","410","356"
"Percentage of year 1 pupils meeting the expected standard of phonic decoding","Other","ONS 2011 5+1","2018-2019","Academic Year","Croydon","Local authority","E09000008","All","5-6","82","%","92","75"
"Percentage of year 1 pupils meeting the expected standard of phonic decoding","Other","ONS 2011 5+1","2018-2019","Academic Year","Croydon","Local authority","E09000008","Boys","5-6","75","%","51","38"
"Percentage of year 1 pupils meeting the expected standard of phonic decoding","Other","ONS 2011 5+1","2018-2019","Academic Year","Croydon","Local authority","E09000008","Girls","5-6","90","%","41","37"
"Percentage of year 1 pupils meeting the expected standard of phonic decoding","White","ONS 2011 5+1","2018-2019","Academic Year","Croydon","Local authority","E09000008","All","5-6","84","%","1728","1455"
"Percentage of year 1 pupils meeting the expected standard of phonic decoding","White","ONS 2011 5+1","2018-2019","Academic Year","Croydon","Local authority","E09000008","Boys","5-6","81","%","897","727"
"Percentage of year 1 pupils meeting the expected standard of phonic decoding","White","ONS 2011 5+1","2018-2019","Academic Year","Croydon","Local authority","E09000008","Girls","5-6","88","%","831","728"
"Percentage of year 1 pupils meeting the expected standard of phonic decoding","All","All","2018-2019","Academic Year","Cumbria","Local authority","E10000006","All","5-6","80","%","5007","4020"
"Percentage of year 1 pupils meeting the expected standard of phonic decoding","All","All","2018-2019","Academic Year","Cumbria","Local authority","E10000006","Boys","5-6","76","%","2584","1976"
"Percentage of year 1 pupils meeting the expected standard of phonic decoding","All","All","2018-2019","Academic Year","Cumbria","Local authority","E10000006","Girls","5-6","84","%","2423","2044"
"Percentage of year 1 pupils meeting the expected standard of phonic decoding","Asian","ONS 2011 5+1","2018-2019","Academic Year","Cumbria","Local authority","E10000006","All","5-6","94","%","36","34"
"Percentage of year 1 pupils meeting the expected standard of phonic decoding","Asian","ONS 2011 5+1","2018-2019","Academic Year","Cumbria","Local authority","E10000006","Boys","5-6","94","%","18","17"
"Percentage of year 1 pupils meeting the expected standard of phonic decoding","Asian","ONS 2011 5+1","2018-2019","Academic Year","Cumbria","Local authority","E10000006","Girls","5-6","94","%","18","17"
"Percentage of year 1 pupils meeting the expected standard of phonic decoding","Black","ONS 2011 5+1","2018-2019","Academic Year","Cumbria","Local authority","E10000006","All","5-6","75","%","8","6"
"Percentage of year 1 pupils meeting the expected standard of phonic decoding","Black","ONS 2011 5+1","2018-2019","Academic Year","Cumbria","Local authority","E10000006","Boys","5-6","75","%","4","3"
"Percentage of year 1 pupils meeting the expected standard of phonic decoding","Black","ONS 2011 5+1","2018-2019","Academic Year","Cumbria","Local authority","E10000006","Girls","5-6","75","%","4","3"
"Percentage of year 1 pupils meeting the expected standard of phonic decoding","Chinese","ONS 2011 18+1","2018-2019","Academic Year","Cumbria","Local authority","E10000006","All","5-6","100","%","7","7"
"Percentage of year 1 pupils meeting the expected standard of phonic decoding","Chinese","ONS 2011 18+1","2018-2019","Academic Year","Cumbria","Local authority","E10000006","Boys","5-6","100","%","6","6"
"Percentage of year 1 pupils meeting the expected standard of phonic decoding","Chinese","ONS 2011 18+1","2018-2019","Academic Year","Cumbria","Local authority","E10000006","Girls","5-6","100","%","1","1"
"Percentage of year 1 pupils meeting the expected standard of phonic decoding","Mixed","ONS 2011 5+1","2018-2019","Academic Year","Cumbria","Local authority","E10000006","All","5-6","82","%","91","75"
"Percentage of year 1 pupils meeting the expected standard of phonic decoding","Mixed","ONS 2011 5+1","2018-2019","Academic Year","Cumbria","Local authority","E10000006","Boys","5-6","76","%","49","37"
"Percentage of year 1 pupils meeting the expected standard of phonic decoding","Mixed","ONS 2011 5+1","2018-2019","Academic Year","Cumbria","Local authority","E10000006","Girls","5-6","90","%","42","38"
"Percentage of year 1 pupils meeting the expected standard of phonic decoding","Other","ONS 2011 5+1","2018-2019","Academic Year","Cumbria","Local authority","E10000006","All","5-6","65","%","17","11"
"Percentage of year 1 pupils meeting the expected standard of phonic decoding","Other","ONS 2011 5+1","2018-2019","Academic Year","Cumbria","Local authority","E10000006","Boys","5-6","63","%","8","5"
"Percentage of year 1 pupils meeting the expected standard of phonic decoding","Other","ONS 2011 5+1","2018-2019","Academic Year","Cumbria","Local authority","E10000006","Girls","5-6","67","%","9","6"
"Percentage of year 1 pupils meeting the expected standard of phonic decoding","White","ONS 2011 5+1","2018-2019","Academic Year","Cumbria","Local authority","E10000006","All","5-6","80","%","4758","3824"
"Percentage of year 1 pupils meeting the expected standard of phonic decoding","White","ONS 2011 5+1","2018-2019","Academic Year","Cumbria","Local authority","E10000006","Boys","5-6","77","%","2447","1876"
"Percentage of year 1 pupils meeting the expected standard of phonic decoding","White","ONS 2011 5+1","2018-2019","Academic Year","Cumbria","Local authority","E10000006","Girls","5-6","84","%","2311","1948"
"Percentage of year 1 pupils meeting the expected standard of phonic decoding","All","All","2018-2019","Academic Year","Darlington","Local authority","E06000005","All","5-6","83","%","1273","1062"
"Percentage of year 1 pupils meeting the expected standard of phonic decoding","All","All","2018-2019","Academic Year","Darlington","Local authority","E06000005","Boys","5-6","81","%","669","541"
"Percentage of year 1 pupils meeting the expected standard of phonic decoding","All","All","2018-2019","Academic Year","Darlington","Local authority","E06000005","Girls","5-6","86","%","604","521"
"Percentage of year 1 pupils meeting the expected standard of phonic decoding","Asian","ONS 2011 5+1","2018-2019","Academic Year","Darlington","Local authority","E06000005","All","5-6","77","%","39","30"
"Percentage of year 1 pupils meeting the expected standard of phonic decoding","Asian","ONS 2011 5+1","2018-2019","Academic Year","Darlington","Local authority","E06000005","Boys","5-6","68","%","19","13"
"Percentage of year 1 pupils meeting the expected standard of phonic decoding","Asian","ONS 2011 5+1","2018-2019","Academic Year","Darlington","Local authority","E06000005","Girls","5-6","85","%","20","17"
"Percentage of year 1 pupils meeting the expected standard of phonic decoding","Black","ONS 2011 5+1","2018-2019","Academic Year","Darlington","Local authority","E06000005","All","5-6","89","%","9","8"
"Percentage of year 1 pupils meeting the expected standard of phonic decoding","Black","ONS 2011 5+1","2018-2019","Academic Year","Darlington","Local authority","E06000005","Boys","5-6","100","%","2","2"
"Percentage of year 1 pupils meeting the expected standard of phonic decoding","Black","ONS 2011 5+1","2018-2019","Academic Year","Darlington","Local authority","E06000005","Girls","5-6","86","%","7","6"
"Percentage of year 1 pupils meeting the expected standard of phonic decoding","Chinese","ONS 2011 18+1","2018-2019","Academic Year","Darlington","Local authority","E06000005","All","5-6","100","%","4","4"
"Percentage of year 1 pupils meeting the expected standard of phonic decoding","Chinese","ONS 2011 18+1","2018-2019","Academic Year","Darlington","Local authority","E06000005","Boys","5-6","100","%","4","4"
"Percentage of year 1 pupils meeting the expected standard of phonic decoding","Chinese","N/A","2018-2019","Academic Year","Darlington","Local authority","E06000005","Girls","5-6","N/A","%","N/A","N/A"
"Percentage of year 1 pupils meeting the expected standard of phonic decoding","Mixed","ONS 2011 5+1","2018-2019","Academic Year","Darlington","Local authority","E06000005","All","5-6","73","%","26","19"
"Percentage of year 1 pupils meeting the expected standard of phonic decoding","Mixed","ONS 2011 5+1","2018-2019","Academic Year","Darlington","Local authority","E06000005","Boys","5-6","62","%","13","8"
"Percentage of year 1 pupils meeting the expected standard of phonic decoding","Mixed","ONS 2011 5+1","2018-2019","Academic Year","Darlington","Local authority","E06000005","Girls","5-6","85","%","13","11"
"Percentage of year 1 pupils meeting the expected standard of phonic decoding","Other","ONS 2011 5+1","2018-2019","Academic Year","Darlington","Local authority","E06000005","All","5-6","75","%","8","6"
"Percentage of year 1 pupils meeting the expected standard of phonic decoding","Other","ONS 2011 5+1","2018-2019","Academic Year","Darlington","Local authority","E06000005","Boys","5-6","60","%","5","3"
"Percentage of year 1 pupils meeting the expected standard of phonic decoding","Other","ONS 2011 5+1","2018-2019","Academic Year","Darlington","Local authority","E06000005","Girls","5-6","100","%","3","3"
"Percentage of year 1 pupils meeting the expected standard of phonic decoding","White","ONS 2011 5+1","2018-2019","Academic Year","Darlington","Local authority","E06000005","All","5-6","84","%","1163","977"
"Percentage of year 1 pupils meeting the expected standard of phonic decoding","White","ONS 2011 5+1","2018-2019","Academic Year","Darlington","Local authority","E06000005","Boys","5-6","82","%","619","506"
"Percentage of year 1 pupils meeting the expected standard of phonic decoding","White","ONS 2011 5+1","2018-2019","Academic Year","Darlington","Local authority","E06000005","Girls","5-6","87","%","544","471"
"Percentage of year 1 pupils meeting the expected standard of phonic decoding","All","All","2018-2019","Academic Year","Derby","Local authority","E06000015","All","5-6","83","%","3385","2793"
"Percentage of year 1 pupils meeting the expected standard of phonic decoding","All","All","2018-2019","Academic Year","Derby","Local authority","E06000015","Boys","5-6","78","%","1735","1349"
"Percentage of year 1 pupils meeting the expected standard of phonic decoding","All","All","2018-2019","Academic Year","Derby","Local authority","E06000015","Girls","5-6","88","%","1650","1444"
"Percentage of year 1 pupils meeting the expected standard of phonic decoding","Asian","ONS 2011 5+1","2018-2019","Academic Year","Derby","Local authority","E06000015","All","5-6","86","%","647","559"
"Percentage of year 1 pupils meeting the expected standard of phonic decoding","Asian","ONS 2011 5+1","2018-2019","Academic Year","Derby","Local authority","E06000015","Boys","5-6","83","%","336","278"
"Percentage of year 1 pupils meeting the expected standard of phonic decoding","Asian","ONS 2011 5+1","2018-2019","Academic Year","Derby","Local authority","E06000015","Girls","5-6","90","%","311","281"
"Percentage of year 1 pupils meeting the expected standard of phonic decoding","Black","ONS 2011 5+1","2018-2019","Academic Year","Derby","Local authority","E06000015","All","5-6","86","%","132","114"
"Percentage of year 1 pupils meeting the expected standard of phonic decoding","Black","ONS 2011 5+1","2018-2019","Academic Year","Derby","Local authority","E06000015","Boys","5-6","81","%","68","55"
"Percentage of year 1 pupils meeting the expected standard of phonic decoding","Black","ONS 2011 5+1","2018-2019","Academic Year","Derby","Local authority","E06000015","Girls","5-6","92","%","64","59"
"Percentage of year 1 pupils meeting the expected standard of phonic decoding","Chinese","ONS 2011 18+1","2018-2019","Academic Year","Derby","Local authority","E06000015","All","5-6","95","%","22","21"
"Percentage of year 1 pupils meeting the expected standard of phonic decoding","Chinese","ONS 2011 18+1","2018-2019","Academic Year","Derby","Local authority","E06000015","Boys","5-6","93","%","14","13"
"Percentage of year 1 pupils meeting the expected standard of phonic decoding","Chinese","ONS 2011 18+1","2018-2019","Academic Year","Derby","Local authority","E06000015","Girls","5-6","100","%","8","8"
"Percentage of year 1 pupils meeting the expected standard of phonic decoding","Mixed","ONS 2011 5+1","2018-2019","Academic Year","Derby","Local authority","E06000015","All","5-6","87","%","252","220"
"Percentage of year 1 pupils meeting the expected standard of phonic decoding","Mixed","ONS 2011 5+1","2018-2019","Academic Year","Derby","Local authority","E06000015","Boys","5-6","84","%","126","106"
"Percentage of year 1 pupils meeting the expected standard of phonic decoding","Mixed","ONS 2011 5+1","2018-2019","Academic Year","Derby","Local authority","E06000015","Girls","5-6","90","%","126","114"
"Percentage of year 1 pupils meeting the expected standard of phonic decoding","Other","ONS 2011 5+1","2018-2019","Academic Year","Derby","Local authority","E06000015","All","5-6","84","%","77","65"
"Percentage of year 1 pupils meeting the expected standard of phonic decoding","Other","ONS 2011 5+1","2018-2019","Academic Year","Derby","Local authority","E06000015","Boys","5-6","81","%","42","34"
"Percentage of year 1 pupils meeting the expected standard of phonic decoding","Other","ONS 2011 5+1","2018-2019","Academic Year","Derby","Local authority","E06000015","Girls","5-6","89","%","35","31"
"Percentage of year 1 pupils meeting the expected standard of phonic decoding","White","ONS 2011 5+1","2018-2019","Academic Year","Derby","Local authority","E06000015","All","5-6","81","%","2184","1771"
"Percentage of year 1 pupils meeting the expected standard of phonic decoding","White","ONS 2011 5+1","2018-2019","Academic Year","Derby","Local authority","E06000015","Boys","5-6","76","%","1115","844"
"Percentage of year 1 pupils meeting the expected standard of phonic decoding","White","ONS 2011 5+1","2018-2019","Academic Year","Derby","Local authority","E06000015","Girls","5-6","87","%","1069","927"
"Percentage of year 1 pupils meeting the expected standard of phonic decoding","All","All","2018-2019","Academic Year","Derbyshire","Local authority","E10000007","All","5-6","80","%","8382","6708"
"Percentage of year 1 pupils meeting the expected standard of phonic decoding","All","All","2018-2019","Academic Year","Derbyshire","Local authority","E10000007","Boys","5-6","76","%","4277","3261"
"Percentage of year 1 pupils meeting the expected standard of phonic decoding","All","All","2018-2019","Academic Year","Derbyshire","Local authority","E10000007","Girls","5-6","84","%","4105","3447"
"Percentage of year 1 pupils meeting the expected standard of phonic decoding","Asian","ONS 2011 5+1","2018-2019","Academic Year","Derbyshire","Local authority","E10000007","All","5-6","85","%","102","87"
"Percentage of year 1 pupils meeting the expected standard of phonic decoding","Asian","ONS 2011 5+1","2018-2019","Academic Year","Derbyshire","Local authority","E10000007","Boys","5-6","86","%","50","43"
"Percentage of year 1 pupils meeting the expected standard of phonic decoding","Asian","ONS 2011 5+1","2018-2019","Academic Year","Derbyshire","Local authority","E10000007","Girls","5-6","85","%","52","44"
"Percentage of year 1 pupils meeting the expected standard of phonic decoding","Black","ONS 2011 5+1","2018-2019","Academic Year","Derbyshire","Local authority","E10000007","All","5-6","80","%","30","24"
"Percentage of year 1 pupils meeting the expected standard of phonic decoding","Black","ONS 2011 5+1","2018-2019","Academic Year","Derbyshire","Local authority","E10000007","Boys","5-6","73","%","15","11"
"Percentage of year 1 pupils meeting the expected standard of phonic decoding","Black","ONS 2011 5+1","2018-2019","Academic Year","Derbyshire","Local authority","E10000007","Girls","5-6","87","%","15","13"
"Percentage of year 1 pupils meeting the expected standard of phonic decoding","Chinese","ONS 2011 18+1","2018-2019","Academic Year","Derbyshire","Local authority","E10000007","All","5-6","79","%","19","15"
"Percentage of year 1 pupils meeting the expected standard of phonic decoding","Chinese","ONS 2011 18+1","2018-2019","Academic Year","Derbyshire","Local authority","E10000007","Boys","5-6","86","%","7","6"
"Percentage of year 1 pupils meeting the expected standard of phonic decoding","Chinese","ONS 2011 18+1","2018-2019","Academic Year","Derbyshire","Local authority","E10000007","Girls","5-6","75","%","12","9"
"Percentage of year 1 pupils meeting the expected standard of phonic decoding","Mixed","ONS 2011 5+1","2018-2019","Academic Year","Derbyshire","Local authority","E10000007","All","5-6","83","%","250","208"
"Percentage of year 1 pupils meeting the expected standard of phonic decoding","Mixed","ONS 2011 5+1","2018-2019","Academic Year","Derbyshire","Local authority","E10000007","Boys","5-6","76","%","118","90"
"Percentage of year 1 pupils meeting the expected standard of phonic decoding","Mixed","ONS 2011 5+1","2018-2019","Academic Year","Derbyshire","Local authority","E10000007","Girls","5-6","89","%","132","118"
"Percentage of year 1 pupils meeting the expected standard of phonic decoding","Other","ONS 2011 5+1","2018-2019","Academic Year","Derbyshire","Local authority","E10000007","All","5-6","67","%","18","12"
"Percentage of year 1 pupils meeting the expected standard of phonic decoding","Other","ONS 2011 5+1","2018-2019","Academic Year","Derbyshire","Local authority","E10000007","Boys","5-6","73","%","11","8"
"Percentage of year 1 pupils meeting the expected standard of phonic decoding","Other","ONS 2011 5+1","2018-2019","Academic Year","Derbyshire","Local authority","E10000007","Girls","5-6","57","%","7","4"
"Percentage of year 1 pupils meeting the expected standard of phonic decoding","White","ONS 2011 5+1","2018-2019","Academic Year","Derbyshire","Local authority","E10000007","All","5-6","80","%","7826","6269"
"Percentage of year 1 pupils meeting the expected standard of phonic decoding","White","ONS 2011 5+1","2018-2019","Academic Year","Derbyshire","Local authority","E10000007","Boys","5-6","76","%","4012","3065"
"Percentage of year 1 pupils meeting the expected standard of phonic decoding","White","ONS 2011 5+1","2018-2019","Academic Year","Derbyshire","Local authority","E10000007","Girls","5-6","84","%","3814","3204"
"Percentage of year 1 pupils meeting the expected standard of phonic decoding","All","All","2018-2019","Academic Year","Devon","Local authority","E10000008","All","5-6","82","%","7832","6434"
"Percentage of year 1 pupils meeting the expected standard of phonic decoding","All","All","2018-2019","Academic Year","Devon","Local authority","E10000008","Boys","5-6","79","%","4087","3213"
"Percentage of year 1 pupils meeting the expected standard of phonic decoding","All","All","2018-2019","Academic Year","Devon","Local authority","E10000008","Girls","5-6","86","%","3745","3221"
"Percentage of year 1 pupils meeting the expected standard of phonic decoding","Asian","ONS 2011 5+1","2018-2019","Academic Year","Devon","Local authority","E10000008","All","5-6","83","%","63","52"
"Percentage of year 1 pupils meeting the expected standard of phonic decoding","Asian","ONS 2011 5+1","2018-2019","Academic Year","Devon","Local authority","E10000008","Boys","5-6","76","%","37","28"
"Percentage of year 1 pupils meeting the expected standard of phonic decoding","Asian","ONS 2011 5+1","2018-2019","Academic Year","Devon","Local authority","E10000008","Girls","5-6","92","%","26","24"
"Percentage of year 1 pupils meeting the expected standard of phonic decoding","Black","ONS 2011 5+1","2018-2019","Academic Year","Devon","Local authority","E10000008","All","5-6","91","%","11","10"
"Percentage of year 1 pupils meeting the expected standard of phonic decoding","Black","ONS 2011 5+1","2018-2019","Academic Year","Devon","Local authority","E10000008","Boys","5-6","100","%","4","4"
"Percentage of year 1 pupils meeting the expected standard of phonic decoding","Black","ONS 2011 5+1","2018-2019","Academic Year","Devon","Local authority","E10000008","Girls","5-6","86","%","7","6"
"Percentage of year 1 pupils meeting the expected standard of phonic decoding","Chinese","ONS 2011 18+1","2018-2019","Academic Year","Devon","Local authority","E10000008","All","5-6","89","%","19","17"
"Percentage of year 1 pupils meeting the expected standard of phonic decoding","Chinese","ONS 2011 18+1","2018-2019","Academic Year","Devon","Local authority","E10000008","Boys","5-6","91","%","11","10"
"Percentage of year 1 pupils meeting the expected standard of phonic decoding","Chinese","ONS 2011 18+1","2018-2019","Academic Year","Devon","Local authority","E10000008","Girls","5-6","88","%","8","7"
"Percentage of year 1 pupils meeting the expected standard of phonic decoding","Mixed","ONS 2011 5+1","2018-2019","Academic Year","Devon","Local authority","E10000008","All","5-6","91","%","190","172"
"Percentage of year 1 pupils meeting the expected standard of phonic decoding","Mixed","ONS 2011 5+1","2018-2019","Academic Year","Devon","Local authority","E10000008","Boys","5-6","90","%","102","92"
"Percentage of year 1 pupils meeting the expected standard of phonic decoding","Mixed","ONS 2011 5+1","2018-2019","Academic Year","Devon","Local authority","E10000008","Girls","5-6","91","%","88","80"
"Percentage of year 1 pupils meeting the expected standard of phonic decoding","Other","ONS 2011 5+1","2018-2019","Academic Year","Devon","Local authority","E10000008","All","5-6","73","%","60","44"
"Percentage of year 1 pupils meeting the expected standard of phonic decoding","Other","ONS 2011 5+1","2018-2019","Academic Year","Devon","Local authority","E10000008","Boys","5-6","73","%","30","22"
"Percentage of year 1 pupils meeting the expected standard of phonic decoding","Other","ONS 2011 5+1","2018-2019","Academic Year","Devon","Local authority","E10000008","Girls","5-6","73","%","30","22"
"Percentage of year 1 pupils meeting the expected standard of phonic decoding","White","ONS 2011 5+1","2018-2019","Academic Year","Devon","Local authority","E10000008","All","5-6","82","%","7388","6070"
"Percentage of year 1 pupils meeting the expected standard of phonic decoding","White","ONS 2011 5+1","2018-2019","Academic Year","Devon","Local authority","E10000008","Boys","5-6","78","%","3846","3018"
"Percentage of year 1 pupils meeting the expected standard of phonic decoding","White","ONS 2011 5+1","2018-2019","Academic Year","Devon","Local authority","E10000008","Girls","5-6","86","%","3542","3052"
"Percentage of year 1 pupils meeting the expected standard of phonic decoding","All","All","2018-2019","Academic Year","Doncaster","Local authority","E08000017","All","5-6","80","%","3769","3031"
"Percentage of year 1 pupils meeting the expected standard of phonic decoding","All","All","2018-2019","Academic Year","Doncaster","Local authority","E08000017","Boys","5-6","75","%","1931","1455"
"Percentage of year 1 pupils meeting the expected standard of phonic decoding","All","All","2018-2019","Academic Year","Doncaster","Local authority","E08000017","Girls","5-6","86","%","1838","1576"
"Percentage of year 1 pupils meeting the expected standard of phonic decoding","Asian","ONS 2011 5+1","2018-2019","Academic Year","Doncaster","Local authority","E08000017","All","5-6","83","%","113","94"
"Percentage of year 1 pupils meeting the expected standard of phonic decoding","Asian","ONS 2011 5+1","2018-2019","Academic Year","Doncaster","Local authority","E08000017","Boys","5-6","82","%","55","45"
"Percentage of year 1 pupils meeting the expected standard of phonic decoding","Asian","ONS 2011 5+1","2018-2019","Academic Year","Doncaster","Local authority","E08000017","Girls","5-6","84","%","58","49"
"Percentage of year 1 pupils meeting the expected standard of phonic decoding","Black","ONS 2011 5+1","2018-2019","Academic Year","Doncaster","Local authority","E08000017","All","5-6","81","%","31","25"
"Percentage of year 1 pupils meeting the expected standard of phonic decoding","Black","ONS 2011 5+1","2018-2019","Academic Year","Doncaster","Local authority","E08000017","Boys","5-6","73","%","15","11"
"Percentage of year 1 pupils meeting the expected standard of phonic decoding","Black","ONS 2011 5+1","2018-2019","Academic Year","Doncaster","Local authority","E08000017","Girls","5-6","88","%","16","14"
"Percentage of year 1 pupils meeting the expected standard of phonic decoding","Chinese","ONS 2011 18+1","2018-2019","Academic Year","Doncaster","Local authority","E08000017","All","5-6","93","%","30","28"
"Percentage of year 1 pupils meeting the expected standard of phonic decoding","Chinese","ONS 2011 18+1","2018-2019","Academic Year","Doncaster","Local authority","E08000017","Boys","5-6","96","%","23","22"
"Percentage of year 1 pupils meeting the expected standard of phonic decoding","Chinese","ONS 2011 18+1","2018-2019","Academic Year","Doncaster","Local authority","E08000017","Girls","5-6","86","%","7","6"
"Percentage of year 1 pupils meeting the expected standard of phonic decoding","Mixed","ONS 2011 5+1","2018-2019","Academic Year","Doncaster","Local authority","E08000017","All","5-6","82","%","134","110"
"Percentage of year 1 pupils meeting the expected standard of phonic decoding","Mixed","ONS 2011 5+1","2018-2019","Academic Year","Doncaster","Local authority","E08000017","Boys","5-6","79","%","80","63"
"Percentage of year 1 pupils meeting the expected standard of phonic decoding","Mixed","ONS 2011 5+1","2018-2019","Academic Year","Doncaster","Local authority","E08000017","Girls","5-6","87","%","54","47"
"Percentage of year 1 pupils meeting the expected standard of phonic decoding","Other","ONS 2011 5+1","2018-2019","Academic Year","Doncaster","Local authority","E08000017","All","5-6","78","%","37","29"
"Percentage of year 1 pupils meeting the expected standard of phonic decoding","Other","ONS 2011 5+1","2018-2019","Academic Year","Doncaster","Local authority","E08000017","Boys","5-6","73","%","22","16"
"Percentage of year 1 pupils meeting the expected standard of phonic decoding","Other","ONS 2011 5+1","2018-2019","Academic Year","Doncaster","Local authority","E08000017","Girls","5-6","87","%","15","13"
"Percentage of year 1 pupils meeting the expected standard of phonic decoding","White","ONS 2011 5+1","2018-2019","Academic Year","Doncaster","Local authority","E08000017","All","5-6","80","%","3403","2737"
"Percentage of year 1 pupils meeting the expected standard of phonic decoding","White","ONS 2011 5+1","2018-2019","Academic Year","Doncaster","Local authority","E08000017","Boys","5-6","75","%","1727","1294"
"Percentage of year 1 pupils meeting the expected standard of phonic decoding","White","ONS 2011 5+1","2018-2019","Academic Year","Doncaster","Local authority","E08000017","Girls","5-6","86","%","1676","1443"
"Percentage of year 1 pupils meeting the expected standard of phonic decoding","All","All","2018-2019","Academic Year","Dorset","Local authority","E06000059","All","5-6","81","%","3577","2898"
"Percentage of year 1 pupils meeting the expected standard of phonic decoding","All","All","2018-2019","Academic Year","Dorset","Local authority","E06000059","Boys","5-6","77","%","1844","1424"
"Percentage of year 1 pupils meeting the expected standard of phonic decoding","All","All","2018-2019","Academic Year","Dorset","Local authority","E06000059","Girls","5-6","85","%","1733","1474"
"Percentage of year 1 pupils meeting the expected standard of phonic decoding","Asian","ONS 2011 5+1","2018-2019","Academic Year","Dorset","Local authority","E06000059","All","5-6","76","%","33","25"
"Percentage of year 1 pupils meeting the expected standard of phonic decoding","Asian","ONS 2011 5+1","2018-2019","Academic Year","Dorset","Local authority","E06000059","Boys","5-6","74","%","23","17"
"Percentage of year 1 pupils meeting the expected standard of phonic decoding","Asian","ONS 2011 5+1","2018-2019","Academic Year","Dorset","Local authority","E06000059","Girls","5-6","80","%","10","8"
"Percentage of year 1 pupils meeting the expected standard of phonic decoding","Black","ONS 2011 5+1","2018-2019","Academic Year","Dorset","Local authority","E06000059","All","5-6","89","%","18","16"
"Percentage of year 1 pupils meeting the expected standard of phonic decoding","Black","ONS 2011 5+1","2018-2019","Academic Year","Dorset","Local authority","E06000059","Boys","5-6","80","%","10","8"
"Percentage of year 1 pupils meeting the expected standard of phonic decoding","Black","ONS 2011 5+1","2018-2019","Academic Year","Dorset","Local authority","E06000059","Girls","5-6","100","%","8","8"
"Percentage of year 1 pupils meeting the expected standard of phonic decoding","Chinese","ONS 2011 18+1","2018-2019","Academic Year","Dorset","Local authority","E06000059","All","5-6","86","%","7","6"
"Percentage of year 1 pupils meeting the expected standard of phonic decoding","Chinese","ONS 2011 18+1","2018-2019","Academic Year","Dorset","Local authority","E06000059","Boys","5-6","80","%","5","4"
"Percentage of year 1 pupils meeting the expected standard of phonic decoding","Chinese","ONS 2011 18+1","2018-2019","Academic Year","Dorset","Local authority","E06000059","Girls","5-6","100","%","2","2"
"Percentage of year 1 pupils meeting the expected standard of phonic decoding","Mixed","ONS 2011 5+1","2018-2019","Academic Year","Dorset","Local authority","E06000059","All","5-6","81","%","98","79"
"Percentage of year 1 pupils meeting the expected standard of phonic decoding","Mixed","ONS 2011 5+1","2018-2019","Academic Year","Dorset","Local authority","E06000059","Boys","5-6","75","%","57","43"
"Percentage of year 1 pupils meeting the expected standard of phonic decoding","Mixed","ONS 2011 5+1","2018-2019","Academic Year","Dorset","Local authority","E06000059","Girls","5-6","88","%","41","36"
"Percentage of year 1 pupils meeting the expected standard of phonic decoding","Other","ONS 2011 5+1","2018-2019","Academic Year","Dorset","Local authority","E06000059","All","5-6","40","%","15","6"
"Percentage of year 1 pupils meeting the expected standard of phonic decoding","Other","ONS 2011 5+1","2018-2019","Academic Year","Dorset","Local authority","E06000059","Boys","5-6","38","%","8","3"
"Percentage of year 1 pupils meeting the expected standard of phonic decoding","Other","ONS 2011 5+1","2018-2019","Academic Year","Dorset","Local authority","E06000059","Girls","5-6","43","%","7","3"
"Percentage of year 1 pupils meeting the expected standard of phonic decoding","White","ONS 2011 5+1","2018-2019","Academic Year","Dorset","Local authority","E06000059","All","5-6","81","%","3353","2727"
"Percentage of year 1 pupils meeting the expected standard of phonic decoding","White","ONS 2011 5+1","2018-2019","Academic Year","Dorset","Local authority","E06000059","Boys","5-6","78","%","1714","1330"
"Percentage of year 1 pupils meeting the expected standard of phonic decoding","White","ONS 2011 5+1","2018-2019","Academic Year","Dorset","Local authority","E06000059","Girls","5-6","85","%","1639","1397"
"Percentage of year 1 pupils meeting the expected standard of phonic decoding","All","All","2018-2019","Academic Year","Dudley","Local authority","E08000027","All","5-6","79","%","4026","3194"
"Percentage of year 1 pupils meeting the expected standard of phonic decoding","All","All","2018-2019","Academic Year","Dudley","Local authority","E08000027","Boys","5-6","75","%","2078","1557"
"Percentage of year 1 pupils meeting the expected standard of phonic decoding","All","All","2018-2019","Academic Year","Dudley","Local authority","E08000027","Girls","5-6","84","%","1948","1637"
"Percentage of year 1 pupils meeting the expected standard of phonic decoding","Asian","ONS 2011 5+1","2018-2019","Academic Year","Dudley","Local authority","E08000027","All","5-6","82","%","417","341"
"Percentage of year 1 pupils meeting the expected standard of phonic decoding","Asian","ONS 2011 5+1","2018-2019","Academic Year","Dudley","Local authority","E08000027","Boys","5-6","77","%","224","172"
"Percentage of year 1 pupils meeting the expected standard of phonic decoding","Asian","ONS 2011 5+1","2018-2019","Academic Year","Dudley","Local authority","E08000027","Girls","5-6","88","%","193","169"
"Percentage of year 1 pupils meeting the expected standard of phonic decoding","Black","ONS 2011 5+1","2018-2019","Academic Year","Dudley","Local authority","E08000027","All","5-6","76","%","96","73"
"Percentage of year 1 pupils meeting the expected standard of phonic decoding","Black","ONS 2011 5+1","2018-2019","Academic Year","Dudley","Local authority","E08000027","Boys","5-6","69","%","45","31"
"Percentage of year 1 pupils meeting the expected standard of phonic decoding","Black","ONS 2011 5+1","2018-2019","Academic Year","Dudley","Local authority","E08000027","Girls","5-6","82","%","51","42"
"Percentage of year 1 pupils meeting the expected standard of phonic decoding","Chinese","ONS 2011 18+1","2018-2019","Academic Year","Dudley","Local authority","E08000027","All","5-6","79","%","14","11"
"Percentage of year 1 pupils meeting the expected standard of phonic decoding","Chinese","ONS 2011 18+1","2018-2019","Academic Year","Dudley","Local authority","E08000027","Boys","5-6","67","%","6","4"
"Percentage of year 1 pupils meeting the expected standard of phonic decoding","Chinese","ONS 2011 18+1","2018-2019","Academic Year","Dudley","Local authority","E08000027","Girls","5-6","88","%","8","7"
"Percentage of year 1 pupils meeting the expected standard of phonic decoding","Mixed","ONS 2011 5+1","2018-2019","Academic Year","Dudley","Local authority","E08000027","All","5-6","78","%","301","234"
"Percentage of year 1 pupils meeting the expected standard of phonic decoding","Mixed","ONS 2011 5+1","2018-2019","Academic Year","Dudley","Local authority","E08000027","Boys","5-6","70","%","158","110"
"Percentage of year 1 pupils meeting the expected standard of phonic decoding","Mixed","ONS 2011 5+1","2018-2019","Academic Year","Dudley","Local authority","E08000027","Girls","5-6","87","%","143","124"
"Percentage of year 1 pupils meeting the expected standard of phonic decoding","Other","ONS 2011 5+1","2018-2019","Academic Year","Dudley","Local authority","E08000027","All","5-6","70","%","61","43"
"Percentage of year 1 pupils meeting the expected standard of phonic decoding","Other","ONS 2011 5+1","2018-2019","Academic Year","Dudley","Local authority","E08000027","Boys","5-6","70","%","20","14"
"Percentage of year 1 pupils meeting the expected standard of phonic decoding","Other","ONS 2011 5+1","2018-2019","Academic Year","Dudley","Local authority","E08000027","Girls","5-6","71","%","41","29"
"Percentage of year 1 pupils meeting the expected standard of phonic decoding","White","ONS 2011 5+1","2018-2019","Academic Year","Dudley","Local authority","E08000027","All","5-6","80","%","3102","2475"
"Percentage of year 1 pupils meeting the expected standard of phonic decoding","White","ONS 2011 5+1","2018-2019","Academic Year","Dudley","Local authority","E08000027","Boys","5-6","76","%","1608","1218"
"Percentage of year 1 pupils meeting the expected standard of phonic decoding","White","ONS 2011 5+1","2018-2019","Academic Year","Dudley","Local authority","E08000027","Girls","5-6","84","%","1494","1257"
"Percentage of year 1 pupils meeting the expected standard of phonic decoding","All","All","2018-2019","Academic Year","Ealing","Local authority","E09000009","All","5-6","84","%","4348","3662"
"Percentage of year 1 pupils meeting the expected standard of phonic decoding","All","All","2018-2019","Academic Year","Ealing","Local authority","E09000009","Boys","5-6","81","%","2219","1801"
"Percentage of year 1 pupils meeting the expected standard of phonic decoding","All","All","2018-2019","Academic Year","Ealing","Local authority","E09000009","Girls","5-6","87","%","2129","1861"
"Percentage of year 1 pupils meeting the expected standard of phonic decoding","Asian","ONS 2011 5+1","2018-2019","Academic Year","Ealing","Local authority","E09000009","All","5-6","86","%","1291","1112"
"Percentage of year 1 pupils meeting the expected standard of phonic decoding","Asian","ONS 2011 5+1","2018-2019","Academic Year","Ealing","Local authority","E09000009","Boys","5-6","83","%","660","550"
"Percentage of year 1 pupils meeting the expected standard of phonic decoding","Asian","ONS 2011 5+1","2018-2019","Academic Year","Ealing","Local authority","E09000009","Girls","5-6","89","%","631","562"
"Percentage of year 1 pupils meeting the expected standard of phonic decoding","Black","ONS 2011 5+1","2018-2019","Academic Year","Ealing","Local authority","E09000009","All","5-6","84","%","537","450"
"Percentage of year 1 pupils meeting the expected standard of phonic decoding","Black","ONS 2011 5+1","2018-2019","Academic Year","Ealing","Local authority","E09000009","Boys","5-6","83","%","270","223"
"Percentage of year 1 pupils meeting the expected standard of phonic decoding","Black","ONS 2011 5+1","2018-2019","Academic Year","Ealing","Local authority","E09000009","Girls","5-6","85","%","267","227"
"Percentage of year 1 pupils meeting the expected standard of phonic decoding","Chinese","ONS 2011 18+1","2018-2019","Academic Year","Ealing","Local authority","E09000009","All","5-6","100","%","18","18"
"Percentage of year 1 pupils meeting the expected standard of phonic decoding","Chinese","ONS 2011 18+1","2018-2019","Academic Year","Ealing","Local authority","E09000009","Boys","5-6","100","%","10","10"
"Percentage of year 1 pupils meeting the expected standard of phonic decoding","Chinese","ONS 2011 18+1","2018-2019","Academic Year","Ealing","Local authority","E09000009","Girls","5-6","100","%","8","8"
"Percentage of year 1 pupils meeting the expected standard of phonic decoding","Mixed","ONS 2011 5+1","2018-2019","Academic Year","Ealing","Local authority","E09000009","All","5-6","88","%","438","386"
"Percentage of year 1 pupils meeting the expected standard of phonic decoding","Mixed","ONS 2011 5+1","2018-2019","Academic Year","Ealing","Local authority","E09000009","Boys","5-6","84","%","238","199"
"Percentage of year 1 pupils meeting the expected standard of phonic decoding","Mixed","ONS 2011 5+1","2018-2019","Academic Year","Ealing","Local authority","E09000009","Girls","5-6","94","%","200","187"
"Percentage of year 1 pupils meeting the expected standard of phonic decoding","Other","ONS 2011 5+1","2018-2019","Academic Year","Ealing","Local authority","E09000009","All","5-6","82","%","590","483"
"Percentage of year 1 pupils meeting the expected standard of phonic decoding","Other","ONS 2011 5+1","2018-2019","Academic Year","Ealing","Local authority","E09000009","Boys","5-6","79","%","298","236"
"Percentage of year 1 pupils meeting the expected standard of phonic decoding","Other","ONS 2011 5+1","2018-2019","Academic Year","Ealing","Local authority","E09000009","Girls","5-6","85","%","292","247"
"Percentage of year 1 pupils meeting the expected standard of phonic decoding","White","ONS 2011 5+1","2018-2019","Academic Year","Ealing","Local authority","E09000009","All","5-6","85","%","1353","1154"
"Percentage of year 1 pupils meeting the expected standard of phonic decoding","White","ONS 2011 5+1","2018-2019","Academic Year","Ealing","Local authority","E09000009","Boys","5-6","82","%","680","555"
"Percentage of year 1 pupils meeting the expected standard of phonic decoding","White","ONS 2011 5+1","2018-2019","Academic Year","Ealing","Local authority","E09000009","Girls","5-6","89","%","673","599"
"Percentage of year 1 pupils meeting the expected standard of phonic decoding","All","All","2018-2019","Academic Year","East Riding of Yorkshire","Local authority","E06000011","All","5-6","83","%","3491","2891"
"Percentage of year 1 pupils meeting the expected standard of phonic decoding","All","All","2018-2019","Academic Year","East Riding of Yorkshire","Local authority","E06000011","Boys","5-6","81","%","1785","1451"
"Percentage of year 1 pupils meeting the expected standard of phonic decoding","All","All","2018-2019","Academic Year","East Riding of Yorkshire","Local authority","E06000011","Girls","5-6","84","%","1706","1440"
"Percentage of year 1 pupils meeting the expected standard of phonic decoding","Asian","ONS 2011 5+1","2018-2019","Academic Year","East Riding of Yorkshire","Local authority","E06000011","All","5-6","93","%","30","28"
"Percentage of year 1 pupils meeting the expected standard of phonic decoding","Asian","ONS 2011 5+1","2018-2019","Academic Year","East Riding of Yorkshire","Local authority","E06000011","Boys","5-6","100","%","11","11"
"Percentage of year 1 pupils meeting the expected standard of phonic decoding","Asian","ONS 2011 5+1","2018-2019","Academic Year","East Riding of Yorkshire","Local authority","E06000011","Girls","5-6","89","%","19","17"
"Percentage of year 1 pupils meeting the expected standard of phonic decoding","Black","ONS 2011 5+1","2018-2019","Academic Year","East Riding of Yorkshire","Local authority","E06000011","All","5-6","80","%","5","4"
"Percentage of year 1 pupils meeting the expected standard of phonic decoding","Black","ONS 2011 5+1","2018-2019","Academic Year","East Riding of Yorkshire","Local authority","E06000011","Boys","5-6","100","%","3","3"
"Percentage of year 1 pupils meeting the expected standard of phonic decoding","Black","ONS 2011 5+1","2018-2019","Academic Year","East Riding of Yorkshire","Local authority","E06000011","Girls","5-6","50","%","2","1"
"Percentage of year 1 pupils meeting the expected standard of phonic decoding","Chinese","ONS 2011 18+1","2018-2019","Academic Year","East Riding of Yorkshire","Local authority","E06000011","All","5-6","100","%","1","1"
"Percentage of year 1 pupils meeting the expected standard of phonic decoding","Chinese","ONS 2011 18+1","2018-2019","Academic Year","East Riding of Yorkshire","Local authority","E06000011","Boys","5-6","100","%","1","1"
"Percentage of year 1 pupils meeting the expected standard of phonic decoding","Chinese","N/A","2018-2019","Academic Year","East Riding of Yorkshire","Local authority","E06000011","Girls","5-6","N/A","%","N/A","N/A"
"Percentage of year 1 pupils meeting the expected standard of phonic decoding","Mixed","ONS 2011 5+1","2018-2019","Academic Year","East Riding of Yorkshire","Local authority","E06000011","All","5-6","81","%","89","72"
"Percentage of year 1 pupils meeting the expected standard of phonic decoding","Mixed","ONS 2011 5+1","2018-2019","Academic Year","East Riding of Yorkshire","Local authority","E06000011","Boys","5-6","82","%","49","40"
"Percentage of year 1 pupils meeting the expected standard of phonic decoding","Mixed","ONS 2011 5+1","2018-2019","Academic Year","East Riding of Yorkshire","Local authority","E06000011","Girls","5-6","80","%","40","32"
"Percentage of year 1 pupils meeting the expected standard of phonic decoding","Other","ONS 2011 5+1","2018-2019","Academic Year","East Riding of Yorkshire","Local authority","E06000011","All","5-6","78","%","27","21"
"Percentage of year 1 pupils meeting the expected standard of phonic decoding","Other","ONS 2011 5+1","2018-2019","Academic Year","East Riding of Yorkshire","Local authority","E06000011","Boys","5-6","69","%","16","11"
"Percentage of year 1 pupils meeting the expected standard of phonic decoding","Other","ONS 2011 5+1","2018-2019","Academic Year","East Riding of Yorkshire","Local authority","E06000011","Girls","5-6","91","%","11","10"
"Percentage of year 1 pupils meeting the expected standard of phonic decoding","White","ONS 2011 5+1","2018-2019","Academic Year","East Riding of Yorkshire","Local authority","E06000011","All","5-6","83","%","3312","2744"
"Percentage of year 1 pupils meeting the expected standard of phonic decoding","White","ONS 2011 5+1","2018-2019","Academic Year","East Riding of Yorkshire","Local authority","E06000011","Boys","5-6","81","%","1691","1373"
"Percentage of year 1 pupils meeting the expected standard of phonic decoding","White","ONS 2011 5+1","2018-2019","Academic Year","East Riding of Yorkshire","Local authority","E06000011","Girls","5-6","85","%","1621","1371"
"Percentage of year 1 pupils meeting the expected standard of phonic decoding","All","All","2018-2019","Academic Year","East Sussex","Local authority","E10000011","All","5-6","82","%","5537","4523"
"Percentage of year 1 pupils meeting the expected standard of phonic decoding","All","All","2018-2019","Academic Year","East Sussex","Local authority","E10000011","Boys","5-6","79","%","2875","2265"
"Percentage of year 1 pupils meeting the expected standard of phonic decoding","All","All","2018-2019","Academic Year","East Sussex","Local authority","E10000011","Girls","5-6","85","%","2662","2258"
"Percentage of year 1 pupils meeting the expected standard of phonic decoding","Asian","ONS 2011 5+1","2018-2019","Academic Year","East Sussex","Local authority","E10000011","All","5-6","90","%","103","93"
"Percentage of year 1 pupils meeting the expected standard of phonic decoding","Asian","ONS 2011 5+1","2018-2019","Academic Year","East Sussex","Local authority","E10000011","Boys","5-6","90","%","50","45"
"Percentage of year 1 pupils meeting the expected standard of phonic decoding","Asian","ONS 2011 5+1","2018-2019","Academic Year","East Sussex","Local authority","E10000011","Girls","5-6","91","%","53","48"
"Percentage of year 1 pupils meeting the expected standard of phonic decoding","Black","ONS 2011 5+1","2018-2019","Academic Year","East Sussex","Local authority","E10000011","All","5-6","88","%","41","36"
"Percentage of year 1 pupils meeting the expected standard of phonic decoding","Black","ONS 2011 5+1","2018-2019","Academic Year","East Sussex","Local authority","E10000011","Boys","5-6","89","%","19","17"
"Percentage of year 1 pupils meeting the expected standard of phonic decoding","Black","ONS 2011 5+1","2018-2019","Academic Year","East Sussex","Local authority","E10000011","Girls","5-6","86","%","22","19"
"Percentage of year 1 pupils meeting the expected standard of phonic decoding","Chinese","ONS 2011 18+1","2018-2019","Academic Year","East Sussex","Local authority","E10000011","All","5-6","78","%","18","14"
"Percentage of year 1 pupils meeting the expected standard of phonic decoding","Chinese","ONS 2011 18+1","2018-2019","Academic Year","East Sussex","Local authority","E10000011","Boys","5-6","64","%","11","7"
"Percentage of year 1 pupils meeting the expected standard of phonic decoding","Chinese","ONS 2011 18+1","2018-2019","Academic Year","East Sussex","Local authority","E10000011","Girls","5-6","100","%","7","7"
"Percentage of year 1 pupils meeting the expected standard of phonic decoding","Mixed","ONS 2011 5+1","2018-2019","Academic Year","East Sussex","Local authority","E10000011","All","5-6","81","%","295","239"
"Percentage of year 1 pupils meeting the expected standard of phonic decoding","Mixed","ONS 2011 5+1","2018-2019","Academic Year","East Sussex","Local authority","E10000011","Boys","5-6","77","%","154","119"
"Percentage of year 1 pupils meeting the expected standard of phonic decoding","Mixed","ONS 2011 5+1","2018-2019","Academic Year","East Sussex","Local authority","E10000011","Girls","5-6","85","%","141","120"
"Percentage of year 1 pupils meeting the expected standard of phonic decoding","Other","ONS 2011 5+1","2018-2019","Academic Year","East Sussex","Local authority","E10000011","All","5-6","67","%","30","20"
"Percentage of year 1 pupils meeting the expected standard of phonic decoding","Other","ONS 2011 5+1","2018-2019","Academic Year","East Sussex","Local authority","E10000011","Boys","5-6","72","%","18","13"
"Percentage of year 1 pupils meeting the expected standard of phonic decoding","Other","ONS 2011 5+1","2018-2019","Academic Year","East Sussex","Local authority","E10000011","Girls","5-6","58","%","12","7"
"Percentage of year 1 pupils meeting the expected standard of phonic decoding","White","ONS 2011 5+1","2018-2019","Academic Year","East Sussex","Local authority","E10000011","All","5-6","82","%","4987","4074"
"Percentage of year 1 pupils meeting the expected standard of phonic decoding","White","ONS 2011 5+1","2018-2019","Academic Year","East Sussex","Local authority","E10000011","Boys","5-6","79","%","2594","2044"
"Percentage of year 1 pupils meeting the expected standard of phonic decoding","White","ONS 2011 5+1","2018-2019","Academic Year","East Sussex","Local authority","E10000011","Girls","5-6","85","%","2393","2030"
"Percentage of year 1 pupils meeting the expected standard of phonic decoding","All","All","2018-2019","Academic Year","Enfield","Local authority","E09000010","All","5-6","81","%","4401","3582"
"Percentage of year 1 pupils meeting the expected standard of phonic decoding","All","All","2018-2019","Academic Year","Enfield","Local authority","E09000010","Boys","5-6","78","%","2264","1763"
"Percentage of year 1 pupils meeting the expected standard of phonic decoding","All","All","2018-2019","Academic Year","Enfield","Local authority","E09000010","Girls","5-6","85","%","2137","1819"
"Percentage of year 1 pupils meeting the expected standard of phonic decoding","Asian","ONS 2011 5+1","2018-2019","Academic Year","Enfield","Local authority","E09000010","All","5-6","90","%","341","307"
"Percentage of year 1 pupils meeting the expected standard of phonic decoding","Asian","ONS 2011 5+1","2018-2019","Academic Year","Enfield","Local authority","E09000010","Boys","5-6","89","%","158","141"
"Percentage of year 1 pupils meeting the expected standard of phonic decoding","Asian","ONS 2011 5+1","2018-2019","Academic Year","Enfield","Local authority","E09000010","Girls","5-6","91","%","183","166"
"Percentage of year 1 pupils meeting the expected standard of phonic decoding","Black","ONS 2011 5+1","2018-2019","Academic Year","Enfield","Local authority","E09000010","All","5-6","82","%","938","770"
"Percentage of year 1 pupils meeting the expected standard of phonic decoding","Black","ONS 2011 5+1","2018-2019","Academic Year","Enfield","Local authority","E09000010","Boys","5-6","78","%","504","394"
"Percentage of year 1 pupils meeting the expected standard of phonic decoding","Black","ONS 2011 5+1","2018-2019","Academic Year","Enfield","Local authority","E09000010","Girls","5-6","87","%","434","376"
"Percentage of year 1 pupils meeting the expected standard of phonic decoding","Chinese","ONS 2011 18+1","2018-2019","Academic Year","Enfield","Local authority","E09000010","All","5-6","96","%","23","22"
"Percentage of year 1 pupils meeting the expected standard of phonic decoding","Chinese","ONS 2011 18+1","2018-2019","Academic Year","Enfield","Local authority","E09000010","Boys","5-6","100","%","8","8"
"Percentage of year 1 pupils meeting the expected standard of phonic decoding","Chinese","ONS 2011 18+1","2018-2019","Academic Year","Enfield","Local authority","E09000010","Girls","5-6","93","%","15","14"
"Percentage of year 1 pupils meeting the expected standard of phonic decoding","Mixed","ONS 2011 5+1","2018-2019","Academic Year","Enfield","Local authority","E09000010","All","5-6","86","%","520","445"
"Percentage of year 1 pupils meeting the expected standard of phonic decoding","Mixed","ONS 2011 5+1","2018-2019","Academic Year","Enfield","Local authority","E09000010","Boys","5-6","85","%","280","237"
"Percentage of year 1 pupils meeting the expected standard of phonic decoding","Mixed","ONS 2011 5+1","2018-2019","Academic Year","Enfield","Local authority","E09000010","Girls","5-6","87","%","240","208"
"Percentage of year 1 pupils meeting the expected standard of phonic decoding","Other","ONS 2011 5+1","2018-2019","Academic Year","Enfield","Local authority","E09000010","All","5-6","84","%","245","206"
"Percentage of year 1 pupils meeting the expected standard of phonic decoding","Other","ONS 2011 5+1","2018-2019","Academic Year","Enfield","Local authority","E09000010","Boys","5-6","81","%","122","99"
"Percentage of year 1 pupils meeting the expected standard of phonic decoding","Other","ONS 2011 5+1","2018-2019","Academic Year","Enfield","Local authority","E09000010","Girls","5-6","87","%","123","107"
"Percentage of year 1 pupils meeting the expected standard of phonic decoding","White","ONS 2011 5+1","2018-2019","Academic Year","Enfield","Local authority","E09000010","All","5-6","79","%","2166","1712"
"Percentage of year 1 pupils meeting the expected standard of phonic decoding","White","ONS 2011 5+1","2018-2019","Academic Year","Enfield","Local authority","E09000010","Boys","5-6","75","%","1106","827"
"Percentage of year 1 pupils meeting the expected standard of phonic decoding","White","ONS 2011 5+1","2018-2019","Academic Year","Enfield","Local authority","E09000010","Girls","5-6","83","%","1060","885"
"Percentage of year 1 pupils meeting the expected standard of phonic decoding","All","All","2018-2019","Academic Year","Essex","Local authority","E10000012","All","5-6","82","%","16929","13872"
"Percentage of year 1 pupils meeting the expected standard of phonic decoding","All","All","2018-2019","Academic Year","Essex","Local authority","E10000012","Boys","5-6","78","%","8686","6807"
"Percentage of year 1 pupils meeting the expected standard of phonic decoding","All","All","2018-2019","Academic Year","Essex","Local authority","E10000012","Girls","5-6","86","%","8243","7065"
"Percentage of year 1 pupils meeting the expected standard of phonic decoding","Asian","ONS 2011 5+1","2018-2019","Academic Year","Essex","Local authority","E10000012","All","5-6","89","%","473","421"
"Percentage of year 1 pupils meeting the expected standard of phonic decoding","Asian","ONS 2011 5+1","2018-2019","Academic Year","Essex","Local authority","E10000012","Boys","5-6","84","%","242","203"
"Percentage of year 1 pupils meeting the expected standard of phonic decoding","Asian","ONS 2011 5+1","2018-2019","Academic Year","Essex","Local authority","E10000012","Girls","5-6","94","%","231","218"
"Percentage of year 1 pupils meeting the expected standard of phonic decoding","Black","ONS 2011 5+1","2018-2019","Academic Year","Essex","Local authority","E10000012","All","5-6","84","%","480","404"
"Percentage of year 1 pupils meeting the expected standard of phonic decoding","Black","ONS 2011 5+1","2018-2019","Academic Year","Essex","Local authority","E10000012","Boys","5-6","80","%","238","190"
"Percentage of year 1 pupils meeting the expected standard of phonic decoding","Black","ONS 2011 5+1","2018-2019","Academic Year","Essex","Local authority","E10000012","Girls","5-6","88","%","242","214"
"Percentage of year 1 pupils meeting the expected standard of phonic decoding","Chinese","ONS 2011 18+1","2018-2019","Academic Year","Essex","Local authority","E10000012","All","5-6","89","%","66","59"
"Percentage of year 1 pupils meeting the expected standard of phonic decoding","Chinese","ONS 2011 18+1","2018-2019","Academic Year","Essex","Local authority","E10000012","Boys","5-6","89","%","35","31"
"Percentage of year 1 pupils meeting the expected standard of phonic decoding","Chinese","ONS 2011 18+1","2018-2019","Academic Year","Essex","Local authority","E10000012","Girls","5-6","90","%","31","28"
"Percentage of year 1 pupils meeting the expected standard of phonic decoding","Mixed","ONS 2011 5+1","2018-2019","Academic Year","Essex","Local authority","E10000012","All","5-6","84","%","892","751"
"Percentage of year 1 pupils meeting the expected standard of phonic decoding","Mixed","ONS 2011 5+1","2018-2019","Academic Year","Essex","Local authority","E10000012","Boys","5-6","81","%","447","361"
"Percentage of year 1 pupils meeting the expected standard of phonic decoding","Mixed","ONS 2011 5+1","2018-2019","Academic Year","Essex","Local authority","E10000012","Girls","5-6","88","%","445","390"
"Percentage of year 1 pupils meeting the expected standard of phonic decoding","Other","ONS 2011 5+1","2018-2019","Academic Year","Essex","Local authority","E10000012","All","5-6","80","%","132","106"
"Percentage of year 1 pupils meeting the expected standard of phonic decoding","Other","ONS 2011 5+1","2018-2019","Academic Year","Essex","Local authority","E10000012","Boys","5-6","75","%","71","53"
"Percentage of year 1 pupils meeting the expected standard of phonic decoding","Other","ONS 2011 5+1","2018-2019","Academic Year","Essex","Local authority","E10000012","Girls","5-6","87","%","61","53"
"Percentage of year 1 pupils meeting the expected standard of phonic decoding","White","ONS 2011 5+1","2018-2019","Academic Year","Essex","Local authority","E10000012","All","5-6","82","%","14626","11955"
"Percentage of year 1 pupils meeting the expected standard of phonic decoding","White","ONS 2011 5+1","2018-2019","Academic Year","Essex","Local authority","E10000012","Boys","5-6","78","%","7512","5882"
"Percentage of year 1 pupils meeting the expected standard of phonic decoding","White","ONS 2011 5+1","2018-2019","Academic Year","Essex","Local authority","E10000012","Girls","5-6","85","%","7114","6073"
"Percentage of year 1 pupils meeting the expected standard of phonic decoding","All","All","2018-2019","Academic Year","Gateshead","Local authority","E08000037","All","5-6","83","%","2173","1805"
"Percentage of year 1 pupils meeting the expected standard of phonic decoding","All","All","2018-2019","Academic Year","Gateshead","Local authority","E08000037","Boys","5-6","78","%","1092","848"
"Percentage of year 1 pupils meeting the expected standard of phonic decoding","All","All","2018-2019","Academic Year","Gateshead","Local authority","E08000037","Girls","5-6","89","%","1081","957"
"Percentage of year 1 pupils meeting the expected standard of phonic decoding","Asian","ONS 2011 5+1","2018-2019","Academic Year","Gateshead","Local authority","E08000037","All","5-6","95","%","55","52"
"Percentage of year 1 pupils meeting the expected standard of phonic decoding","Asian","ONS 2011 5+1","2018-2019","Academic Year","Gateshead","Local authority","E08000037","Boys","5-6","93","%","28","26"
"Percentage of year 1 pupils meeting the expected standard of phonic decoding","Asian","ONS 2011 5+1","2018-2019","Academic Year","Gateshead","Local authority","E08000037","Girls","5-6","96","%","27","26"
"Percentage of year 1 pupils meeting the expected standard of phonic decoding","Black","ONS 2011 5+1","2018-2019","Academic Year","Gateshead","Local authority","E08000037","All","5-6","92","%","39","36"
"Percentage of year 1 pupils meeting the expected standard of phonic decoding","Black","ONS 2011 5+1","2018-2019","Academic Year","Gateshead","Local authority","E08000037","Boys","5-6","86","%","14","12"
"Percentage of year 1 pupils meeting the expected standard of phonic decoding","Black","ONS 2011 5+1","2018-2019","Academic Year","Gateshead","Local authority","E08000037","Girls","5-6","96","%","25","24"
"Percentage of year 1 pupils meeting the expected standard of phonic decoding","Chinese","ONS 2011 18+1","2018-2019","Academic Year","Gateshead","Local authority","E08000037","All","5-6","100","%","9","9"
"Percentage of year 1 pupils meeting the expected standard of phonic decoding","Chinese","ONS 2011 18+1","2018-2019","Academic Year","Gateshead","Local authority","E08000037","Boys","5-6","100","%","4","4"
"Percentage of year 1 pupils meeting the expected standard of phonic decoding","Chinese","ONS 2011 18+1","2018-2019","Academic Year","Gateshead","Local authority","E08000037","Girls","5-6","100","%","5","5"
"Percentage of year 1 pupils meeting the expected standard of phonic decoding","Mixed","ONS 2011 5+1","2018-2019","Academic Year","Gateshead","Local authority","E08000037","All","5-6","79","%","52","41"
"Percentage of year 1 pupils meeting the expected standard of phonic decoding","Mixed","ONS 2011 5+1","2018-2019","Academic Year","Gateshead","Local authority","E08000037","Boys","5-6","71","%","31","22"
"Percentage of year 1 pupils meeting the expected standard of phonic decoding","Mixed","ONS 2011 5+1","2018-2019","Academic Year","Gateshead","Local authority","E08000037","Girls","5-6","90","%","21","19"
"Percentage of year 1 pupils meeting the expected standard of phonic decoding","Other","ONS 2011 5+1","2018-2019","Academic Year","Gateshead","Local authority","E08000037","All","5-6","73","%","55","40"
"Percentage of year 1 pupils meeting the expected standard of phonic decoding","Other","ONS 2011 5+1","2018-2019","Academic Year","Gateshead","Local authority","E08000037","Boys","5-6","65","%","26","17"
"Percentage of year 1 pupils meeting the expected standard of phonic decoding","Other","ONS 2011 5+1","2018-2019","Academic Year","Gateshead","Local authority","E08000037","Girls","5-6","79","%","29","23"
"Percentage of year 1 pupils meeting the expected standard of phonic decoding","White","ONS 2011 5+1","2018-2019","Academic Year","Gateshead","Local authority","E08000037","All","5-6","83","%","1942","1617"
"Percentage of year 1 pupils meeting the expected standard of phonic decoding","White","ONS 2011 5+1","2018-2019","Academic Year","Gateshead","Local authority","E08000037","Boys","5-6","78","%","982","763"
"Percentage of year 1 pupils meeting the expected standard of phonic decoding","White","ONS 2011 5+1","2018-2019","Academic Year","Gateshead","Local authority","E08000037","Girls","5-6","89","%","960","854"
"Percentage of year 1 pupils meeting the expected standard of phonic decoding","All","All","2018-2019","Academic Year","Gloucestershire","Local authority","E10000013","All","5-6","81","%","6834","5546"
"Percentage of year 1 pupils meeting the expected standard of phonic decoding","All","All","2018-2019","Academic Year","Gloucestershire","Local authority","E10000013","Boys","5-6","79","%","3540","2785"
"Percentage of year 1 pupils meeting the expected standard of phonic decoding","All","All","2018-2019","Academic Year","Gloucestershire","Local authority","E10000013","Girls","5-6","84","%","3294","2761"
"Percentage of year 1 pupils meeting the expected standard of phonic decoding","Asian","ONS 2011 5+1","2018-2019","Academic Year","Gloucestershire","Local authority","E10000013","All","5-6","82","%","206","169"
"Percentage of year 1 pupils meeting the expected standard of phonic decoding","Asian","ONS 2011 5+1","2018-2019","Academic Year","Gloucestershire","Local authority","E10000013","Boys","5-6","78","%","111","87"
"Percentage of year 1 pupils meeting the expected standard of phonic decoding","Asian","ONS 2011 5+1","2018-2019","Academic Year","Gloucestershire","Local authority","E10000013","Girls","5-6","86","%","95","82"
"Percentage of year 1 pupils meeting the expected standard of phonic decoding","Black","ONS 2011 5+1","2018-2019","Academic Year","Gloucestershire","Local authority","E10000013","All","5-6","86","%","101","87"
"Percentage of year 1 pupils meeting the expected standard of phonic decoding","Black","ONS 2011 5+1","2018-2019","Academic Year","Gloucestershire","Local authority","E10000013","Boys","5-6","85","%","60","51"
"Percentage of year 1 pupils meeting the expected standard of phonic decoding","Black","ONS 2011 5+1","2018-2019","Academic Year","Gloucestershire","Local authority","E10000013","Girls","5-6","88","%","41","36"
"Percentage of year 1 pupils meeting the expected standard of phonic decoding","Chinese","ONS 2011 18+1","2018-2019","Academic Year","Gloucestershire","Local authority","E10000013","All","5-6","94","%","17","16"
"Percentage of year 1 pupils meeting the expected standard of phonic decoding","Chinese","ONS 2011 18+1","2018-2019","Academic Year","Gloucestershire","Local authority","E10000013","Boys","5-6","100","%","6","6"
"Percentage of year 1 pupils meeting the expected standard of phonic decoding","Chinese","ONS 2011 18+1","2018-2019","Academic Year","Gloucestershire","Local authority","E10000013","Girls","5-6","91","%","11","10"
"Percentage of year 1 pupils meeting the expected standard of phonic decoding","Mixed","ONS 2011 5+1","2018-2019","Academic Year","Gloucestershire","Local authority","E10000013","All","5-6","80","%","357","286"
"Percentage of year 1 pupils meeting the expected standard of phonic decoding","Mixed","ONS 2011 5+1","2018-2019","Academic Year","Gloucestershire","Local authority","E10000013","Boys","5-6","76","%","187","142"
"Percentage of year 1 pupils meeting the expected standard of phonic decoding","Mixed","ONS 2011 5+1","2018-2019","Academic Year","Gloucestershire","Local authority","E10000013","Girls","5-6","85","%","170","144"
"Percentage of year 1 pupils meeting the expected standard of phonic decoding","Other","ONS 2011 5+1","2018-2019","Academic Year","Gloucestershire","Local authority","E10000013","All","5-6","89","%","19","17"
"Percentage of year 1 pupils meeting the expected standard of phonic decoding","Other","ONS 2011 5+1","2018-2019","Academic Year","Gloucestershire","Local authority","E10000013","Boys","5-6","100","%","8","8"
"Percentage of year 1 pupils meeting the expected standard of phonic decoding","Other","ONS 2011 5+1","2018-2019","Academic Year","Gloucestershire","Local authority","E10000013","Girls","5-6","82","%","11","9"
"Percentage of year 1 pupils meeting the expected standard of phonic decoding","White","ONS 2011 5+1","2018-2019","Academic Year","Gloucestershire","Local authority","E10000013","All","5-6","81","%","6008","4886"
"Percentage of year 1 pupils meeting the expected standard of phonic decoding","White","ONS 2011 5+1","2018-2019","Academic Year","Gloucestershire","Local authority","E10000013","Boys","5-6","79","%","3104","2448"
"Percentage of year 1 pupils meeting the expected standard of phonic decoding","White","ONS 2011 5+1","2018-2019","Academic Year","Gloucestershire","Local authority","E10000013","Girls","5-6","84","%","2904","2438"
"Percentage of year 1 pupils meeting the expected standard of phonic decoding","All","All","2018-2019","Academic Year","Greenwich","Local authority","E09000011","All","5-6","83","%","3682","3038"
"Percentage of year 1 pupils meeting the expected standard of phonic decoding","All","All","2018-2019","Academic Year","Greenwich","Local authority","E09000011","Boys","5-6","79","%","1875","1481"
"Percentage of year 1 pupils meeting the expected standard of phonic decoding","All","All","2018-2019","Academic Year","Greenwich","Local authority","E09000011","Girls","5-6","86","%","1807","1557"
"Percentage of year 1 pupils meeting the expected standard of phonic decoding","Asian","ONS 2011 5+1","2018-2019","Academic Year","Greenwich","Local authority","E09000011","All","5-6","89","%","361","321"
"Percentage of year 1 pupils meeting the expected standard of phonic decoding","Asian","ONS 2011 5+1","2018-2019","Academic Year","Greenwich","Local authority","E09000011","Boys","5-6","87","%","183","159"
"Percentage of year 1 pupils meeting the expected standard of phonic decoding","Asian","ONS 2011 5+1","2018-2019","Academic Year","Greenwich","Local authority","E09000011","Girls","5-6","91","%","178","162"
"Percentage of year 1 pupils meeting the expected standard of phonic decoding","Black","ONS 2011 5+1","2018-2019","Academic Year","Greenwich","Local authority","E09000011","All","5-6","87","%","1077","937"
"Percentage of year 1 pupils meeting the expected standard of phonic decoding","Black","ONS 2011 5+1","2018-2019","Academic Year","Greenwich","Local authority","E09000011","Boys","5-6","83","%","547","454"
"Percentage of year 1 pupils meeting the expected standard of phonic decoding","Black","ONS 2011 5+1","2018-2019","Academic Year","Greenwich","Local authority","E09000011","Girls","5-6","91","%","530","483"
"Percentage of year 1 pupils meeting the expected standard of phonic decoding","Chinese","ONS 2011 18+1","2018-2019","Academic Year","Greenwich","Local authority","E09000011","All","5-6","92","%","59","54"
"Percentage of year 1 pupils meeting the expected standard of phonic decoding","Chinese","ONS 2011 18+1","2018-2019","Academic Year","Greenwich","Local authority","E09000011","Boys","5-6","94","%","33","31"
"Percentage of year 1 pupils meeting the expected standard of phonic decoding","Chinese","ONS 2011 18+1","2018-2019","Academic Year","Greenwich","Local authority","E09000011","Girls","5-6","88","%","26","23"
"Percentage of year 1 pupils meeting the expected standard of phonic decoding","Mixed","ONS 2011 5+1","2018-2019","Academic Year","Greenwich","Local authority","E09000011","All","5-6","83","%","458","379"
"Percentage of year 1 pupils meeting the expected standard of phonic decoding","Mixed","ONS 2011 5+1","2018-2019","Academic Year","Greenwich","Local authority","E09000011","Boys","5-6","78","%","232","182"
"Percentage of year 1 pupils meeting the expected standard of phonic decoding","Mixed","ONS 2011 5+1","2018-2019","Academic Year","Greenwich","Local authority","E09000011","Girls","5-6","87","%","226","197"
"Percentage of year 1 pupils meeting the expected standard of phonic decoding","Other","ONS 2011 5+1","2018-2019","Academic Year","Greenwich","Local authority","E09000011","All","5-6","82","%","89","73"
"Percentage of year 1 pupils meeting the expected standard of phonic decoding","Other","ONS 2011 5+1","2018-2019","Academic Year","Greenwich","Local authority","E09000011","Boys","5-6","69","%","42","29"
"Percentage of year 1 pupils meeting the expected standard of phonic decoding","Other","ONS 2011 5+1","2018-2019","Academic Year","Greenwich","Local authority","E09000011","Girls","5-6","94","%","47","44"
"Percentage of year 1 pupils meeting the expected standard of phonic decoding","White","ONS 2011 5+1","2018-2019","Academic Year","Greenwich","Local authority","E09000011","All","5-6","79","%","1571","1234"
"Percentage of year 1 pupils meeting the expected standard of phonic decoding","White","ONS 2011 5+1","2018-2019","Academic Year","Greenwich","Local authority","E09000011","Boys","5-6","75","%","808","608"
"Percentage of year 1 pupils meeting the expected standard of phonic decoding","White","ONS 2011 5+1","2018-2019","Academic Year","Greenwich","Local authority","E09000011","Girls","5-6","82","%","763","626"
"Percentage of year 1 pupils meeting the expected standard of phonic decoding","All","All","2018-2019","Academic Year","Hackney","Local authority","E09000012","All","5-6","86","%","2614","2254"
"Percentage of year 1 pupils meeting the expected standard of phonic decoding","All","All","2018-2019","Academic Year","Hackney","Local authority","E09000012","Boys","5-6","82","%","1300","1068"
"Percentage of year 1 pupils meeting the expected standard of phonic decoding","All","All","2018-2019","Academic Year","Hackney","Local authority","E09000012","Girls","5-6","90","%","1314","1186"
"Percentage of year 1 pupils meeting the expected standard of phonic decoding","Asian","ONS 2011 5+1","2018-2019","Academic Year","Hackney","Local authority","E09000012","All","5-6","88","%","332","291"
"Percentage of year 1 pupils meeting the expected standard of phonic decoding","Asian","ONS 2011 5+1","2018-2019","Academic Year","Hackney","Local authority","E09000012","Boys","5-6","84","%","161","136"
"Percentage of year 1 pupils meeting the expected standard of phonic decoding","Asian","ONS 2011 5+1","2018-2019","Academic Year","Hackney","Local authority","E09000012","Girls","5-6","91","%","171","155"
"Percentage of year 1 pupils meeting the expected standard of phonic decoding","Black","ONS 2011 5+1","2018-2019","Academic Year","Hackney","Local authority","E09000012","All","5-6","85","%","802","684"
"Percentage of year 1 pupils meeting the expected standard of phonic decoding","Black","ONS 2011 5+1","2018-2019","Academic Year","Hackney","Local authority","E09000012","Boys","5-6","80","%","387","309"
"Percentage of year 1 pupils meeting the expected standard of phonic decoding","Black","ONS 2011 5+1","2018-2019","Academic Year","Hackney","Local authority","E09000012","Girls","5-6","90","%","415","375"
"Percentage of year 1 pupils meeting the expected standard of phonic decoding","Chinese","ONS 2011 18+1","2018-2019","Academic Year","Hackney","Local authority","E09000012","All","5-6","100","%","23","23"
"Percentage of year 1 pupils meeting the expected standard of phonic decoding","Chinese","ONS 2011 18+1","2018-2019","Academic Year","Hackney","Local authority","E09000012","Boys","5-6","100","%","11","11"
"Percentage of year 1 pupils meeting the expected standard of phonic decoding","Chinese","ONS 2011 18+1","2018-2019","Academic Year","Hackney","Local authority","E09000012","Girls","5-6","100","%","12","12"
"Percentage of year 1 pupils meeting the expected standard of phonic decoding","Mixed","ONS 2011 5+1","2018-2019","Academic Year","Hackney","Local authority","E09000012","All","5-6","90","%","342","307"
"Percentage of year 1 pupils meeting the expected standard of phonic decoding","Mixed","ONS 2011 5+1","2018-2019","Academic Year","Hackney","Local authority","E09000012","Boys","5-6","87","%","179","155"
"Percentage of year 1 pupils meeting the expected standard of phonic decoding","Mixed","ONS 2011 5+1","2018-2019","Academic Year","Hackney","Local authority","E09000012","Girls","5-6","93","%","163","152"
"Percentage of year 1 pupils meeting the expected standard of phonic decoding","Other","ONS 2011 5+1","2018-2019","Academic Year","Hackney","Local authority","E09000012","All","5-6","89","%","134","119"
"Percentage of year 1 pupils meeting the expected standard of phonic decoding","Other","ONS 2011 5+1","2018-2019","Academic Year","Hackney","Local authority","E09000012","Boys","5-6","87","%","61","53"
"Percentage of year 1 pupils meeting the expected standard of phonic decoding","Other","ONS 2011 5+1","2018-2019","Academic Year","Hackney","Local authority","E09000012","Girls","5-6","90","%","73","66"
"Percentage of year 1 pupils meeting the expected standard of phonic decoding","White","ONS 2011 5+1","2018-2019","Academic Year","Hackney","Local authority","E09000012","All","5-6","85","%","930","794"
"Percentage of year 1 pupils meeting the expected standard of phonic decoding","White","ONS 2011 5+1","2018-2019","Academic Year","Hackney","Local authority","E09000012","Boys","5-6","81","%","480","389"
"Percentage of year 1 pupils meeting the expected standard of phonic decoding","White","ONS 2011 5+1","2018-2019","Academic Year","Hackney","Local authority","E09000012","Girls","5-6","90","%","450","405"
"Percentage of year 1 pupils meeting the expected standard of phonic decoding","All","All","2018-2019","Academic Year","Halton","Local authority","E06000006","All","5-6","80","%","1584","1275"
"Percentage of year 1 pupils meeting the expected standard of phonic decoding","All","All","2018-2019","Academic Year","Halton","Local authority","E06000006","Boys","5-6","79","%","807","636"
"Percentage of year 1 pupils meeting the expected standard of phonic decoding","All","All","2018-2019","Academic Year","Halton","Local authority","E06000006","Girls","5-6","82","%","777","639"
"Percentage of year 1 pupils meeting the expected standard of phonic decoding","Asian","ONS 2011 5+1","2018-2019","Academic Year","Halton","Local authority","E06000006","All","5-6","100","%","6","6"
"Percentage of year 1 pupils meeting the expected standard of phonic decoding","Asian","ONS 2011 5+1","2018-2019","Academic Year","Halton","Local authority","E06000006","Boys","5-6","100","%","2","2"
"Percentage of year 1 pupils meeting the expected standard of phonic decoding","Asian","ONS 2011 5+1","2018-2019","Academic Year","Halton","Local authority","E06000006","Girls","5-6","100","%","4","4"
"Percentage of year 1 pupils meeting the expected standard of phonic decoding","Black","ONS 2011 5+1","2018-2019","Academic Year","Halton","Local authority","E06000006","All","5-6","100","%","1","1"
"Percentage of year 1 pupils meeting the expected standard of phonic decoding","Black","ONS 2011 5+1","2018-2019","Academic Year","Halton","Local authority","E06000006","Boys","5-6","100","%","1","1"
"Percentage of year 1 pupils meeting the expected standard of phonic decoding","Black","N/A","2018-2019","Academic Year","Halton","Local authority","E06000006","Girls","5-6","N/A","%","N/A","N/A"
"Percentage of year 1 pupils meeting the expected standard of phonic decoding","Chinese","ONS 2011 18+1","2018-2019","Academic Year","Halton","Local authority","E06000006","All","5-6","100","%","1","1"
"Percentage of year 1 pupils meeting the expected standard of phonic decoding","Chinese","N/A","2018-2019","Academic Year","Halton","Local authority","E06000006","Boys","5-6","N/A","%","N/A","N/A"
"Percentage of year 1 pupils meeting the expected standard of phonic decoding","Chinese","ONS 2011 18+1","2018-2019","Academic Year","Halton","Local authority","E06000006","Girls","5-6","100","%","1","1"
"Percentage of year 1 pupils meeting the expected standard of phonic decoding","Mixed","ONS 2011 5+1","2018-2019","Academic Year","Halton","Local authority","E06000006","All","5-6","80","%","46","37"
"Percentage of year 1 pupils meeting the expected standard of phonic decoding","Mixed","ONS 2011 5+1","2018-2019","Academic Year","Halton","Local authority","E06000006","Boys","5-6","90","%","21","19"
"Percentage of year 1 pupils meeting the expected standard of phonic decoding","Mixed","ONS 2011 5+1","2018-2019","Academic Year","Halton","Local authority","E06000006","Girls","5-6","72","%","25","18"
"Percentage of year 1 pupils meeting the expected standard of phonic decoding","Other","ONS 2011 5+1","2018-2019","Academic Year","Halton","Local authority","E06000006","All","5-6","83","%","12","10"
"Percentage of year 1 pupils meeting the expected standard of phonic decoding","Other","ONS 2011 5+1","2018-2019","Academic Year","Halton","Local authority","E06000006","Boys","5-6","83","%","6","5"
"Percentage of year 1 pupils meeting the expected standard of phonic decoding","Other","ONS 2011 5+1","2018-2019","Academic Year","Halton","Local authority","E06000006","Girls","5-6","83","%","6","5"
"Percentage of year 1 pupils meeting the expected standard of phonic decoding","White","ONS 2011 5+1","2018-2019","Academic Year","Halton","Local authority","E06000006","All","5-6","80","%","1509","1213"
"Percentage of year 1 pupils meeting the expected standard of phonic decoding","White","ONS 2011 5+1","2018-2019","Academic Year","Halton","Local authority","E06000006","Boys","5-6","78","%","773","606"
"Percentage of year 1 pupils meeting the expected standard of phonic decoding","White","ONS 2011 5+1","2018-2019","Academic Year","Halton","Local authority","E06000006","Girls","5-6","82","%","736","607"
"Percentage of year 1 pupils meeting the expected standard of phonic decoding","All","All","2018-2019","Academic Year","Hammersmith and Fulham","Local authority","E09000013","All","5-6","86","%","1408","1209"
"Percentage of year 1 pupils meeting the expected standard of phonic decoding","All","All","2018-2019","Academic Year","Hammersmith and Fulham","Local authority","E09000013","Boys","5-6","84","%","724","607"
"Percentage of year 1 pupils meeting the expected standard of phonic decoding","All","All","2018-2019","Academic Year","Hammersmith and Fulham","Local authority","E09000013","Girls","5-6","88","%","684","602"
"Percentage of year 1 pupils meeting the expected standard of phonic decoding","Asian","ONS 2011 5+1","2018-2019","Academic Year","Hammersmith and Fulham","Local authority","E09000013","All","5-6","82","%","90","74"
"Percentage of year 1 pupils meeting the expected standard of phonic decoding","Asian","ONS 2011 5+1","2018-2019","Academic Year","Hammersmith and Fulham","Local authority","E09000013","Boys","5-6","78","%","54","42"
"Percentage of year 1 pupils meeting the expected standard of phonic decoding","Asian","ONS 2011 5+1","2018-2019","Academic Year","Hammersmith and Fulham","Local authority","E09000013","Girls","5-6","89","%","36","32"
"Percentage of year 1 pupils meeting the expected standard of phonic decoding","Black","ONS 2011 5+1","2018-2019","Academic Year","Hammersmith and Fulham","Local authority","E09000013","All","5-6","87","%","269","234"
"Percentage of year 1 pupils meeting the expected standard of phonic decoding","Black","ONS 2011 5+1","2018-2019","Academic Year","Hammersmith and Fulham","Local authority","E09000013","Boys","5-6","86","%","128","110"
"Percentage of year 1 pupils meeting the expected standard of phonic decoding","Black","ONS 2011 5+1","2018-2019","Academic Year","Hammersmith and Fulham","Local authority","E09000013","Girls","5-6","88","%","141","124"
"Percentage of year 1 pupils meeting the expected standard of phonic decoding","Chinese","ONS 2011 18+1","2018-2019","Academic Year","Hammersmith and Fulham","Local authority","E09000013","All","5-6","100","%","8","8"
"Percentage of year 1 pupils meeting the expected standard of phonic decoding","Chinese","ONS 2011 18+1","2018-2019","Academic Year","Hammersmith and Fulham","Local authority","E09000013","Boys","5-6","100","%","6","6"
"Percentage of year 1 pupils meeting the expected standard of phonic decoding","Chinese","ONS 2011 18+1","2018-2019","Academic Year","Hammersmith and Fulham","Local authority","E09000013","Girls","5-6","100","%","2","2"
"Percentage of year 1 pupils meeting the expected standard of phonic decoding","Mixed","ONS 2011 5+1","2018-2019","Academic Year","Hammersmith and Fulham","Local authority","E09000013","All","5-6","86","%","193","166"
"Percentage of year 1 pupils meeting the expected standard of phonic decoding","Mixed","ONS 2011 5+1","2018-2019","Academic Year","Hammersmith and Fulham","Local authority","E09000013","Boys","5-6","81","%","84","68"
"Percentage of year 1 pupils meeting the expected standard of phonic decoding","Mixed","ONS 2011 5+1","2018-2019","Academic Year","Hammersmith and Fulham","Local authority","E09000013","Girls","5-6","90","%","109","98"
"Percentage of year 1 pupils meeting the expected standard of phonic decoding","Other","ONS 2011 5+1","2018-2019","Academic Year","Hammersmith and Fulham","Local authority","E09000013","All","5-6","78","%","151","118"
"Percentage of year 1 pupils meeting the expected standard of phonic decoding","Other","ONS 2011 5+1","2018-2019","Academic Year","Hammersmith and Fulham","Local authority","E09000013","Boys","5-6","75","%","81","61"
"Percentage of year 1 pupils meeting the expected standard of phonic decoding","Other","ONS 2011 5+1","2018-2019","Academic Year","Hammersmith and Fulham","Local authority","E09000013","Girls","5-6","81","%","70","57"
"Percentage of year 1 pupils meeting the expected standard of phonic decoding","White","ONS 2011 5+1","2018-2019","Academic Year","Hammersmith and Fulham","Local authority","E09000013","All","5-6","88","%","642","567"
"Percentage of year 1 pupils meeting the expected standard of phonic decoding","White","ONS 2011 5+1","2018-2019","Academic Year","Hammersmith and Fulham","Local authority","E09000013","Boys","5-6","87","%","339","295"
"Percentage of year 1 pupils meeting the expected standard of phonic decoding","White","ONS 2011 5+1","2018-2019","Academic Year","Hammersmith and Fulham","Local authority","E09000013","Girls","5-6","90","%","303","272"
"Percentage of year 1 pupils meeting the expected standard of phonic decoding","All","All","2018-2019","Academic Year","Hampshire","Local authority","E10000014","All","5-6","83","%","15394","12748"
"Percentage of year 1 pupils meeting the expected standard of phonic decoding","All","All","2018-2019","Academic Year","Hampshire","Local authority","E10000014","Boys","5-6","79","%","7804","6166"
"Percentage of year 1 pupils meeting the expected standard of phonic decoding","All","All","2018-2019","Academic Year","Hampshire","Local authority","E10000014","Girls","5-6","87","%","7590","6582"
"Percentage of year 1 pupils meeting the expected standard of phonic decoding","Asian","ONS 2011 5+1","2018-2019","Academic Year","Hampshire","Local authority","E10000014","All","5-6","87","%","529","458"
"Percentage of year 1 pupils meeting the expected standard of phonic decoding","Asian","ONS 2011 5+1","2018-2019","Academic Year","Hampshire","Local authority","E10000014","Boys","5-6","84","%","261","219"
"Percentage of year 1 pupils meeting the expected standard of phonic decoding","Asian","ONS 2011 5+1","2018-2019","Academic Year","Hampshire","Local authority","E10000014","Girls","5-6","89","%","268","239"
"Percentage of year 1 pupils meeting the expected standard of phonic decoding","Black","ONS 2011 5+1","2018-2019","Academic Year","Hampshire","Local authority","E10000014","All","5-6","87","%","196","171"
"Percentage of year 1 pupils meeting the expected standard of phonic decoding","Black","ONS 2011 5+1","2018-2019","Academic Year","Hampshire","Local authority","E10000014","Boys","5-6","87","%","104","90"
"Percentage of year 1 pupils meeting the expected standard of phonic decoding","Black","ONS 2011 5+1","2018-2019","Academic Year","Hampshire","Local authority","E10000014","Girls","5-6","88","%","92","81"
"Percentage of year 1 pupils meeting the expected standard of phonic decoding","Chinese","ONS 2011 18+1","2018-2019","Academic Year","Hampshire","Local authority","E10000014","All","5-6","96","%","71","68"
"Percentage of year 1 pupils meeting the expected standard of phonic decoding","Chinese","ONS 2011 18+1","2018-2019","Academic Year","Hampshire","Local authority","E10000014","Boys","5-6","94","%","35","33"
"Percentage of year 1 pupils meeting the expected standard of phonic decoding","Chinese","ONS 2011 18+1","2018-2019","Academic Year","Hampshire","Local authority","E10000014","Girls","5-6","97","%","36","35"
"Percentage of year 1 pupils meeting the expected standard of phonic decoding","Mixed","ONS 2011 5+1","2018-2019","Academic Year","Hampshire","Local authority","E10000014","All","5-6","84","%","684","572"
"Percentage of year 1 pupils meeting the expected standard of phonic decoding","Mixed","ONS 2011 5+1","2018-2019","Academic Year","Hampshire","Local authority","E10000014","Boys","5-6","81","%","355","286"
"Percentage of year 1 pupils meeting the expected standard of phonic decoding","Mixed","ONS 2011 5+1","2018-2019","Academic Year","Hampshire","Local authority","E10000014","Girls","5-6","87","%","329","286"
"Percentage of year 1 pupils meeting the expected standard of phonic decoding","Other","ONS 2011 5+1","2018-2019","Academic Year","Hampshire","Local authority","E10000014","All","5-6","74","%","101","75"
"Percentage of year 1 pupils meeting the expected standard of phonic decoding","Other","ONS 2011 5+1","2018-2019","Academic Year","Hampshire","Local authority","E10000014","Boys","5-6","66","%","56","37"
"Percentage of year 1 pupils meeting the expected standard of phonic decoding","Other","ONS 2011 5+1","2018-2019","Academic Year","Hampshire","Local authority","E10000014","Girls","5-6","84","%","45","38"
"Percentage of year 1 pupils meeting the expected standard of phonic decoding","White","ONS 2011 5+1","2018-2019","Academic Year","Hampshire","Local authority","E10000014","All","5-6","83","%","13559","11232"
"Percentage of year 1 pupils meeting the expected standard of phonic decoding","White","ONS 2011 5+1","2018-2019","Academic Year","Hampshire","Local authority","E10000014","Boys","5-6","79","%","6879","5432"
"Percentage of year 1 pupils meeting the expected standard of phonic decoding","White","ONS 2011 5+1","2018-2019","Academic Year","Hampshire","Local authority","E10000014","Girls","5-6","87","%","6680","5800"
"Percentage of year 1 pupils meeting the expected standard of phonic decoding","All","All","2018-2019","Academic Year","Haringey","Local authority","E09000014","All","5-6","84","%","2931","2474"
"Percentage of year 1 pupils meeting the expected standard of phonic decoding","All","All","2018-2019","Academic Year","Haringey","Local authority","E09000014","Boys","5-6","83","%","1522","1262"
"Percentage of year 1 pupils meeting the expected standard of phonic decoding","All","All","2018-2019","Academic Year","Haringey","Local authority","E09000014","Girls","5-6","86","%","1409","1212"
"Percentage of year 1 pupils meeting the expected standard of phonic decoding","Asian","ONS 2011 5+1","2018-2019","Academic Year","Haringey","Local authority","E09000014","All","5-6","86","%","166","142"
"Percentage of year 1 pupils meeting the expected standard of phonic decoding","Asian","ONS 2011 5+1","2018-2019","Academic Year","Haringey","Local authority","E09000014","Boys","5-6","82","%","74","61"
"Percentage of year 1 pupils meeting the expected standard of phonic decoding","Asian","ONS 2011 5+1","2018-2019","Academic Year","Haringey","Local authority","E09000014","Girls","5-6","88","%","92","81"
"Percentage of year 1 pupils meeting the expected standard of phonic decoding","Black","ONS 2011 5+1","2018-2019","Academic Year","Haringey","Local authority","E09000014","All","5-6","85","%","629","533"
"Percentage of year 1 pupils meeting the expected standard of phonic decoding","Black","ONS 2011 5+1","2018-2019","Academic Year","Haringey","Local authority","E09000014","Boys","5-6","83","%","307","254"
"Percentage of year 1 pupils meeting the expected standard of phonic decoding","Black","ONS 2011 5+1","2018-2019","Academic Year","Haringey","Local authority","E09000014","Girls","5-6","87","%","322","279"
"Percentage of year 1 pupils meeting the expected standard of phonic decoding","Chinese","ONS 2011 18+1","2018-2019","Academic Year","Haringey","Local authority","E09000014","All","5-6","91","%","35","32"
"Percentage of year 1 pupils meeting the expected standard of phonic decoding","Chinese","ONS 2011 18+1","2018-2019","Academic Year","Haringey","Local authority","E09000014","Boys","5-6","90","%","21","19"
"Percentage of year 1 pupils meeting the expected standard of phonic decoding","Chinese","ONS 2011 18+1","2018-2019","Academic Year","Haringey","Local authority","E09000014","Girls","5-6","93","%","14","13"
"Percentage of year 1 pupils meeting the expected standard of phonic decoding","Mixed","ONS 2011 5+1","2018-2019","Academic Year","Haringey","Local authority","E09000014","All","5-6","85","%","366","310"
"Percentage of year 1 pupils meeting the expected standard of phonic decoding","Mixed","ONS 2011 5+1","2018-2019","Academic Year","Haringey","Local authority","E09000014","Boys","5-6","81","%","191","154"
"Percentage of year 1 pupils meeting the expected standard of phonic decoding","Mixed","ONS 2011 5+1","2018-2019","Academic Year","Haringey","Local authority","E09000014","Girls","5-6","89","%","175","156"
"Percentage of year 1 pupils meeting the expected standard of phonic decoding","Other","ONS 2011 5+1","2018-2019","Academic Year","Haringey","Local authority","E09000014","All","5-6","79","%","175","139"
"Percentage of year 1 pupils meeting the expected standard of phonic decoding","Other","ONS 2011 5+1","2018-2019","Academic Year","Haringey","Local authority","E09000014","Boys","5-6","80","%","93","74"
"Percentage of year 1 pupils meeting the expected standard of phonic decoding","Other","ONS 2011 5+1","2018-2019","Academic Year","Haringey","Local authority","E09000014","Girls","5-6","79","%","82","65"
"Percentage of year 1 pupils meeting the expected standard of phonic decoding","White","ONS 2011 5+1","2018-2019","Academic Year","Haringey","Local authority","E09000014","All","5-6","86","%","1477","1275"
"Percentage of year 1 pupils meeting the expected standard of phonic decoding","White","ONS 2011 5+1","2018-2019","Academic Year","Haringey","Local authority","E09000014","Boys","5-6","86","%","792","679"
"Percentage of year 1 pupils meeting the expected standard of phonic decoding","White","ONS 2011 5+1","2018-2019","Academic Year","Haringey","Local authority","E09000014","Girls","5-6","87","%","685","596"
"Percentage of year 1 pupils meeting the expected standard of phonic decoding","All","All","2018-2019","Academic Year","Harrow","Local authority","E09000015","All","5-6","87","%","3211","2795"
"Percentage of year 1 pupils meeting the expected standard of phonic decoding","All","All","2018-2019","Academic Year","Harrow","Local authority","E09000015","Boys","5-6","85","%","1618","1379"
"Percentage of year 1 pupils meeting the expected standard of phonic decoding","All","All","2018-2019","Academic Year","Harrow","Local authority","E09000015","Girls","5-6","89","%","1593","1416"
"Percentage of year 1 pupils meeting the expected standard of phonic decoding","Asian","ONS 2011 5+1","2018-2019","Academic Year","Harrow","Local authority","E09000015","All","5-6","92","%","1525","1408"
"Percentage of year 1 pupils meeting the expected standard of phonic decoding","Asian","ONS 2011 5+1","2018-2019","Academic Year","Harrow","Local authority","E09000015","Boys","5-6","92","%","757","693"
"Percentage of year 1 pupils meeting the expected standard of phonic decoding","Asian","ONS 2011 5+1","2018-2019","Academic Year","Harrow","Local authority","E09000015","Girls","5-6","93","%","768","715"
"Percentage of year 1 pupils meeting the expected standard of phonic decoding","Black","ONS 2011 5+1","2018-2019","Academic Year","Harrow","Local authority","E09000015","All","5-6","83","%","211","175"
"Percentage of year 1 pupils meeting the expected standard of phonic decoding","Black","ONS 2011 5+1","2018-2019","Academic Year","Harrow","Local authority","E09000015","Boys","5-6","88","%","114","100"
"Percentage of year 1 pupils meeting the expected standard of phonic decoding","Black","ONS 2011 5+1","2018-2019","Academic Year","Harrow","Local authority","E09000015","Girls","5-6","77","%","97","75"
"Percentage of year 1 pupils meeting the expected standard of phonic decoding","Chinese","ONS 2011 18+1","2018-2019","Academic Year","Harrow","Local authority","E09000015","All","5-6","91","%","22","20"
"Percentage of year 1 pupils meeting the expected standard of phonic decoding","Chinese","ONS 2011 18+1","2018-2019","Academic Year","Harrow","Local authority","E09000015","Boys","5-6","91","%","11","10"
"Percentage of year 1 pupils meeting the expected standard of phonic decoding","Chinese","ONS 2011 18+1","2018-2019","Academic Year","Harrow","Local authority","E09000015","Girls","5-6","91","%","11","10"
"Percentage of year 1 pupils meeting the expected standard of phonic decoding","Mixed","ONS 2011 5+1","2018-2019","Academic Year","Harrow","Local authority","E09000015","All","5-6","84","%","287","242"
"Percentage of year 1 pupils meeting the expected standard of phonic decoding","Mixed","ONS 2011 5+1","2018-2019","Academic Year","Harrow","Local authority","E09000015","Boys","5-6","81","%","150","121"
"Percentage of year 1 pupils meeting the expected standard of phonic decoding","Mixed","ONS 2011 5+1","2018-2019","Academic Year","Harrow","Local authority","E09000015","Girls","5-6","88","%","137","121"
"Percentage of year 1 pupils meeting the expected standard of phonic decoding","Other","ONS 2011 5+1","2018-2019","Academic Year","Harrow","Local authority","E09000015","All","5-6","76","%","137","104"
"Percentage of year 1 pupils meeting the expected standard of phonic decoding","Other","ONS 2011 5+1","2018-2019","Academic Year","Harrow","Local authority","E09000015","Boys","5-6","75","%","65","49"
"Percentage of year 1 pupils meeting the expected standard of phonic decoding","Other","ONS 2011 5+1","2018-2019","Academic Year","Harrow","Local authority","E09000015","Girls","5-6","76","%","72","55"
"Percentage of year 1 pupils meeting the expected standard of phonic decoding","White","ONS 2011 5+1","2018-2019","Academic Year","Harrow","Local authority","E09000015","All","5-6","84","%","948","792"
"Percentage of year 1 pupils meeting the expected standard of phonic decoding","White","ONS 2011 5+1","2018-2019","Academic Year","Harrow","Local authority","E09000015","Boys","5-6","80","%","484","387"
"Percentage of year 1 pupils meeting the expected standard of phonic decoding","White","ONS 2011 5+1","2018-2019","Academic Year","Harrow","Local authority","E09000015","Girls","5-6","87","%","464","405"
"Percentage of year 1 pupils meeting the expected standard of phonic decoding","All","All","2018-2019","Academic Year","Hartlepool","Local authority","E06000001","All","5-6","84","%","1087","911"
"Percentage of year 1 pupils meeting the expected standard of phonic decoding","All","All","2018-2019","Academic Year","Hartlepool","Local authority","E06000001","Boys","5-6","81","%","545","444"
"Percentage of year 1 pupils meeting the expected standard of phonic decoding","All","All","2018-2019","Academic Year","Hartlepool","Local authority","E06000001","Girls","5-6","86","%","542","467"
"Percentage of year 1 pupils meeting the expected standard of phonic decoding","Asian","ONS 2011 5+1","2018-2019","Academic Year","Hartlepool","Local authority","E06000001","All","5-6","79","%","24","19"
"Percentage of year 1 pupils meeting the expected standard of phonic decoding","Asian","ONS 2011 5+1","2018-2019","Academic Year","Hartlepool","Local authority","E06000001","Boys","5-6","80","%","10","8"
"Percentage of year 1 pupils meeting the expected standard of phonic decoding","Asian","ONS 2011 5+1","2018-2019","Academic Year","Hartlepool","Local authority","E06000001","Girls","5-6","79","%","14","11"
"Percentage of year 1 pupils meeting the expected standard of phonic decoding","Black","ONS 2011 5+1","2018-2019","Academic Year","Hartlepool","Local authority","E06000001","All","5-6","82","%","11","9"
"Percentage of year 1 pupils meeting the expected standard of phonic decoding","Black","ONS 2011 5+1","2018-2019","Academic Year","Hartlepool","Local authority","E06000001","Boys","5-6","100","%","4","4"
"Percentage of year 1 pupils meeting the expected standard of phonic decoding","Black","ONS 2011 5+1","2018-2019","Academic Year","Hartlepool","Local authority","E06000001","Girls","5-6","71","%","7","5"
"Percentage of year 1 pupils meeting the expected standard of phonic decoding","Chinese","ONS 2011 18+1","2018-2019","Academic Year","Hartlepool","Local authority","E06000001","All","5-6","100","%","6","6"
"Percentage of year 1 pupils meeting the expected standard of phonic decoding","Chinese","ONS 2011 18+1","2018-2019","Academic Year","Hartlepool","Local authority","E06000001","Boys","5-6","100","%","2","2"
"Percentage of year 1 pupils meeting the expected standard of phonic decoding","Chinese","ONS 2011 18+1","2018-2019","Academic Year","Hartlepool","Local authority","E06000001","Girls","5-6","100","%","4","4"
"Percentage of year 1 pupils meeting the expected standard of phonic decoding","Mixed","ONS 2011 5+1","2018-2019","Academic Year","Hartlepool","Local authority","E06000001","All","5-6","89","%","9","8"
"Percentage of year 1 pupils meeting the expected standard of phonic decoding","Mixed","ONS 2011 5+1","2018-2019","Academic Year","Hartlepool","Local authority","E06000001","Boys","5-6","100","%","3","3"
"Percentage of year 1 pupils meeting the expected standard of phonic decoding","Mixed","ONS 2011 5+1","2018-2019","Academic Year","Hartlepool","Local authority","E06000001","Girls","5-6","83","%","6","5"
"Percentage of year 1 pupils meeting the expected standard of phonic decoding","Other","ONS 2011 5+1","2018-2019","Academic Year","Hartlepool","Local authority","E06000001","All","5-6","60","%","5","3"
"Percentage of year 1 pupils meeting the expected standard of phonic decoding","Other","ONS 2011 5+1","2018-2019","Academic Year","Hartlepool","Local authority","E06000001","Boys","5-6","0","%","1","0"
"Percentage of year 1 pupils meeting the expected standard of phonic decoding","Other","ONS 2011 5+1","2018-2019","Academic Year","Hartlepool","Local authority","E06000001","Girls","5-6","75","%","4","3"
"Percentage of year 1 pupils meeting the expected standard of phonic decoding","White","ONS 2011 5+1","2018-2019","Academic Year","Hartlepool","Local authority","E06000001","All","5-6","84","%","1029","864"
"Percentage of year 1 pupils meeting the expected standard of phonic decoding","White","ONS 2011 5+1","2018-2019","Academic Year","Hartlepool","Local authority","E06000001","Boys","5-6","81","%","522","425"
"Percentage of year 1 pupils meeting the expected standard of phonic decoding","White","ONS 2011 5+1","2018-2019","Academic Year","Hartlepool","Local authority","E06000001","Girls","5-6","87","%","507","439"
"Percentage of year 1 pupils meeting the expected standard of phonic decoding","All","All","2018-2019","Academic Year","Havering","Local authority","E09000016","All","5-6","83","%","3311","2750"
"Percentage of year 1 pupils meeting the expected standard of phonic decoding","All","All","2018-2019","Academic Year","Havering","Local authority","E09000016","Boys","5-6","80","%","1645","1312"
"Percentage of year 1 pupils meeting the expected standard of phonic decoding","All","All","2018-2019","Academic Year","Havering","Local authority","E09000016","Girls","5-6","86","%","1666","1438"
"Percentage of year 1 pupils meeting the expected standard of phonic decoding","Asian","ONS 2011 5+1","2018-2019","Academic Year","Havering","Local authority","E09000016","All","5-6","90","%","334","299"
"Percentage of year 1 pupils meeting the expected standard of phonic decoding","Asian","ONS 2011 5+1","2018-2019","Academic Year","Havering","Local authority","E09000016","Boys","5-6","86","%","172","148"
"Percentage of year 1 pupils meeting the expected standard of phonic decoding","Asian","ONS 2011 5+1","2018-2019","Academic Year","Havering","Local authority","E09000016","Girls","5-6","93","%","162","151"
"Percentage of year 1 pupils meeting the expected standard of phonic decoding","Black","ONS 2011 5+1","2018-2019","Academic Year","Havering","Local authority","E09000016","All","5-6","84","%","312","261"
"Percentage of year 1 pupils meeting the expected standard of phonic decoding","Black","ONS 2011 5+1","2018-2019","Academic Year","Havering","Local authority","E09000016","Boys","5-6","80","%","143","115"
"Percentage of year 1 pupils meeting the expected standard of phonic decoding","Black","ONS 2011 5+1","2018-2019","Academic Year","Havering","Local authority","E09000016","Girls","5-6","86","%","169","146"
"Percentage of year 1 pupils meeting the expected standard of phonic decoding","Chinese","ONS 2011 18+1","2018-2019","Academic Year","Havering","Local authority","E09000016","All","5-6","100","%","26","26"
"Percentage of year 1 pupils meeting the expected standard of phonic decoding","Chinese","ONS 2011 18+1","2018-2019","Academic Year","Havering","Local authority","E09000016","Boys","5-6","100","%","14","14"
"Percentage of year 1 pupils meeting the expected standard of phonic decoding","Chinese","ONS 2011 18+1","2018-2019","Academic Year","Havering","Local authority","E09000016","Girls","5-6","100","%","12","12"
"Percentage of year 1 pupils meeting the expected standard of phonic decoding","Mixed","ONS 2011 5+1","2018-2019","Academic Year","Havering","Local authority","E09000016","All","5-6","85","%","275","234"
"Percentage of year 1 pupils meeting the expected standard of phonic decoding","Mixed","ONS 2011 5+1","2018-2019","Academic Year","Havering","Local authority","E09000016","Boys","5-6","81","%","141","114"
"Percentage of year 1 pupils meeting the expected standard of phonic decoding","Mixed","ONS 2011 5+1","2018-2019","Academic Year","Havering","Local authority","E09000016","Girls","5-6","90","%","134","120"
"Percentage of year 1 pupils meeting the expected standard of phonic decoding","Other","ONS 2011 5+1","2018-2019","Academic Year","Havering","Local authority","E09000016","All","5-6","84","%","32","27"
"Percentage of year 1 pupils meeting the expected standard of phonic decoding","Other","ONS 2011 5+1","2018-2019","Academic Year","Havering","Local authority","E09000016","Boys","5-6","80","%","20","16"
"Percentage of year 1 pupils meeting the expected standard of phonic decoding","Other","ONS 2011 5+1","2018-2019","Academic Year","Havering","Local authority","E09000016","Girls","5-6","92","%","12","11"
"Percentage of year 1 pupils meeting the expected standard of phonic decoding","White","ONS 2011 5+1","2018-2019","Academic Year","Havering","Local authority","E09000016","All","5-6","82","%","2238","1837"
"Percentage of year 1 pupils meeting the expected standard of phonic decoding","White","ONS 2011 5+1","2018-2019","Academic Year","Havering","Local authority","E09000016","Boys","5-6","79","%","1101","867"
"Percentage of year 1 pupils meeting the expected standard of phonic decoding","White","ONS 2011 5+1","2018-2019","Academic Year","Havering","Local authority","E09000016","Girls","5-6","85","%","1137","970"
"Percentage of year 1 pupils meeting the expected standard of phonic decoding","All","All","2018-2019","Academic Year","Herefordshire, County of","Local authority","E06000019","All","5-6","82","%","1984","1626"
"Percentage of year 1 pupils meeting the expected standard of phonic decoding","All","All","2018-2019","Academic Year","Herefordshire, County of","Local authority","E06000019","Boys","5-6","78","%","1027","802"
"Percentage of year 1 pupils meeting the expected standard of phonic decoding","All","All","2018-2019","Academic Year","Herefordshire, County of","Local authority","E06000019","Girls","5-6","86","%","957","824"
"Percentage of year 1 pupils meeting the expected standard of phonic decoding","Asian","ONS 2011 5+1","2018-2019","Academic Year","Herefordshire, County of","Local authority","E06000019","All","5-6","92","%","13","12"
"Percentage of year 1 pupils meeting the expected standard of phonic decoding","Asian","ONS 2011 5+1","2018-2019","Academic Year","Herefordshire, County of","Local authority","E06000019","Boys","5-6","100","%","8","8"
"Percentage of year 1 pupils meeting the expected standard of phonic decoding","Asian","ONS 2011 5+1","2018-2019","Academic Year","Herefordshire, County of","Local authority","E06000019","Girls","5-6","80","%","5","4"
"Percentage of year 1 pupils meeting the expected standard of phonic decoding","Black","ONS 2011 5+1","2018-2019","Academic Year","Herefordshire, County of","Local authority","E06000019","All","5-6","50","%","2","1"
"Percentage of year 1 pupils meeting the expected standard of phonic decoding","Black","ONS 2011 5+1","2018-2019","Academic Year","Herefordshire, County of","Local authority","E06000019","Boys","5-6","100","%","1","1"
"Percentage of year 1 pupils meeting the expected standard of phonic decoding","Black","ONS 2011 5+1","2018-2019","Academic Year","Herefordshire, County of","Local authority","E06000019","Girls","5-6","0","%","1","0"
"Percentage of year 1 pupils meeting the expected standard of phonic decoding","Chinese","ONS 2011 18+1","2018-2019","Academic Year","Herefordshire, County of","Local authority","E06000019","All","5-6","100","%","1","1"
"Percentage of year 1 pupils meeting the expected standard of phonic decoding","Chinese","ONS 2011 18+1","2018-2019","Academic Year","Herefordshire, County of","Local authority","E06000019","Boys","5-6","100","%","1","1"
"Percentage of year 1 pupils meeting the expected standard of phonic decoding","Chinese","N/A","2018-2019","Academic Year","Herefordshire, County of","Local authority","E06000019","Girls","5-6","N/A","%","N/A","N/A"
"Percentage of year 1 pupils meeting the expected standard of phonic decoding","Mixed","ONS 2011 5+1","2018-2019","Academic Year","Herefordshire, County of","Local authority","E06000019","All","5-6","75","%","60","45"
"Percentage of year 1 pupils meeting the expected standard of phonic decoding","Mixed","ONS 2011 5+1","2018-2019","Academic Year","Herefordshire, County of","Local authority","E06000019","Boys","5-6","79","%","28","22"
"Percentage of year 1 pupils meeting the expected standard of phonic decoding","Mixed","ONS 2011 5+1","2018-2019","Academic Year","Herefordshire, County of","Local authority","E06000019","Girls","5-6","72","%","32","23"
"Percentage of year 1 pupils meeting the expected standard of phonic decoding","Other","ONS 2011 5+1","2018-2019","Academic Year","Herefordshire, County of","Local authority","E06000019","All","5-6","70","%","10","7"
"Percentage of year 1 pupils meeting the expected standard of phonic decoding","Other","ONS 2011 5+1","2018-2019","Academic Year","Herefordshire, County of","Local authority","E06000019","Boys","5-6","50","%","6","3"
"Percentage of year 1 pupils meeting the expected standard of phonic decoding","Other","ONS 2011 5+1","2018-2019","Academic Year","Herefordshire, County of","Local authority","E06000019","Girls","5-6","100","%","4","4"
"Percentage of year 1 pupils meeting the expected standard of phonic decoding","White","ONS 2011 5+1","2018-2019","Academic Year","Herefordshire, County of","Local authority","E06000019","All","5-6","82","%","1882","1552"
"Percentage of year 1 pupils meeting the expected standard of phonic decoding","White","ONS 2011 5+1","2018-2019","Academic Year","Herefordshire, County of","Local authority","E06000019","Boys","5-6","78","%","974","763"
"Percentage of year 1 pupils meeting the expected standard of phonic decoding","White","ONS 2011 5+1","2018-2019","Academic Year","Herefordshire, County of","Local authority","E06000019","Girls","5-6","87","%","908","789"
"Percentage of year 1 pupils meeting the expected standard of phonic decoding","All","All","2018-2019","Academic Year","Hertfordshire","Local authority","E10000015","All","5-6","84","%","14404","12030"
"Percentage of year 1 pupils meeting the expected standard of phonic decoding","All","All","2018-2019","Academic Year","Hertfordshire","Local authority","E10000015","Boys","5-6","81","%","7334","5921"
"Percentage of year 1 pupils meeting the expected standard of phonic decoding","All","All","2018-2019","Academic Year","Hertfordshire","Local authority","E10000015","Girls","5-6","86","%","7070","6109"
"Percentage of year 1 pupils meeting the expected standard of phonic decoding","Asian","ONS 2011 5+1","2018-2019","Academic Year","Hertfordshire","Local authority","E10000015","All","5-6","89","%","1168","1034"
"Percentage of year 1 pupils meeting the expected standard of phonic decoding","Asian","ONS 2011 5+1","2018-2019","Academic Year","Hertfordshire","Local authority","E10000015","Boys","5-6","87","%","566","494"
"Percentage of year 1 pupils meeting the expected standard of phonic decoding","Asian","ONS 2011 5+1","2018-2019","Academic Year","Hertfordshire","Local authority","E10000015","Girls","5-6","90","%","602","540"
"Percentage of year 1 pupils meeting the expected standard of phonic decoding","Black","ONS 2011 5+1","2018-2019","Academic Year","Hertfordshire","Local authority","E10000015","All","5-6","82","%","546","445"
"Percentage of year 1 pupils meeting the expected standard of phonic decoding","Black","ONS 2011 5+1","2018-2019","Academic Year","Hertfordshire","Local authority","E10000015","Boys","5-6","79","%","283","224"
"Percentage of year 1 pupils meeting the expected standard of phonic decoding","Black","ONS 2011 5+1","2018-2019","Academic Year","Hertfordshire","Local authority","E10000015","Girls","5-6","84","%","263","221"
"Percentage of year 1 pupils meeting the expected standard of phonic decoding","Chinese","ONS 2011 18+1","2018-2019","Academic Year","Hertfordshire","Local authority","E10000015","All","5-6","94","%","81","76"
"Percentage of year 1 pupils meeting the expected standard of phonic decoding","Chinese","ONS 2011 18+1","2018-2019","Academic Year","Hertfordshire","Local authority","E10000015","Boys","5-6","92","%","48","44"
"Percentage of year 1 pupils meeting the expected standard of phonic decoding","Chinese","ONS 2011 18+1","2018-2019","Academic Year","Hertfordshire","Local authority","E10000015","Girls","5-6","97","%","33","32"
"Percentage of year 1 pupils meeting the expected standard of phonic decoding","Mixed","ONS 2011 5+1","2018-2019","Academic Year","Hertfordshire","Local authority","E10000015","All","5-6","88","%","1222","1074"
"Percentage of year 1 pupils meeting the expected standard of phonic decoding","Mixed","ONS 2011 5+1","2018-2019","Academic Year","Hertfordshire","Local authority","E10000015","Boys","5-6","85","%","602","514"
"Percentage of year 1 pupils meeting the expected standard of phonic decoding","Mixed","ONS 2011 5+1","2018-2019","Academic Year","Hertfordshire","Local authority","E10000015","Girls","5-6","90","%","620","560"
"Percentage of year 1 pupils meeting the expected standard of phonic decoding","Other","ONS 2011 5+1","2018-2019","Academic Year","Hertfordshire","Local authority","E10000015","All","5-6","79","%","149","117"
"Percentage of year 1 pupils meeting the expected standard of phonic decoding","Other","ONS 2011 5+1","2018-2019","Academic Year","Hertfordshire","Local authority","E10000015","Boys","5-6","69","%","68","47"
"Percentage of year 1 pupils meeting the expected standard of phonic decoding","Other","ONS 2011 5+1","2018-2019","Academic Year","Hertfordshire","Local authority","E10000015","Girls","5-6","86","%","81","70"
"Percentage of year 1 pupils meeting the expected standard of phonic decoding","White","ONS 2011 5+1","2018-2019","Academic Year","Hertfordshire","Local authority","E10000015","All","5-6","83","%","11039","9153"
"Percentage of year 1 pupils meeting the expected standard of phonic decoding","White","ONS 2011 5+1","2018-2019","Academic Year","Hertfordshire","Local authority","E10000015","Boys","5-6","80","%","5670","4528"
"Percentage of year 1 pupils meeting the expected standard of phonic decoding","White","ONS 2011 5+1","2018-2019","Academic Year","Hertfordshire","Local authority","E10000015","Girls","5-6","86","%","5369","4625"
"Percentage of year 1 pupils meeting the expected standard of phonic decoding","All","All","2018-2019","Academic Year","Hillingdon","Local authority","E09000017","All","5-6","84","%","3974","3358"
"Percentage of year 1 pupils meeting the expected standard of phonic decoding","All","All","2018-2019","Academic Year","Hillingdon","Local authority","E09000017","Boys","5-6","80","%","2018","1619"
"Percentage of year 1 pupils meeting the expected standard of phonic decoding","All","All","2018-2019","Academic Year","Hillingdon","Local authority","E09000017","Girls","5-6","89","%","1956","1739"
"Percentage of year 1 pupils meeting the expected standard of phonic decoding","Asian","ONS 2011 5+1","2018-2019","Academic Year","Hillingdon","Local authority","E09000017","All","5-6","90","%","1236","1109"
"Percentage of year 1 pupils meeting the expected standard of phonic decoding","Asian","ONS 2011 5+1","2018-2019","Academic Year","Hillingdon","Local authority","E09000017","Boys","5-6","87","%","618","539"
"Percentage of year 1 pupils meeting the expected standard of phonic decoding","Asian","ONS 2011 5+1","2018-2019","Academic Year","Hillingdon","Local authority","E09000017","Girls","5-6","92","%","618","570"
"Percentage of year 1 pupils meeting the expected standard of phonic decoding","Black","ONS 2011 5+1","2018-2019","Academic Year","Hillingdon","Local authority","E09000017","All","5-6","88","%","348","307"
"Percentage of year 1 pupils meeting the expected standard of phonic decoding","Black","ONS 2011 5+1","2018-2019","Academic Year","Hillingdon","Local authority","E09000017","Boys","5-6","84","%","163","137"
"Percentage of year 1 pupils meeting the expected standard of phonic decoding","Black","ONS 2011 5+1","2018-2019","Academic Year","Hillingdon","Local authority","E09000017","Girls","5-6","92","%","185","170"
"Percentage of year 1 pupils meeting the expected standard of phonic decoding","Chinese","ONS 2011 18+1","2018-2019","Academic Year","Hillingdon","Local authority","E09000017","All","5-6","100","%","6","6"
"Percentage of year 1 pupils meeting the expected standard of phonic decoding","Chinese","ONS 2011 18+1","2018-2019","Academic Year","Hillingdon","Local authority","E09000017","Boys","5-6","100","%","3","3"
"Percentage of year 1 pupils meeting the expected standard of phonic decoding","Chinese","ONS 2011 18+1","2018-2019","Academic Year","Hillingdon","Local authority","E09000017","Girls","5-6","100","%","3","3"
"Percentage of year 1 pupils meeting the expected standard of phonic decoding","Mixed","ONS 2011 5+1","2018-2019","Academic Year","Hillingdon","Local authority","E09000017","All","5-6","88","%","468","410"
"Percentage of year 1 pupils meeting the expected standard of phonic decoding","Mixed","ONS 2011 5+1","2018-2019","Academic Year","Hillingdon","Local authority","E09000017","Boys","5-6","82","%","248","203"
"Percentage of year 1 pupils meeting the expected standard of phonic decoding","Mixed","ONS 2011 5+1","2018-2019","Academic Year","Hillingdon","Local authority","E09000017","Girls","5-6","94","%","220","207"
"Percentage of year 1 pupils meeting the expected standard of phonic decoding","Other","ONS 2011 5+1","2018-2019","Academic Year","Hillingdon","Local authority","E09000017","All","5-6","91","%","290","263"
"Percentage of year 1 pupils meeting the expected standard of phonic decoding","Other","ONS 2011 5+1","2018-2019","Academic Year","Hillingdon","Local authority","E09000017","Boys","5-6","90","%","135","122"
"Percentage of year 1 pupils meeting the expected standard of phonic decoding","Other","ONS 2011 5+1","2018-2019","Academic Year","Hillingdon","Local authority","E09000017","Girls","5-6","91","%","155","141"
"Percentage of year 1 pupils meeting the expected standard of phonic decoding","White","ONS 2011 5+1","2018-2019","Academic Year","Hillingdon","Local authority","E09000017","All","5-6","79","%","1527","1208"
"Percentage of year 1 pupils meeting the expected standard of phonic decoding","White","ONS 2011 5+1","2018-2019","Academic Year","Hillingdon","Local authority","E09000017","Boys","5-6","73","%","799","587"
"Percentage of year 1 pupils meeting the expected standard of phonic decoding","White","ONS 2011 5+1","2018-2019","Academic Year","Hillingdon","Local authority","E09000017","Girls","5-6","85","%","728","621"
"Percentage of year 1 pupils meeting the expected standard of phonic decoding","All","All","2018-2019","Academic Year","Hounslow","Local authority","E09000018","All","5-6","85","%","3516","2983"
"Percentage of year 1 pupils meeting the expected standard of phonic decoding","All","All","2018-2019","Academic Year","Hounslow","Local authority","E09000018","Boys","5-6","83","%","1795","1485"
"Percentage of year 1 pupils meeting the expected standard of phonic decoding","All","All","2018-2019","Academic Year","Hounslow","Local authority","E09000018","Girls","5-6","87","%","1721","1498"
"Percentage of year 1 pupils meeting the expected standard of phonic decoding","Asian","ONS 2011 5+1","2018-2019","Academic Year","Hounslow","Local authority","E09000018","All","5-6","90","%","1242","1119"
"Percentage of year 1 pupils meeting the expected standard of phonic decoding","Asian","ONS 2011 5+1","2018-2019","Academic Year","Hounslow","Local authority","E09000018","Boys","5-6","89","%","651","580"
"Percentage of year 1 pupils meeting the expected standard of phonic decoding","Asian","ONS 2011 5+1","2018-2019","Academic Year","Hounslow","Local authority","E09000018","Girls","5-6","91","%","591","539"
"Percentage of year 1 pupils meeting the expected standard of phonic decoding","Black","ONS 2011 5+1","2018-2019","Academic Year","Hounslow","Local authority","E09000018","All","5-6","84","%","344","288"
"Percentage of year 1 pupils meeting the expected standard of phonic decoding","Black","ONS 2011 5+1","2018-2019","Academic Year","Hounslow","Local authority","E09000018","Boys","5-6","75","%","163","123"
"Percentage of year 1 pupils meeting the expected standard of phonic decoding","Black","ONS 2011 5+1","2018-2019","Academic Year","Hounslow","Local authority","E09000018","Girls","5-6","91","%","181","165"
"Percentage of year 1 pupils meeting the expected standard of phonic decoding","Chinese","ONS 2011 18+1","2018-2019","Academic Year","Hounslow","Local authority","E09000018","All","5-6","93","%","14","13"
"Percentage of year 1 pupils meeting the expected standard of phonic decoding","Chinese","ONS 2011 18+1","2018-2019","Academic Year","Hounslow","Local authority","E09000018","Boys","5-6","100","%","7","7"
"Percentage of year 1 pupils meeting the expected standard of phonic decoding","Chinese","ONS 2011 18+1","2018-2019","Academic Year","Hounslow","Local authority","E09000018","Girls","5-6","86","%","7","6"
"Percentage of year 1 pupils meeting the expected standard of phonic decoding","Mixed","ONS 2011 5+1","2018-2019","Academic Year","Hounslow","Local authority","E09000018","All","5-6","86","%","295","254"
"Percentage of year 1 pupils meeting the expected standard of phonic decoding","Mixed","ONS 2011 5+1","2018-2019","Academic Year","Hounslow","Local authority","E09000018","Boys","5-6","86","%","153","131"
"Percentage of year 1 pupils meeting the expected standard of phonic decoding","Mixed","ONS 2011 5+1","2018-2019","Academic Year","Hounslow","Local authority","E09000018","Girls","5-6","87","%","142","123"
"Percentage of year 1 pupils meeting the expected standard of phonic decoding","Other","ONS 2011 5+1","2018-2019","Academic Year","Hounslow","Local authority","E09000018","All","5-6","82","%","337","275"
"Percentage of year 1 pupils meeting the expected standard of phonic decoding","Other","ONS 2011 5+1","2018-2019","Academic Year","Hounslow","Local authority","E09000018","Boys","5-6","79","%","174","137"
"Percentage of year 1 pupils meeting the expected standard of phonic decoding","Other","ONS 2011 5+1","2018-2019","Academic Year","Hounslow","Local authority","E09000018","Girls","5-6","85","%","163","138"
"Percentage of year 1 pupils meeting the expected standard of phonic decoding","White","ONS 2011 5+1","2018-2019","Academic Year","Hounslow","Local authority","E09000018","All","5-6","82","%","1162","958"
"Percentage of year 1 pupils meeting the expected standard of phonic decoding","White","ONS 2011 5+1","2018-2019","Academic Year","Hounslow","Local authority","E09000018","Boys","5-6","80","%","583","467"
"Percentage of year 1 pupils meeting the expected standard of phonic decoding","White","ONS 2011 5+1","2018-2019","Academic Year","Hounslow","Local authority","E09000018","Girls","5-6","85","%","579","491"
"Percentage of year 1 pupils meeting the expected standard of phonic decoding","All","All","2018-2019","Academic Year","Isle of Wight","Local authority","E06000046","All","5-6","78","%","1330","1040"
"Percentage of year 1 pupils meeting the expected standard of phonic decoding","All","All","2018-2019","Academic Year","Isle of Wight","Local authority","E06000046","Boys","5-6","74","%","679","502"
"Percentage of year 1 pupils meeting the expected standard of phonic decoding","All","All","2018-2019","Academic Year","Isle of Wight","Local authority","E06000046","Girls","5-6","83","%","651","538"
"Percentage of year 1 pupils meeting the expected standard of phonic decoding","Asian","ONS 2011 5+1","2018-2019","Academic Year","Isle of Wight","Local authority","E06000046","All","5-6","87","%","15","13"
"Percentage of year 1 pupils meeting the expected standard of phonic decoding","Asian","ONS 2011 5+1","2018-2019","Academic Year","Isle of Wight","Local authority","E06000046","Boys","5-6","71","%","7","5"
"Percentage of year 1 pupils meeting the expected standard of phonic decoding","Asian","ONS 2011 5+1","2018-2019","Academic Year","Isle of Wight","Local authority","E06000046","Girls","5-6","100","%","8","8"
"Percentage of year 1 pupils meeting the expected standard of phonic decoding","Black","ONS 2011 5+1","2018-2019","Academic Year","Isle of Wight","Local authority","E06000046","All","5-6","100","%","1","1"
"Percentage of year 1 pupils meeting the expected standard of phonic decoding","Black","ONS 2011 5+1","2018-2019","Academic Year","Isle of Wight","Local authority","E06000046","Boys","5-6","100","%","1","1"
"Percentage of year 1 pupils meeting the expected standard of phonic decoding","Black","N/A","2018-2019","Academic Year","Isle of Wight","Local authority","E06000046","Girls","5-6","N/A","%","N/A","N/A"
"Percentage of year 1 pupils meeting the expected standard of phonic decoding","Chinese","ONS 2011 18+1","2018-2019","Academic Year","Isle of Wight","Local authority","E06000046","All","5-6","100","%","2","2"
"Percentage of year 1 pupils meeting the expected standard of phonic decoding","Chinese","ONS 2011 18+1","2018-2019","Academic Year","Isle of Wight","Local authority","E06000046","Boys","5-6","100","%","1","1"
"Percentage of year 1 pupils meeting the expected standard of phonic decoding","Chinese","ONS 2011 18+1","2018-2019","Academic Year","Isle of Wight","Local authority","E06000046","Girls","5-6","100","%","1","1"
"Percentage of year 1 pupils meeting the expected standard of phonic decoding","Mixed","ONS 2011 5+1","2018-2019","Academic Year","Isle of Wight","Local authority","E06000046","All","5-6","78","%","36","28"
"Percentage of year 1 pupils meeting the expected standard of phonic decoding","Mixed","ONS 2011 5+1","2018-2019","Academic Year","Isle of Wight","Local authority","E06000046","Boys","5-6","75","%","16","12"
"Percentage of year 1 pupils meeting the expected standard of phonic decoding","Mixed","ONS 2011 5+1","2018-2019","Academic Year","Isle of Wight","Local authority","E06000046","Girls","5-6","80","%","20","16"
"Percentage of year 1 pupils meeting the expected standard of phonic decoding","Other","ONS 2011 5+1","2018-2019","Academic Year","Isle of Wight","Local authority","E06000046","All","5-6","100","%","7","7"
"Percentage of year 1 pupils meeting the expected standard of phonic decoding","Other","ONS 2011 5+1","2018-2019","Academic Year","Isle of Wight","Local authority","E06000046","Boys","5-6","100","%","2","2"
"Percentage of year 1 pupils meeting the expected standard of phonic decoding","Other","ONS 2011 5+1","2018-2019","Academic Year","Isle of Wight","Local authority","E06000046","Girls","5-6","100","%","5","5"
"Percentage of year 1 pupils meeting the expected standard of phonic decoding","White","ONS 2011 5+1","2018-2019","Academic Year","Isle of Wight","Local authority","E06000046","All","5-6","78","%","1234","963"
"Percentage of year 1 pupils meeting the expected standard of phonic decoding","White","ONS 2011 5+1","2018-2019","Academic Year","Isle of Wight","Local authority","E06000046","Boys","5-6","74","%","635","468"
"Percentage of year 1 pupils meeting the expected standard of phonic decoding","White","ONS 2011 5+1","2018-2019","Academic Year","Isle of Wight","Local authority","E06000046","Girls","5-6","83","%","599","495"
"Percentage of year 1 pupils meeting the expected standard of phonic decoding","All","All","2018-2019","Academic Year","Isles of Scilly","Local authority","E06000053","All","5-6","!","%","!","!"
"Percentage of year 1 pupils meeting the expected standard of phonic decoding","All","All","2018-2019","Academic Year","Isles of Scilly","Local authority","E06000053","Boys","5-6","!","%","!","!"
"Percentage of year 1 pupils meeting the expected standard of phonic decoding","All","All","2018-2019","Academic Year","Isles of Scilly","Local authority","E06000053","Girls","5-6","!","%","!","!"
"Percentage of year 1 pupils meeting the expected standard of phonic decoding","Asian","N/A","2018-2019","Academic Year","Isles of Scilly","Local authority","E06000053","All","5-6","!","%","!","!"
"Percentage of year 1 pupils meeting the expected standard of phonic decoding","Asian","N/A","2018-2019","Academic Year","Isles of Scilly","Local authority","E06000053","Boys","5-6","!","%","!","!"
"Percentage of year 1 pupils meeting the expected standard of phonic decoding","Asian","N/A","2018-2019","Academic Year","Isles of Scilly","Local authority","E06000053","Girls","5-6","!","%","!","!"
"Percentage of year 1 pupils meeting the expected standard of phonic decoding","Black","N/A","2018-2019","Academic Year","Isles of Scilly","Local authority","E06000053","All","5-6","!","%","!","!"
"Percentage of year 1 pupils meeting the expected standard of phonic decoding","Black","N/A","2018-2019","Academic Year","Isles of Scilly","Local authority","E06000053","Boys","5-6","!","%","!","!"
"Percentage of year 1 pupils meeting the expected standard of phonic decoding","Black","N/A","2018-2019","Academic Year","Isles of Scilly","Local authority","E06000053","Girls","5-6","!","%","!","!"
"Percentage of year 1 pupils meeting the expected standard of phonic decoding","Chinese","N/A","2018-2019","Academic Year","Isles of Scilly","Local authority","E06000053","All","5-6","!","%","!","!"
"Percentage of year 1 pupils meeting the expected standard of phonic decoding","Chinese","N/A","2018-2019","Academic Year","Isles of Scilly","Local authority","E06000053","Boys","5-6","!","%","!","!"
"Percentage of year 1 pupils meeting the expected standard of phonic decoding","Chinese","N/A","2018-2019","Academic Year","Isles of Scilly","Local authority","E06000053","Girls","5-6","!","%","!","!"
"Percentage of year 1 pupils meeting the expected standard of phonic decoding","Mixed","ONS 2011 5+1","2018-2019","Academic Year","Isles of Scilly","Local authority","E06000053","All","5-6","!","%","!","!"
"Percentage of year 1 pupils meeting the expected standard of phonic decoding","Mixed","ONS 2011 5+1","2018-2019","Academic Year","Isles of Scilly","Local authority","E06000053","Boys","5-6","!","%","!","!"
"Percentage of year 1 pupils meeting the expected standard of phonic decoding","Mixed","ONS 2011 5+1","2018-2019","Academic Year","Isles of Scilly","Local authority","E06000053","Girls","5-6","!","%","!","!"
"Percentage of year 1 pupils meeting the expected standard of phonic decoding","Other","N/A","2018-2019","Academic Year","Isles of Scilly","Local authority","E06000053","All","5-6","!","%","!","!"
"Percentage of year 1 pupils meeting the expected standard of phonic decoding","Other","N/A","2018-2019","Academic Year","Isles of Scilly","Local authority","E06000053","Boys","5-6","!","%","!","!"
"Percentage of year 1 pupils meeting the expected standard of phonic decoding","Other","N/A","2018-2019","Academic Year","Isles of Scilly","Local authority","E06000053","Girls","5-6","!","%","!","!"
"Percentage of year 1 pupils meeting the expected standard of phonic decoding","White","ONS 2011 5+1","2018-2019","Academic Year","Isles of Scilly","Local authority","E06000053","All","5-6","!","%","!","!"
"Percentage of year 1 pupils meeting the expected standard of phonic decoding","White","ONS 2011 5+1","2018-2019","Academic Year","Isles of Scilly","Local authority","E06000053","Boys","5-6","!","%","!","!"
"Percentage of year 1 pupils meeting the expected standard of phonic decoding","White","ONS 2011 5+1","2018-2019","Academic Year","Isles of Scilly","Local authority","E06000053","Girls","5-6","!","%","!","!"
"Percentage of year 1 pupils meeting the expected standard of phonic decoding","All","All","2018-2019","Academic Year","Islington","Local authority","E09000019","All","5-6","84","%","1943","1640"
"Percentage of year 1 pupils meeting the expected standard of phonic decoding","All","All","2018-2019","Academic Year","Islington","Local authority","E09000019","Boys","5-6","82","%","978","805"
"Percentage of year 1 pupils meeting the expected standard of phonic decoding","All","All","2018-2019","Academic Year","Islington","Local authority","E09000019","Girls","5-6","87","%","965","835"
"Percentage of year 1 pupils meeting the expected standard of phonic decoding","Asian","ONS 2011 5+1","2018-2019","Academic Year","Islington","Local authority","E09000019","All","5-6","81","%","126","102"
"Percentage of year 1 pupils meeting the expected standard of phonic decoding","Asian","ONS 2011 5+1","2018-2019","Academic Year","Islington","Local authority","E09000019","Boys","5-6","77","%","64","49"
"Percentage of year 1 pupils meeting the expected standard of phonic decoding","Asian","ONS 2011 5+1","2018-2019","Academic Year","Islington","Local authority","E09000019","Girls","5-6","85","%","62","53"
"Percentage of year 1 pupils meeting the expected standard of phonic decoding","Black","ONS 2011 5+1","2018-2019","Academic Year","Islington","Local authority","E09000019","All","5-6","83","%","380","317"
"Percentage of year 1 pupils meeting the expected standard of phonic decoding","Black","ONS 2011 5+1","2018-2019","Academic Year","Islington","Local authority","E09000019","Boys","5-6","81","%","185","149"
"Percentage of year 1 pupils meeting the expected standard of phonic decoding","Black","ONS 2011 5+1","2018-2019","Academic Year","Islington","Local authority","E09000019","Girls","5-6","86","%","195","168"
"Percentage of year 1 pupils meeting the expected standard of phonic decoding","Chinese","ONS 2011 18+1","2018-2019","Academic Year","Islington","Local authority","E09000019","All","5-6","100","%","12","12"
"Percentage of year 1 pupils meeting the expected standard of phonic decoding","Chinese","ONS 2011 18+1","2018-2019","Academic Year","Islington","Local authority","E09000019","Boys","5-6","100","%","6","6"
"Percentage of year 1 pupils meeting the expected standard of phonic decoding","Chinese","ONS 2011 18+1","2018-2019","Academic Year","Islington","Local authority","E09000019","Girls","5-6","100","%","6","6"
"Percentage of year 1 pupils meeting the expected standard of phonic decoding","Mixed","ONS 2011 5+1","2018-2019","Academic Year","Islington","Local authority","E09000019","All","5-6","87","%","349","303"
"Percentage of year 1 pupils meeting the expected standard of phonic decoding","Mixed","ONS 2011 5+1","2018-2019","Academic Year","Islington","Local authority","E09000019","Boys","5-6","87","%","193","167"
"Percentage of year 1 pupils meeting the expected standard of phonic decoding","Mixed","ONS 2011 5+1","2018-2019","Academic Year","Islington","Local authority","E09000019","Girls","5-6","87","%","156","136"
"Percentage of year 1 pupils meeting the expected standard of phonic decoding","Other","ONS 2011 5+1","2018-2019","Academic Year","Islington","Local authority","E09000019","All","5-6","83","%","121","100"
"Percentage of year 1 pupils meeting the expected standard of phonic decoding","Other","ONS 2011 5+1","2018-2019","Academic Year","Islington","Local authority","E09000019","Boys","5-6","81","%","58","47"
"Percentage of year 1 pupils meeting the expected standard of phonic decoding","Other","ONS 2011 5+1","2018-2019","Academic Year","Islington","Local authority","E09000019","Girls","5-6","84","%","63","53"
"Percentage of year 1 pupils meeting the expected standard of phonic decoding","White","ONS 2011 5+1","2018-2019","Academic Year","Islington","Local authority","E09000019","All","5-6","85","%","922","785"
"Percentage of year 1 pupils meeting the expected standard of phonic decoding","White","ONS 2011 5+1","2018-2019","Academic Year","Islington","Local authority","E09000019","Boys","5-6","83","%","459","381"
"Percentage of year 1 pupils meeting the expected standard of phonic decoding","White","ONS 2011 5+1","2018-2019","Academic Year","Islington","Local authority","E09000019","Girls","5-6","87","%","463","404"
"Percentage of year 1 pupils meeting the expected standard of phonic decoding","All","All","2018-2019","Academic Year","Kensington and Chelsea","Local authority","E09000020","All","5-6","85","%","955","816"
"Percentage of year 1 pupils meeting the expected standard of phonic decoding","All","All","2018-2019","Academic Year","Kensington and Chelsea","Local authority","E09000020","Boys","5-6","83","%","527","438"
"Percentage of year 1 pupils meeting the expected standard of phonic decoding","All","All","2018-2019","Academic Year","Kensington and Chelsea","Local authority","E09000020","Girls","5-6","88","%","428","378"
"Percentage of year 1 pupils meeting the expected standard of phonic decoding","Asian","ONS 2011 5+1","2018-2019","Academic Year","Kensington and Chelsea","Local authority","E09000020","All","5-6","86","%","36","31"
"Percentage of year 1 pupils meeting the expected standard of phonic decoding","Asian","ONS 2011 5+1","2018-2019","Academic Year","Kensington and Chelsea","Local authority","E09000020","Boys","5-6","70","%","10","7"
"Percentage of year 1 pupils meeting the expected standard of phonic decoding","Asian","ONS 2011 5+1","2018-2019","Academic Year","Kensington and Chelsea","Local authority","E09000020","Girls","5-6","92","%","26","24"
"Percentage of year 1 pupils meeting the expected standard of phonic decoding","Black","ONS 2011 5+1","2018-2019","Academic Year","Kensington and Chelsea","Local authority","E09000020","All","5-6","88","%","162","142"
"Percentage of year 1 pupils meeting the expected standard of phonic decoding","Black","ONS 2011 5+1","2018-2019","Academic Year","Kensington and Chelsea","Local authority","E09000020","Boys","5-6","87","%","89","77"
"Percentage of year 1 pupils meeting the expected standard of phonic decoding","Black","ONS 2011 5+1","2018-2019","Academic Year","Kensington and Chelsea","Local authority","E09000020","Girls","5-6","89","%","73","65"
"Percentage of year 1 pupils meeting the expected standard of phonic decoding","Chinese","ONS 2011 18+1","2018-2019","Academic Year","Kensington and Chelsea","Local authority","E09000020","All","5-6","100","%","6","6"
"Percentage of year 1 pupils meeting the expected standard of phonic decoding","Chinese","ONS 2011 18+1","2018-2019","Academic Year","Kensington and Chelsea","Local authority","E09000020","Boys","5-6","100","%","2","2"
"Percentage of year 1 pupils meeting the expected standard of phonic decoding","Chinese","ONS 2011 18+1","2018-2019","Academic Year","Kensington and Chelsea","Local authority","E09000020","Girls","5-6","100","%","4","4"
"Percentage of year 1 pupils meeting the expected standard of phonic decoding","Mixed","ONS 2011 5+1","2018-2019","Academic Year","Kensington and Chelsea","Local authority","E09000020","All","5-6","88","%","162","143"
"Percentage of year 1 pupils meeting the expected standard of phonic decoding","Mixed","ONS 2011 5+1","2018-2019","Academic Year","Kensington and Chelsea","Local authority","E09000020","Boys","5-6","88","%","92","81"
"Percentage of year 1 pupils meeting the expected standard of phonic decoding","Mixed","ONS 2011 5+1","2018-2019","Academic Year","Kensington and Chelsea","Local authority","E09000020","Girls","5-6","89","%","70","62"
"Percentage of year 1 pupils meeting the expected standard of phonic decoding","Other","ONS 2011 5+1","2018-2019","Academic Year","Kensington and Chelsea","Local authority","E09000020","All","5-6","80","%","135","108"
"Percentage of year 1 pupils meeting the expected standard of phonic decoding","Other","ONS 2011 5+1","2018-2019","Academic Year","Kensington and Chelsea","Local authority","E09000020","Boys","5-6","75","%","79","59"
"Percentage of year 1 pupils meeting the expected standard of phonic decoding","Other","ONS 2011 5+1","2018-2019","Academic Year","Kensington and Chelsea","Local authority","E09000020","Girls","5-6","88","%","56","49"
"Percentage of year 1 pupils meeting the expected standard of phonic decoding","White","ONS 2011 5+1","2018-2019","Academic Year","Kensington and Chelsea","Local authority","E09000020","All","5-6","85","%","423","360"
"Percentage of year 1 pupils meeting the expected standard of phonic decoding","White","ONS 2011 5+1","2018-2019","Academic Year","Kensington and Chelsea","Local authority","E09000020","Boys","5-6","83","%","240","200"
"Percentage of year 1 pupils meeting the expected standard of phonic decoding","White","ONS 2011 5+1","2018-2019","Academic Year","Kensington and Chelsea","Local authority","E09000020","Girls","5-6","87","%","183","160"
"Percentage of year 1 pupils meeting the expected standard of phonic decoding","All","All","2018-2019","Academic Year","Kent","Local authority","E10000016","All","5-6","82","%","18156","14827"
"Percentage of year 1 pupils meeting the expected standard of phonic decoding","All","All","2018-2019","Academic Year","Kent","Local authority","E10000016","Boys","5-6","78","%","9412","7369"
"Percentage of year 1 pupils meeting the expected standard of phonic decoding","All","All","2018-2019","Academic Year","Kent","Local authority","E10000016","Girls","5-6","85","%","8744","7458"
"Percentage of year 1 pupils meeting the expected standard of phonic decoding","Asian","ONS 2011 5+1","2018-2019","Academic Year","Kent","Local authority","E10000016","All","5-6","87","%","682","592"
"Percentage of year 1 pupils meeting the expected standard of phonic decoding","Asian","ONS 2011 5+1","2018-2019","Academic Year","Kent","Local authority","E10000016","Boys","5-6","83","%","345","285"
"Percentage of year 1 pupils meeting the expected standard of phonic decoding","Asian","ONS 2011 5+1","2018-2019","Academic Year","Kent","Local authority","E10000016","Girls","5-6","91","%","337","307"
"Percentage of year 1 pupils meeting the expected standard of phonic decoding","Black","ONS 2011 5+1","2018-2019","Academic Year","Kent","Local authority","E10000016","All","5-6","89","%","477","423"
"Percentage of year 1 pupils meeting the expected standard of phonic decoding","Black","ONS 2011 5+1","2018-2019","Academic Year","Kent","Local authority","E10000016","Boys","5-6","87","%","245","213"
"Percentage of year 1 pupils meeting the expected standard of phonic decoding","Black","ONS 2011 5+1","2018-2019","Academic Year","Kent","Local authority","E10000016","Girls","5-6","91","%","232","210"
"Percentage of year 1 pupils meeting the expected standard of phonic decoding","Chinese","ONS 2011 18+1","2018-2019","Academic Year","Kent","Local authority","E10000016","All","5-6","100","%","49","49"
"Percentage of year 1 pupils meeting the expected standard of phonic decoding","Chinese","ONS 2011 18+1","2018-2019","Academic Year","Kent","Local authority","E10000016","Boys","5-6","100","%","22","22"
"Percentage of year 1 pupils meeting the expected standard of phonic decoding","Chinese","ONS 2011 18+1","2018-2019","Academic Year","Kent","Local authority","E10000016","Girls","5-6","100","%","27","27"
"Percentage of year 1 pupils meeting the expected standard of phonic decoding","Mixed","ONS 2011 5+1","2018-2019","Academic Year","Kent","Local authority","E10000016","All","5-6","85","%","1068","913"
"Percentage of year 1 pupils meeting the expected standard of phonic decoding","Mixed","ONS 2011 5+1","2018-2019","Academic Year","Kent","Local authority","E10000016","Boys","5-6","83","%","549","454"
"Percentage of year 1 pupils meeting the expected standard of phonic decoding","Mixed","ONS 2011 5+1","2018-2019","Academic Year","Kent","Local authority","E10000016","Girls","5-6","88","%","519","459"
"Percentage of year 1 pupils meeting the expected standard of phonic decoding","Other","ONS 2011 5+1","2018-2019","Academic Year","Kent","Local authority","E10000016","All","5-6","79","%","179","141"
"Percentage of year 1 pupils meeting the expected standard of phonic decoding","Other","ONS 2011 5+1","2018-2019","Academic Year","Kent","Local authority","E10000016","Boys","5-6","75","%","96","72"
"Percentage of year 1 pupils meeting the expected standard of phonic decoding","Other","ONS 2011 5+1","2018-2019","Academic Year","Kent","Local authority","E10000016","Girls","5-6","83","%","83","69"
"Percentage of year 1 pupils meeting the expected standard of phonic decoding","White","ONS 2011 5+1","2018-2019","Academic Year","Kent","Local authority","E10000016","All","5-6","81","%","15469","12537"
"Percentage of year 1 pupils meeting the expected standard of phonic decoding","White","ONS 2011 5+1","2018-2019","Academic Year","Kent","Local authority","E10000016","Boys","5-6","78","%","8021","6227"
"Percentage of year 1 pupils meeting the expected standard of phonic decoding","White","ONS 2011 5+1","2018-2019","Academic Year","Kent","Local authority","E10000016","Girls","5-6","85","%","7448","6310"
"Percentage of year 1 pupils meeting the expected standard of phonic decoding","All","All","2018-2019","Academic Year","Kingston upon Hull, City of","Local authority","E06000010","All","5-6","79","%","3418","2707"
"Percentage of year 1 pupils meeting the expected standard of phonic decoding","All","All","2018-2019","Academic Year","Kingston upon Hull, City of","Local authority","E06000010","Boys","5-6","75","%","1755","1325"
"Percentage of year 1 pupils meeting the expected standard of phonic decoding","All","All","2018-2019","Academic Year","Kingston upon Hull, City of","Local authority","E06000010","Girls","5-6","83","%","1663","1382"
"Percentage of year 1 pupils meeting the expected standard of phonic decoding","Asian","ONS 2011 5+1","2018-2019","Academic Year","Kingston upon Hull, City of","Local authority","E06000010","All","5-6","89","%","61","54"
"Percentage of year 1 pupils meeting the expected standard of phonic decoding","Asian","ONS 2011 5+1","2018-2019","Academic Year","Kingston upon Hull, City of","Local authority","E06000010","Boys","5-6","86","%","29","25"
"Percentage of year 1 pupils meeting the expected standard of phonic decoding","Asian","ONS 2011 5+1","2018-2019","Academic Year","Kingston upon Hull, City of","Local authority","E06000010","Girls","5-6","91","%","32","29"
"Percentage of year 1 pupils meeting the expected standard of phonic decoding","Black","ONS 2011 5+1","2018-2019","Academic Year","Kingston upon Hull, City of","Local authority","E06000010","All","5-6","91","%","55","50"
"Percentage of year 1 pupils meeting the expected standard of phonic decoding","Black","ONS 2011 5+1","2018-2019","Academic Year","Kingston upon Hull, City of","Local authority","E06000010","Boys","5-6","90","%","21","19"
"Percentage of year 1 pupils meeting the expected standard of phonic decoding","Black","ONS 2011 5+1","2018-2019","Academic Year","Kingston upon Hull, City of","Local authority","E06000010","Girls","5-6","91","%","34","31"
"Percentage of year 1 pupils meeting the expected standard of phonic decoding","Chinese","ONS 2011 18+1","2018-2019","Academic Year","Kingston upon Hull, City of","Local authority","E06000010","All","5-6","100","%","3","3"
"Percentage of year 1 pupils meeting the expected standard of phonic decoding","Chinese","ONS 2011 18+1","2018-2019","Academic Year","Kingston upon Hull, City of","Local authority","E06000010","Boys","5-6","100","%","1","1"
"Percentage of year 1 pupils meeting the expected standard of phonic decoding","Chinese","ONS 2011 18+1","2018-2019","Academic Year","Kingston upon Hull, City of","Local authority","E06000010","Girls","5-6","100","%","2","2"
"Percentage of year 1 pupils meeting the expected standard of phonic decoding","Mixed","ONS 2011 5+1","2018-2019","Academic Year","Kingston upon Hull, City of","Local authority","E06000010","All","5-6","87","%","156","135"
"Percentage of year 1 pupils meeting the expected standard of phonic decoding","Mixed","ONS 2011 5+1","2018-2019","Academic Year","Kingston upon Hull, City of","Local authority","E06000010","Boys","5-6","86","%","77","66"
"Percentage of year 1 pupils meeting the expected standard of phonic decoding","Mixed","ONS 2011 5+1","2018-2019","Academic Year","Kingston upon Hull, City of","Local authority","E06000010","Girls","5-6","87","%","79","69"
"Percentage of year 1 pupils meeting the expected standard of phonic decoding","Other","ONS 2011 5+1","2018-2019","Academic Year","Kingston upon Hull, City of","Local authority","E06000010","All","5-6","75","%","108","81"
"Percentage of year 1 pupils meeting the expected standard of phonic decoding","Other","ONS 2011 5+1","2018-2019","Academic Year","Kingston upon Hull, City of","Local authority","E06000010","Boys","5-6","71","%","52","37"
"Percentage of year 1 pupils meeting the expected standard of phonic decoding","Other","ONS 2011 5+1","2018-2019","Academic Year","Kingston upon Hull, City of","Local authority","E06000010","Girls","5-6","79","%","56","44"
"Percentage of year 1 pupils meeting the expected standard of phonic decoding","White","ONS 2011 5+1","2018-2019","Academic Year","Kingston upon Hull, City of","Local authority","E06000010","All","5-6","79","%","2991","2363"
"Percentage of year 1 pupils meeting the expected standard of phonic decoding","White","ONS 2011 5+1","2018-2019","Academic Year","Kingston upon Hull, City of","Local authority","E06000010","Boys","5-6","75","%","1551","1167"
"Percentage of year 1 pupils meeting the expected standard of phonic decoding","White","ONS 2011 5+1","2018-2019","Academic Year","Kingston upon Hull, City of","Local authority","E06000010","Girls","5-6","83","%","1440","1196"
"Percentage of year 1 pupils meeting the expected standard of phonic decoding","All","All","2018-2019","Academic Year","Kingston upon Thames","Local authority","E09000021","All","5-6","84","%","1953","1633"
"Percentage of year 1 pupils meeting the expected standard of phonic decoding","All","All","2018-2019","Academic Year","Kingston upon Thames","Local authority","E09000021","Boys","5-6","81","%","999","812"
"Percentage of year 1 pupils meeting the expected standard of phonic decoding","All","All","2018-2019","Academic Year","Kingston upon Thames","Local authority","E09000021","Girls","5-6","86","%","954","821"
"Percentage of year 1 pupils meeting the expected standard of phonic decoding","Asian","ONS 2011 5+1","2018-2019","Academic Year","Kingston upon Thames","Local authority","E09000021","All","5-6","83","%","253","210"
"Percentage of year 1 pupils meeting the expected standard of phonic decoding","Asian","ONS 2011 5+1","2018-2019","Academic Year","Kingston upon Thames","Local authority","E09000021","Boys","5-6","81","%","139","112"
"Percentage of year 1 pupils meeting the expected standard of phonic decoding","Asian","ONS 2011 5+1","2018-2019","Academic Year","Kingston upon Thames","Local authority","E09000021","Girls","5-6","86","%","114","98"
"Percentage of year 1 pupils meeting the expected standard of phonic decoding","Black","ONS 2011 5+1","2018-2019","Academic Year","Kingston upon Thames","Local authority","E09000021","All","5-6","80","%","55","44"
"Percentage of year 1 pupils meeting the expected standard of phonic decoding","Black","ONS 2011 5+1","2018-2019","Academic Year","Kingston upon Thames","Local authority","E09000021","Boys","5-6","81","%","32","26"
"Percentage of year 1 pupils meeting the expected standard of phonic decoding","Black","ONS 2011 5+1","2018-2019","Academic Year","Kingston upon Thames","Local authority","E09000021","Girls","5-6","78","%","23","18"
"Percentage of year 1 pupils meeting the expected standard of phonic decoding","Chinese","ONS 2011 18+1","2018-2019","Academic Year","Kingston upon Thames","Local authority","E09000021","All","5-6","100","%","40","40"
"Percentage of year 1 pupils meeting the expected standard of phonic decoding","Chinese","ONS 2011 18+1","2018-2019","Academic Year","Kingston upon Thames","Local authority","E09000021","Boys","5-6","100","%","18","18"
"Percentage of year 1 pupils meeting the expected standard of phonic decoding","Chinese","ONS 2011 18+1","2018-2019","Academic Year","Kingston upon Thames","Local authority","E09000021","Girls","5-6","100","%","22","22"
"Percentage of year 1 pupils meeting the expected standard of phonic decoding","Mixed","ONS 2011 5+1","2018-2019","Academic Year","Kingston upon Thames","Local authority","E09000021","All","5-6","85","%","220","188"
"Percentage of year 1 pupils meeting the expected standard of phonic decoding","Mixed","ONS 2011 5+1","2018-2019","Academic Year","Kingston upon Thames","Local authority","E09000021","Boys","5-6","84","%","122","103"
"Percentage of year 1 pupils meeting the expected standard of phonic decoding","Mixed","ONS 2011 5+1","2018-2019","Academic Year","Kingston upon Thames","Local authority","E09000021","Girls","5-6","87","%","98","85"
"Percentage of year 1 pupils meeting the expected standard of phonic decoding","Other","ONS 2011 5+1","2018-2019","Academic Year","Kingston upon Thames","Local authority","E09000021","All","5-6","84","%","113","95"
"Percentage of year 1 pupils meeting the expected standard of phonic decoding","Other","ONS 2011 5+1","2018-2019","Academic Year","Kingston upon Thames","Local authority","E09000021","Boys","5-6","80","%","59","47"
"Percentage of year 1 pupils meeting the expected standard of phonic decoding","Other","ONS 2011 5+1","2018-2019","Academic Year","Kingston upon Thames","Local authority","E09000021","Girls","5-6","89","%","54","48"
"Percentage of year 1 pupils meeting the expected standard of phonic decoding","White","ONS 2011 5+1","2018-2019","Academic Year","Kingston upon Thames","Local authority","E09000021","All","5-6","84","%","1231","1029"
"Percentage of year 1 pupils meeting the expected standard of phonic decoding","White","ONS 2011 5+1","2018-2019","Academic Year","Kingston upon Thames","Local authority","E09000021","Boys","5-6","81","%","608","491"
"Percentage of year 1 pupils meeting the expected standard of phonic decoding","White","ONS 2011 5+1","2018-2019","Academic Year","Kingston upon Thames","Local authority","E09000021","Girls","5-6","86","%","623","538"
"Percentage of year 1 pupils meeting the expected standard of phonic decoding","All","All","2018-2019","Academic Year","Kirklees","Local authority","E08000034","All","5-6","79","%","5378","4263"
"Percentage of year 1 pupils meeting the expected standard of phonic decoding","All","All","2018-2019","Academic Year","Kirklees","Local authority","E08000034","Boys","5-6","76","%","2760","2105"
"Percentage of year 1 pupils meeting the expected standard of phonic decoding","All","All","2018-2019","Academic Year","Kirklees","Local authority","E08000034","Girls","5-6","82","%","2618","2158"
"Percentage of year 1 pupils meeting the expected standard of phonic decoding","Asian","ONS 2011 5+1","2018-2019","Academic Year","Kirklees","Local authority","E08000034","All","5-6","81","%","1437","1167"
"Percentage of year 1 pupils meeting the expected standard of phonic decoding","Asian","ONS 2011 5+1","2018-2019","Academic Year","Kirklees","Local authority","E08000034","Boys","5-6","78","%","750","582"
"Percentage of year 1 pupils meeting the expected standard of phonic decoding","Asian","ONS 2011 5+1","2018-2019","Academic Year","Kirklees","Local authority","E08000034","Girls","5-6","85","%","687","585"
"Percentage of year 1 pupils meeting the expected standard of phonic decoding","Black","ONS 2011 5+1","2018-2019","Academic Year","Kirklees","Local authority","E08000034","All","5-6","82","%","119","98"
"Percentage of year 1 pupils meeting the expected standard of phonic decoding","Black","ONS 2011 5+1","2018-2019","Academic Year","Kirklees","Local authority","E08000034","Boys","5-6","78","%","58","45"
"Percentage of year 1 pupils meeting the expected standard of phonic decoding","Black","ONS 2011 5+1","2018-2019","Academic Year","Kirklees","Local authority","E08000034","Girls","5-6","87","%","61","53"
"Percentage of year 1 pupils meeting the expected standard of phonic decoding","Chinese","ONS 2011 18+1","2018-2019","Academic Year","Kirklees","Local authority","E08000034","All","5-6","79","%","14","11"
"Percentage of year 1 pupils meeting the expected standard of phonic decoding","Chinese","ONS 2011 18+1","2018-2019","Academic Year","Kirklees","Local authority","E08000034","Boys","5-6","73","%","11","8"
"Percentage of year 1 pupils meeting the expected standard of phonic decoding","Chinese","ONS 2011 18+1","2018-2019","Academic Year","Kirklees","Local authority","E08000034","Girls","5-6","100","%","3","3"
"Percentage of year 1 pupils meeting the expected standard of phonic decoding","Mixed","ONS 2011 5+1","2018-2019","Academic Year","Kirklees","Local authority","E08000034","All","5-6","74","%","414","306"
"Percentage of year 1 pupils meeting the expected standard of phonic decoding","Mixed","ONS 2011 5+1","2018-2019","Academic Year","Kirklees","Local authority","E08000034","Boys","5-6","71","%","216","154"
"Percentage of year 1 pupils meeting the expected standard of phonic decoding","Mixed","ONS 2011 5+1","2018-2019","Academic Year","Kirklees","Local authority","E08000034","Girls","5-6","77","%","198","152"
"Percentage of year 1 pupils meeting the expected standard of phonic decoding","Other","ONS 2011 5+1","2018-2019","Academic Year","Kirklees","Local authority","E08000034","All","5-6","75","%","72","54"
"Percentage of year 1 pupils meeting the expected standard of phonic decoding","Other","ONS 2011 5+1","2018-2019","Academic Year","Kirklees","Local authority","E08000034","Boys","5-6","69","%","35","24"
"Percentage of year 1 pupils meeting the expected standard of phonic decoding","Other","ONS 2011 5+1","2018-2019","Academic Year","Kirklees","Local authority","E08000034","Girls","5-6","81","%","37","30"
"Percentage of year 1 pupils meeting the expected standard of phonic decoding","White","ONS 2011 5+1","2018-2019","Academic Year","Kirklees","Local authority","E08000034","All","5-6","80","%","3244","2580"
"Percentage of year 1 pupils meeting the expected standard of phonic decoding","White","ONS 2011 5+1","2018-2019","Academic Year","Kirklees","Local authority","E08000034","Boys","5-6","77","%","1644","1264"
"Percentage of year 1 pupils meeting the expected standard of phonic decoding","White","ONS 2011 5+1","2018-2019","Academic Year","Kirklees","Local authority","E08000034","Girls","5-6","82","%","1600","1316"
"Percentage of year 1 pupils meeting the expected standard of phonic decoding","All","All","2018-2019","Academic Year","Knowsley","Local authority","E08000011","All","5-6","80","%","1879","1504"
"Percentage of year 1 pupils meeting the expected standard of phonic decoding","All","All","2018-2019","Academic Year","Knowsley","Local authority","E08000011","Boys","5-6","77","%","958","736"
"Percentage of year 1 pupils meeting the expected standard of phonic decoding","All","All","2018-2019","Academic Year","Knowsley","Local authority","E08000011","Girls","5-6","83","%","921","768"
"Percentage of year 1 pupils meeting the expected standard of phonic decoding","Asian","ONS 2011 5+1","2018-2019","Academic Year","Knowsley","Local authority","E08000011","All","5-6","90","%","21","19"
"Percentage of year 1 pupils meeting the expected standard of phonic decoding","Asian","ONS 2011 5+1","2018-2019","Academic Year","Knowsley","Local authority","E08000011","Boys","5-6","86","%","14","12"
"Percentage of year 1 pupils meeting the expected standard of phonic decoding","Asian","ONS 2011 5+1","2018-2019","Academic Year","Knowsley","Local authority","E08000011","Girls","5-6","100","%","7","7"
"Percentage of year 1 pupils meeting the expected standard of phonic decoding","Black","ONS 2011 5+1","2018-2019","Academic Year","Knowsley","Local authority","E08000011","All","5-6","93","%","15","14"
"Percentage of year 1 pupils meeting the expected standard of phonic decoding","Black","ONS 2011 5+1","2018-2019","Academic Year","Knowsley","Local authority","E08000011","Boys","5-6","100","%","7","7"
"Percentage of year 1 pupils meeting the expected standard of phonic decoding","Black","ONS 2011 5+1","2018-2019","Academic Year","Knowsley","Local authority","E08000011","Girls","5-6","88","%","8","7"
"Percentage of year 1 pupils meeting the expected standard of phonic decoding","Chinese","ONS 2011 18+1","2018-2019","Academic Year","Knowsley","Local authority","E08000011","All","5-6","100","%","3","3"
"Percentage of year 1 pupils meeting the expected standard of phonic decoding","Chinese","ONS 2011 18+1","2018-2019","Academic Year","Knowsley","Local authority","E08000011","Boys","5-6","100","%","3","3"
"Percentage of year 1 pupils meeting the expected standard of phonic decoding","Chinese","N/A","2018-2019","Academic Year","Knowsley","Local authority","E08000011","Girls","5-6","N/A","%","N/A","N/A"
"Percentage of year 1 pupils meeting the expected standard of phonic decoding","Mixed","ONS 2011 5+1","2018-2019","Academic Year","Knowsley","Local authority","E08000011","All","5-6","85","%","47","40"
"Percentage of year 1 pupils meeting the expected standard of phonic decoding","Mixed","ONS 2011 5+1","2018-2019","Academic Year","Knowsley","Local authority","E08000011","Boys","5-6","76","%","21","16"
"Percentage of year 1 pupils meeting the expected standard of phonic decoding","Mixed","ONS 2011 5+1","2018-2019","Academic Year","Knowsley","Local authority","E08000011","Girls","5-6","92","%","26","24"
"Percentage of year 1 pupils meeting the expected standard of phonic decoding","Other","ONS 2011 5+1","2018-2019","Academic Year","Knowsley","Local authority","E08000011","All","5-6","88","%","16","14"
"Percentage of year 1 pupils meeting the expected standard of phonic decoding","Other","ONS 2011 5+1","2018-2019","Academic Year","Knowsley","Local authority","E08000011","Boys","5-6","90","%","10","9"
"Percentage of year 1 pupils meeting the expected standard of phonic decoding","Other","ONS 2011 5+1","2018-2019","Academic Year","Knowsley","Local authority","E08000011","Girls","5-6","83","%","6","5"
"Percentage of year 1 pupils meeting the expected standard of phonic decoding","White","ONS 2011 5+1","2018-2019","Academic Year","Knowsley","Local authority","E08000011","All","5-6","80","%","1753","1399"
"Percentage of year 1 pupils meeting the expected standard of phonic decoding","White","ONS 2011 5+1","2018-2019","Academic Year","Knowsley","Local authority","E08000011","Boys","5-6","76","%","889","680"
"Percentage of year 1 pupils meeting the expected standard of phonic decoding","White","ONS 2011 5+1","2018-2019","Academic Year","Knowsley","Local authority","E08000011","Girls","5-6","83","%","864","719"
"Percentage of year 1 pupils meeting the expected standard of phonic decoding","All","All","2018-2019","Academic Year","Lambeth","Local authority","E09000022","All","5-6","82","%","3140","2586"
"Percentage of year 1 pupils meeting the expected standard of phonic decoding","All","All","2018-2019","Academic Year","Lambeth","Local authority","E09000022","Boys","5-6","80","%","1580","1264"
"Percentage of year 1 pupils meeting the expected standard of phonic decoding","All","All","2018-2019","Academic Year","Lambeth","Local authority","E09000022","Girls","5-6","85","%","1560","1322"
"Percentage of year 1 pupils meeting the expected standard of phonic decoding","Asian","ONS 2011 5+1","2018-2019","Academic Year","Lambeth","Local authority","E09000022","All","5-6","88","%","135","119"
"Percentage of year 1 pupils meeting the expected standard of phonic decoding","Asian","ONS 2011 5+1","2018-2019","Academic Year","Lambeth","Local authority","E09000022","Boys","5-6","84","%","57","48"
"Percentage of year 1 pupils meeting the expected standard of phonic decoding","Asian","ONS 2011 5+1","2018-2019","Academic Year","Lambeth","Local authority","E09000022","Girls","5-6","91","%","78","71"
"Percentage of year 1 pupils meeting the expected standard of phonic decoding","Black","ONS 2011 5+1","2018-2019","Academic Year","Lambeth","Local authority","E09000022","All","5-6","81","%","1104","889"
"Percentage of year 1 pupils meeting the expected standard of phonic decoding","Black","ONS 2011 5+1","2018-2019","Academic Year","Lambeth","Local authority","E09000022","Boys","5-6","78","%","570","443"
"Percentage of year 1 pupils meeting the expected standard of phonic decoding","Black","ONS 2011 5+1","2018-2019","Academic Year","Lambeth","Local authority","E09000022","Girls","5-6","84","%","534","446"
"Percentage of year 1 pupils meeting the expected standard of phonic decoding","Chinese","ONS 2011 18+1","2018-2019","Academic Year","Lambeth","Local authority","E09000022","All","5-6","100","%","19","19"
"Percentage of year 1 pupils meeting the expected standard of phonic decoding","Chinese","ONS 2011 18+1","2018-2019","Academic Year","Lambeth","Local authority","E09000022","Boys","5-6","100","%","8","8"
"Percentage of year 1 pupils meeting the expected standard of phonic decoding","Chinese","ONS 2011 18+1","2018-2019","Academic Year","Lambeth","Local authority","E09000022","Girls","5-6","100","%","11","11"
"Percentage of year 1 pupils meeting the expected standard of phonic decoding","Mixed","ONS 2011 5+1","2018-2019","Academic Year","Lambeth","Local authority","E09000022","All","5-6","79","%","506","398"
"Percentage of year 1 pupils meeting the expected standard of phonic decoding","Mixed","ONS 2011 5+1","2018-2019","Academic Year","Lambeth","Local authority","E09000022","Boys","5-6","75","%","253","191"
"Percentage of year 1 pupils meeting the expected standard of phonic decoding","Mixed","ONS 2011 5+1","2018-2019","Academic Year","Lambeth","Local authority","E09000022","Girls","5-6","82","%","253","207"
"Percentage of year 1 pupils meeting the expected standard of phonic decoding","Other","ONS 2011 5+1","2018-2019","Academic Year","Lambeth","Local authority","E09000022","All","5-6","78","%","140","109"
"Percentage of year 1 pupils meeting the expected standard of phonic decoding","Other","ONS 2011 5+1","2018-2019","Academic Year","Lambeth","Local authority","E09000022","Boys","5-6","82","%","76","62"
"Percentage of year 1 pupils meeting the expected standard of phonic decoding","Other","ONS 2011 5+1","2018-2019","Academic Year","Lambeth","Local authority","E09000022","Girls","5-6","73","%","64","47"
"Percentage of year 1 pupils meeting the expected standard of phonic decoding","White","ONS 2011 5+1","2018-2019","Academic Year","Lambeth","Local authority","E09000022","All","5-6","86","%","1148","989"
"Percentage of year 1 pupils meeting the expected standard of phonic decoding","White","ONS 2011 5+1","2018-2019","Academic Year","Lambeth","Local authority","E09000022","Boys","5-6","84","%","576","485"
"Percentage of year 1 pupils meeting the expected standard of phonic decoding","White","ONS 2011 5+1","2018-2019","Academic Year","Lambeth","Local authority","E09000022","Girls","5-6","88","%","572","504"
"Percentage of year 1 pupils meeting the expected standard of phonic decoding","All","All","2018-2019","Academic Year","Lancashire","Local authority","E10000017","All","5-6","81","%","14076","11467"
"Percentage of year 1 pupils meeting the expected standard of phonic decoding","All","All","2018-2019","Academic Year","Lancashire","Local authority","E10000017","Boys","5-6","78","%","7157","5551"
"Percentage of year 1 pupils meeting the expected standard of phonic decoding","All","All","2018-2019","Academic Year","Lancashire","Local authority","E10000017","Girls","5-6","86","%","6919","5916"
"Percentage of year 1 pupils meeting the expected standard of phonic decoding","Asian","ONS 2011 5+1","2018-2019","Academic Year","Lancashire","Local authority","E10000017","All","5-6","82","%","1583","1292"
"Percentage of year 1 pupils meeting the expected standard of phonic decoding","Asian","ONS 2011 5+1","2018-2019","Academic Year","Lancashire","Local authority","E10000017","Boys","5-6","79","%","784","623"
"Percentage of year 1 pupils meeting the expected standard of phonic decoding","Asian","ONS 2011 5+1","2018-2019","Academic Year","Lancashire","Local authority","E10000017","Girls","5-6","84","%","799","669"
"Percentage of year 1 pupils meeting the expected standard of phonic decoding","Black","ONS 2011 5+1","2018-2019","Academic Year","Lancashire","Local authority","E10000017","All","5-6","75","%","72","54"
"Percentage of year 1 pupils meeting the expected standard of phonic decoding","Black","ONS 2011 5+1","2018-2019","Academic Year","Lancashire","Local authority","E10000017","Boys","5-6","72","%","36","26"
"Percentage of year 1 pupils meeting the expected standard of phonic decoding","Black","ONS 2011 5+1","2018-2019","Academic Year","Lancashire","Local authority","E10000017","Girls","5-6","78","%","36","28"
"Percentage of year 1 pupils meeting the expected standard of phonic decoding","Chinese","ONS 2011 18+1","2018-2019","Academic Year","Lancashire","Local authority","E10000017","All","5-6","81","%","37","30"
"Percentage of year 1 pupils meeting the expected standard of phonic decoding","Chinese","ONS 2011 18+1","2018-2019","Academic Year","Lancashire","Local authority","E10000017","Boys","5-6","69","%","16","11"
"Percentage of year 1 pupils meeting the expected standard of phonic decoding","Chinese","ONS 2011 18+1","2018-2019","Academic Year","Lancashire","Local authority","E10000017","Girls","5-6","90","%","21","19"
"Percentage of year 1 pupils meeting the expected standard of phonic decoding","Mixed","ONS 2011 5+1","2018-2019","Academic Year","Lancashire","Local authority","E10000017","All","5-6","80","%","539","429"
"Percentage of year 1 pupils meeting the expected standard of phonic decoding","Mixed","ONS 2011 5+1","2018-2019","Academic Year","Lancashire","Local authority","E10000017","Boys","5-6","75","%","267","199"
"Percentage of year 1 pupils meeting the expected standard of phonic decoding","Mixed","ONS 2011 5+1","2018-2019","Academic Year","Lancashire","Local authority","E10000017","Girls","5-6","85","%","272","230"
"Percentage of year 1 pupils meeting the expected standard of phonic decoding","Other","ONS 2011 5+1","2018-2019","Academic Year","Lancashire","Local authority","E10000017","All","5-6","69","%","81","56"
"Percentage of year 1 pupils meeting the expected standard of phonic decoding","Other","ONS 2011 5+1","2018-2019","Academic Year","Lancashire","Local authority","E10000017","Boys","5-6","62","%","50","31"
"Percentage of year 1 pupils meeting the expected standard of phonic decoding","Other","ONS 2011 5+1","2018-2019","Academic Year","Lancashire","Local authority","E10000017","Girls","5-6","81","%","31","25"
"Percentage of year 1 pupils meeting the expected standard of phonic decoding","White","ONS 2011 5+1","2018-2019","Academic Year","Lancashire","Local authority","E10000017","All","5-6","82","%","11650","9545"
"Percentage of year 1 pupils meeting the expected standard of phonic decoding","White","ONS 2011 5+1","2018-2019","Academic Year","Lancashire","Local authority","E10000017","Boys","5-6","78","%","5938","4628"
"Percentage of year 1 pupils meeting the expected standard of phonic decoding","White","ONS 2011 5+1","2018-2019","Academic Year","Lancashire","Local authority","E10000017","Girls","5-6","86","%","5712","4917"
"Percentage of year 1 pupils meeting the expected standard of phonic decoding","All","All","2018-2019","Academic Year","Leeds","Local authority","E08000035","All","5-6","79","%","9976","7876"
"Percentage of year 1 pupils meeting the expected standard of phonic decoding","All","All","2018-2019","Academic Year","Leeds","Local authority","E08000035","Boys","5-6","76","%","5217","3943"
"Percentage of year 1 pupils meeting the expected standard of phonic decoding","All","All","2018-2019","Academic Year","Leeds","Local authority","E08000035","Girls","5-6","83","%","4759","3933"
"Percentage of year 1 pupils meeting the expected standard of phonic decoding","Asian","ONS 2011 5+1","2018-2019","Academic Year","Leeds","Local authority","E08000035","All","5-6","79","%","1152","905"
"Percentage of year 1 pupils meeting the expected standard of phonic decoding","Asian","ONS 2011 5+1","2018-2019","Academic Year","Leeds","Local authority","E08000035","Boys","5-6","74","%","608","450"
"Percentage of year 1 pupils meeting the expected standard of phonic decoding","Asian","ONS 2011 5+1","2018-2019","Academic Year","Leeds","Local authority","E08000035","Girls","5-6","84","%","544","455"
"Percentage of year 1 pupils meeting the expected standard of phonic decoding","Black","ONS 2011 5+1","2018-2019","Academic Year","Leeds","Local authority","E08000035","All","5-6","79","%","715","563"
"Percentage of year 1 pupils meeting the expected standard of phonic decoding","Black","ONS 2011 5+1","2018-2019","Academic Year","Leeds","Local authority","E08000035","Boys","5-6","75","%","381","284"
"Percentage of year 1 pupils meeting the expected standard of phonic decoding","Black","ONS 2011 5+1","2018-2019","Academic Year","Leeds","Local authority","E08000035","Girls","5-6","84","%","334","279"
"Percentage of year 1 pupils meeting the expected standard of phonic decoding","Chinese","ONS 2011 18+1","2018-2019","Academic Year","Leeds","Local authority","E08000035","All","5-6","91","%","68","62"
"Percentage of year 1 pupils meeting the expected standard of phonic decoding","Chinese","ONS 2011 18+1","2018-2019","Academic Year","Leeds","Local authority","E08000035","Boys","5-6","89","%","36","32"
"Percentage of year 1 pupils meeting the expected standard of phonic decoding","Chinese","ONS 2011 18+1","2018-2019","Academic Year","Leeds","Local authority","E08000035","Girls","5-6","94","%","32","30"
"Percentage of year 1 pupils meeting the expected standard of phonic decoding","Mixed","ONS 2011 5+1","2018-2019","Academic Year","Leeds","Local authority","E08000035","All","5-6","82","%","737","602"
"Percentage of year 1 pupils meeting the expected standard of phonic decoding","Mixed","ONS 2011 5+1","2018-2019","Academic Year","Leeds","Local authority","E08000035","Boys","5-6","78","%","392","307"
"Percentage of year 1 pupils meeting the expected standard of phonic decoding","Mixed","ONS 2011 5+1","2018-2019","Academic Year","Leeds","Local authority","E08000035","Girls","5-6","86","%","345","295"
"Percentage of year 1 pupils meeting the expected standard of phonic decoding","Other","ONS 2011 5+1","2018-2019","Academic Year","Leeds","Local authority","E08000035","All","5-6","77","%","211","163"
"Percentage of year 1 pupils meeting the expected standard of phonic decoding","Other","ONS 2011 5+1","2018-2019","Academic Year","Leeds","Local authority","E08000035","Boys","5-6","71","%","117","83"
"Percentage of year 1 pupils meeting the expected standard of phonic decoding","Other","ONS 2011 5+1","2018-2019","Academic Year","Leeds","Local authority","E08000035","Girls","5-6","85","%","94","80"
"Percentage of year 1 pupils meeting the expected standard of phonic decoding","White","ONS 2011 5+1","2018-2019","Academic Year","Leeds","Local authority","E08000035","All","5-6","80","%","6929","5513"
"Percentage of year 1 pupils meeting the expected standard of phonic decoding","White","ONS 2011 5+1","2018-2019","Academic Year","Leeds","Local authority","E08000035","Boys","5-6","76","%","3605","2755"
"Percentage of year 1 pupils meeting the expected standard of phonic decoding","White","ONS 2011 5+1","2018-2019","Academic Year","Leeds","Local authority","E08000035","Girls","5-6","83","%","3324","2758"
"Percentage of year 1 pupils meeting the expected standard of phonic decoding","All","All","2018-2019","Academic Year","Leicester","Local authority","E06000016","All","5-6","81","%","4758","3840"
"Percentage of year 1 pupils meeting the expected standard of phonic decoding","All","All","2018-2019","Academic Year","Leicester","Local authority","E06000016","Boys","5-6","77","%","2411","1851"
"Percentage of year 1 pupils meeting the expected standard of phonic decoding","All","All","2018-2019","Academic Year","Leicester","Local authority","E06000016","Girls","5-6","85","%","2347","1989"
"Percentage of year 1 pupils meeting the expected standard of phonic decoding","Asian","ONS 2011 5+1","2018-2019","Academic Year","Leicester","Local authority","E06000016","All","5-6","84","%","1970","1661"
"Percentage of year 1 pupils meeting the expected standard of phonic decoding","Asian","ONS 2011 5+1","2018-2019","Academic Year","Leicester","Local authority","E06000016","Boys","5-6","82","%","988","806"
"Percentage of year 1 pupils meeting the expected standard of phonic decoding","Asian","ONS 2011 5+1","2018-2019","Academic Year","Leicester","Local authority","E06000016","Girls","5-6","87","%","982","855"
"Percentage of year 1 pupils meeting the expected standard of phonic decoding","Black","ONS 2011 5+1","2018-2019","Academic Year","Leicester","Local authority","E06000016","All","5-6","85","%","434","371"
"Percentage of year 1 pupils meeting the expected standard of phonic decoding","Black","ONS 2011 5+1","2018-2019","Academic Year","Leicester","Local authority","E06000016","Boys","5-6","81","%","215","175"
"Percentage of year 1 pupils meeting the expected standard of phonic decoding","Black","ONS 2011 5+1","2018-2019","Academic Year","Leicester","Local authority","E06000016","Girls","5-6","89","%","219","196"
"Percentage of year 1 pupils meeting the expected standard of phonic decoding","Chinese","ONS 2011 18+1","2018-2019","Academic Year","Leicester","Local authority","E06000016","All","5-6","84","%","19","16"
"Percentage of year 1 pupils meeting the expected standard of phonic decoding","Chinese","ONS 2011 18+1","2018-2019","Academic Year","Leicester","Local authority","E06000016","Boys","5-6","82","%","11","9"
"Percentage of year 1 pupils meeting the expected standard of phonic decoding","Chinese","ONS 2011 18+1","2018-2019","Academic Year","Leicester","Local authority","E06000016","Girls","5-6","88","%","8","7"
"Percentage of year 1 pupils meeting the expected standard of phonic decoding","Mixed","ONS 2011 5+1","2018-2019","Academic Year","Leicester","Local authority","E06000016","All","5-6","83","%","393","325"
"Percentage of year 1 pupils meeting the expected standard of phonic decoding","Mixed","ONS 2011 5+1","2018-2019","Academic Year","Leicester","Local authority","E06000016","Boys","5-6","79","%","195","155"
"Percentage of year 1 pupils meeting the expected standard of phonic decoding","Mixed","ONS 2011 5+1","2018-2019","Academic Year","Leicester","Local authority","E06000016","Girls","5-6","86","%","198","170"
"Percentage of year 1 pupils meeting the expected standard of phonic decoding","Other","ONS 2011 5+1","2018-2019","Academic Year","Leicester","Local authority","E06000016","All","5-6","75","%","118","89"
"Percentage of year 1 pupils meeting the expected standard of phonic decoding","Other","ONS 2011 5+1","2018-2019","Academic Year","Leicester","Local authority","E06000016","Boys","5-6","70","%","67","47"
"Percentage of year 1 pupils meeting the expected standard of phonic decoding","Other","ONS 2011 5+1","2018-2019","Academic Year","Leicester","Local authority","E06000016","Girls","5-6","82","%","51","42"
"Percentage of year 1 pupils meeting the expected standard of phonic decoding","White","ONS 2011 5+1","2018-2019","Academic Year","Leicester","Local authority","E06000016","All","5-6","77","%","1710","1313"
"Percentage of year 1 pupils meeting the expected standard of phonic decoding","White","ONS 2011 5+1","2018-2019","Academic Year","Leicester","Local authority","E06000016","Boys","5-6","72","%","885","638"
"Percentage of year 1 pupils meeting the expected standard of phonic decoding","White","ONS 2011 5+1","2018-2019","Academic Year","Leicester","Local authority","E06000016","Girls","5-6","82","%","825","675"
"Percentage of year 1 pupils meeting the expected standard of phonic decoding","All","All","2018-2019","Academic Year","Leicestershire","Local authority","E10000018","All","5-6","83","%","7816","6520"
"Percentage of year 1 pupils meeting the expected standard of phonic decoding","All","All","2018-2019","Academic Year","Leicestershire","Local authority","E10000018","Boys","5-6","81","%","4078","3303"
"Percentage of year 1 pupils meeting the expected standard of phonic decoding","All","All","2018-2019","Academic Year","Leicestershire","Local authority","E10000018","Girls","5-6","86","%","3738","3217"
"Percentage of year 1 pupils meeting the expected standard of phonic decoding","Asian","ONS 2011 5+1","2018-2019","Academic Year","Leicestershire","Local authority","E10000018","All","5-6","89","%","650","576"
"Percentage of year 1 pupils meeting the expected standard of phonic decoding","Asian","ONS 2011 5+1","2018-2019","Academic Year","Leicestershire","Local authority","E10000018","Boys","5-6","85","%","347","294"
"Percentage of year 1 pupils meeting the expected standard of phonic decoding","Asian","ONS 2011 5+1","2018-2019","Academic Year","Leicestershire","Local authority","E10000018","Girls","5-6","93","%","303","282"
"Percentage of year 1 pupils meeting the expected standard of phonic decoding","Black","ONS 2011 5+1","2018-2019","Academic Year","Leicestershire","Local authority","E10000018","All","5-6","92","%","97","89"
"Percentage of year 1 pupils meeting the expected standard of phonic decoding","Black","ONS 2011 5+1","2018-2019","Academic Year","Leicestershire","Local authority","E10000018","Boys","5-6","91","%","54","49"
"Percentage of year 1 pupils meeting the expected standard of phonic decoding","Black","ONS 2011 5+1","2018-2019","Academic Year","Leicestershire","Local authority","E10000018","Girls","5-6","93","%","43","40"
"Percentage of year 1 pupils meeting the expected standard of phonic decoding","Chinese","ONS 2011 18+1","2018-2019","Academic Year","Leicestershire","Local authority","E10000018","All","5-6","93","%","27","25"
"Percentage of year 1 pupils meeting the expected standard of phonic decoding","Chinese","ONS 2011 18+1","2018-2019","Academic Year","Leicestershire","Local authority","E10000018","Boys","5-6","93","%","15","14"
"Percentage of year 1 pupils meeting the expected standard of phonic decoding","Chinese","ONS 2011 18+1","2018-2019","Academic Year","Leicestershire","Local authority","E10000018","Girls","5-6","92","%","12","11"
"Percentage of year 1 pupils meeting the expected standard of phonic decoding","Mixed","ONS 2011 5+1","2018-2019","Academic Year","Leicestershire","Local authority","E10000018","All","5-6","86","%","426","366"
"Percentage of year 1 pupils meeting the expected standard of phonic decoding","Mixed","ONS 2011 5+1","2018-2019","Academic Year","Leicestershire","Local authority","E10000018","Boys","5-6","86","%","224","192"
"Percentage of year 1 pupils meeting the expected standard of phonic decoding","Mixed","ONS 2011 5+1","2018-2019","Academic Year","Leicestershire","Local authority","E10000018","Girls","5-6","86","%","202","174"
"Percentage of year 1 pupils meeting the expected standard of phonic decoding","Other","ONS 2011 5+1","2018-2019","Academic Year","Leicestershire","Local authority","E10000018","All","5-6","83","%","30","25"
"Percentage of year 1 pupils meeting the expected standard of phonic decoding","Other","ONS 2011 5+1","2018-2019","Academic Year","Leicestershire","Local authority","E10000018","Boys","5-6","73","%","15","11"
"Percentage of year 1 pupils meeting the expected standard of phonic decoding","Other","ONS 2011 5+1","2018-2019","Academic Year","Leicestershire","Local authority","E10000018","Girls","5-6","93","%","15","14"
"Percentage of year 1 pupils meeting the expected standard of phonic decoding","White","ONS 2011 5+1","2018-2019","Academic Year","Leicestershire","Local authority","E10000018","All","5-6","83","%","6462","5346"
"Percentage of year 1 pupils meeting the expected standard of phonic decoding","White","ONS 2011 5+1","2018-2019","Academic Year","Leicestershire","Local authority","E10000018","Boys","5-6","80","%","3352","2687"
"Percentage of year 1 pupils meeting the expected standard of phonic decoding","White","ONS 2011 5+1","2018-2019","Academic Year","Leicestershire","Local authority","E10000018","Girls","5-6","85","%","3110","2659"
"Percentage of year 1 pupils meeting the expected standard of phonic decoding","All","All","2018-2019","Academic Year","Lewisham","Local authority","E09000023","All","5-6","81","%","3676","2994"
"Percentage of year 1 pupils meeting the expected standard of phonic decoding","All","All","2018-2019","Academic Year","Lewisham","Local authority","E09000023","Boys","5-6","78","%","1911","1492"
"Percentage of year 1 pupils meeting the expected standard of phonic decoding","All","All","2018-2019","Academic Year","Lewisham","Local authority","E09000023","Girls","5-6","85","%","1765","1502"
"Percentage of year 1 pupils meeting the expected standard of phonic decoding","Asian","ONS 2011 5+1","2018-2019","Academic Year","Lewisham","Local authority","E09000023","All","5-6","81","%","221","179"
"Percentage of year 1 pupils meeting the expected standard of phonic decoding","Asian","ONS 2011 5+1","2018-2019","Academic Year","Lewisham","Local authority","E09000023","Boys","5-6","79","%","120","95"
"Percentage of year 1 pupils meeting the expected standard of phonic decoding","Asian","ONS 2011 5+1","2018-2019","Academic Year","Lewisham","Local authority","E09000023","Girls","5-6","83","%","101","84"
"Percentage of year 1 pupils meeting the expected standard of phonic decoding","Black","ONS 2011 5+1","2018-2019","Academic Year","Lewisham","Local authority","E09000023","All","5-6","79","%","1117","882"
"Percentage of year 1 pupils meeting the expected standard of phonic decoding","Black","ONS 2011 5+1","2018-2019","Academic Year","Lewisham","Local authority","E09000023","Boys","5-6","74","%","581","432"
"Percentage of year 1 pupils meeting the expected standard of phonic decoding","Black","ONS 2011 5+1","2018-2019","Academic Year","Lewisham","Local authority","E09000023","Girls","5-6","84","%","536","450"
"Percentage of year 1 pupils meeting the expected standard of phonic decoding","Chinese","ONS 2011 18+1","2018-2019","Academic Year","Lewisham","Local authority","E09000023","All","5-6","85","%","72","61"
"Percentage of year 1 pupils meeting the expected standard of phonic decoding","Chinese","ONS 2011 18+1","2018-2019","Academic Year","Lewisham","Local authority","E09000023","Boys","5-6","82","%","39","32"
"Percentage of year 1 pupils meeting the expected standard of phonic decoding","Chinese","ONS 2011 18+1","2018-2019","Academic Year","Lewisham","Local authority","E09000023","Girls","5-6","88","%","33","29"
"Percentage of year 1 pupils meeting the expected standard of phonic decoding","Mixed","ONS 2011 5+1","2018-2019","Academic Year","Lewisham","Local authority","E09000023","All","5-6","84","%","580","490"
"Percentage of year 1 pupils meeting the expected standard of phonic decoding","Mixed","ONS 2011 5+1","2018-2019","Academic Year","Lewisham","Local authority","E09000023","Boys","5-6","83","%","281","232"
"Percentage of year 1 pupils meeting the expected standard of phonic decoding","Mixed","ONS 2011 5+1","2018-2019","Academic Year","Lewisham","Local authority","E09000023","Girls","5-6","86","%","299","258"
"Percentage of year 1 pupils meeting the expected standard of phonic decoding","Other","ONS 2011 5+1","2018-2019","Academic Year","Lewisham","Local authority","E09000023","All","5-6","80","%","128","103"
"Percentage of year 1 pupils meeting the expected standard of phonic decoding","Other","ONS 2011 5+1","2018-2019","Academic Year","Lewisham","Local authority","E09000023","Boys","5-6","75","%","60","45"
"Percentage of year 1 pupils meeting the expected standard of phonic decoding","Other","ONS 2011 5+1","2018-2019","Academic Year","Lewisham","Local authority","E09000023","Girls","5-6","85","%","68","58"
"Percentage of year 1 pupils meeting the expected standard of phonic decoding","White","ONS 2011 5+1","2018-2019","Academic Year","Lewisham","Local authority","E09000023","All","5-6","84","%","1417","1194"
"Percentage of year 1 pupils meeting the expected standard of phonic decoding","White","ONS 2011 5+1","2018-2019","Academic Year","Lewisham","Local authority","E09000023","Boys","5-6","81","%","750","609"
"Percentage of year 1 pupils meeting the expected standard of phonic decoding","White","ONS 2011 5+1","2018-2019","Academic Year","Lewisham","Local authority","E09000023","Girls","5-6","88","%","667","585"
"Percentage of year 1 pupils meeting the expected standard of phonic decoding","All","All","2018-2019","Academic Year","Lincolnshire","Local authority","E10000019","All","5-6","81","%","7856","6331"
"Percentage of year 1 pupils meeting the expected standard of phonic decoding","All","All","2018-2019","Academic Year","Lincolnshire","Local authority","E10000019","Boys","5-6","77","%","3910","3002"
"Percentage of year 1 pupils meeting the expected standard of phonic decoding","All","All","2018-2019","Academic Year","Lincolnshire","Local authority","E10000019","Girls","5-6","84","%","3946","3329"
"Percentage of year 1 pupils meeting the expected standard of phonic decoding","Asian","ONS 2011 5+1","2018-2019","Academic Year","Lincolnshire","Local authority","E10000019","All","5-6","92","%","62","57"
"Percentage of year 1 pupils meeting the expected standard of phonic decoding","Asian","ONS 2011 5+1","2018-2019","Academic Year","Lincolnshire","Local authority","E10000019","Boys","5-6","89","%","35","31"
"Percentage of year 1 pupils meeting the expected standard of phonic decoding","Asian","ONS 2011 5+1","2018-2019","Academic Year","Lincolnshire","Local authority","E10000019","Girls","5-6","96","%","27","26"
"Percentage of year 1 pupils meeting the expected standard of phonic decoding","Black","ONS 2011 5+1","2018-2019","Academic Year","Lincolnshire","Local authority","E10000019","All","5-6","88","%","26","23"
"Percentage of year 1 pupils meeting the expected standard of phonic decoding","Black","ONS 2011 5+1","2018-2019","Academic Year","Lincolnshire","Local authority","E10000019","Boys","5-6","80","%","15","12"
"Percentage of year 1 pupils meeting the expected standard of phonic decoding","Black","ONS 2011 5+1","2018-2019","Academic Year","Lincolnshire","Local authority","E10000019","Girls","5-6","100","%","11","11"
"Percentage of year 1 pupils meeting the expected standard of phonic decoding","Chinese","ONS 2011 18+1","2018-2019","Academic Year","Lincolnshire","Local authority","E10000019","All","5-6","90","%","21","19"
"Percentage of year 1 pupils meeting the expected standard of phonic decoding","Chinese","ONS 2011 18+1","2018-2019","Academic Year","Lincolnshire","Local authority","E10000019","Boys","5-6","86","%","7","6"
"Percentage of year 1 pupils meeting the expected standard of phonic decoding","Chinese","ONS 2011 18+1","2018-2019","Academic Year","Lincolnshire","Local authority","E10000019","Girls","5-6","93","%","14","13"
"Percentage of year 1 pupils meeting the expected standard of phonic decoding","Mixed","ONS 2011 5+1","2018-2019","Academic Year","Lincolnshire","Local authority","E10000019","All","5-6","84","%","266","223"
"Percentage of year 1 pupils meeting the expected standard of phonic decoding","Mixed","ONS 2011 5+1","2018-2019","Academic Year","Lincolnshire","Local authority","E10000019","Boys","5-6","79","%","126","100"
"Percentage of year 1 pupils meeting the expected standard of phonic decoding","Mixed","ONS 2011 5+1","2018-2019","Academic Year","Lincolnshire","Local authority","E10000019","Girls","5-6","88","%","140","123"
"Percentage of year 1 pupils meeting the expected standard of phonic decoding","Other","ONS 2011 5+1","2018-2019","Academic Year","Lincolnshire","Local authority","E10000019","All","5-6","64","%","28","18"
"Percentage of year 1 pupils meeting the expected standard of phonic decoding","Other","ONS 2011 5+1","2018-2019","Academic Year","Lincolnshire","Local authority","E10000019","Boys","5-6","80","%","10","8"
"Percentage of year 1 pupils meeting the expected standard of phonic decoding","Other","ONS 2011 5+1","2018-2019","Academic Year","Lincolnshire","Local authority","E10000019","Girls","5-6","56","%","18","10"
"Percentage of year 1 pupils meeting the expected standard of phonic decoding","White","ONS 2011 5+1","2018-2019","Academic Year","Lincolnshire","Local authority","E10000019","All","5-6","81","%","7351","5942"
"Percentage of year 1 pupils meeting the expected standard of phonic decoding","White","ONS 2011 5+1","2018-2019","Academic Year","Lincolnshire","Local authority","E10000019","Boys","5-6","77","%","3669","2826"
"Percentage of year 1 pupils meeting the expected standard of phonic decoding","White","ONS 2011 5+1","2018-2019","Academic Year","Lincolnshire","Local authority","E10000019","Girls","5-6","85","%","3682","3116"
"Percentage of year 1 pupils meeting the expected standard of phonic decoding","All","All","2018-2019","Academic Year","Liverpool","Local authority","E08000012","All","5-6","78","%","5436","4231"
"Percentage of year 1 pupils meeting the expected standard of phonic decoding","All","All","2018-2019","Academic Year","Liverpool","Local authority","E08000012","Boys","5-6","74","%","2752","2028"
"Percentage of year 1 pupils meeting the expected standard of phonic decoding","All","All","2018-2019","Academic Year","Liverpool","Local authority","E08000012","Girls","5-6","82","%","2684","2203"
"Percentage of year 1 pupils meeting the expected standard of phonic decoding","Asian","ONS 2011 5+1","2018-2019","Academic Year","Liverpool","Local authority","E08000012","All","5-6","83","%","221","183"
"Percentage of year 1 pupils meeting the expected standard of phonic decoding","Asian","ONS 2011 5+1","2018-2019","Academic Year","Liverpool","Local authority","E08000012","Boys","5-6","80","%","113","90"
"Percentage of year 1 pupils meeting the expected standard of phonic decoding","Asian","ONS 2011 5+1","2018-2019","Academic Year","Liverpool","Local authority","E08000012","Girls","5-6","86","%","108","93"
"Percentage of year 1 pupils meeting the expected standard of phonic decoding","Black","ONS 2011 5+1","2018-2019","Academic Year","Liverpool","Local authority","E08000012","All","5-6","85","%","278","235"
"Percentage of year 1 pupils meeting the expected standard of phonic decoding","Black","ONS 2011 5+1","2018-2019","Academic Year","Liverpool","Local authority","E08000012","Boys","5-6","80","%","148","119"
"Percentage of year 1 pupils meeting the expected standard of phonic decoding","Black","ONS 2011 5+1","2018-2019","Academic Year","Liverpool","Local authority","E08000012","Girls","5-6","89","%","130","116"
"Percentage of year 1 pupils meeting the expected standard of phonic decoding","Chinese","ONS 2011 18+1","2018-2019","Academic Year","Liverpool","Local authority","E08000012","All","5-6","81","%","84","68"
"Percentage of year 1 pupils meeting the expected standard of phonic decoding","Chinese","ONS 2011 18+1","2018-2019","Academic Year","Liverpool","Local authority","E08000012","Boys","5-6","74","%","38","28"
"Percentage of year 1 pupils meeting the expected standard of phonic decoding","Chinese","ONS 2011 18+1","2018-2019","Academic Year","Liverpool","Local authority","E08000012","Girls","5-6","87","%","46","40"
"Percentage of year 1 pupils meeting the expected standard of phonic decoding","Mixed","ONS 2011 5+1","2018-2019","Academic Year","Liverpool","Local authority","E08000012","All","5-6","83","%","303","251"
"Percentage of year 1 pupils meeting the expected standard of phonic decoding","Mixed","ONS 2011 5+1","2018-2019","Academic Year","Liverpool","Local authority","E08000012","Boys","5-6","83","%","153","127"
"Percentage of year 1 pupils meeting the expected standard of phonic decoding","Mixed","ONS 2011 5+1","2018-2019","Academic Year","Liverpool","Local authority","E08000012","Girls","5-6","83","%","150","124"
"Percentage of year 1 pupils meeting the expected standard of phonic decoding","Other","ONS 2011 5+1","2018-2019","Academic Year","Liverpool","Local authority","E08000012","All","5-6","72","%","242","174"
"Percentage of year 1 pupils meeting the expected standard of phonic decoding","Other","ONS 2011 5+1","2018-2019","Academic Year","Liverpool","Local authority","E08000012","Boys","5-6","62","%","124","77"
"Percentage of year 1 pupils meeting the expected standard of phonic decoding","Other","ONS 2011 5+1","2018-2019","Academic Year","Liverpool","Local authority","E08000012","Girls","5-6","82","%","118","97"
"Percentage of year 1 pupils meeting the expected standard of phonic decoding","White","ONS 2011 5+1","2018-2019","Academic Year","Liverpool","Local authority","E08000012","All","5-6","78","%","4214","3277"
"Percentage of year 1 pupils meeting the expected standard of phonic decoding","White","ONS 2011 5+1","2018-2019","Academic Year","Liverpool","Local authority","E08000012","Boys","5-6","74","%","2129","1568"
"Percentage of year 1 pupils meeting the expected standard of phonic decoding","White","ONS 2011 5+1","2018-2019","Academic Year","Liverpool","Local authority","E08000012","Girls","5-6","82","%","2085","1709"
"Percentage of year 1 pupils meeting the expected standard of phonic decoding","All","All","2018-2019","Academic Year","Luton","Local authority","E06000032","All","5-6","79","%","3254","2566"
"Percentage of year 1 pupils meeting the expected standard of phonic decoding","All","All","2018-2019","Academic Year","Luton","Local authority","E06000032","Boys","5-6","75","%","1700","1276"
"Percentage of year 1 pupils meeting the expected standard of phonic decoding","All","All","2018-2019","Academic Year","Luton","Local authority","E06000032","Girls","5-6","83","%","1554","1290"
"Percentage of year 1 pupils meeting the expected standard of phonic decoding","Asian","ONS 2011 5+1","2018-2019","Academic Year","Luton","Local authority","E06000032","All","5-6","81","%","1510","1220"
"Percentage of year 1 pupils meeting the expected standard of phonic decoding","Asian","ONS 2011 5+1","2018-2019","Academic Year","Luton","Local authority","E06000032","Boys","5-6","77","%","784","606"
"Percentage of year 1 pupils meeting the expected standard of phonic decoding","Asian","ONS 2011 5+1","2018-2019","Academic Year","Luton","Local authority","E06000032","Girls","5-6","85","%","726","614"
"Percentage of year 1 pupils meeting the expected standard of phonic decoding","Black","ONS 2011 5+1","2018-2019","Academic Year","Luton","Local authority","E06000032","All","5-6","84","%","298","250"
"Percentage of year 1 pupils meeting the expected standard of phonic decoding","Black","ONS 2011 5+1","2018-2019","Academic Year","Luton","Local authority","E06000032","Boys","5-6","80","%","147","118"
"Percentage of year 1 pupils meeting the expected standard of phonic decoding","Black","ONS 2011 5+1","2018-2019","Academic Year","Luton","Local authority","E06000032","Girls","5-6","87","%","151","132"
"Percentage of year 1 pupils meeting the expected standard of phonic decoding","Chinese","ONS 2011 18+1","2018-2019","Academic Year","Luton","Local authority","E06000032","All","5-6","100","%","7","7"
"Percentage of year 1 pupils meeting the expected standard of phonic decoding","Chinese","ONS 2011 18+1","2018-2019","Academic Year","Luton","Local authority","E06000032","Boys","5-6","100","%","3","3"
"Percentage of year 1 pupils meeting the expected standard of phonic decoding","Chinese","ONS 2011 18+1","2018-2019","Academic Year","Luton","Local authority","E06000032","Girls","5-6","100","%","4","4"
"Percentage of year 1 pupils meeting the expected standard of phonic decoding","Mixed","ONS 2011 5+1","2018-2019","Academic Year","Luton","Local authority","E06000032","All","5-6","77","%","328","253"
"Percentage of year 1 pupils meeting the expected standard of phonic decoding","Mixed","ONS 2011 5+1","2018-2019","Academic Year","Luton","Local authority","E06000032","Boys","5-6","73","%","182","133"
"Percentage of year 1 pupils meeting the expected standard of phonic decoding","Mixed","ONS 2011 5+1","2018-2019","Academic Year","Luton","Local authority","E06000032","Girls","5-6","82","%","146","120"
"Percentage of year 1 pupils meeting the expected standard of phonic decoding","Other","ONS 2011 5+1","2018-2019","Academic Year","Luton","Local authority","E06000032","All","5-6","80","%","59","47"
"Percentage of year 1 pupils meeting the expected standard of phonic decoding","Other","ONS 2011 5+1","2018-2019","Academic Year","Luton","Local authority","E06000032","Boys","5-6","82","%","33","27"
"Percentage of year 1 pupils meeting the expected standard of phonic decoding","Other","ONS 2011 5+1","2018-2019","Academic Year","Luton","Local authority","E06000032","Girls","5-6","77","%","26","20"
"Percentage of year 1 pupils meeting the expected standard of phonic decoding","White","ONS 2011 5+1","2018-2019","Academic Year","Luton","Local authority","E06000032","All","5-6","77","%","994","764"
"Percentage of year 1 pupils meeting the expected standard of phonic decoding","White","ONS 2011 5+1","2018-2019","Academic Year","Luton","Local authority","E06000032","Boys","5-6","73","%","515","377"
"Percentage of year 1 pupils meeting the expected standard of phonic decoding","White","ONS 2011 5+1","2018-2019","Academic Year","Luton","Local authority","E06000032","Girls","5-6","81","%","479","387"
"Percentage of year 1 pupils meeting the expected standard of phonic decoding","All","All","2018-2019","Academic Year","Manchester","Local authority","E08000003","All","5-6","79","%","7301","5779"
"Percentage of year 1 pupils meeting the expected standard of phonic decoding","All","All","2018-2019","Academic Year","Manchester","Local authority","E08000003","Boys","5-6","75","%","3697","2787"
"Percentage of year 1 pupils meeting the expected standard of phonic decoding","All","All","2018-2019","Academic Year","Manchester","Local authority","E08000003","Girls","5-6","83","%","3604","2992"
"Percentage of year 1 pupils meeting the expected standard of phonic decoding","Asian","ONS 2011 5+1","2018-2019","Academic Year","Manchester","Local authority","E08000003","All","5-6","80","%","1629","1308"
"Percentage of year 1 pupils meeting the expected standard of phonic decoding","Asian","ONS 2011 5+1","2018-2019","Academic Year","Manchester","Local authority","E08000003","Boys","5-6","76","%","810","614"
"Percentage of year 1 pupils meeting the expected standard of phonic decoding","Asian","ONS 2011 5+1","2018-2019","Academic Year","Manchester","Local authority","E08000003","Girls","5-6","85","%","819","694"
"Percentage of year 1 pupils meeting the expected standard of phonic decoding","Black","ONS 2011 5+1","2018-2019","Academic Year","Manchester","Local authority","E08000003","All","5-6","84","%","1164","974"
"Percentage of year 1 pupils meeting the expected standard of phonic decoding","Black","ONS 2011 5+1","2018-2019","Academic Year","Manchester","Local authority","E08000003","Boys","5-6","80","%","587","470"
"Percentage of year 1 pupils meeting the expected standard of phonic decoding","Black","ONS 2011 5+1","2018-2019","Academic Year","Manchester","Local authority","E08000003","Girls","5-6","87","%","577","504"
"Percentage of year 1 pupils meeting the expected standard of phonic decoding","Chinese","ONS 2011 18+1","2018-2019","Academic Year","Manchester","Local authority","E08000003","All","5-6","83","%","100","83"
"Percentage of year 1 pupils meeting the expected standard of phonic decoding","Chinese","ONS 2011 18+1","2018-2019","Academic Year","Manchester","Local authority","E08000003","Boys","5-6","82","%","56","46"
"Percentage of year 1 pupils meeting the expected standard of phonic decoding","Chinese","ONS 2011 18+1","2018-2019","Academic Year","Manchester","Local authority","E08000003","Girls","5-6","84","%","44","37"
"Percentage of year 1 pupils meeting the expected standard of phonic decoding","Mixed","ONS 2011 5+1","2018-2019","Academic Year","Manchester","Local authority","E08000003","All","5-6","81","%","664","535"
"Percentage of year 1 pupils meeting the expected standard of phonic decoding","Mixed","ONS 2011 5+1","2018-2019","Academic Year","Manchester","Local authority","E08000003","Boys","5-6","77","%","356","274"
"Percentage of year 1 pupils meeting the expected standard of phonic decoding","Mixed","ONS 2011 5+1","2018-2019","Academic Year","Manchester","Local authority","E08000003","Girls","5-6","85","%","308","261"
"Percentage of year 1 pupils meeting the expected standard of phonic decoding","Other","ONS 2011 5+1","2018-2019","Academic Year","Manchester","Local authority","E08000003","All","5-6","77","%","599","462"
"Percentage of year 1 pupils meeting the expected standard of phonic decoding","Other","ONS 2011 5+1","2018-2019","Academic Year","Manchester","Local authority","E08000003","Boys","5-6","74","%","307","228"
"Percentage of year 1 pupils meeting the expected standard of phonic decoding","Other","ONS 2011 5+1","2018-2019","Academic Year","Manchester","Local authority","E08000003","Girls","5-6","80","%","292","234"
"Percentage of year 1 pupils meeting the expected standard of phonic decoding","White","ONS 2011 5+1","2018-2019","Academic Year","Manchester","Local authority","E08000003","All","5-6","78","%","2966","2328"
"Percentage of year 1 pupils meeting the expected standard of phonic decoding","White","ONS 2011 5+1","2018-2019","Academic Year","Manchester","Local authority","E08000003","Boys","5-6","75","%","1492","1114"
"Percentage of year 1 pupils meeting the expected standard of phonic decoding","White","ONS 2011 5+1","2018-2019","Academic Year","Manchester","Local authority","E08000003","Girls","5-6","82","%","1474","1214"
"Percentage of year 1 pupils meeting the expected standard of phonic decoding","All","All","2018-2019","Academic Year","Medway","Local authority","E06000035","All","5-6","82","%","3521","2896"
"Percentage of year 1 pupils meeting the expected standard of phonic decoding","All","All","2018-2019","Academic Year","Medway","Local authority","E06000035","Boys","5-6","78","%","1802","1407"
"Percentage of year 1 pupils meeting the expected standard of phonic decoding","All","All","2018-2019","Academic Year","Medway","Local authority","E06000035","Girls","5-6","87","%","1719","1489"
"Percentage of year 1 pupils meeting the expected standard of phonic decoding","Asian","ONS 2011 5+1","2018-2019","Academic Year","Medway","Local authority","E06000035","All","5-6","90","%","164","147"
"Percentage of year 1 pupils meeting the expected standard of phonic decoding","Asian","ONS 2011 5+1","2018-2019","Academic Year","Medway","Local authority","E06000035","Boys","5-6","88","%","76","67"
"Percentage of year 1 pupils meeting the expected standard of phonic decoding","Asian","ONS 2011 5+1","2018-2019","Academic Year","Medway","Local authority","E06000035","Girls","5-6","91","%","88","80"
"Percentage of year 1 pupils meeting the expected standard of phonic decoding","Black","ONS 2011 5+1","2018-2019","Academic Year","Medway","Local authority","E06000035","All","5-6","89","%","199","178"
"Percentage of year 1 pupils meeting the expected standard of phonic decoding","Black","ONS 2011 5+1","2018-2019","Academic Year","Medway","Local authority","E06000035","Boys","5-6","85","%","111","94"
"Percentage of year 1 pupils meeting the expected standard of phonic decoding","Black","ONS 2011 5+1","2018-2019","Academic Year","Medway","Local authority","E06000035","Girls","5-6","95","%","88","84"
"Percentage of year 1 pupils meeting the expected standard of phonic decoding","Chinese","ONS 2011 18+1","2018-2019","Academic Year","Medway","Local authority","E06000035","All","5-6","94","%","16","15"
"Percentage of year 1 pupils meeting the expected standard of phonic decoding","Chinese","ONS 2011 18+1","2018-2019","Academic Year","Medway","Local authority","E06000035","Boys","5-6","88","%","8","7"
"Percentage of year 1 pupils meeting the expected standard of phonic decoding","Chinese","ONS 2011 18+1","2018-2019","Academic Year","Medway","Local authority","E06000035","Girls","5-6","100","%","8","8"
"Percentage of year 1 pupils meeting the expected standard of phonic decoding","Mixed","ONS 2011 5+1","2018-2019","Academic Year","Medway","Local authority","E06000035","All","5-6","80","%","243","194"
"Percentage of year 1 pupils meeting the expected standard of phonic decoding","Mixed","ONS 2011 5+1","2018-2019","Academic Year","Medway","Local authority","E06000035","Boys","5-6","76","%","129","98"
"Percentage of year 1 pupils meeting the expected standard of phonic decoding","Mixed","ONS 2011 5+1","2018-2019","Academic Year","Medway","Local authority","E06000035","Girls","5-6","84","%","114","96"
"Percentage of year 1 pupils meeting the expected standard of phonic decoding","Other","ONS 2011 5+1","2018-2019","Academic Year","Medway","Local authority","E06000035","All","5-6","74","%","38","28"
"Percentage of year 1 pupils meeting the expected standard of phonic decoding","Other","ONS 2011 5+1","2018-2019","Academic Year","Medway","Local authority","E06000035","Boys","5-6","67","%","18","12"
"Percentage of year 1 pupils meeting the expected standard of phonic decoding","Other","ONS 2011 5+1","2018-2019","Academic Year","Medway","Local authority","E06000035","Girls","5-6","80","%","20","16"
"Percentage of year 1 pupils meeting the expected standard of phonic decoding","White","ONS 2011 5+1","2018-2019","Academic Year","Medway","Local authority","E06000035","All","5-6","82","%","2826","2313"
"Percentage of year 1 pupils meeting the expected standard of phonic decoding","White","ONS 2011 5+1","2018-2019","Academic Year","Medway","Local authority","E06000035","Boys","5-6","78","%","1443","1119"
"Percentage of year 1 pupils meeting the expected standard of phonic decoding","White","ONS 2011 5+1","2018-2019","Academic Year","Medway","Local authority","E06000035","Girls","5-6","86","%","1383","1194"
"Percentage of year 1 pupils meeting the expected standard of phonic decoding","All","All","2018-2019","Academic Year","Merton","Local authority","E09000024","All","5-6","83","%","2414","2014"
"Percentage of year 1 pupils meeting the expected standard of phonic decoding","All","All","2018-2019","Academic Year","Merton","Local authority","E09000024","Boys","5-6","82","%","1197","984"
"Percentage of year 1 pupils meeting the expected standard of phonic decoding","All","All","2018-2019","Academic Year","Merton","Local authority","E09000024","Girls","5-6","85","%","1217","1030"
"Percentage of year 1 pupils meeting the expected standard of phonic decoding","Asian","ONS 2011 5+1","2018-2019","Academic Year","Merton","Local authority","E09000024","All","5-6","88","%","498","436"
"Percentage of year 1 pupils meeting the expected standard of phonic decoding","Asian","ONS 2011 5+1","2018-2019","Academic Year","Merton","Local authority","E09000024","Boys","5-6","88","%","268","235"
"Percentage of year 1 pupils meeting the expected standard of phonic decoding","Asian","ONS 2011 5+1","2018-2019","Academic Year","Merton","Local authority","E09000024","Girls","5-6","87","%","230","201"
"Percentage of year 1 pupils meeting the expected standard of phonic decoding","Black","ONS 2011 5+1","2018-2019","Academic Year","Merton","Local authority","E09000024","All","5-6","78","%","239","187"
"Percentage of year 1 pupils meeting the expected standard of phonic decoding","Black","ONS 2011 5+1","2018-2019","Academic Year","Merton","Local authority","E09000024","Boys","5-6","74","%","119","88"
"Percentage of year 1 pupils meeting the expected standard of phonic decoding","Black","ONS 2011 5+1","2018-2019","Academic Year","Merton","Local authority","E09000024","Girls","5-6","83","%","120","99"
"Percentage of year 1 pupils meeting the expected standard of phonic decoding","Chinese","ONS 2011 18+1","2018-2019","Academic Year","Merton","Local authority","E09000024","All","5-6","91","%","22","20"
"Percentage of year 1 pupils meeting the expected standard of phonic decoding","Chinese","ONS 2011 18+1","2018-2019","Academic Year","Merton","Local authority","E09000024","Boys","5-6","83","%","12","10"
"Percentage of year 1 pupils meeting the expected standard of phonic decoding","Chinese","ONS 2011 18+1","2018-2019","Academic Year","Merton","Local authority","E09000024","Girls","5-6","100","%","10","10"
"Percentage of year 1 pupils meeting the expected standard of phonic decoding","Mixed","ONS 2011 5+1","2018-2019","Academic Year","Merton","Local authority","E09000024","All","5-6","81","%","307","248"
"Percentage of year 1 pupils meeting the expected standard of phonic decoding","Mixed","ONS 2011 5+1","2018-2019","Academic Year","Merton","Local authority","E09000024","Boys","5-6","77","%","150","115"
"Percentage of year 1 pupils meeting the expected standard of phonic decoding","Mixed","ONS 2011 5+1","2018-2019","Academic Year","Merton","Local authority","E09000024","Girls","5-6","85","%","157","133"
"Percentage of year 1 pupils meeting the expected standard of phonic decoding","Other","ONS 2011 5+1","2018-2019","Academic Year","Merton","Local authority","E09000024","All","5-6","85","%","73","62"
"Percentage of year 1 pupils meeting the expected standard of phonic decoding","Other","ONS 2011 5+1","2018-2019","Academic Year","Merton","Local authority","E09000024","Boys","5-6","84","%","31","26"
"Percentage of year 1 pupils meeting the expected standard of phonic decoding","Other","ONS 2011 5+1","2018-2019","Academic Year","Merton","Local authority","E09000024","Girls","5-6","86","%","42","36"
"Percentage of year 1 pupils meeting the expected standard of phonic decoding","White","ONS 2011 5+1","2018-2019","Academic Year","Merton","Local authority","E09000024","All","5-6","84","%","1229","1036"
"Percentage of year 1 pupils meeting the expected standard of phonic decoding","White","ONS 2011 5+1","2018-2019","Academic Year","Merton","Local authority","E09000024","Boys","5-6","83","%","601","501"
"Percentage of year 1 pupils meeting the expected standard of phonic decoding","White","ONS 2011 5+1","2018-2019","Academic Year","Merton","Local authority","E09000024","Girls","5-6","85","%","628","535"
"Percentage of year 1 pupils meeting the expected standard of phonic decoding","All","All","2018-2019","Academic Year","Middlesbrough","Local authority","E06000002","All","5-6","78","%","2013","1576"
"Percentage of year 1 pupils meeting the expected standard of phonic decoding","All","All","2018-2019","Academic Year","Middlesbrough","Local authority","E06000002","Boys","5-6","74","%","1031","764"
"Percentage of year 1 pupils meeting the expected standard of phonic decoding","All","All","2018-2019","Academic Year","Middlesbrough","Local authority","E06000002","Girls","5-6","83","%","982","812"
"Percentage of year 1 pupils meeting the expected standard of phonic decoding","Asian","ONS 2011 5+1","2018-2019","Academic Year","Middlesbrough","Local authority","E06000002","All","5-6","83","%","212","177"
"Percentage of year 1 pupils meeting the expected standard of phonic decoding","Asian","ONS 2011 5+1","2018-2019","Academic Year","Middlesbrough","Local authority","E06000002","Boys","5-6","79","%","107","85"
"Percentage of year 1 pupils meeting the expected standard of phonic decoding","Asian","ONS 2011 5+1","2018-2019","Academic Year","Middlesbrough","Local authority","E06000002","Girls","5-6","88","%","105","92"
"Percentage of year 1 pupils meeting the expected standard of phonic decoding","Black","ONS 2011 5+1","2018-2019","Academic Year","Middlesbrough","Local authority","E06000002","All","5-6","76","%","29","22"
"Percentage of year 1 pupils meeting the expected standard of phonic decoding","Black","ONS 2011 5+1","2018-2019","Academic Year","Middlesbrough","Local authority","E06000002","Boys","5-6","64","%","11","7"
"Percentage of year 1 pupils meeting the expected standard of phonic decoding","Black","ONS 2011 5+1","2018-2019","Academic Year","Middlesbrough","Local authority","E06000002","Girls","5-6","83","%","18","15"
"Percentage of year 1 pupils meeting the expected standard of phonic decoding","Chinese","ONS 2011 18+1","2018-2019","Academic Year","Middlesbrough","Local authority","E06000002","All","5-6","100","%","4","4"
"Percentage of year 1 pupils meeting the expected standard of phonic decoding","Chinese","ONS 2011 18+1","2018-2019","Academic Year","Middlesbrough","Local authority","E06000002","Boys","5-6","100","%","4","4"
"Percentage of year 1 pupils meeting the expected standard of phonic decoding","Chinese","N/A","2018-2019","Academic Year","Middlesbrough","Local authority","E06000002","Girls","5-6","N/A","%","N/A","N/A"
"Percentage of year 1 pupils meeting the expected standard of phonic decoding","Mixed","ONS 2011 5+1","2018-2019","Academic Year","Middlesbrough","Local authority","E06000002","All","5-6","77","%","100","77"
"Percentage of year 1 pupils meeting the expected standard of phonic decoding","Mixed","ONS 2011 5+1","2018-2019","Academic Year","Middlesbrough","Local authority","E06000002","Boys","5-6","75","%","61","46"
"Percentage of year 1 pupils meeting the expected standard of phonic decoding","Mixed","ONS 2011 5+1","2018-2019","Academic Year","Middlesbrough","Local authority","E06000002","Girls","5-6","79","%","39","31"
"Percentage of year 1 pupils meeting the expected standard of phonic decoding","Other","ONS 2011 5+1","2018-2019","Academic Year","Middlesbrough","Local authority","E06000002","All","5-6","73","%","77","56"
"Percentage of year 1 pupils meeting the expected standard of phonic decoding","Other","ONS 2011 5+1","2018-2019","Academic Year","Middlesbrough","Local authority","E06000002","Boys","5-6","71","%","42","30"
"Percentage of year 1 pupils meeting the expected standard of phonic decoding","Other","ONS 2011 5+1","2018-2019","Academic Year","Middlesbrough","Local authority","E06000002","Girls","5-6","74","%","35","26"
"Percentage of year 1 pupils meeting the expected standard of phonic decoding","White","ONS 2011 5+1","2018-2019","Academic Year","Middlesbrough","Local authority","E06000002","All","5-6","79","%","1573","1235"
"Percentage of year 1 pupils meeting the expected standard of phonic decoding","White","ONS 2011 5+1","2018-2019","Academic Year","Middlesbrough","Local authority","E06000002","Boys","5-6","74","%","799","589"
"Percentage of year 1 pupils meeting the expected standard of phonic decoding","White","ONS 2011 5+1","2018-2019","Academic Year","Middlesbrough","Local authority","E06000002","Girls","5-6","83","%","774","646"
"Percentage of year 1 pupils meeting the expected standard of phonic decoding","All","All","2018-2019","Academic Year","Milton Keynes","Local authority","E06000042","All","5-6","84","%","3880","3248"
"Percentage of year 1 pupils meeting the expected standard of phonic decoding","All","All","2018-2019","Academic Year","Milton Keynes","Local authority","E06000042","Boys","5-6","80","%","1987","1595"
"Percentage of year 1 pupils meeting the expected standard of phonic decoding","All","All","2018-2019","Academic Year","Milton Keynes","Local authority","E06000042","Girls","5-6","87","%","1893","1653"
"Percentage of year 1 pupils meeting the expected standard of phonic decoding","Asian","ONS 2011 5+1","2018-2019","Academic Year","Milton Keynes","Local authority","E06000042","All","5-6","89","%","552","492"
"Percentage of year 1 pupils meeting the expected standard of phonic decoding","Asian","ONS 2011 5+1","2018-2019","Academic Year","Milton Keynes","Local authority","E06000042","Boys","5-6","86","%","276","238"
"Percentage of year 1 pupils meeting the expected standard of phonic decoding","Asian","ONS 2011 5+1","2018-2019","Academic Year","Milton Keynes","Local authority","E06000042","Girls","5-6","92","%","276","254"
"Percentage of year 1 pupils meeting the expected standard of phonic decoding","Black","ONS 2011 5+1","2018-2019","Academic Year","Milton Keynes","Local authority","E06000042","All","5-6","84","%","468","395"
"Percentage of year 1 pupils meeting the expected standard of phonic decoding","Black","ONS 2011 5+1","2018-2019","Academic Year","Milton Keynes","Local authority","E06000042","Boys","5-6","83","%","236","196"
"Percentage of year 1 pupils meeting the expected standard of phonic decoding","Black","ONS 2011 5+1","2018-2019","Academic Year","Milton Keynes","Local authority","E06000042","Girls","5-6","86","%","232","199"
"Percentage of year 1 pupils meeting the expected standard of phonic decoding","Chinese","ONS 2011 18+1","2018-2019","Academic Year","Milton Keynes","Local authority","E06000042","All","5-6","88","%","26","23"
"Percentage of year 1 pupils meeting the expected standard of phonic decoding","Chinese","ONS 2011 18+1","2018-2019","Academic Year","Milton Keynes","Local authority","E06000042","Boys","5-6","79","%","14","11"
"Percentage of year 1 pupils meeting the expected standard of phonic decoding","Chinese","ONS 2011 18+1","2018-2019","Academic Year","Milton Keynes","Local authority","E06000042","Girls","5-6","100","%","12","12"
"Percentage of year 1 pupils meeting the expected standard of phonic decoding","Mixed","ONS 2011 5+1","2018-2019","Academic Year","Milton Keynes","Local authority","E06000042","All","5-6","88","%","308","271"
"Percentage of year 1 pupils meeting the expected standard of phonic decoding","Mixed","ONS 2011 5+1","2018-2019","Academic Year","Milton Keynes","Local authority","E06000042","Boys","5-6","83","%","171","142"
"Percentage of year 1 pupils meeting the expected standard of phonic decoding","Mixed","ONS 2011 5+1","2018-2019","Academic Year","Milton Keynes","Local authority","E06000042","Girls","5-6","94","%","137","129"
"Percentage of year 1 pupils meeting the expected standard of phonic decoding","Other","ONS 2011 5+1","2018-2019","Academic Year","Milton Keynes","Local authority","E06000042","All","5-6","81","%","26","21"
"Percentage of year 1 pupils meeting the expected standard of phonic decoding","Other","ONS 2011 5+1","2018-2019","Academic Year","Milton Keynes","Local authority","E06000042","Boys","5-6","80","%","10","8"
"Percentage of year 1 pupils meeting the expected standard of phonic decoding","Other","ONS 2011 5+1","2018-2019","Academic Year","Milton Keynes","Local authority","E06000042","Girls","5-6","81","%","16","13"
"Percentage of year 1 pupils meeting the expected standard of phonic decoding","White","ONS 2011 5+1","2018-2019","Academic Year","Milton Keynes","Local authority","E06000042","All","5-6","83","%","2393","1978"
"Percentage of year 1 pupils meeting the expected standard of phonic decoding","White","ONS 2011 5+1","2018-2019","Academic Year","Milton Keynes","Local authority","E06000042","Boys","5-6","79","%","1222","963"
"Percentage of year 1 pupils meeting the expected standard of phonic decoding","White","ONS 2011 5+1","2018-2019","Academic Year","Milton Keynes","Local authority","E06000042","Girls","5-6","87","%","1171","1015"
"Percentage of year 1 pupils meeting the expected standard of phonic decoding","All","All","2018-2019","Academic Year","Newcastle upon Tyne","Local authority","E08000021","All","5-6","80","%","3225","2596"
"Percentage of year 1 pupils meeting the expected standard of phonic decoding","All","All","2018-2019","Academic Year","Newcastle upon Tyne","Local authority","E08000021","Boys","5-6","77","%","1645","1268"
"Percentage of year 1 pupils meeting the expected standard of phonic decoding","All","All","2018-2019","Academic Year","Newcastle upon Tyne","Local authority","E08000021","Girls","5-6","84","%","1580","1328"
"Percentage of year 1 pupils meeting the expected standard of phonic decoding","Asian","ONS 2011 5+1","2018-2019","Academic Year","Newcastle upon Tyne","Local authority","E08000021","All","5-6","83","%","422","350"
"Percentage of year 1 pupils meeting the expected standard of phonic decoding","Asian","ONS 2011 5+1","2018-2019","Academic Year","Newcastle upon Tyne","Local authority","E08000021","Boys","5-6","80","%","219","176"
"Percentage of year 1 pupils meeting the expected standard of phonic decoding","Asian","ONS 2011 5+1","2018-2019","Academic Year","Newcastle upon Tyne","Local authority","E08000021","Girls","5-6","86","%","203","174"
"Percentage of year 1 pupils meeting the expected standard of phonic decoding","Black","ONS 2011 5+1","2018-2019","Academic Year","Newcastle upon Tyne","Local authority","E08000021","All","5-6","78","%","162","126"
"Percentage of year 1 pupils meeting the expected standard of phonic decoding","Black","ONS 2011 5+1","2018-2019","Academic Year","Newcastle upon Tyne","Local authority","E08000021","Boys","5-6","71","%","89","63"
"Percentage of year 1 pupils meeting the expected standard of phonic decoding","Black","ONS 2011 5+1","2018-2019","Academic Year","Newcastle upon Tyne","Local authority","E08000021","Girls","5-6","86","%","73","63"
"Percentage of year 1 pupils meeting the expected standard of phonic decoding","Chinese","ONS 2011 18+1","2018-2019","Academic Year","Newcastle upon Tyne","Local authority","E08000021","All","5-6","95","%","43","41"
"Percentage of year 1 pupils meeting the expected standard of phonic decoding","Chinese","ONS 2011 18+1","2018-2019","Academic Year","Newcastle upon Tyne","Local authority","E08000021","Boys","5-6","91","%","22","20"
"Percentage of year 1 pupils meeting the expected standard of phonic decoding","Chinese","ONS 2011 18+1","2018-2019","Academic Year","Newcastle upon Tyne","Local authority","E08000021","Girls","5-6","100","%","21","21"
"Percentage of year 1 pupils meeting the expected standard of phonic decoding","Mixed","ONS 2011 5+1","2018-2019","Academic Year","Newcastle upon Tyne","Local authority","E08000021","All","5-6","83","%","156","130"
"Percentage of year 1 pupils meeting the expected standard of phonic decoding","Mixed","ONS 2011 5+1","2018-2019","Academic Year","Newcastle upon Tyne","Local authority","E08000021","Boys","5-6","78","%","69","54"
"Percentage of year 1 pupils meeting the expected standard of phonic decoding","Mixed","ONS 2011 5+1","2018-2019","Academic Year","Newcastle upon Tyne","Local authority","E08000021","Girls","5-6","87","%","87","76"
"Percentage of year 1 pupils meeting the expected standard of phonic decoding","Other","ONS 2011 5+1","2018-2019","Academic Year","Newcastle upon Tyne","Local authority","E08000021","All","5-6","82","%","102","84"
"Percentage of year 1 pupils meeting the expected standard of phonic decoding","Other","ONS 2011 5+1","2018-2019","Academic Year","Newcastle upon Tyne","Local authority","E08000021","Boys","5-6","84","%","58","49"
"Percentage of year 1 pupils meeting the expected standard of phonic decoding","Other","ONS 2011 5+1","2018-2019","Academic Year","Newcastle upon Tyne","Local authority","E08000021","Girls","5-6","80","%","44","35"
"Percentage of year 1 pupils meeting the expected standard of phonic decoding","White","ONS 2011 5+1","2018-2019","Academic Year","Newcastle upon Tyne","Local authority","E08000021","All","5-6","81","%","2289","1843"
"Percentage of year 1 pupils meeting the expected standard of phonic decoding","White","ONS 2011 5+1","2018-2019","Academic Year","Newcastle upon Tyne","Local authority","E08000021","Boys","5-6","77","%","1164","898"
"Percentage of year 1 pupils meeting the expected standard of phonic decoding","White","ONS 2011 5+1","2018-2019","Academic Year","Newcastle upon Tyne","Local authority","E08000021","Girls","5-6","84","%","1125","945"
"Percentage of year 1 pupils meeting the expected standard of phonic decoding","All","All","2018-2019","Academic Year","Newham","Local authority","E09000025","All","5-6","87","%","4916","4263"
"Percentage of year 1 pupils meeting the expected standard of phonic decoding","All","All","2018-2019","Academic Year","Newham","Local authority","E09000025","Boys","5-6","84","%","2485","2084"
"Percentage of year 1 pupils meeting the expected standard of phonic decoding","All","All","2018-2019","Academic Year","Newham","Local authority","E09000025","Girls","5-6","90","%","2431","2179"
"Percentage of year 1 pupils meeting the expected standard of phonic decoding","Asian","ONS 2011 5+1","2018-2019","Academic Year","Newham","Local authority","E09000025","All","5-6","89","%","2319","2054"
"Percentage of year 1 pupils meeting the expected standard of phonic decoding","Asian","ONS 2011 5+1","2018-2019","Academic Year","Newham","Local authority","E09000025","Boys","5-6","85","%","1179","1006"
"Percentage of year 1 pupils meeting the expected standard of phonic decoding","Asian","ONS 2011 5+1","2018-2019","Academic Year","Newham","Local authority","E09000025","Girls","5-6","92","%","1140","1048"
"Percentage of year 1 pupils meeting the expected standard of phonic decoding","Black","ONS 2011 5+1","2018-2019","Academic Year","Newham","Local authority","E09000025","All","5-6","89","%","882","784"
"Percentage of year 1 pupils meeting the expected standard of phonic decoding","Black","ONS 2011 5+1","2018-2019","Academic Year","Newham","Local authority","E09000025","Boys","5-6","85","%","458","391"
"Percentage of year 1 pupils meeting the expected standard of phonic decoding","Black","ONS 2011 5+1","2018-2019","Academic Year","Newham","Local authority","E09000025","Girls","5-6","93","%","424","393"
"Percentage of year 1 pupils meeting the expected standard of phonic decoding","Chinese","ONS 2011 18+1","2018-2019","Academic Year","Newham","Local authority","E09000025","All","5-6","100","%","37","37"
"Percentage of year 1 pupils meeting the expected standard of phonic decoding","Chinese","ONS 2011 18+1","2018-2019","Academic Year","Newham","Local authority","E09000025","Boys","5-6","100","%","18","18"
"Percentage of year 1 pupils meeting the expected standard of phonic decoding","Chinese","ONS 2011 18+1","2018-2019","Academic Year","Newham","Local authority","E09000025","Girls","5-6","100","%","19","19"
"Percentage of year 1 pupils meeting the expected standard of phonic decoding","Mixed","ONS 2011 5+1","2018-2019","Academic Year","Newham","Local authority","E09000025","All","5-6","88","%","395","346"
"Percentage of year 1 pupils meeting the expected standard of phonic decoding","Mixed","ONS 2011 5+1","2018-2019","Academic Year","Newham","Local authority","E09000025","Boys","5-6","85","%","203","172"
"Percentage of year 1 pupils meeting the expected standard of phonic decoding","Mixed","ONS 2011 5+1","2018-2019","Academic Year","Newham","Local authority","E09000025","Girls","5-6","91","%","192","174"
"Percentage of year 1 pupils meeting the expected standard of phonic decoding","Other","ONS 2011 5+1","2018-2019","Academic Year","Newham","Local authority","E09000025","All","5-6","85","%","258","220"
"Percentage of year 1 pupils meeting the expected standard of phonic decoding","Other","ONS 2011 5+1","2018-2019","Academic Year","Newham","Local authority","E09000025","Boys","5-6","79","%","119","94"
"Percentage of year 1 pupils meeting the expected standard of phonic decoding","Other","ONS 2011 5+1","2018-2019","Academic Year","Newham","Local authority","E09000025","Girls","5-6","91","%","139","126"
"Percentage of year 1 pupils meeting the expected standard of phonic decoding","White","ONS 2011 5+1","2018-2019","Academic Year","Newham","Local authority","E09000025","All","5-6","85","%","902","767"
"Percentage of year 1 pupils meeting the expected standard of phonic decoding","White","ONS 2011 5+1","2018-2019","Academic Year","Newham","Local authority","E09000025","Boys","5-6","83","%","457","380"
"Percentage of year 1 pupils meeting the expected standard of phonic decoding","White","ONS 2011 5+1","2018-2019","Academic Year","Newham","Local authority","E09000025","Girls","5-6","87","%","445","387"
"Percentage of year 1 pupils meeting the expected standard of phonic decoding","All","All","2018-2019","Academic Year","Norfolk","Local authority","E10000020","All","5-6","79","%","9349","7418"
"Percentage of year 1 pupils meeting the expected standard of phonic decoding","All","All","2018-2019","Academic Year","Norfolk","Local authority","E10000020","Boys","5-6","76","%","4797","3622"
"Percentage of year 1 pupils meeting the expected standard of phonic decoding","All","All","2018-2019","Academic Year","Norfolk","Local authority","E10000020","Girls","5-6","83","%","4552","3796"
"Percentage of year 1 pupils meeting the expected standard of phonic decoding","Asian","ONS 2011 5+1","2018-2019","Academic Year","Norfolk","Local authority","E10000020","All","5-6","83","%","155","129"
"Percentage of year 1 pupils meeting the expected standard of phonic decoding","Asian","ONS 2011 5+1","2018-2019","Academic Year","Norfolk","Local authority","E10000020","Boys","5-6","79","%","92","73"
"Percentage of year 1 pupils meeting the expected standard of phonic decoding","Asian","ONS 2011 5+1","2018-2019","Academic Year","Norfolk","Local authority","E10000020","Girls","5-6","89","%","63","56"
"Percentage of year 1 pupils meeting the expected standard of phonic decoding","Black","ONS 2011 5+1","2018-2019","Academic Year","Norfolk","Local authority","E10000020","All","5-6","88","%","76","67"
"Percentage of year 1 pupils meeting the expected standard of phonic decoding","Black","ONS 2011 5+1","2018-2019","Academic Year","Norfolk","Local authority","E10000020","Boys","5-6","89","%","36","32"
"Percentage of year 1 pupils meeting the expected standard of phonic decoding","Black","ONS 2011 5+1","2018-2019","Academic Year","Norfolk","Local authority","E10000020","Girls","5-6","88","%","40","35"
"Percentage of year 1 pupils meeting the expected standard of phonic decoding","Chinese","ONS 2011 18+1","2018-2019","Academic Year","Norfolk","Local authority","E10000020","All","5-6","79","%","29","23"
"Percentage of year 1 pupils meeting the expected standard of phonic decoding","Chinese","ONS 2011 18+1","2018-2019","Academic Year","Norfolk","Local authority","E10000020","Boys","5-6","76","%","17","13"
"Percentage of year 1 pupils meeting the expected standard of phonic decoding","Chinese","ONS 2011 18+1","2018-2019","Academic Year","Norfolk","Local authority","E10000020","Girls","5-6","83","%","12","10"
"Percentage of year 1 pupils meeting the expected standard of phonic decoding","Mixed","ONS 2011 5+1","2018-2019","Academic Year","Norfolk","Local authority","E10000020","All","5-6","80","%","324","260"
"Percentage of year 1 pupils meeting the expected standard of phonic decoding","Mixed","ONS 2011 5+1","2018-2019","Academic Year","Norfolk","Local authority","E10000020","Boys","5-6","77","%","177","137"
"Percentage of year 1 pupils meeting the expected standard of phonic decoding","Mixed","ONS 2011 5+1","2018-2019","Academic Year","Norfolk","Local authority","E10000020","Girls","5-6","84","%","147","123"
"Percentage of year 1 pupils meeting the expected standard of phonic decoding","Other","ONS 2011 5+1","2018-2019","Academic Year","Norfolk","Local authority","E10000020","All","5-6","75","%","96","72"
"Percentage of year 1 pupils meeting the expected standard of phonic decoding","Other","ONS 2011 5+1","2018-2019","Academic Year","Norfolk","Local authority","E10000020","Boys","5-6","70","%","54","38"
"Percentage of year 1 pupils meeting the expected standard of phonic decoding","Other","ONS 2011 5+1","2018-2019","Academic Year","Norfolk","Local authority","E10000020","Girls","5-6","81","%","42","34"
"Percentage of year 1 pupils meeting the expected standard of phonic decoding","White","ONS 2011 5+1","2018-2019","Academic Year","Norfolk","Local authority","E10000020","All","5-6","79","%","8410","6679"
"Percentage of year 1 pupils meeting the expected standard of phonic decoding","White","ONS 2011 5+1","2018-2019","Academic Year","Norfolk","Local authority","E10000020","Boys","5-6","75","%","4295","3242"
"Percentage of year 1 pupils meeting the expected standard of phonic decoding","White","ONS 2011 5+1","2018-2019","Academic Year","Norfolk","Local authority","E10000020","Girls","5-6","84","%","4115","3437"
"Percentage of year 1 pupils meeting the expected standard of phonic decoding","All","All","2018-2019","Academic Year","North East Lincolnshire","Local authority","E06000012","All","5-6","82","%","1984","1620"
"Percentage of year 1 pupils meeting the expected standard of phonic decoding","All","All","2018-2019","Academic Year","North East Lincolnshire","Local authority","E06000012","Boys","5-6","77","%","963","738"
"Percentage of year 1 pupils meeting the expected standard of phonic decoding","All","All","2018-2019","Academic Year","North East Lincolnshire","Local authority","E06000012","Girls","5-6","86","%","1021","882"
"Percentage of year 1 pupils meeting the expected standard of phonic decoding","Asian","ONS 2011 5+1","2018-2019","Academic Year","North East Lincolnshire","Local authority","E06000012","All","5-6","90","%","30","27"
"Percentage of year 1 pupils meeting the expected standard of phonic decoding","Asian","ONS 2011 5+1","2018-2019","Academic Year","North East Lincolnshire","Local authority","E06000012","Boys","5-6","80","%","15","12"
"Percentage of year 1 pupils meeting the expected standard of phonic decoding","Asian","ONS 2011 5+1","2018-2019","Academic Year","North East Lincolnshire","Local authority","E06000012","Girls","5-6","100","%","15","15"
"Percentage of year 1 pupils meeting the expected standard of phonic decoding","Black","ONS 2011 5+1","2018-2019","Academic Year","North East Lincolnshire","Local authority","E06000012","All","5-6","100","%","5","5"
"Percentage of year 1 pupils meeting the expected standard of phonic decoding","Black","ONS 2011 5+1","2018-2019","Academic Year","North East Lincolnshire","Local authority","E06000012","Boys","5-6","100","%","2","2"
"Percentage of year 1 pupils meeting the expected standard of phonic decoding","Black","ONS 2011 5+1","2018-2019","Academic Year","North East Lincolnshire","Local authority","E06000012","Girls","5-6","100","%","3","3"
"Percentage of year 1 pupils meeting the expected standard of phonic decoding","Chinese","ONS 2011 18+1","2018-2019","Academic Year","North East Lincolnshire","Local authority","E06000012","All","5-6","0","%","1","0"
"Percentage of year 1 pupils meeting the expected standard of phonic decoding","Chinese","N/A","2018-2019","Academic Year","North East Lincolnshire","Local authority","E06000012","Boys","5-6","N/A","%","N/A","N/A"
"Percentage of year 1 pupils meeting the expected standard of phonic decoding","Chinese","ONS 2011 18+1","2018-2019","Academic Year","North East Lincolnshire","Local authority","E06000012","Girls","5-6","0","%","1","0"
"Percentage of year 1 pupils meeting the expected standard of phonic decoding","Mixed","ONS 2011 5+1","2018-2019","Academic Year","North East Lincolnshire","Local authority","E06000012","All","5-6","81","%","64","52"
"Percentage of year 1 pupils meeting the expected standard of phonic decoding","Mixed","ONS 2011 5+1","2018-2019","Academic Year","North East Lincolnshire","Local authority","E06000012","Boys","5-6","76","%","37","28"
"Percentage of year 1 pupils meeting the expected standard of phonic decoding","Mixed","ONS 2011 5+1","2018-2019","Academic Year","North East Lincolnshire","Local authority","E06000012","Girls","5-6","89","%","27","24"
"Percentage of year 1 pupils meeting the expected standard of phonic decoding","Other","ONS 2011 5+1","2018-2019","Academic Year","North East Lincolnshire","Local authority","E06000012","All","5-6","90","%","10","9"
"Percentage of year 1 pupils meeting the expected standard of phonic decoding","Other","ONS 2011 5+1","2018-2019","Academic Year","North East Lincolnshire","Local authority","E06000012","Boys","5-6","83","%","6","5"
"Percentage of year 1 pupils meeting the expected standard of phonic decoding","Other","ONS 2011 5+1","2018-2019","Academic Year","North East Lincolnshire","Local authority","E06000012","Girls","5-6","100","%","4","4"
"Percentage of year 1 pupils meeting the expected standard of phonic decoding","White","ONS 2011 5+1","2018-2019","Academic Year","North East Lincolnshire","Local authority","E06000012","All","5-6","82","%","1854","1518"
"Percentage of year 1 pupils meeting the expected standard of phonic decoding","White","ONS 2011 5+1","2018-2019","Academic Year","North East Lincolnshire","Local authority","E06000012","Boys","5-6","77","%","894","687"
"Percentage of year 1 pupils meeting the expected standard of phonic decoding","White","ONS 2011 5+1","2018-2019","Academic Year","North East Lincolnshire","Local authority","E06000012","Girls","5-6","87","%","960","831"
"Percentage of year 1 pupils meeting the expected standard of phonic decoding","All","All","2018-2019","Academic Year","North Lincolnshire","Local authority","E06000013","All","5-6","82","%","1979","1615"
"Percentage of year 1 pupils meeting the expected standard of phonic decoding","All","All","2018-2019","Academic Year","North Lincolnshire","Local authority","E06000013","Boys","5-6","79","%","994","781"
"Percentage of year 1 pupils meeting the expected standard of phonic decoding","All","All","2018-2019","Academic Year","North Lincolnshire","Local authority","E06000013","Girls","5-6","85","%","985","834"
"Percentage of year 1 pupils meeting the expected standard of phonic decoding","Asian","ONS 2011 5+1","2018-2019","Academic Year","North Lincolnshire","Local authority","E06000013","All","5-6","86","%","81","70"
"Percentage of year 1 pupils meeting the expected standard of phonic decoding","Asian","ONS 2011 5+1","2018-2019","Academic Year","North Lincolnshire","Local authority","E06000013","Boys","5-6","81","%","36","29"
"Percentage of year 1 pupils meeting the expected standard of phonic decoding","Asian","ONS 2011 5+1","2018-2019","Academic Year","North Lincolnshire","Local authority","E06000013","Girls","5-6","91","%","45","41"
"Percentage of year 1 pupils meeting the expected standard of phonic decoding","Black","ONS 2011 5+1","2018-2019","Academic Year","North Lincolnshire","Local authority","E06000013","All","5-6","64","%","11","7"
"Percentage of year 1 pupils meeting the expected standard of phonic decoding","Black","ONS 2011 5+1","2018-2019","Academic Year","North Lincolnshire","Local authority","E06000013","Boys","5-6","50","%","6","3"
"Percentage of year 1 pupils meeting the expected standard of phonic decoding","Black","ONS 2011 5+1","2018-2019","Academic Year","North Lincolnshire","Local authority","E06000013","Girls","5-6","80","%","5","4"
"Percentage of year 1 pupils meeting the expected standard of phonic decoding","Chinese","ONS 2011 18+1","2018-2019","Academic Year","North Lincolnshire","Local authority","E06000013","All","5-6","100","%","2","2"
"Percentage of year 1 pupils meeting the expected standard of phonic decoding","Chinese","ONS 2011 18+1","2018-2019","Academic Year","North Lincolnshire","Local authority","E06000013","Boys","5-6","100","%","1","1"
"Percentage of year 1 pupils meeting the expected standard of phonic decoding","Chinese","ONS 2011 18+1","2018-2019","Academic Year","North Lincolnshire","Local authority","E06000013","Girls","5-6","100","%","1","1"
"Percentage of year 1 pupils meeting the expected standard of phonic decoding","Mixed","ONS 2011 5+1","2018-2019","Academic Year","North Lincolnshire","Local authority","E06000013","All","5-6","78","%","41","32"
"Percentage of year 1 pupils meeting the expected standard of phonic decoding","Mixed","ONS 2011 5+1","2018-2019","Academic Year","North Lincolnshire","Local authority","E06000013","Boys","5-6","80","%","25","20"
"Percentage of year 1 pupils meeting the expected standard of phonic decoding","Mixed","ONS 2011 5+1","2018-2019","Academic Year","North Lincolnshire","Local authority","E06000013","Girls","5-6","75","%","16","12"
"Percentage of year 1 pupils meeting the expected standard of phonic decoding","Other","ONS 2011 5+1","2018-2019","Academic Year","North Lincolnshire","Local authority","E06000013","All","5-6","53","%","17","9"
"Percentage of year 1 pupils meeting the expected standard of phonic decoding","Other","ONS 2011 5+1","2018-2019","Academic Year","North Lincolnshire","Local authority","E06000013","Boys","5-6","38","%","8","3"
"Percentage of year 1 pupils meeting the expected standard of phonic decoding","Other","ONS 2011 5+1","2018-2019","Academic Year","North Lincolnshire","Local authority","E06000013","Girls","5-6","67","%","9","6"
"Percentage of year 1 pupils meeting the expected standard of phonic decoding","White","ONS 2011 5+1","2018-2019","Academic Year","North Lincolnshire","Local authority","E06000013","All","5-6","82","%","1809","1484"
"Percentage of year 1 pupils meeting the expected standard of phonic decoding","White","ONS 2011 5+1","2018-2019","Academic Year","North Lincolnshire","Local authority","E06000013","Boys","5-6","79","%","906","716"
"Percentage of year 1 pupils meeting the expected standard of phonic decoding","White","ONS 2011 5+1","2018-2019","Academic Year","North Lincolnshire","Local authority","E06000013","Girls","5-6","85","%","903","768"
"Percentage of year 1 pupils meeting the expected standard of phonic decoding","All","All","2018-2019","Academic Year","North Somerset","Local authority","E06000024","All","5-6","84","%","2420","2021"
"Percentage of year 1 pupils meeting the expected standard of phonic decoding","All","All","2018-2019","Academic Year","North Somerset","Local authority","E06000024","Boys","5-6","82","%","1206","984"
"Percentage of year 1 pupils meeting the expected standard of phonic decoding","All","All","2018-2019","Academic Year","North Somerset","Local authority","E06000024","Girls","5-6","85","%","1214","1037"
"Percentage of year 1 pupils meeting the expected standard of phonic decoding","Asian","ONS 2011 5+1","2018-2019","Academic Year","North Somerset","Local authority","E06000024","All","5-6","93","%","30","28"
"Percentage of year 1 pupils meeting the expected standard of phonic decoding","Asian","ONS 2011 5+1","2018-2019","Academic Year","North Somerset","Local authority","E06000024","Boys","5-6","87","%","15","13"
"Percentage of year 1 pupils meeting the expected standard of phonic decoding","Asian","ONS 2011 5+1","2018-2019","Academic Year","North Somerset","Local authority","E06000024","Girls","5-6","100","%","15","15"
"Percentage of year 1 pupils meeting the expected standard of phonic decoding","Black","ONS 2011 5+1","2018-2019","Academic Year","North Somerset","Local authority","E06000024","All","5-6","75","%","8","6"
"Percentage of year 1 pupils meeting the expected standard of phonic decoding","Black","ONS 2011 5+1","2018-2019","Academic Year","North Somerset","Local authority","E06000024","Boys","5-6","67","%","3","2"
"Percentage of year 1 pupils meeting the expected standard of phonic decoding","Black","ONS 2011 5+1","2018-2019","Academic Year","North Somerset","Local authority","E06000024","Girls","5-6","80","%","5","4"
"Percentage of year 1 pupils meeting the expected standard of phonic decoding","Chinese","ONS 2011 18+1","2018-2019","Academic Year","North Somerset","Local authority","E06000024","All","5-6","33","%","6","2"
"Percentage of year 1 pupils meeting the expected standard of phonic decoding","Chinese","ONS 2011 18+1","2018-2019","Academic Year","North Somerset","Local authority","E06000024","Boys","5-6","20","%","5","1"
"Percentage of year 1 pupils meeting the expected standard of phonic decoding","Chinese","ONS 2011 18+1","2018-2019","Academic Year","North Somerset","Local authority","E06000024","Girls","5-6","100","%","1","1"
"Percentage of year 1 pupils meeting the expected standard of phonic decoding","Mixed","ONS 2011 5+1","2018-2019","Academic Year","North Somerset","Local authority","E06000024","All","5-6","82","%","83","68"
"Percentage of year 1 pupils meeting the expected standard of phonic decoding","Mixed","ONS 2011 5+1","2018-2019","Academic Year","North Somerset","Local authority","E06000024","Boys","5-6","77","%","44","34"
"Percentage of year 1 pupils meeting the expected standard of phonic decoding","Mixed","ONS 2011 5+1","2018-2019","Academic Year","North Somerset","Local authority","E06000024","Girls","5-6","87","%","39","34"
"Percentage of year 1 pupils meeting the expected standard of phonic decoding","Other","ONS 2011 5+1","2018-2019","Academic Year","North Somerset","Local authority","E06000024","All","5-6","57","%","7","4"
"Percentage of year 1 pupils meeting the expected standard of phonic decoding","Other","ONS 2011 5+1","2018-2019","Academic Year","North Somerset","Local authority","E06000024","Boys","5-6","50","%","4","2"
"Percentage of year 1 pupils meeting the expected standard of phonic decoding","Other","ONS 2011 5+1","2018-2019","Academic Year","North Somerset","Local authority","E06000024","Girls","5-6","67","%","3","2"
"Percentage of year 1 pupils meeting the expected standard of phonic decoding","White","ONS 2011 5+1","2018-2019","Academic Year","North Somerset","Local authority","E06000024","All","5-6","84","%","2260","1893"
"Percentage of year 1 pupils meeting the expected standard of phonic decoding","White","ONS 2011 5+1","2018-2019","Academic Year","North Somerset","Local authority","E06000024","Boys","5-6","82","%","1124","921"
"Percentage of year 1 pupils meeting the expected standard of phonic decoding","White","ONS 2011 5+1","2018-2019","Academic Year","North Somerset","Local authority","E06000024","Girls","5-6","86","%","1136","972"
"Percentage of year 1 pupils meeting the expected standard of phonic decoding","All","All","2018-2019","Academic Year","North Tyneside","Local authority","E08000022","All","5-6","83","%","2327","1940"
"Percentage of year 1 pupils meeting the expected standard of phonic decoding","All","All","2018-2019","Academic Year","North Tyneside","Local authority","E08000022","Boys","5-6","80","%","1228","988"
"Percentage of year 1 pupils meeting the expected standard of phonic decoding","All","All","2018-2019","Academic Year","North Tyneside","Local authority","E08000022","Girls","5-6","87","%","1099","952"
"Percentage of year 1 pupils meeting the expected standard of phonic decoding","Asian","ONS 2011 5+1","2018-2019","Academic Year","North Tyneside","Local authority","E08000022","All","5-6","82","%","49","40"
"Percentage of year 1 pupils meeting the expected standard of phonic decoding","Asian","ONS 2011 5+1","2018-2019","Academic Year","North Tyneside","Local authority","E08000022","Boys","5-6","81","%","27","22"
"Percentage of year 1 pupils meeting the expected standard of phonic decoding","Asian","ONS 2011 5+1","2018-2019","Academic Year","North Tyneside","Local authority","E08000022","Girls","5-6","82","%","22","18"
"Percentage of year 1 pupils meeting the expected standard of phonic decoding","Black","ONS 2011 5+1","2018-2019","Academic Year","North Tyneside","Local authority","E08000022","All","5-6","88","%","8","7"
"Percentage of year 1 pupils meeting the expected standard of phonic decoding","Black","ONS 2011 5+1","2018-2019","Academic Year","North Tyneside","Local authority","E08000022","Boys","5-6","100","%","2","2"
"Percentage of year 1 pupils meeting the expected standard of phonic decoding","Black","ONS 2011 5+1","2018-2019","Academic Year","North Tyneside","Local authority","E08000022","Girls","5-6","83","%","6","5"
"Percentage of year 1 pupils meeting the expected standard of phonic decoding","Chinese","ONS 2011 18+1","2018-2019","Academic Year","North Tyneside","Local authority","E08000022","All","5-6","100","%","14","14"
"Percentage of year 1 pupils meeting the expected standard of phonic decoding","Chinese","ONS 2011 18+1","2018-2019","Academic Year","North Tyneside","Local authority","E08000022","Boys","5-6","100","%","10","10"
"Percentage of year 1 pupils meeting the expected standard of phonic decoding","Chinese","ONS 2011 18+1","2018-2019","Academic Year","North Tyneside","Local authority","E08000022","Girls","5-6","100","%","4","4"
"Percentage of year 1 pupils meeting the expected standard of phonic decoding","Mixed","ONS 2011 5+1","2018-2019","Academic Year","North Tyneside","Local authority","E08000022","All","5-6","80","%","61","49"
"Percentage of year 1 pupils meeting the expected standard of phonic decoding","Mixed","ONS 2011 5+1","2018-2019","Academic Year","North Tyneside","Local authority","E08000022","Boys","5-6","74","%","31","23"
"Percentage of year 1 pupils meeting the expected standard of phonic decoding","Mixed","ONS 2011 5+1","2018-2019","Academic Year","North Tyneside","Local authority","E08000022","Girls","5-6","87","%","30","26"
"Percentage of year 1 pupils meeting the expected standard of phonic decoding","Other","ONS 2011 5+1","2018-2019","Academic Year","North Tyneside","Local authority","E08000022","All","5-6","64","%","14","9"
"Percentage of year 1 pupils meeting the expected standard of phonic decoding","Other","ONS 2011 5+1","2018-2019","Academic Year","North Tyneside","Local authority","E08000022","Boys","5-6","57","%","7","4"
"Percentage of year 1 pupils meeting the expected standard of phonic decoding","Other","ONS 2011 5+1","2018-2019","Academic Year","North Tyneside","Local authority","E08000022","Girls","5-6","71","%","7","5"
"Percentage of year 1 pupils meeting the expected standard of phonic decoding","White","ONS 2011 5+1","2018-2019","Academic Year","North Tyneside","Local authority","E08000022","All","5-6","84","%","2160","1807"
"Percentage of year 1 pupils meeting the expected standard of phonic decoding","White","ONS 2011 5+1","2018-2019","Academic Year","North Tyneside","Local authority","E08000022","Boys","5-6","81","%","1139","921"
"Percentage of year 1 pupils meeting the expected standard of phonic decoding","White","ONS 2011 5+1","2018-2019","Academic Year","North Tyneside","Local authority","E08000022","Girls","5-6","87","%","1021","886"
"Percentage of year 1 pupils meeting the expected standard of phonic decoding","All","All","2018-2019","Academic Year","North Yorkshire","Local authority","E10000023","All","5-6","82","%","6014","4912"
"Percentage of year 1 pupils meeting the expected standard of phonic decoding","All","All","2018-2019","Academic Year","North Yorkshire","Local authority","E10000023","Boys","5-6","78","%","3085","2395"
"Percentage of year 1 pupils meeting the expected standard of phonic decoding","All","All","2018-2019","Academic Year","North Yorkshire","Local authority","E10000023","Girls","5-6","86","%","2929","2517"
"Percentage of year 1 pupils meeting the expected standard of phonic decoding","Asian","ONS 2011 5+1","2018-2019","Academic Year","North Yorkshire","Local authority","E10000023","All","5-6","85","%","52","44"
"Percentage of year 1 pupils meeting the expected standard of phonic decoding","Asian","ONS 2011 5+1","2018-2019","Academic Year","North Yorkshire","Local authority","E10000023","Boys","5-6","78","%","23","18"
"Percentage of year 1 pupils meeting the expected standard of phonic decoding","Asian","ONS 2011 5+1","2018-2019","Academic Year","North Yorkshire","Local authority","E10000023","Girls","5-6","90","%","29","26"
"Percentage of year 1 pupils meeting the expected standard of phonic decoding","Black","ONS 2011 5+1","2018-2019","Academic Year","North Yorkshire","Local authority","E10000023","All","5-6","77","%","22","17"
"Percentage of year 1 pupils meeting the expected standard of phonic decoding","Black","ONS 2011 5+1","2018-2019","Academic Year","North Yorkshire","Local authority","E10000023","Boys","5-6","64","%","11","7"
"Percentage of year 1 pupils meeting the expected standard of phonic decoding","Black","ONS 2011 5+1","2018-2019","Academic Year","North Yorkshire","Local authority","E10000023","Girls","5-6","91","%","11","10"
"Percentage of year 1 pupils meeting the expected standard of phonic decoding","Chinese","ONS 2011 18+1","2018-2019","Academic Year","North Yorkshire","Local authority","E10000023","All","5-6","91","%","11","10"
"Percentage of year 1 pupils meeting the expected standard of phonic decoding","Chinese","ONS 2011 18+1","2018-2019","Academic Year","North Yorkshire","Local authority","E10000023","Boys","5-6","100","%","6","6"
"Percentage of year 1 pupils meeting the expected standard of phonic decoding","Chinese","ONS 2011 18+1","2018-2019","Academic Year","North Yorkshire","Local authority","E10000023","Girls","5-6","80","%","5","4"
"Percentage of year 1 pupils meeting the expected standard of phonic decoding","Mixed","ONS 2011 5+1","2018-2019","Academic Year","North Yorkshire","Local authority","E10000023","All","5-6","86","%","140","120"
"Percentage of year 1 pupils meeting the expected standard of phonic decoding","Mixed","ONS 2011 5+1","2018-2019","Academic Year","North Yorkshire","Local authority","E10000023","Boys","5-6","84","%","67","56"
"Percentage of year 1 pupils meeting the expected standard of phonic decoding","Mixed","ONS 2011 5+1","2018-2019","Academic Year","North Yorkshire","Local authority","E10000023","Girls","5-6","88","%","73","64"
"Percentage of year 1 pupils meeting the expected standard of phonic decoding","Other","ONS 2011 5+1","2018-2019","Academic Year","North Yorkshire","Local authority","E10000023","All","5-6","81","%","21","17"
"Percentage of year 1 pupils meeting the expected standard of phonic decoding","Other","ONS 2011 5+1","2018-2019","Academic Year","North Yorkshire","Local authority","E10000023","Boys","5-6","90","%","10","9"
"Percentage of year 1 pupils meeting the expected standard of phonic decoding","Other","ONS 2011 5+1","2018-2019","Academic Year","North Yorkshire","Local authority","E10000023","Girls","5-6","73","%","11","8"
"Percentage of year 1 pupils meeting the expected standard of phonic decoding","White","ONS 2011 5+1","2018-2019","Academic Year","North Yorkshire","Local authority","E10000023","All","5-6","82","%","5699","4658"
"Percentage of year 1 pupils meeting the expected standard of phonic decoding","White","ONS 2011 5+1","2018-2019","Academic Year","North Yorkshire","Local authority","E10000023","Boys","5-6","78","%","2931","2278"
"Percentage of year 1 pupils meeting the expected standard of phonic decoding","White","ONS 2011 5+1","2018-2019","Academic Year","North Yorkshire","Local authority","E10000023","Girls","5-6","86","%","2768","2380"
"Percentage of year 1 pupils meeting the expected standard of phonic decoding","All","All","2018-2019","Academic Year","Northamptonshire","Local authority","E10000021","All","5-6","82","%","9524","7790"
"Percentage of year 1 pupils meeting the expected standard of phonic decoding","All","All","2018-2019","Academic Year","Northamptonshire","Local authority","E10000021","Boys","5-6","78","%","4775","3718"
"Percentage of year 1 pupils meeting the expected standard of phonic decoding","All","All","2018-2019","Academic Year","Northamptonshire","Local authority","E10000021","Girls","5-6","86","%","4749","4072"
"Percentage of year 1 pupils meeting the expected standard of phonic decoding","Asian","ONS 2011 5+1","2018-2019","Academic Year","Northamptonshire","Local authority","E10000021","All","5-6","84","%","416","348"
"Percentage of year 1 pupils meeting the expected standard of phonic decoding","Asian","ONS 2011 5+1","2018-2019","Academic Year","Northamptonshire","Local authority","E10000021","Boys","5-6","81","%","206","167"
"Percentage of year 1 pupils meeting the expected standard of phonic decoding","Asian","ONS 2011 5+1","2018-2019","Academic Year","Northamptonshire","Local authority","E10000021","Girls","5-6","86","%","210","181"
"Percentage of year 1 pupils meeting the expected standard of phonic decoding","Black","ONS 2011 5+1","2018-2019","Academic Year","Northamptonshire","Local authority","E10000021","All","5-6","84","%","439","368"
"Percentage of year 1 pupils meeting the expected standard of phonic decoding","Black","ONS 2011 5+1","2018-2019","Academic Year","Northamptonshire","Local authority","E10000021","Boys","5-6","81","%","214","173"
"Percentage of year 1 pupils meeting the expected standard of phonic decoding","Black","ONS 2011 5+1","2018-2019","Academic Year","Northamptonshire","Local authority","E10000021","Girls","5-6","87","%","225","195"
"Percentage of year 1 pupils meeting the expected standard of phonic decoding","Chinese","ONS 2011 18+1","2018-2019","Academic Year","Northamptonshire","Local authority","E10000021","All","5-6","93","%","27","25"
"Percentage of year 1 pupils meeting the expected standard of phonic decoding","Chinese","ONS 2011 18+1","2018-2019","Academic Year","Northamptonshire","Local authority","E10000021","Boys","5-6","87","%","15","13"
"Percentage of year 1 pupils meeting the expected standard of phonic decoding","Chinese","ONS 2011 18+1","2018-2019","Academic Year","Northamptonshire","Local authority","E10000021","Girls","5-6","100","%","12","12"
"Percentage of year 1 pupils meeting the expected standard of phonic decoding","Mixed","ONS 2011 5+1","2018-2019","Academic Year","Northamptonshire","Local authority","E10000021","All","5-6","83","%","612","507"
"Percentage of year 1 pupils meeting the expected standard of phonic decoding","Mixed","ONS 2011 5+1","2018-2019","Academic Year","Northamptonshire","Local authority","E10000021","Boys","5-6","78","%","310","243"
"Percentage of year 1 pupils meeting the expected standard of phonic decoding","Mixed","ONS 2011 5+1","2018-2019","Academic Year","Northamptonshire","Local authority","E10000021","Girls","5-6","87","%","302","264"
"Percentage of year 1 pupils meeting the expected standard of phonic decoding","Other","ONS 2011 5+1","2018-2019","Academic Year","Northamptonshire","Local authority","E10000021","All","5-6","91","%","55","50"
"Percentage of year 1 pupils meeting the expected standard of phonic decoding","Other","ONS 2011 5+1","2018-2019","Academic Year","Northamptonshire","Local authority","E10000021","Boys","5-6","91","%","32","29"
"Percentage of year 1 pupils meeting the expected standard of phonic decoding","Other","ONS 2011 5+1","2018-2019","Academic Year","Northamptonshire","Local authority","E10000021","Girls","5-6","91","%","23","21"
"Percentage of year 1 pupils meeting the expected standard of phonic decoding","White","ONS 2011 5+1","2018-2019","Academic Year","Northamptonshire","Local authority","E10000021","All","5-6","82","%","7841","6422"
"Percentage of year 1 pupils meeting the expected standard of phonic decoding","White","ONS 2011 5+1","2018-2019","Academic Year","Northamptonshire","Local authority","E10000021","Boys","5-6","78","%","3934","3068"
"Percentage of year 1 pupils meeting the expected standard of phonic decoding","White","ONS 2011 5+1","2018-2019","Academic Year","Northamptonshire","Local authority","E10000021","Girls","5-6","86","%","3907","3354"
"Percentage of year 1 pupils meeting the expected standard of phonic decoding","All","All","2018-2019","Academic Year","Northumberland","Local authority","E06000057","All","5-6","84","%","3354","2826"
"Percentage of year 1 pupils meeting the expected standard of phonic decoding","All","All","2018-2019","Academic Year","Northumberland","Local authority","E06000057","Boys","5-6","81","%","1724","1400"
"Percentage of year 1 pupils meeting the expected standard of phonic decoding","All","All","2018-2019","Academic Year","Northumberland","Local authority","E06000057","Girls","5-6","87","%","1630","1426"
"Percentage of year 1 pupils meeting the expected standard of phonic decoding","Asian","ONS 2011 5+1","2018-2019","Academic Year","Northumberland","Local authority","E06000057","All","5-6","90","%","40","36"
"Percentage of year 1 pupils meeting the expected standard of phonic decoding","Asian","ONS 2011 5+1","2018-2019","Academic Year","Northumberland","Local authority","E06000057","Boys","5-6","82","%","22","18"
"Percentage of year 1 pupils meeting the expected standard of phonic decoding","Asian","ONS 2011 5+1","2018-2019","Academic Year","Northumberland","Local authority","E06000057","Girls","5-6","100","%","18","18"
"Percentage of year 1 pupils meeting the expected standard of phonic decoding","Black","ONS 2011 5+1","2018-2019","Academic Year","Northumberland","Local authority","E06000057","All","5-6","100","%","5","5"
"Percentage of year 1 pupils meeting the expected standard of phonic decoding","Black","ONS 2011 5+1","2018-2019","Academic Year","Northumberland","Local authority","E06000057","Boys","5-6","100","%","2","2"
"Percentage of year 1 pupils meeting the expected standard of phonic decoding","Black","ONS 2011 5+1","2018-2019","Academic Year","Northumberland","Local authority","E06000057","Girls","5-6","100","%","3","3"
"Percentage of year 1 pupils meeting the expected standard of phonic decoding","Chinese","ONS 2011 18+1","2018-2019","Academic Year","Northumberland","Local authority","E06000057","All","5-6","92","%","12","11"
"Percentage of year 1 pupils meeting the expected standard of phonic decoding","Chinese","ONS 2011 18+1","2018-2019","Academic Year","Northumberland","Local authority","E06000057","Boys","5-6","83","%","6","5"
"Percentage of year 1 pupils meeting the expected standard of phonic decoding","Chinese","ONS 2011 18+1","2018-2019","Academic Year","Northumberland","Local authority","E06000057","Girls","5-6","100","%","6","6"
"Percentage of year 1 pupils meeting the expected standard of phonic decoding","Mixed","ONS 2011 5+1","2018-2019","Academic Year","Northumberland","Local authority","E06000057","All","5-6","85","%","54","46"
"Percentage of year 1 pupils meeting the expected standard of phonic decoding","Mixed","ONS 2011 5+1","2018-2019","Academic Year","Northumberland","Local authority","E06000057","Boys","5-6","88","%","25","22"
"Percentage of year 1 pupils meeting the expected standard of phonic decoding","Mixed","ONS 2011 5+1","2018-2019","Academic Year","Northumberland","Local authority","E06000057","Girls","5-6","83","%","29","24"
"Percentage of year 1 pupils meeting the expected standard of phonic decoding","Other","ONS 2011 5+1","2018-2019","Academic Year","Northumberland","Local authority","E06000057","All","5-6","86","%","14","12"
"Percentage of year 1 pupils meeting the expected standard of phonic decoding","Other","ONS 2011 5+1","2018-2019","Academic Year","Northumberland","Local authority","E06000057","Boys","5-6","100","%","8","8"
"Percentage of year 1 pupils meeting the expected standard of phonic decoding","Other","ONS 2011 5+1","2018-2019","Academic Year","Northumberland","Local authority","E06000057","Girls","5-6","67","%","6","4"
"Percentage of year 1 pupils meeting the expected standard of phonic decoding","White","ONS 2011 5+1","2018-2019","Academic Year","Northumberland","Local authority","E06000057","All","5-6","84","%","3212","2705"
"Percentage of year 1 pupils meeting the expected standard of phonic decoding","White","ONS 2011 5+1","2018-2019","Academic Year","Northumberland","Local authority","E06000057","Boys","5-6","81","%","1654","1341"
"Percentage of year 1 pupils meeting the expected standard of phonic decoding","White","ONS 2011 5+1","2018-2019","Academic Year","Northumberland","Local authority","E06000057","Girls","5-6","88","%","1558","1364"
"Percentage of year 1 pupils meeting the expected standard of phonic decoding","All","All","2018-2019","Academic Year","Nottingham","Local authority","E06000018","All","5-6","79","%","3903","3094"
"Percentage of year 1 pupils meeting the expected standard of phonic decoding","All","All","2018-2019","Academic Year","Nottingham","Local authority","E06000018","Boys","5-6","76","%","1979","1508"
"Percentage of year 1 pupils meeting the expected standard of phonic decoding","All","All","2018-2019","Academic Year","Nottingham","Local authority","E06000018","Girls","5-6","82","%","1924","1586"
"Percentage of year 1 pupils meeting the expected standard of phonic decoding","Asian","ONS 2011 5+1","2018-2019","Academic Year","Nottingham","Local authority","E06000018","All","5-6","82","%","657","541"
"Percentage of year 1 pupils meeting the expected standard of phonic decoding","Asian","ONS 2011 5+1","2018-2019","Academic Year","Nottingham","Local authority","E06000018","Boys","5-6","79","%","332","263"
"Percentage of year 1 pupils meeting the expected standard of phonic decoding","Asian","ONS 2011 5+1","2018-2019","Academic Year","Nottingham","Local authority","E06000018","Girls","5-6","86","%","325","278"
"Percentage of year 1 pupils meeting the expected standard of phonic decoding","Black","ONS 2011 5+1","2018-2019","Academic Year","Nottingham","Local authority","E06000018","All","5-6","86","%","429","370"
"Percentage of year 1 pupils meeting the expected standard of phonic decoding","Black","ONS 2011 5+1","2018-2019","Academic Year","Nottingham","Local authority","E06000018","Boys","5-6","82","%","209","172"
"Percentage of year 1 pupils meeting the expected standard of phonic decoding","Black","ONS 2011 5+1","2018-2019","Academic Year","Nottingham","Local authority","E06000018","Girls","5-6","90","%","220","198"
"Percentage of year 1 pupils meeting the expected standard of phonic decoding","Chinese","ONS 2011 18+1","2018-2019","Academic Year","Nottingham","Local authority","E06000018","All","5-6","92","%","25","23"
"Percentage of year 1 pupils meeting the expected standard of phonic decoding","Chinese","ONS 2011 18+1","2018-2019","Academic Year","Nottingham","Local authority","E06000018","Boys","5-6","92","%","12","11"
"Percentage of year 1 pupils meeting the expected standard of phonic decoding","Chinese","ONS 2011 18+1","2018-2019","Academic Year","Nottingham","Local authority","E06000018","Girls","5-6","92","%","13","12"
"Percentage of year 1 pupils meeting the expected standard of phonic decoding","Mixed","ONS 2011 5+1","2018-2019","Academic Year","Nottingham","Local authority","E06000018","All","5-6","77","%","532","410"
"Percentage of year 1 pupils meeting the expected standard of phonic decoding","Mixed","ONS 2011 5+1","2018-2019","Academic Year","Nottingham","Local authority","E06000018","Boys","5-6","73","%","278","202"
"Percentage of year 1 pupils meeting the expected standard of phonic decoding","Mixed","ONS 2011 5+1","2018-2019","Academic Year","Nottingham","Local authority","E06000018","Girls","5-6","82","%","254","208"
"Percentage of year 1 pupils meeting the expected standard of phonic decoding","Other","ONS 2011 5+1","2018-2019","Academic Year","Nottingham","Local authority","E06000018","All","5-6","76","%","135","102"
"Percentage of year 1 pupils meeting the expected standard of phonic decoding","Other","ONS 2011 5+1","2018-2019","Academic Year","Nottingham","Local authority","E06000018","Boys","5-6","69","%","65","45"
"Percentage of year 1 pupils meeting the expected standard of phonic decoding","Other","ONS 2011 5+1","2018-2019","Academic Year","Nottingham","Local authority","E06000018","Girls","5-6","81","%","70","57"
"Percentage of year 1 pupils meeting the expected standard of phonic decoding","White","ONS 2011 5+1","2018-2019","Academic Year","Nottingham","Local authority","E06000018","All","5-6","79","%","2053","1616"
"Percentage of year 1 pupils meeting the expected standard of phonic decoding","White","ONS 2011 5+1","2018-2019","Academic Year","Nottingham","Local authority","E06000018","Boys","5-6","76","%","1048","796"
"Percentage of year 1 pupils meeting the expected standard of phonic decoding","White","ONS 2011 5+1","2018-2019","Academic Year","Nottingham","Local authority","E06000018","Girls","5-6","82","%","1005","820"
"Percentage of year 1 pupils meeting the expected standard of phonic decoding","All","All","2018-2019","Academic Year","Nottinghamshire","Local authority","E10000024","All","5-6","80","%","9515","7622"
"Percentage of year 1 pupils meeting the expected standard of phonic decoding","All","All","2018-2019","Academic Year","Nottinghamshire","Local authority","E10000024","Boys","5-6","77","%","4857","3723"
"Percentage of year 1 pupils meeting the expected standard of phonic decoding","All","All","2018-2019","Academic Year","Nottinghamshire","Local authority","E10000024","Girls","5-6","84","%","4658","3899"
"Percentage of year 1 pupils meeting the expected standard of phonic decoding","Asian","ONS 2011 5+1","2018-2019","Academic Year","Nottinghamshire","Local authority","E10000024","All","5-6","85","%","282","239"
"Percentage of year 1 pupils meeting the expected standard of phonic decoding","Asian","ONS 2011 5+1","2018-2019","Academic Year","Nottinghamshire","Local authority","E10000024","Boys","5-6","82","%","146","120"
"Percentage of year 1 pupils meeting the expected standard of phonic decoding","Asian","ONS 2011 5+1","2018-2019","Academic Year","Nottinghamshire","Local authority","E10000024","Girls","5-6","88","%","136","119"
"Percentage of year 1 pupils meeting the expected standard of phonic decoding","Black","ONS 2011 5+1","2018-2019","Academic Year","Nottinghamshire","Local authority","E10000024","All","5-6","87","%","100","87"
"Percentage of year 1 pupils meeting the expected standard of phonic decoding","Black","ONS 2011 5+1","2018-2019","Academic Year","Nottinghamshire","Local authority","E10000024","Boys","5-6","89","%","44","39"
"Percentage of year 1 pupils meeting the expected standard of phonic decoding","Black","ONS 2011 5+1","2018-2019","Academic Year","Nottinghamshire","Local authority","E10000024","Girls","5-6","86","%","56","48"
"Percentage of year 1 pupils meeting the expected standard of phonic decoding","Chinese","ONS 2011 18+1","2018-2019","Academic Year","Nottinghamshire","Local authority","E10000024","All","5-6","93","%","45","42"
"Percentage of year 1 pupils meeting the expected standard of phonic decoding","Chinese","ONS 2011 18+1","2018-2019","Academic Year","Nottinghamshire","Local authority","E10000024","Boys","5-6","86","%","21","18"
"Percentage of year 1 pupils meeting the expected standard of phonic decoding","Chinese","ONS 2011 18+1","2018-2019","Academic Year","Nottinghamshire","Local authority","E10000024","Girls","5-6","100","%","24","24"
"Percentage of year 1 pupils meeting the expected standard of phonic decoding","Mixed","ONS 2011 5+1","2018-2019","Academic Year","Nottinghamshire","Local authority","E10000024","All","5-6","78","%","495","388"
"Percentage of year 1 pupils meeting the expected standard of phonic decoding","Mixed","ONS 2011 5+1","2018-2019","Academic Year","Nottinghamshire","Local authority","E10000024","Boys","5-6","73","%","236","173"
"Percentage of year 1 pupils meeting the expected standard of phonic decoding","Mixed","ONS 2011 5+1","2018-2019","Academic Year","Nottinghamshire","Local authority","E10000024","Girls","5-6","83","%","259","215"
"Percentage of year 1 pupils meeting the expected standard of phonic decoding","Other","ONS 2011 5+1","2018-2019","Academic Year","Nottinghamshire","Local authority","E10000024","All","5-6","81","%","67","54"
"Percentage of year 1 pupils meeting the expected standard of phonic decoding","Other","ONS 2011 5+1","2018-2019","Academic Year","Nottinghamshire","Local authority","E10000024","Boys","5-6","86","%","36","31"
"Percentage of year 1 pupils meeting the expected standard of phonic decoding","Other","ONS 2011 5+1","2018-2019","Academic Year","Nottinghamshire","Local authority","E10000024","Girls","5-6","74","%","31","23"
"Percentage of year 1 pupils meeting the expected standard of phonic decoding","White","ONS 2011 5+1","2018-2019","Academic Year","Nottinghamshire","Local authority","E10000024","All","5-6","80","%","8402","6736"
"Percentage of year 1 pupils meeting the expected standard of phonic decoding","White","ONS 2011 5+1","2018-2019","Academic Year","Nottinghamshire","Local authority","E10000024","Boys","5-6","77","%","4314","3303"
"Percentage of year 1 pupils meeting the expected standard of phonic decoding","White","ONS 2011 5+1","2018-2019","Academic Year","Nottinghamshire","Local authority","E10000024","Girls","5-6","84","%","4088","3433"
"Percentage of year 1 pupils meeting the expected standard of phonic decoding","All","All","2018-2019","Academic Year","Oldham","Local authority","E08000004","All","5-6","79","%","3532","2793"
"Percentage of year 1 pupils meeting the expected standard of phonic decoding","All","All","2018-2019","Academic Year","Oldham","Local authority","E08000004","Boys","5-6","75","%","1815","1362"
"Percentage of year 1 pupils meeting the expected standard of phonic decoding","All","All","2018-2019","Academic Year","Oldham","Local authority","E08000004","Girls","5-6","83","%","1717","1431"
"Percentage of year 1 pupils meeting the expected standard of phonic decoding","Asian","ONS 2011 5+1","2018-2019","Academic Year","Oldham","Local authority","E08000004","All","5-6","76","%","1154","882"
"Percentage of year 1 pupils meeting the expected standard of phonic decoding","Asian","ONS 2011 5+1","2018-2019","Academic Year","Oldham","Local authority","E08000004","Boys","5-6","71","%","586","416"
"Percentage of year 1 pupils meeting the expected standard of phonic decoding","Asian","ONS 2011 5+1","2018-2019","Academic Year","Oldham","Local authority","E08000004","Girls","5-6","82","%","568","466"
"Percentage of year 1 pupils meeting the expected standard of phonic decoding","Black","ONS 2011 5+1","2018-2019","Academic Year","Oldham","Local authority","E08000004","All","5-6","82","%","151","124"
"Percentage of year 1 pupils meeting the expected standard of phonic decoding","Black","ONS 2011 5+1","2018-2019","Academic Year","Oldham","Local authority","E08000004","Boys","5-6","80","%","64","51"
"Percentage of year 1 pupils meeting the expected standard of phonic decoding","Black","ONS 2011 5+1","2018-2019","Academic Year","Oldham","Local authority","E08000004","Girls","5-6","84","%","87","73"
"Percentage of year 1 pupils meeting the expected standard of phonic decoding","Chinese","ONS 2011 18+1","2018-2019","Academic Year","Oldham","Local authority","E08000004","All","5-6","88","%","24","21"
"Percentage of year 1 pupils meeting the expected standard of phonic decoding","Chinese","ONS 2011 18+1","2018-2019","Academic Year","Oldham","Local authority","E08000004","Boys","5-6","73","%","11","8"
"Percentage of year 1 pupils meeting the expected standard of phonic decoding","Chinese","ONS 2011 18+1","2018-2019","Academic Year","Oldham","Local authority","E08000004","Girls","5-6","100","%","13","13"
"Percentage of year 1 pupils meeting the expected standard of phonic decoding","Mixed","ONS 2011 5+1","2018-2019","Academic Year","Oldham","Local authority","E08000004","All","5-6","79","%","196","155"
"Percentage of year 1 pupils meeting the expected standard of phonic decoding","Mixed","ONS 2011 5+1","2018-2019","Academic Year","Oldham","Local authority","E08000004","Boys","5-6","71","%","98","70"
"Percentage of year 1 pupils meeting the expected standard of phonic decoding","Mixed","ONS 2011 5+1","2018-2019","Academic Year","Oldham","Local authority","E08000004","Girls","5-6","87","%","98","85"
"Percentage of year 1 pupils meeting the expected standard of phonic decoding","Other","ONS 2011 5+1","2018-2019","Academic Year","Oldham","Local authority","E08000004","All","5-6","64","%","45","29"
"Percentage of year 1 pupils meeting the expected standard of phonic decoding","Other","ONS 2011 5+1","2018-2019","Academic Year","Oldham","Local authority","E08000004","Boys","5-6","55","%","20","11"
"Percentage of year 1 pupils meeting the expected standard of phonic decoding","Other","ONS 2011 5+1","2018-2019","Academic Year","Oldham","Local authority","E08000004","Girls","5-6","72","%","25","18"
"Percentage of year 1 pupils meeting the expected standard of phonic decoding","White","ONS 2011 5+1","2018-2019","Academic Year","Oldham","Local authority","E08000004","All","5-6","82","%","1903","1560"
"Percentage of year 1 pupils meeting the expected standard of phonic decoding","White","ONS 2011 5+1","2018-2019","Academic Year","Oldham","Local authority","E08000004","Boys","5-6","79","%","1006","795"
"Percentage of year 1 pupils meeting the expected standard of phonic decoding","White","ONS 2011 5+1","2018-2019","Academic Year","Oldham","Local authority","E08000004","Girls","5-6","85","%","897","765"
"Percentage of year 1 pupils meeting the expected standard of phonic decoding","All","All","2018-2019","Academic Year","Oxfordshire","Local authority","E10000025","All","5-6","82","%","7570","6190"
"Percentage of year 1 pupils meeting the expected standard of phonic decoding","All","All","2018-2019","Academic Year","Oxfordshire","Local authority","E10000025","Boys","5-6","79","%","3912","3087"
"Percentage of year 1 pupils meeting the expected standard of phonic decoding","All","All","2018-2019","Academic Year","Oxfordshire","Local authority","E10000025","Girls","5-6","85","%","3658","3103"
"Percentage of year 1 pupils meeting the expected standard of phonic decoding","Asian","ONS 2011 5+1","2018-2019","Academic Year","Oxfordshire","Local authority","E10000025","All","5-6","79","%","473","374"
"Percentage of year 1 pupils meeting the expected standard of phonic decoding","Asian","ONS 2011 5+1","2018-2019","Academic Year","Oxfordshire","Local authority","E10000025","Boys","5-6","73","%","251","184"
"Percentage of year 1 pupils meeting the expected standard of phonic decoding","Asian","ONS 2011 5+1","2018-2019","Academic Year","Oxfordshire","Local authority","E10000025","Girls","5-6","86","%","222","190"
"Percentage of year 1 pupils meeting the expected standard of phonic decoding","Black","ONS 2011 5+1","2018-2019","Academic Year","Oxfordshire","Local authority","E10000025","All","5-6","80","%","181","144"
"Percentage of year 1 pupils meeting the expected standard of phonic decoding","Black","ONS 2011 5+1","2018-2019","Academic Year","Oxfordshire","Local authority","E10000025","Boys","5-6","74","%","88","65"
"Percentage of year 1 pupils meeting the expected standard of phonic decoding","Black","ONS 2011 5+1","2018-2019","Academic Year","Oxfordshire","Local authority","E10000025","Girls","5-6","85","%","93","79"
"Percentage of year 1 pupils meeting the expected standard of phonic decoding","Chinese","ONS 2011 18+1","2018-2019","Academic Year","Oxfordshire","Local authority","E10000025","All","5-6","83","%","48","40"
"Percentage of year 1 pupils meeting the expected standard of phonic decoding","Chinese","ONS 2011 18+1","2018-2019","Academic Year","Oxfordshire","Local authority","E10000025","Boys","5-6","84","%","25","21"
"Percentage of year 1 pupils meeting the expected standard of phonic decoding","Chinese","ONS 2011 18+1","2018-2019","Academic Year","Oxfordshire","Local authority","E10000025","Girls","5-6","83","%","23","19"
"Percentage of year 1 pupils meeting the expected standard of phonic decoding","Mixed","ONS 2011 5+1","2018-2019","Academic Year","Oxfordshire","Local authority","E10000025","All","5-6","83","%","533","442"
"Percentage of year 1 pupils meeting the expected standard of phonic decoding","Mixed","ONS 2011 5+1","2018-2019","Academic Year","Oxfordshire","Local authority","E10000025","Boys","5-6","80","%","273","218"
"Percentage of year 1 pupils meeting the expected standard of phonic decoding","Mixed","ONS 2011 5+1","2018-2019","Academic Year","Oxfordshire","Local authority","E10000025","Girls","5-6","86","%","260","224"
"Percentage of year 1 pupils meeting the expected standard of phonic decoding","Other","ONS 2011 5+1","2018-2019","Academic Year","Oxfordshire","Local authority","E10000025","All","5-6","78","%","110","86"
"Percentage of year 1 pupils meeting the expected standard of phonic decoding","Other","ONS 2011 5+1","2018-2019","Academic Year","Oxfordshire","Local authority","E10000025","Boys","5-6","82","%","49","40"
"Percentage of year 1 pupils meeting the expected standard of phonic decoding","Other","ONS 2011 5+1","2018-2019","Academic Year","Oxfordshire","Local authority","E10000025","Girls","5-6","75","%","61","46"
"Percentage of year 1 pupils meeting the expected standard of phonic decoding","White","ONS 2011 5+1","2018-2019","Academic Year","Oxfordshire","Local authority","E10000025","All","5-6","82","%","6022","4962"
"Percentage of year 1 pupils meeting the expected standard of phonic decoding","White","ONS 2011 5+1","2018-2019","Academic Year","Oxfordshire","Local authority","E10000025","Boys","5-6","80","%","3122","2486"
"Percentage of year 1 pupils meeting the expected standard of phonic decoding","White","ONS 2011 5+1","2018-2019","Academic Year","Oxfordshire","Local authority","E10000025","Girls","5-6","85","%","2900","2476"
"Percentage of year 1 pupils meeting the expected standard of phonic decoding","All","All","2018-2019","Academic Year","Peterborough","Local authority","E06000031","All","5-6","77","%","3176","2448"
"Percentage of year 1 pupils meeting the expected standard of phonic decoding","All","All","2018-2019","Academic Year","Peterborough","Local authority","E06000031","Boys","5-6","73","%","1634","1199"
"Percentage of year 1 pupils meeting the expected standard of phonic decoding","All","All","2018-2019","Academic Year","Peterborough","Local authority","E06000031","Girls","5-6","81","%","1542","1249"
"Percentage of year 1 pupils meeting the expected standard of phonic decoding","Asian","ONS 2011 5+1","2018-2019","Academic Year","Peterborough","Local authority","E06000031","All","5-6","84","%","506","425"
"Percentage of year 1 pupils meeting the expected standard of phonic decoding","Asian","ONS 2011 5+1","2018-2019","Academic Year","Peterborough","Local authority","E06000031","Boys","5-6","80","%","274","219"
"Percentage of year 1 pupils meeting the expected standard of phonic decoding","Asian","ONS 2011 5+1","2018-2019","Academic Year","Peterborough","Local authority","E06000031","Girls","5-6","89","%","232","206"
"Percentage of year 1 pupils meeting the expected standard of phonic decoding","Black","ONS 2011 5+1","2018-2019","Academic Year","Peterborough","Local authority","E06000031","All","5-6","86","%","115","99"
"Percentage of year 1 pupils meeting the expected standard of phonic decoding","Black","ONS 2011 5+1","2018-2019","Academic Year","Peterborough","Local authority","E06000031","Boys","5-6","77","%","56","43"
"Percentage of year 1 pupils meeting the expected standard of phonic decoding","Black","ONS 2011 5+1","2018-2019","Academic Year","Peterborough","Local authority","E06000031","Girls","5-6","95","%","59","56"
"Percentage of year 1 pupils meeting the expected standard of phonic decoding","Chinese","ONS 2011 18+1","2018-2019","Academic Year","Peterborough","Local authority","E06000031","All","5-6","100","%","9","9"
"Percentage of year 1 pupils meeting the expected standard of phonic decoding","Chinese","ONS 2011 18+1","2018-2019","Academic Year","Peterborough","Local authority","E06000031","Boys","5-6","100","%","7","7"
"Percentage of year 1 pupils meeting the expected standard of phonic decoding","Chinese","ONS 2011 18+1","2018-2019","Academic Year","Peterborough","Local authority","E06000031","Girls","5-6","100","%","2","2"
"Percentage of year 1 pupils meeting the expected standard of phonic decoding","Mixed","ONS 2011 5+1","2018-2019","Academic Year","Peterborough","Local authority","E06000031","All","5-6","80","%","268","214"
"Percentage of year 1 pupils meeting the expected standard of phonic decoding","Mixed","ONS 2011 5+1","2018-2019","Academic Year","Peterborough","Local authority","E06000031","Boys","5-6","76","%","130","99"
"Percentage of year 1 pupils meeting the expected standard of phonic decoding","Mixed","ONS 2011 5+1","2018-2019","Academic Year","Peterborough","Local authority","E06000031","Girls","5-6","83","%","138","115"
"Percentage of year 1 pupils meeting the expected standard of phonic decoding","Other","ONS 2011 5+1","2018-2019","Academic Year","Peterborough","Local authority","E06000031","All","5-6","75","%","57","43"
"Percentage of year 1 pupils meeting the expected standard of phonic decoding","Other","ONS 2011 5+1","2018-2019","Academic Year","Peterborough","Local authority","E06000031","Boys","5-6","67","%","30","20"
"Percentage of year 1 pupils meeting the expected standard of phonic decoding","Other","ONS 2011 5+1","2018-2019","Academic Year","Peterborough","Local authority","E06000031","Girls","5-6","85","%","27","23"
"Percentage of year 1 pupils meeting the expected standard of phonic decoding","White","ONS 2011 5+1","2018-2019","Academic Year","Peterborough","Local authority","E06000031","All","5-6","76","%","2110","1602"
"Percentage of year 1 pupils meeting the expected standard of phonic decoding","White","ONS 2011 5+1","2018-2019","Academic Year","Peterborough","Local authority","E06000031","Boys","5-6","73","%","1074","779"
"Percentage of year 1 pupils meeting the expected standard of phonic decoding","White","ONS 2011 5+1","2018-2019","Academic Year","Peterborough","Local authority","E06000031","Girls","5-6","79","%","1036","823"
"Percentage of year 1 pupils meeting the expected standard of phonic decoding","All","All","2018-2019","Academic Year","Plymouth","Local authority","E06000026","All","5-6","83","%","3017","2504"
"Percentage of year 1 pupils meeting the expected standard of phonic decoding","All","All","2018-2019","Academic Year","Plymouth","Local authority","E06000026","Boys","5-6","81","%","1540","1242"
"Percentage of year 1 pupils meeting the expected standard of phonic decoding","All","All","2018-2019","Academic Year","Plymouth","Local authority","E06000026","Girls","5-6","85","%","1477","1262"
"Percentage of year 1 pupils meeting the expected standard of phonic decoding","Asian","ONS 2011 5+1","2018-2019","Academic Year","Plymouth","Local authority","E06000026","All","5-6","93","%","30","28"
"Percentage of year 1 pupils meeting the expected standard of phonic decoding","Asian","ONS 2011 5+1","2018-2019","Academic Year","Plymouth","Local authority","E06000026","Boys","5-6","89","%","18","16"
"Percentage of year 1 pupils meeting the expected standard of phonic decoding","Asian","ONS 2011 5+1","2018-2019","Academic Year","Plymouth","Local authority","E06000026","Girls","5-6","100","%","12","12"
"Percentage of year 1 pupils meeting the expected standard of phonic decoding","Black","ONS 2011 5+1","2018-2019","Academic Year","Plymouth","Local authority","E06000026","All","5-6","79","%","33","26"
"Percentage of year 1 pupils meeting the expected standard of phonic decoding","Black","ONS 2011 5+1","2018-2019","Academic Year","Plymouth","Local authority","E06000026","Boys","5-6","58","%","12","7"
"Percentage of year 1 pupils meeting the expected standard of phonic decoding","Black","ONS 2011 5+1","2018-2019","Academic Year","Plymouth","Local authority","E06000026","Girls","5-6","90","%","21","19"
"Percentage of year 1 pupils meeting the expected standard of phonic decoding","Chinese","ONS 2011 18+1","2018-2019","Academic Year","Plymouth","Local authority","E06000026","All","5-6","100","%","14","14"
"Percentage of year 1 pupils meeting the expected standard of phonic decoding","Chinese","ONS 2011 18+1","2018-2019","Academic Year","Plymouth","Local authority","E06000026","Boys","5-6","100","%","8","8"
"Percentage of year 1 pupils meeting the expected standard of phonic decoding","Chinese","ONS 2011 18+1","2018-2019","Academic Year","Plymouth","Local authority","E06000026","Girls","5-6","100","%","6","6"
"Percentage of year 1 pupils meeting the expected standard of phonic decoding","Mixed","ONS 2011 5+1","2018-2019","Academic Year","Plymouth","Local authority","E06000026","All","5-6","86","%","108","93"
"Percentage of year 1 pupils meeting the expected standard of phonic decoding","Mixed","ONS 2011 5+1","2018-2019","Academic Year","Plymouth","Local authority","E06000026","Boys","5-6","83","%","58","48"
"Percentage of year 1 pupils meeting the expected standard of phonic decoding","Mixed","ONS 2011 5+1","2018-2019","Academic Year","Plymouth","Local authority","E06000026","Girls","5-6","90","%","50","45"
"Percentage of year 1 pupils meeting the expected standard of phonic decoding","Other","ONS 2011 5+1","2018-2019","Academic Year","Plymouth","Local authority","E06000026","All","5-6","77","%","64","49"
"Percentage of year 1 pupils meeting the expected standard of phonic decoding","Other","ONS 2011 5+1","2018-2019","Academic Year","Plymouth","Local authority","E06000026","Boys","5-6","79","%","28","22"
"Percentage of year 1 pupils meeting the expected standard of phonic decoding","Other","ONS 2011 5+1","2018-2019","Academic Year","Plymouth","Local authority","E06000026","Girls","5-6","75","%","36","27"
"Percentage of year 1 pupils meeting the expected standard of phonic decoding","White","ONS 2011 5+1","2018-2019","Academic Year","Plymouth","Local authority","E06000026","All","5-6","83","%","2737","2274"
"Percentage of year 1 pupils meeting the expected standard of phonic decoding","White","ONS 2011 5+1","2018-2019","Academic Year","Plymouth","Local authority","E06000026","Boys","5-6","81","%","1404","1132"
"Percentage of year 1 pupils meeting the expected standard of phonic decoding","White","ONS 2011 5+1","2018-2019","Academic Year","Plymouth","Local authority","E06000026","Girls","5-6","86","%","1333","1142"
"Percentage of year 1 pupils meeting the expected standard of phonic decoding","All","All","2018-2019","Academic Year","Portsmouth","Local authority","E06000044","All","5-6","78","%","2448","1921"
"Percentage of year 1 pupils meeting the expected standard of phonic decoding","All","All","2018-2019","Academic Year","Portsmouth","Local authority","E06000044","Boys","5-6","75","%","1260","943"
"Percentage of year 1 pupils meeting the expected standard of phonic decoding","All","All","2018-2019","Academic Year","Portsmouth","Local authority","E06000044","Girls","5-6","82","%","1188","978"
"Percentage of year 1 pupils meeting the expected standard of phonic decoding","Asian","ONS 2011 5+1","2018-2019","Academic Year","Portsmouth","Local authority","E06000044","All","5-6","81","%","129","105"
"Percentage of year 1 pupils meeting the expected standard of phonic decoding","Asian","ONS 2011 5+1","2018-2019","Academic Year","Portsmouth","Local authority","E06000044","Boys","5-6","78","%","60","47"
"Percentage of year 1 pupils meeting the expected standard of phonic decoding","Asian","ONS 2011 5+1","2018-2019","Academic Year","Portsmouth","Local authority","E06000044","Girls","5-6","84","%","69","58"
"Percentage of year 1 pupils meeting the expected standard of phonic decoding","Black","ONS 2011 5+1","2018-2019","Academic Year","Portsmouth","Local authority","E06000044","All","5-6","75","%","87","65"
"Percentage of year 1 pupils meeting the expected standard of phonic decoding","Black","ONS 2011 5+1","2018-2019","Academic Year","Portsmouth","Local authority","E06000044","Boys","5-6","66","%","35","23"
"Percentage of year 1 pupils meeting the expected standard of phonic decoding","Black","ONS 2011 5+1","2018-2019","Academic Year","Portsmouth","Local authority","E06000044","Girls","5-6","81","%","52","42"
"Percentage of year 1 pupils meeting the expected standard of phonic decoding","Chinese","ONS 2011 18+1","2018-2019","Academic Year","Portsmouth","Local authority","E06000044","All","5-6","86","%","14","12"
"Percentage of year 1 pupils meeting the expected standard of phonic decoding","Chinese","ONS 2011 18+1","2018-2019","Academic Year","Portsmouth","Local authority","E06000044","Boys","5-6","80","%","5","4"
"Percentage of year 1 pupils meeting the expected standard of phonic decoding","Chinese","ONS 2011 18+1","2018-2019","Academic Year","Portsmouth","Local authority","E06000044","Girls","5-6","89","%","9","8"
"Percentage of year 1 pupils meeting the expected standard of phonic decoding","Mixed","ONS 2011 5+1","2018-2019","Academic Year","Portsmouth","Local authority","E06000044","All","5-6","85","%","151","128"
"Percentage of year 1 pupils meeting the expected standard of phonic decoding","Mixed","ONS 2011 5+1","2018-2019","Academic Year","Portsmouth","Local authority","E06000044","Boys","5-6","80","%","90","72"
"Percentage of year 1 pupils meeting the expected standard of phonic decoding","Mixed","ONS 2011 5+1","2018-2019","Academic Year","Portsmouth","Local authority","E06000044","Girls","5-6","92","%","61","56"
"Percentage of year 1 pupils meeting the expected standard of phonic decoding","Other","ONS 2011 5+1","2018-2019","Academic Year","Portsmouth","Local authority","E06000044","All","5-6","82","%","39","32"
"Percentage of year 1 pupils meeting the expected standard of phonic decoding","Other","ONS 2011 5+1","2018-2019","Academic Year","Portsmouth","Local authority","E06000044","Boys","5-6","73","%","22","16"
"Percentage of year 1 pupils meeting the expected standard of phonic decoding","Other","ONS 2011 5+1","2018-2019","Academic Year","Portsmouth","Local authority","E06000044","Girls","5-6","94","%","17","16"
"Percentage of year 1 pupils meeting the expected standard of phonic decoding","White","ONS 2011 5+1","2018-2019","Academic Year","Portsmouth","Local authority","E06000044","All","5-6","78","%","1987","1554"
"Percentage of year 1 pupils meeting the expected standard of phonic decoding","White","ONS 2011 5+1","2018-2019","Academic Year","Portsmouth","Local authority","E06000044","Boys","5-6","75","%","1028","769"
"Percentage of year 1 pupils meeting the expected standard of phonic decoding","White","ONS 2011 5+1","2018-2019","Academic Year","Portsmouth","Local authority","E06000044","Girls","5-6","82","%","959","785"
"Percentage of year 1 pupils meeting the expected standard of phonic decoding","All","All","2018-2019","Academic Year","Reading","Local authority","E06000038","All","5-6","83","%","2012","1671"
"Percentage of year 1 pupils meeting the expected standard of phonic decoding","All","All","2018-2019","Academic Year","Reading","Local authority","E06000038","Boys","5-6","79","%","1003","792"
"Percentage of year 1 pupils meeting the expected standard of phonic decoding","All","All","2018-2019","Academic Year","Reading","Local authority","E06000038","Girls","5-6","87","%","1009","879"
"Percentage of year 1 pupils meeting the expected standard of phonic decoding","Asian","ONS 2011 5+1","2018-2019","Academic Year","Reading","Local authority","E06000038","All","5-6","89","%","444","394"
"Percentage of year 1 pupils meeting the expected standard of phonic decoding","Asian","ONS 2011 5+1","2018-2019","Academic Year","Reading","Local authority","E06000038","Boys","5-6","84","%","217","182"
"Percentage of year 1 pupils meeting the expected standard of phonic decoding","Asian","ONS 2011 5+1","2018-2019","Academic Year","Reading","Local authority","E06000038","Girls","5-6","93","%","227","212"
"Percentage of year 1 pupils meeting the expected standard of phonic decoding","Black","ONS 2011 5+1","2018-2019","Academic Year","Reading","Local authority","E06000038","All","5-6","84","%","160","135"
"Percentage of year 1 pupils meeting the expected standard of phonic decoding","Black","ONS 2011 5+1","2018-2019","Academic Year","Reading","Local authority","E06000038","Boys","5-6","79","%","86","68"
"Percentage of year 1 pupils meeting the expected standard of phonic decoding","Black","ONS 2011 5+1","2018-2019","Academic Year","Reading","Local authority","E06000038","Girls","5-6","91","%","74","67"
"Percentage of year 1 pupils meeting the expected standard of phonic decoding","Chinese","ONS 2011 18+1","2018-2019","Academic Year","Reading","Local authority","E06000038","All","5-6","92","%","12","11"
"Percentage of year 1 pupils meeting the expected standard of phonic decoding","Chinese","ONS 2011 18+1","2018-2019","Academic Year","Reading","Local authority","E06000038","Boys","5-6","100","%","4","4"
"Percentage of year 1 pupils meeting the expected standard of phonic decoding","Chinese","ONS 2011 18+1","2018-2019","Academic Year","Reading","Local authority","E06000038","Girls","5-6","88","%","8","7"
"Percentage of year 1 pupils meeting the expected standard of phonic decoding","Mixed","ONS 2011 5+1","2018-2019","Academic Year","Reading","Local authority","E06000038","All","5-6","80","%","250","200"
"Percentage of year 1 pupils meeting the expected standard of phonic decoding","Mixed","ONS 2011 5+1","2018-2019","Academic Year","Reading","Local authority","E06000038","Boys","5-6","77","%","131","101"
"Percentage of year 1 pupils meeting the expected standard of phonic decoding","Mixed","ONS 2011 5+1","2018-2019","Academic Year","Reading","Local authority","E06000038","Girls","5-6","83","%","119","99"
"Percentage of year 1 pupils meeting the expected standard of phonic decoding","Other","ONS 2011 5+1","2018-2019","Academic Year","Reading","Local authority","E06000038","All","5-6","76","%","45","34"
"Percentage of year 1 pupils meeting the expected standard of phonic decoding","Other","ONS 2011 5+1","2018-2019","Academic Year","Reading","Local authority","E06000038","Boys","5-6","65","%","23","15"
"Percentage of year 1 pupils meeting the expected standard of phonic decoding","Other","ONS 2011 5+1","2018-2019","Academic Year","Reading","Local authority","E06000038","Girls","5-6","86","%","22","19"
"Percentage of year 1 pupils meeting the expected standard of phonic decoding","White","ONS 2011 5+1","2018-2019","Academic Year","Reading","Local authority","E06000038","All","5-6","82","%","1019","835"
"Percentage of year 1 pupils meeting the expected standard of phonic decoding","White","ONS 2011 5+1","2018-2019","Academic Year","Reading","Local authority","E06000038","Boys","5-6","79","%","503","395"
"Percentage of year 1 pupils meeting the expected standard of phonic decoding","White","ONS 2011 5+1","2018-2019","Academic Year","Reading","Local authority","E06000038","Girls","5-6","85","%","516","440"
"Percentage of year 1 pupils meeting the expected standard of phonic decoding","All","All","2018-2019","Academic Year","Redbridge","Local authority","E09000026","All","5-6","84","%","4394","3708"
"Percentage of year 1 pupils meeting the expected standard of phonic decoding","All","All","2018-2019","Academic Year","Redbridge","Local authority","E09000026","Boys","5-6","82","%","2249","1843"
"Percentage of year 1 pupils meeting the expected standard of phonic decoding","All","All","2018-2019","Academic Year","Redbridge","Local authority","E09000026","Girls","5-6","87","%","2145","1865"
"Percentage of year 1 pupils meeting the expected standard of phonic decoding","Asian","ONS 2011 5+1","2018-2019","Academic Year","Redbridge","Local authority","E09000026","All","5-6","88","%","2433","2139"
"Percentage of year 1 pupils meeting the expected standard of phonic decoding","Asian","ONS 2011 5+1","2018-2019","Academic Year","Redbridge","Local authority","E09000026","Boys","5-6","86","%","1238","1059"
"Percentage of year 1 pupils meeting the expected standard of phonic decoding","Asian","ONS 2011 5+1","2018-2019","Academic Year","Redbridge","Local authority","E09000026","Girls","5-6","90","%","1195","1080"
"Percentage of year 1 pupils meeting the expected standard of phonic decoding","Black","ONS 2011 5+1","2018-2019","Academic Year","Redbridge","Local authority","E09000026","All","5-6","82","%","351","288"
"Percentage of year 1 pupils meeting the expected standard of phonic decoding","Black","ONS 2011 5+1","2018-2019","Academic Year","Redbridge","Local authority","E09000026","Boys","5-6","78","%","190","148"
"Percentage of year 1 pupils meeting the expected standard of phonic decoding","Black","ONS 2011 5+1","2018-2019","Academic Year","Redbridge","Local authority","E09000026","Girls","5-6","87","%","161","140"
"Percentage of year 1 pupils meeting the expected standard of phonic decoding","Chinese","ONS 2011 18+1","2018-2019","Academic Year","Redbridge","Local authority","E09000026","All","5-6","93","%","30","28"
"Percentage of year 1 pupils meeting the expected standard of phonic decoding","Chinese","ONS 2011 18+1","2018-2019","Academic Year","Redbridge","Local authority","E09000026","Boys","5-6","94","%","18","17"
"Percentage of year 1 pupils meeting the expected standard of phonic decoding","Chinese","ONS 2011 18+1","2018-2019","Academic Year","Redbridge","Local authority","E09000026","Girls","5-6","92","%","12","11"
"Percentage of year 1 pupils meeting the expected standard of phonic decoding","Mixed","ONS 2011 5+1","2018-2019","Academic Year","Redbridge","Local authority","E09000026","All","5-6","82","%","341","281"
"Percentage of year 1 pupils meeting the expected standard of phonic decoding","Mixed","ONS 2011 5+1","2018-2019","Academic Year","Redbridge","Local authority","E09000026","Boys","5-6","75","%","173","130"
"Percentage of year 1 pupils meeting the expected standard of phonic decoding","Mixed","ONS 2011 5+1","2018-2019","Academic Year","Redbridge","Local authority","E09000026","Girls","5-6","90","%","168","151"
"Percentage of year 1 pupils meeting the expected standard of phonic decoding","Other","ONS 2011 5+1","2018-2019","Academic Year","Redbridge","Local authority","E09000026","All","5-6","77","%","47","36"
"Percentage of year 1 pupils meeting the expected standard of phonic decoding","Other","ONS 2011 5+1","2018-2019","Academic Year","Redbridge","Local authority","E09000026","Boys","5-6","70","%","23","16"
"Percentage of year 1 pupils meeting the expected standard of phonic decoding","Other","ONS 2011 5+1","2018-2019","Academic Year","Redbridge","Local authority","E09000026","Girls","5-6","83","%","24","20"
"Percentage of year 1 pupils meeting the expected standard of phonic decoding","White","ONS 2011 5+1","2018-2019","Academic Year","Redbridge","Local authority","E09000026","All","5-6","81","%","1061","863"
"Percentage of year 1 pupils meeting the expected standard of phonic decoding","White","ONS 2011 5+1","2018-2019","Academic Year","Redbridge","Local authority","E09000026","Boys","5-6","81","%","535","431"
"Percentage of year 1 pupils meeting the expected standard of phonic decoding","White","ONS 2011 5+1","2018-2019","Academic Year","Redbridge","Local authority","E09000026","Girls","5-6","82","%","526","432"
"Percentage of year 1 pupils meeting the expected standard of phonic decoding","All","All","2018-2019","Academic Year","Redcar and Cleveland","Local authority","E06000003","All","5-6","81","%","1622","1318"
"Percentage of year 1 pupils meeting the expected standard of phonic decoding","All","All","2018-2019","Academic Year","Redcar and Cleveland","Local authority","E06000003","Boys","5-6","77","%","826","640"
"Percentage of year 1 pupils meeting the expected standard of phonic decoding","All","All","2018-2019","Academic Year","Redcar and Cleveland","Local authority","E06000003","Girls","5-6","85","%","796","678"
"Percentage of year 1 pupils meeting the expected standard of phonic decoding","Asian","ONS 2011 5+1","2018-2019","Academic Year","Redcar and Cleveland","Local authority","E06000003","All","5-6","71","%","7","5"
"Percentage of year 1 pupils meeting the expected standard of phonic decoding","Asian","ONS 2011 5+1","2018-2019","Academic Year","Redcar and Cleveland","Local authority","E06000003","Boys","5-6","33","%","3","1"
"Percentage of year 1 pupils meeting the expected standard of phonic decoding","Asian","ONS 2011 5+1","2018-2019","Academic Year","Redcar and Cleveland","Local authority","E06000003","Girls","5-6","100","%","4","4"
"Percentage of year 1 pupils meeting the expected standard of phonic decoding","Black","ONS 2011 5+1","2018-2019","Academic Year","Redcar and Cleveland","Local authority","E06000003","All","5-6","100","%","1","1"
"Percentage of year 1 pupils meeting the expected standard of phonic decoding","Black","ONS 2011 5+1","2018-2019","Academic Year","Redcar and Cleveland","Local authority","E06000003","Boys","5-6","100","%","1","1"
"Percentage of year 1 pupils meeting the expected standard of phonic decoding","Black","N/A","2018-2019","Academic Year","Redcar and Cleveland","Local authority","E06000003","Girls","5-6","N/A","%","N/A","N/A"
"Percentage of year 1 pupils meeting the expected standard of phonic decoding","Chinese","N/A","2018-2019","Academic Year","Redcar and Cleveland","Local authority","E06000003","All","5-6","N/A","%","N/A","N/A"
"Percentage of year 1 pupils meeting the expected standard of phonic decoding","Chinese","N/A","2018-2019","Academic Year","Redcar and Cleveland","Local authority","E06000003","Boys","5-6","N/A","%","N/A","N/A"
"Percentage of year 1 pupils meeting the expected standard of phonic decoding","Chinese","N/A","2018-2019","Academic Year","Redcar and Cleveland","Local authority","E06000003","Girls","5-6","N/A","%","N/A","N/A"
"Percentage of year 1 pupils meeting the expected standard of phonic decoding","Mixed","ONS 2011 5+1","2018-2019","Academic Year","Redcar and Cleveland","Local authority","E06000003","All","5-6","92","%","39","36"
"Percentage of year 1 pupils meeting the expected standard of phonic decoding","Mixed","ONS 2011 5+1","2018-2019","Academic Year","Redcar and Cleveland","Local authority","E06000003","Boys","5-6","94","%","17","16"
"Percentage of year 1 pupils meeting the expected standard of phonic decoding","Mixed","ONS 2011 5+1","2018-2019","Academic Year","Redcar and Cleveland","Local authority","E06000003","Girls","5-6","91","%","22","20"
"Percentage of year 1 pupils meeting the expected standard of phonic decoding","Other","ONS 2011 5+1","2018-2019","Academic Year","Redcar and Cleveland","Local authority","E06000003","All","5-6","33","%","3","1"
"Percentage of year 1 pupils meeting the expected standard of phonic decoding","Other","N/A","2018-2019","Academic Year","Redcar and Cleveland","Local authority","E06000003","Boys","5-6","N/A","%","N/A","N/A"
"Percentage of year 1 pupils meeting the expected standard of phonic decoding","Other","ONS 2011 5+1","2018-2019","Academic Year","Redcar and Cleveland","Local authority","E06000003","Girls","5-6","33","%","3","1"
"Percentage of year 1 pupils meeting the expected standard of phonic decoding","White","ONS 2011 5+1","2018-2019","Academic Year","Redcar and Cleveland","Local authority","E06000003","All","5-6","81","%","1555","1264"
"Percentage of year 1 pupils meeting the expected standard of phonic decoding","White","ONS 2011 5+1","2018-2019","Academic Year","Redcar and Cleveland","Local authority","E06000003","Boys","5-6","78","%","798","620"
"Percentage of year 1 pupils meeting the expected standard of phonic decoding","White","ONS 2011 5+1","2018-2019","Academic Year","Redcar and Cleveland","Local authority","E06000003","Girls","5-6","85","%","757","644"
"Percentage of year 1 pupils meeting the expected standard of phonic decoding","All","All","2018-2019","Academic Year","Richmond upon Thames","Local authority","E09000027","All","5-6","87","%","2463","2146"
"Percentage of year 1 pupils meeting the expected standard of phonic decoding","All","All","2018-2019","Academic Year","Richmond upon Thames","Local authority","E09000027","Boys","5-6","86","%","1240","1064"
"Percentage of year 1 pupils meeting the expected standard of phonic decoding","All","All","2018-2019","Academic Year","Richmond upon Thames","Local authority","E09000027","Girls","5-6","88","%","1223","1082"
"Percentage of year 1 pupils meeting the expected standard of phonic decoding","Asian","ONS 2011 5+1","2018-2019","Academic Year","Richmond upon Thames","Local authority","E09000027","All","5-6","87","%","196","171"
"Percentage of year 1 pupils meeting the expected standard of phonic decoding","Asian","ONS 2011 5+1","2018-2019","Academic Year","Richmond upon Thames","Local authority","E09000027","Boys","5-6","89","%","97","86"
"Percentage of year 1 pupils meeting the expected standard of phonic decoding","Asian","ONS 2011 5+1","2018-2019","Academic Year","Richmond upon Thames","Local authority","E09000027","Girls","5-6","86","%","99","85"
"Percentage of year 1 pupils meeting the expected standard of phonic decoding","Black","ONS 2011 5+1","2018-2019","Academic Year","Richmond upon Thames","Local authority","E09000027","All","5-6","76","%","51","39"
"Percentage of year 1 pupils meeting the expected standard of phonic decoding","Black","ONS 2011 5+1","2018-2019","Academic Year","Richmond upon Thames","Local authority","E09000027","Boys","5-6","76","%","29","22"
"Percentage of year 1 pupils meeting the expected standard of phonic decoding","Black","ONS 2011 5+1","2018-2019","Academic Year","Richmond upon Thames","Local authority","E09000027","Girls","5-6","77","%","22","17"
"Percentage of year 1 pupils meeting the expected standard of phonic decoding","Chinese","ONS 2011 18+1","2018-2019","Academic Year","Richmond upon Thames","Local authority","E09000027","All","5-6","87","%","30","26"
"Percentage of year 1 pupils meeting the expected standard of phonic decoding","Chinese","ONS 2011 18+1","2018-2019","Academic Year","Richmond upon Thames","Local authority","E09000027","Boys","5-6","79","%","14","11"
"Percentage of year 1 pupils meeting the expected standard of phonic decoding","Chinese","ONS 2011 18+1","2018-2019","Academic Year","Richmond upon Thames","Local authority","E09000027","Girls","5-6","94","%","16","15"
"Percentage of year 1 pupils meeting the expected standard of phonic decoding","Mixed","ONS 2011 5+1","2018-2019","Academic Year","Richmond upon Thames","Local authority","E09000027","All","5-6","89","%","288","256"
"Percentage of year 1 pupils meeting the expected standard of phonic decoding","Mixed","ONS 2011 5+1","2018-2019","Academic Year","Richmond upon Thames","Local authority","E09000027","Boys","5-6","84","%","139","117"
"Percentage of year 1 pupils meeting the expected standard of phonic decoding","Mixed","ONS 2011 5+1","2018-2019","Academic Year","Richmond upon Thames","Local authority","E09000027","Girls","5-6","93","%","149","139"
"Percentage of year 1 pupils meeting the expected standard of phonic decoding","Other","ONS 2011 5+1","2018-2019","Academic Year","Richmond upon Thames","Local authority","E09000027","All","5-6","80","%","41","33"
"Percentage of year 1 pupils meeting the expected standard of phonic decoding","Other","ONS 2011 5+1","2018-2019","Academic Year","Richmond upon Thames","Local authority","E09000027","Boys","5-6","63","%","16","10"
"Percentage of year 1 pupils meeting the expected standard of phonic decoding","Other","ONS 2011 5+1","2018-2019","Academic Year","Richmond upon Thames","Local authority","E09000027","Girls","5-6","92","%","25","23"
"Percentage of year 1 pupils meeting the expected standard of phonic decoding","White","ONS 2011 5+1","2018-2019","Academic Year","Richmond upon Thames","Local authority","E09000027","All","5-6","88","%","1752","1539"
"Percentage of year 1 pupils meeting the expected standard of phonic decoding","White","ONS 2011 5+1","2018-2019","Academic Year","Richmond upon Thames","Local authority","E09000027","Boys","5-6","87","%","894","781"
"Percentage of year 1 pupils meeting the expected standard of phonic decoding","White","ONS 2011 5+1","2018-2019","Academic Year","Richmond upon Thames","Local authority","E09000027","Girls","5-6","88","%","858","758"
"Percentage of year 1 pupils meeting the expected standard of phonic decoding","All","All","2018-2019","Academic Year","Rochdale","Local authority","E08000005","All","5-6","78","%","3082","2415"
"Percentage of year 1 pupils meeting the expected standard of phonic decoding","All","All","2018-2019","Academic Year","Rochdale","Local authority","E08000005","Boys","5-6","75","%","1559","1162"
"Percentage of year 1 pupils meeting the expected standard of phonic decoding","All","All","2018-2019","Academic Year","Rochdale","Local authority","E08000005","Girls","5-6","82","%","1523","1253"
"Percentage of year 1 pupils meeting the expected standard of phonic decoding","Asian","ONS 2011 5+1","2018-2019","Academic Year","Rochdale","Local authority","E08000005","All","5-6","76","%","747","567"
"Percentage of year 1 pupils meeting the expected standard of phonic decoding","Asian","ONS 2011 5+1","2018-2019","Academic Year","Rochdale","Local authority","E08000005","Boys","5-6","73","%","373","272"
"Percentage of year 1 pupils meeting the expected standard of phonic decoding","Asian","ONS 2011 5+1","2018-2019","Academic Year","Rochdale","Local authority","E08000005","Girls","5-6","79","%","374","295"
"Percentage of year 1 pupils meeting the expected standard of phonic decoding","Black","ONS 2011 5+1","2018-2019","Academic Year","Rochdale","Local authority","E08000005","All","5-6","76","%","119","91"
"Percentage of year 1 pupils meeting the expected standard of phonic decoding","Black","ONS 2011 5+1","2018-2019","Academic Year","Rochdale","Local authority","E08000005","Boys","5-6","75","%","60","45"
"Percentage of year 1 pupils meeting the expected standard of phonic decoding","Black","ONS 2011 5+1","2018-2019","Academic Year","Rochdale","Local authority","E08000005","Girls","5-6","78","%","59","46"
"Percentage of year 1 pupils meeting the expected standard of phonic decoding","Chinese","ONS 2011 18+1","2018-2019","Academic Year","Rochdale","Local authority","E08000005","All","5-6","80","%","10","8"
"Percentage of year 1 pupils meeting the expected standard of phonic decoding","Chinese","ONS 2011 18+1","2018-2019","Academic Year","Rochdale","Local authority","E08000005","Boys","5-6","83","%","6","5"
"Percentage of year 1 pupils meeting the expected standard of phonic decoding","Chinese","ONS 2011 18+1","2018-2019","Academic Year","Rochdale","Local authority","E08000005","Girls","5-6","75","%","4","3"
"Percentage of year 1 pupils meeting the expected standard of phonic decoding","Mixed","ONS 2011 5+1","2018-2019","Academic Year","Rochdale","Local authority","E08000005","All","5-6","83","%","168","140"
"Percentage of year 1 pupils meeting the expected standard of phonic decoding","Mixed","ONS 2011 5+1","2018-2019","Academic Year","Rochdale","Local authority","E08000005","Boys","5-6","80","%","86","69"
"Percentage of year 1 pupils meeting the expected standard of phonic decoding","Mixed","ONS 2011 5+1","2018-2019","Academic Year","Rochdale","Local authority","E08000005","Girls","5-6","87","%","82","71"
"Percentage of year 1 pupils meeting the expected standard of phonic decoding","Other","ONS 2011 5+1","2018-2019","Academic Year","Rochdale","Local authority","E08000005","All","5-6","74","%","38","28"
"Percentage of year 1 pupils meeting the expected standard of phonic decoding","Other","ONS 2011 5+1","2018-2019","Academic Year","Rochdale","Local authority","E08000005","Boys","5-6","57","%","14","8"
"Percentage of year 1 pupils meeting the expected standard of phonic decoding","Other","ONS 2011 5+1","2018-2019","Academic Year","Rochdale","Local authority","E08000005","Girls","5-6","83","%","24","20"
"Percentage of year 1 pupils meeting the expected standard of phonic decoding","White","ONS 2011 5+1","2018-2019","Academic Year","Rochdale","Local authority","E08000005","All","5-6","79","%","1968","1563"
"Percentage of year 1 pupils meeting the expected standard of phonic decoding","White","ONS 2011 5+1","2018-2019","Academic Year","Rochdale","Local authority","E08000005","Boys","5-6","75","%","1005","758"
"Percentage of year 1 pupils meeting the expected standard of phonic decoding","White","ONS 2011 5+1","2018-2019","Academic Year","Rochdale","Local authority","E08000005","Girls","5-6","84","%","963","805"
"Percentage of year 1 pupils meeting the expected standard of phonic decoding","All","All","2018-2019","Academic Year","Rotherham","Local authority","E08000018","All","5-6","80","%","3338","2667"
"Percentage of year 1 pupils meeting the expected standard of phonic decoding","All","All","2018-2019","Academic Year","Rotherham","Local authority","E08000018","Boys","5-6","77","%","1634","1252"
"Percentage of year 1 pupils meeting the expected standard of phonic decoding","All","All","2018-2019","Academic Year","Rotherham","Local authority","E08000018","Girls","5-6","83","%","1704","1415"
"Percentage of year 1 pupils meeting the expected standard of phonic decoding","Asian","ONS 2011 5+1","2018-2019","Academic Year","Rotherham","Local authority","E08000018","All","5-6","82","%","268","219"
"Percentage of year 1 pupils meeting the expected standard of phonic decoding","Asian","ONS 2011 5+1","2018-2019","Academic Year","Rotherham","Local authority","E08000018","Boys","5-6","84","%","143","120"
"Percentage of year 1 pupils meeting the expected standard of phonic decoding","Asian","ONS 2011 5+1","2018-2019","Academic Year","Rotherham","Local authority","E08000018","Girls","5-6","79","%","125","99"
"Percentage of year 1 pupils meeting the expected standard of phonic decoding","Black","ONS 2011 5+1","2018-2019","Academic Year","Rotherham","Local authority","E08000018","All","5-6","76","%","49","37"
"Percentage of year 1 pupils meeting the expected standard of phonic decoding","Black","ONS 2011 5+1","2018-2019","Academic Year","Rotherham","Local authority","E08000018","Boys","5-6","68","%","25","17"
"Percentage of year 1 pupils meeting the expected standard of phonic decoding","Black","ONS 2011 5+1","2018-2019","Academic Year","Rotherham","Local authority","E08000018","Girls","5-6","83","%","24","20"
"Percentage of year 1 pupils meeting the expected standard of phonic decoding","Chinese","ONS 2011 18+1","2018-2019","Academic Year","Rotherham","Local authority","E08000018","All","5-6","88","%","8","7"
"Percentage of year 1 pupils meeting the expected standard of phonic decoding","Chinese","ONS 2011 18+1","2018-2019","Academic Year","Rotherham","Local authority","E08000018","Boys","5-6","86","%","7","6"
"Percentage of year 1 pupils meeting the expected standard of phonic decoding","Chinese","ONS 2011 18+1","2018-2019","Academic Year","Rotherham","Local authority","E08000018","Girls","5-6","100","%","1","1"
"Percentage of year 1 pupils meeting the expected standard of phonic decoding","Mixed","ONS 2011 5+1","2018-2019","Academic Year","Rotherham","Local authority","E08000018","All","5-6","81","%","100","81"
"Percentage of year 1 pupils meeting the expected standard of phonic decoding","Mixed","ONS 2011 5+1","2018-2019","Academic Year","Rotherham","Local authority","E08000018","Boys","5-6","75","%","48","36"
"Percentage of year 1 pupils meeting the expected standard of phonic decoding","Mixed","ONS 2011 5+1","2018-2019","Academic Year","Rotherham","Local authority","E08000018","Girls","5-6","87","%","52","45"
"Percentage of year 1 pupils meeting the expected standard of phonic decoding","Other","ONS 2011 5+1","2018-2019","Academic Year","Rotherham","Local authority","E08000018","All","5-6","71","%","28","20"
"Percentage of year 1 pupils meeting the expected standard of phonic decoding","Other","ONS 2011 5+1","2018-2019","Academic Year","Rotherham","Local authority","E08000018","Boys","5-6","80","%","15","12"
"Percentage of year 1 pupils meeting the expected standard of phonic decoding","Other","ONS 2011 5+1","2018-2019","Academic Year","Rotherham","Local authority","E08000018","Girls","5-6","62","%","13","8"
"Percentage of year 1 pupils meeting the expected standard of phonic decoding","White","ONS 2011 5+1","2018-2019","Academic Year","Rotherham","Local authority","E08000018","All","5-6","80","%","2866","2294"
"Percentage of year 1 pupils meeting the expected standard of phonic decoding","White","ONS 2011 5+1","2018-2019","Academic Year","Rotherham","Local authority","E08000018","Boys","5-6","76","%","1387","1058"
"Percentage of year 1 pupils meeting the expected standard of phonic decoding","White","ONS 2011 5+1","2018-2019","Academic Year","Rotherham","Local authority","E08000018","Girls","5-6","84","%","1479","1236"
"Percentage of year 1 pupils meeting the expected standard of phonic decoding","All","All","2018-2019","Academic Year","Rutland","Local authority","E06000017","All","5-6","85","%","399","340"
"Percentage of year 1 pupils meeting the expected standard of phonic decoding","All","All","2018-2019","Academic Year","Rutland","Local authority","E06000017","Boys","5-6","85","%","213","180"
"Percentage of year 1 pupils meeting the expected standard of phonic decoding","All","All","2018-2019","Academic Year","Rutland","Local authority","E06000017","Girls","5-6","86","%","186","160"
"Percentage of year 1 pupils meeting the expected standard of phonic decoding","Asian","ONS 2011 5+1","2018-2019","Academic Year","Rutland","Local authority","E06000017","All","5-6","83","%","6","5"
"Percentage of year 1 pupils meeting the expected standard of phonic decoding","Asian","ONS 2011 5+1","2018-2019","Academic Year","Rutland","Local authority","E06000017","Boys","5-6","80","%","5","4"
"Percentage of year 1 pupils meeting the expected standard of phonic decoding","Asian","ONS 2011 5+1","2018-2019","Academic Year","Rutland","Local authority","E06000017","Girls","5-6","100","%","1","1"
"Percentage of year 1 pupils meeting the expected standard of phonic decoding","Black","ONS 2011 5+1","2018-2019","Academic Year","Rutland","Local authority","E06000017","All","5-6","100","%","6","6"
"Percentage of year 1 pupils meeting the expected standard of phonic decoding","Black","ONS 2011 5+1","2018-2019","Academic Year","Rutland","Local authority","E06000017","Boys","5-6","100","%","5","5"
"Percentage of year 1 pupils meeting the expected standard of phonic decoding","Black","ONS 2011 5+1","2018-2019","Academic Year","Rutland","Local authority","E06000017","Girls","5-6","100","%","1","1"
"Percentage of year 1 pupils meeting the expected standard of phonic decoding","Chinese","ONS 2011 18+1","2018-2019","Academic Year","Rutland","Local authority","E06000017","All","5-6","100","%","1","1"
"Percentage of year 1 pupils meeting the expected standard of phonic decoding","Chinese","N/A","2018-2019","Academic Year","Rutland","Local authority","E06000017","Boys","5-6","N/A","%","N/A","N/A"
"Percentage of year 1 pupils meeting the expected standard of phonic decoding","Chinese","ONS 2011 18+1","2018-2019","Academic Year","Rutland","Local authority","E06000017","Girls","5-6","100","%","1","1"
"Percentage of year 1 pupils meeting the expected standard of phonic decoding","Mixed","ONS 2011 5+1","2018-2019","Academic Year","Rutland","Local authority","E06000017","All","5-6","91","%","11","10"
"Percentage of year 1 pupils meeting the expected standard of phonic decoding","Mixed","ONS 2011 5+1","2018-2019","Academic Year","Rutland","Local authority","E06000017","Boys","5-6","83","%","6","5"
"Percentage of year 1 pupils meeting the expected standard of phonic decoding","Mixed","ONS 2011 5+1","2018-2019","Academic Year","Rutland","Local authority","E06000017","Girls","5-6","100","%","5","5"
"Percentage of year 1 pupils meeting the expected standard of phonic decoding","Other","ONS 2011 5+1","2018-2019","Academic Year","Rutland","Local authority","E06000017","All","5-6","100","%","3","3"
"Percentage of year 1 pupils meeting the expected standard of phonic decoding","Other","ONS 2011 5+1","2018-2019","Academic Year","Rutland","Local authority","E06000017","Boys","5-6","100","%","3","3"
"Percentage of year 1 pupils meeting the expected standard of phonic decoding","Other","N/A","2018-2019","Academic Year","Rutland","Local authority","E06000017","Girls","5-6","N/A","%","N/A","N/A"
"Percentage of year 1 pupils meeting the expected standard of phonic decoding","White","ONS 2011 5+1","2018-2019","Academic Year","Rutland","Local authority","E06000017","All","5-6","86","%","363","311"
"Percentage of year 1 pupils meeting the expected standard of phonic decoding","White","ONS 2011 5+1","2018-2019","Academic Year","Rutland","Local authority","E06000017","Boys","5-6","85","%","189","161"
"Percentage of year 1 pupils meeting the expected standard of phonic decoding","White","ONS 2011 5+1","2018-2019","Academic Year","Rutland","Local authority","E06000017","Girls","5-6","86","%","174","150"
"Percentage of year 1 pupils meeting the expected standard of phonic decoding","All","All","2018-2019","Academic Year","Salford","Local authority","E08000006","All","5-6","80","%","3219","2560"
"Percentage of year 1 pupils meeting the expected standard of phonic decoding","All","All","2018-2019","Academic Year","Salford","Local authority","E08000006","Boys","5-6","76","%","1670","1275"
"Percentage of year 1 pupils meeting the expected standard of phonic decoding","All","All","2018-2019","Academic Year","Salford","Local authority","E08000006","Girls","5-6","83","%","1549","1285"
"Percentage of year 1 pupils meeting the expected standard of phonic decoding","Asian","ONS 2011 5+1","2018-2019","Academic Year","Salford","Local authority","E08000006","All","5-6","84","%","103","87"
"Percentage of year 1 pupils meeting the expected standard of phonic decoding","Asian","ONS 2011 5+1","2018-2019","Academic Year","Salford","Local authority","E08000006","Boys","5-6","75","%","53","40"
"Percentage of year 1 pupils meeting the expected standard of phonic decoding","Asian","ONS 2011 5+1","2018-2019","Academic Year","Salford","Local authority","E08000006","Girls","5-6","94","%","50","47"
"Percentage of year 1 pupils meeting the expected standard of phonic decoding","Black","ONS 2011 5+1","2018-2019","Academic Year","Salford","Local authority","E08000006","All","5-6","80","%","222","178"
"Percentage of year 1 pupils meeting the expected standard of phonic decoding","Black","ONS 2011 5+1","2018-2019","Academic Year","Salford","Local authority","E08000006","Boys","5-6","79","%","127","100"
"Percentage of year 1 pupils meeting the expected standard of phonic decoding","Black","ONS 2011 5+1","2018-2019","Academic Year","Salford","Local authority","E08000006","Girls","5-6","82","%","95","78"
"Percentage of year 1 pupils meeting the expected standard of phonic decoding","Chinese","ONS 2011 18+1","2018-2019","Academic Year","Salford","Local authority","E08000006","All","5-6","87","%","15","13"
"Percentage of year 1 pupils meeting the expected standard of phonic decoding","Chinese","ONS 2011 18+1","2018-2019","Academic Year","Salford","Local authority","E08000006","Boys","5-6","100","%","6","6"
"Percentage of year 1 pupils meeting the expected standard of phonic decoding","Chinese","ONS 2011 18+1","2018-2019","Academic Year","Salford","Local authority","E08000006","Girls","5-6","78","%","9","7"
"Percentage of year 1 pupils meeting the expected standard of phonic decoding","Mixed","ONS 2011 5+1","2018-2019","Academic Year","Salford","Local authority","E08000006","All","5-6","84","%","299","250"
"Percentage of year 1 pupils meeting the expected standard of phonic decoding","Mixed","ONS 2011 5+1","2018-2019","Academic Year","Salford","Local authority","E08000006","Boys","5-6","78","%","149","116"
"Percentage of year 1 pupils meeting the expected standard of phonic decoding","Mixed","ONS 2011 5+1","2018-2019","Academic Year","Salford","Local authority","E08000006","Girls","5-6","89","%","150","134"
"Percentage of year 1 pupils meeting the expected standard of phonic decoding","Other","ONS 2011 5+1","2018-2019","Academic Year","Salford","Local authority","E08000006","All","5-6","74","%","108","80"
"Percentage of year 1 pupils meeting the expected standard of phonic decoding","Other","ONS 2011 5+1","2018-2019","Academic Year","Salford","Local authority","E08000006","Boys","5-6","73","%","56","41"
"Percentage of year 1 pupils meeting the expected standard of phonic decoding","Other","ONS 2011 5+1","2018-2019","Academic Year","Salford","Local authority","E08000006","Girls","5-6","75","%","52","39"
"Percentage of year 1 pupils meeting the expected standard of phonic decoding","White","ONS 2011 5+1","2018-2019","Academic Year","Salford","Local authority","E08000006","All","5-6","80","%","2422","1931"
"Percentage of year 1 pupils meeting the expected standard of phonic decoding","White","ONS 2011 5+1","2018-2019","Academic Year","Salford","Local authority","E08000006","Boys","5-6","77","%","1259","964"
"Percentage of year 1 pupils meeting the expected standard of phonic decoding","White","ONS 2011 5+1","2018-2019","Academic Year","Salford","Local authority","E08000006","Girls","5-6","83","%","1163","967"
"Percentage of year 1 pupils meeting the expected standard of phonic decoding","All","All","2018-2019","Academic Year","Sandwell","Local authority","E08000028","All","5-6","81","%","5025","4061"
"Percentage of year 1 pupils meeting the expected standard of phonic decoding","All","All","2018-2019","Academic Year","Sandwell","Local authority","E08000028","Boys","5-6","77","%","2618","2012"
"Percentage of year 1 pupils meeting the expected standard of phonic decoding","All","All","2018-2019","Academic Year","Sandwell","Local authority","E08000028","Girls","5-6","85","%","2407","2049"
"Percentage of year 1 pupils meeting the expected standard of phonic decoding","Asian","ONS 2011 5+1","2018-2019","Academic Year","Sandwell","Local authority","E08000028","All","5-6","85","%","1457","1236"
"Percentage of year 1 pupils meeting the expected standard of phonic decoding","Asian","ONS 2011 5+1","2018-2019","Academic Year","Sandwell","Local authority","E08000028","Boys","5-6","81","%","766","618"
"Percentage of year 1 pupils meeting the expected standard of phonic decoding","Asian","ONS 2011 5+1","2018-2019","Academic Year","Sandwell","Local authority","E08000028","Girls","5-6","89","%","691","618"
"Percentage of year 1 pupils meeting the expected standard of phonic decoding","Black","ONS 2011 5+1","2018-2019","Academic Year","Sandwell","Local authority","E08000028","All","5-6","84","%","440","369"
"Percentage of year 1 pupils meeting the expected standard of phonic decoding","Black","ONS 2011 5+1","2018-2019","Academic Year","Sandwell","Local authority","E08000028","Boys","5-6","84","%","221","185"
"Percentage of year 1 pupils meeting the expected standard of phonic decoding","Black","ONS 2011 5+1","2018-2019","Academic Year","Sandwell","Local authority","E08000028","Girls","5-6","84","%","219","184"
"Percentage of year 1 pupils meeting the expected standard of phonic decoding","Chinese","ONS 2011 18+1","2018-2019","Academic Year","Sandwell","Local authority","E08000028","All","5-6","80","%","25","20"
"Percentage of year 1 pupils meeting the expected standard of phonic decoding","Chinese","ONS 2011 18+1","2018-2019","Academic Year","Sandwell","Local authority","E08000028","Boys","5-6","67","%","12","8"
"Percentage of year 1 pupils meeting the expected standard of phonic decoding","Chinese","ONS 2011 18+1","2018-2019","Academic Year","Sandwell","Local authority","E08000028","Girls","5-6","92","%","13","12"
"Percentage of year 1 pupils meeting the expected standard of phonic decoding","Mixed","ONS 2011 5+1","2018-2019","Academic Year","Sandwell","Local authority","E08000028","All","5-6","84","%","490","413"
"Percentage of year 1 pupils meeting the expected standard of phonic decoding","Mixed","ONS 2011 5+1","2018-2019","Academic Year","Sandwell","Local authority","E08000028","Boys","5-6","79","%","249","196"
"Percentage of year 1 pupils meeting the expected standard of phonic decoding","Mixed","ONS 2011 5+1","2018-2019","Academic Year","Sandwell","Local authority","E08000028","Girls","5-6","90","%","241","217"
"Percentage of year 1 pupils meeting the expected standard of phonic decoding","Other","ONS 2011 5+1","2018-2019","Academic Year","Sandwell","Local authority","E08000028","All","5-6","70","%","166","117"
"Percentage of year 1 pupils meeting the expected standard of phonic decoding","Other","ONS 2011 5+1","2018-2019","Academic Year","Sandwell","Local authority","E08000028","Boys","5-6","68","%","88","60"
"Percentage of year 1 pupils meeting the expected standard of phonic decoding","Other","ONS 2011 5+1","2018-2019","Academic Year","Sandwell","Local authority","E08000028","Girls","5-6","73","%","78","57"
"Percentage of year 1 pupils meeting the expected standard of phonic decoding","White","ONS 2011 5+1","2018-2019","Academic Year","Sandwell","Local authority","E08000028","All","5-6","79","%","2364","1871"
"Percentage of year 1 pupils meeting the expected standard of phonic decoding","White","ONS 2011 5+1","2018-2019","Academic Year","Sandwell","Local authority","E08000028","Boys","5-6","75","%","1240","930"
"Percentage of year 1 pupils meeting the expected standard of phonic decoding","White","ONS 2011 5+1","2018-2019","Academic Year","Sandwell","Local authority","E08000028","Girls","5-6","84","%","1124","941"
"Percentage of year 1 pupils meeting the expected standard of phonic decoding","All","All","2018-2019","Academic Year","Sefton","Local authority","E08000014","All","5-6","83","%","3008","2482"
"Percentage of year 1 pupils meeting the expected standard of phonic decoding","All","All","2018-2019","Academic Year","Sefton","Local authority","E08000014","Boys","5-6","78","%","1560","1222"
"Percentage of year 1 pupils meeting the expected standard of phonic decoding","All","All","2018-2019","Academic Year","Sefton","Local authority","E08000014","Girls","5-6","87","%","1448","1260"
"Percentage of year 1 pupils meeting the expected standard of phonic decoding","Asian","ONS 2011 5+1","2018-2019","Academic Year","Sefton","Local authority","E08000014","All","5-6","88","%","33","29"
"Percentage of year 1 pupils meeting the expected standard of phonic decoding","Asian","ONS 2011 5+1","2018-2019","Academic Year","Sefton","Local authority","E08000014","Boys","5-6","67","%","9","6"
"Percentage of year 1 pupils meeting the expected standard of phonic decoding","Asian","ONS 2011 5+1","2018-2019","Academic Year","Sefton","Local authority","E08000014","Girls","5-6","96","%","24","23"
"Percentage of year 1 pupils meeting the expected standard of phonic decoding","Black","ONS 2011 5+1","2018-2019","Academic Year","Sefton","Local authority","E08000014","All","5-6","93","%","15","14"
"Percentage of year 1 pupils meeting the expected standard of phonic decoding","Black","ONS 2011 5+1","2018-2019","Academic Year","Sefton","Local authority","E08000014","Boys","5-6","86","%","7","6"
"Percentage of year 1 pupils meeting the expected standard of phonic decoding","Black","ONS 2011 5+1","2018-2019","Academic Year","Sefton","Local authority","E08000014","Girls","5-6","100","%","8","8"
"Percentage of year 1 pupils meeting the expected standard of phonic decoding","Chinese","ONS 2011 18+1","2018-2019","Academic Year","Sefton","Local authority","E08000014","All","5-6","100","%","6","6"
"Percentage of year 1 pupils meeting the expected standard of phonic decoding","Chinese","ONS 2011 18+1","2018-2019","Academic Year","Sefton","Local authority","E08000014","Boys","5-6","100","%","2","2"
"Percentage of year 1 pupils meeting the expected standard of phonic decoding","Chinese","ONS 2011 18+1","2018-2019","Academic Year","Sefton","Local authority","E08000014","Girls","5-6","100","%","4","4"
"Percentage of year 1 pupils meeting the expected standard of phonic decoding","Mixed","ONS 2011 5+1","2018-2019","Academic Year","Sefton","Local authority","E08000014","All","5-6","80","%","87","70"
"Percentage of year 1 pupils meeting the expected standard of phonic decoding","Mixed","ONS 2011 5+1","2018-2019","Academic Year","Sefton","Local authority","E08000014","Boys","5-6","76","%","46","35"
"Percentage of year 1 pupils meeting the expected standard of phonic decoding","Mixed","ONS 2011 5+1","2018-2019","Academic Year","Sefton","Local authority","E08000014","Girls","5-6","85","%","41","35"
"Percentage of year 1 pupils meeting the expected standard of phonic decoding","Other","ONS 2011 5+1","2018-2019","Academic Year","Sefton","Local authority","E08000014","All","5-6","67","%","24","16"
"Percentage of year 1 pupils meeting the expected standard of phonic decoding","Other","ONS 2011 5+1","2018-2019","Academic Year","Sefton","Local authority","E08000014","Boys","5-6","62","%","13","8"
"Percentage of year 1 pupils meeting the expected standard of phonic decoding","Other","ONS 2011 5+1","2018-2019","Academic Year","Sefton","Local authority","E08000014","Girls","5-6","73","%","11","8"
"Percentage of year 1 pupils meeting the expected standard of phonic decoding","White","ONS 2011 5+1","2018-2019","Academic Year","Sefton","Local authority","E08000014","All","5-6","83","%","2822","2337"
"Percentage of year 1 pupils meeting the expected standard of phonic decoding","White","ONS 2011 5+1","2018-2019","Academic Year","Sefton","Local authority","E08000014","Boys","5-6","79","%","1470","1161"
"Percentage of year 1 pupils meeting the expected standard of phonic decoding","White","ONS 2011 5+1","2018-2019","Academic Year","Sefton","Local authority","E08000014","Girls","5-6","87","%","1352","1176"
"Percentage of year 1 pupils meeting the expected standard of phonic decoding","All","All","2018-2019","Academic Year","Sheffield","Local authority","E08000019","All","5-6","77","%","6376","4919"
"Percentage of year 1 pupils meeting the expected standard of phonic decoding","All","All","2018-2019","Academic Year","Sheffield","Local authority","E08000019","Boys","5-6","73","%","3297","2420"
"Percentage of year 1 pupils meeting the expected standard of phonic decoding","All","All","2018-2019","Academic Year","Sheffield","Local authority","E08000019","Girls","5-6","81","%","3079","2499"
"Percentage of year 1 pupils meeting the expected standard of phonic decoding","Asian","ONS 2011 5+1","2018-2019","Academic Year","Sheffield","Local authority","E08000019","All","5-6","74","%","779","580"
"Percentage of year 1 pupils meeting the expected standard of phonic decoding","Asian","ONS 2011 5+1","2018-2019","Academic Year","Sheffield","Local authority","E08000019","Boys","5-6","71","%","396","281"
"Percentage of year 1 pupils meeting the expected standard of phonic decoding","Asian","ONS 2011 5+1","2018-2019","Academic Year","Sheffield","Local authority","E08000019","Girls","5-6","78","%","383","299"
"Percentage of year 1 pupils meeting the expected standard of phonic decoding","Black","ONS 2011 5+1","2018-2019","Academic Year","Sheffield","Local authority","E08000019","All","5-6","80","%","347","276"
"Percentage of year 1 pupils meeting the expected standard of phonic decoding","Black","ONS 2011 5+1","2018-2019","Academic Year","Sheffield","Local authority","E08000019","Boys","5-6","77","%","193","148"
"Percentage of year 1 pupils meeting the expected standard of phonic decoding","Black","ONS 2011 5+1","2018-2019","Academic Year","Sheffield","Local authority","E08000019","Girls","5-6","83","%","154","128"
"Percentage of year 1 pupils meeting the expected standard of phonic decoding","Chinese","ONS 2011 18+1","2018-2019","Academic Year","Sheffield","Local authority","E08000019","All","5-6","95","%","42","40"
"Percentage of year 1 pupils meeting the expected standard of phonic decoding","Chinese","ONS 2011 18+1","2018-2019","Academic Year","Sheffield","Local authority","E08000019","Boys","5-6","89","%","19","17"
"Percentage of year 1 pupils meeting the expected standard of phonic decoding","Chinese","ONS 2011 18+1","2018-2019","Academic Year","Sheffield","Local authority","E08000019","Girls","5-6","100","%","23","23"
"Percentage of year 1 pupils meeting the expected standard of phonic decoding","Mixed","ONS 2011 5+1","2018-2019","Academic Year","Sheffield","Local authority","E08000019","All","5-6","76","%","540","409"
"Percentage of year 1 pupils meeting the expected standard of phonic decoding","Mixed","ONS 2011 5+1","2018-2019","Academic Year","Sheffield","Local authority","E08000019","Boys","5-6","71","%","298","212"
"Percentage of year 1 pupils meeting the expected standard of phonic decoding","Mixed","ONS 2011 5+1","2018-2019","Academic Year","Sheffield","Local authority","E08000019","Girls","5-6","81","%","242","197"
"Percentage of year 1 pupils meeting the expected standard of phonic decoding","Other","ONS 2011 5+1","2018-2019","Academic Year","Sheffield","Local authority","E08000019","All","5-6","67","%","226","152"
"Percentage of year 1 pupils meeting the expected standard of phonic decoding","Other","ONS 2011 5+1","2018-2019","Academic Year","Sheffield","Local authority","E08000019","Boys","5-6","62","%","102","63"
"Percentage of year 1 pupils meeting the expected standard of phonic decoding","Other","ONS 2011 5+1","2018-2019","Academic Year","Sheffield","Local authority","E08000019","Girls","5-6","72","%","124","89"
"Percentage of year 1 pupils meeting the expected standard of phonic decoding","White","ONS 2011 5+1","2018-2019","Academic Year","Sheffield","Local authority","E08000019","All","5-6","78","%","4334","3400"
"Percentage of year 1 pupils meeting the expected standard of phonic decoding","White","ONS 2011 5+1","2018-2019","Academic Year","Sheffield","Local authority","E08000019","Boys","5-6","75","%","2233","1670"
"Percentage of year 1 pupils meeting the expected standard of phonic decoding","White","ONS 2011 5+1","2018-2019","Academic Year","Sheffield","Local authority","E08000019","Girls","5-6","82","%","2101","1730"
"Percentage of year 1 pupils meeting the expected standard of phonic decoding","All","All","2018-2019","Academic Year","Shropshire","Local authority","E06000051","All","5-6","81","%","3012","2437"
"Percentage of year 1 pupils meeting the expected standard of phonic decoding","All","All","2018-2019","Academic Year","Shropshire","Local authority","E06000051","Boys","5-6","75","%","1558","1174"
"Percentage of year 1 pupils meeting the expected standard of phonic decoding","All","All","2018-2019","Academic Year","Shropshire","Local authority","E06000051","Girls","5-6","87","%","1454","1263"
"Percentage of year 1 pupils meeting the expected standard of phonic decoding","Asian","ONS 2011 5+1","2018-2019","Academic Year","Shropshire","Local authority","E06000051","All","5-6","68","%","44","30"
"Percentage of year 1 pupils meeting the expected standard of phonic decoding","Asian","ONS 2011 5+1","2018-2019","Academic Year","Shropshire","Local authority","E06000051","Boys","5-6","61","%","23","14"
"Percentage of year 1 pupils meeting the expected standard of phonic decoding","Asian","ONS 2011 5+1","2018-2019","Academic Year","Shropshire","Local authority","E06000051","Girls","5-6","76","%","21","16"
"Percentage of year 1 pupils meeting the expected standard of phonic decoding","Black","ONS 2011 5+1","2018-2019","Academic Year","Shropshire","Local authority","E06000051","All","5-6","83","%","6","5"
"Percentage of year 1 pupils meeting the expected standard of phonic decoding","Black","ONS 2011 5+1","2018-2019","Academic Year","Shropshire","Local authority","E06000051","Boys","5-6","50","%","2","1"
"Percentage of year 1 pupils meeting the expected standard of phonic decoding","Black","ONS 2011 5+1","2018-2019","Academic Year","Shropshire","Local authority","E06000051","Girls","5-6","100","%","4","4"
"Percentage of year 1 pupils meeting the expected standard of phonic decoding","Chinese","ONS 2011 18+1","2018-2019","Academic Year","Shropshire","Local authority","E06000051","All","5-6","100","%","10","10"
"Percentage of year 1 pupils meeting the expected standard of phonic decoding","Chinese","ONS 2011 18+1","2018-2019","Academic Year","Shropshire","Local authority","E06000051","Boys","5-6","100","%","7","7"
"Percentage of year 1 pupils meeting the expected standard of phonic decoding","Chinese","ONS 2011 18+1","2018-2019","Academic Year","Shropshire","Local authority","E06000051","Girls","5-6","100","%","3","3"
"Percentage of year 1 pupils meeting the expected standard of phonic decoding","Mixed","ONS 2011 5+1","2018-2019","Academic Year","Shropshire","Local authority","E06000051","All","5-6","87","%","75","65"
"Percentage of year 1 pupils meeting the expected standard of phonic decoding","Mixed","ONS 2011 5+1","2018-2019","Academic Year","Shropshire","Local authority","E06000051","Boys","5-6","79","%","34","27"
"Percentage of year 1 pupils meeting the expected standard of phonic decoding","Mixed","ONS 2011 5+1","2018-2019","Academic Year","Shropshire","Local authority","E06000051","Girls","5-6","93","%","41","38"
"Percentage of year 1 pupils meeting the expected standard of phonic decoding","Other","ONS 2011 5+1","2018-2019","Academic Year","Shropshire","Local authority","E06000051","All","5-6","64","%","11","7"
"Percentage of year 1 pupils meeting the expected standard of phonic decoding","Other","ONS 2011 5+1","2018-2019","Academic Year","Shropshire","Local authority","E06000051","Boys","5-6","43","%","7","3"
"Percentage of year 1 pupils meeting the expected standard of phonic decoding","Other","ONS 2011 5+1","2018-2019","Academic Year","Shropshire","Local authority","E06000051","Girls","5-6","100","%","4","4"
"Percentage of year 1 pupils meeting the expected standard of phonic decoding","White","ONS 2011 5+1","2018-2019","Academic Year","Shropshire","Local authority","E06000051","All","5-6","81","%","2824","2292"
"Percentage of year 1 pupils meeting the expected standard of phonic decoding","White","ONS 2011 5+1","2018-2019","Academic Year","Shropshire","Local authority","E06000051","Boys","5-6","76","%","1459","1108"
"Percentage of year 1 pupils meeting the expected standard of phonic decoding","White","ONS 2011 5+1","2018-2019","Academic Year","Shropshire","Local authority","E06000051","Girls","5-6","87","%","1365","1184"
"Percentage of year 1 pupils meeting the expected standard of phonic decoding","All","All","2018-2019","Academic Year","Slough","Local authority","E06000039","All","5-6","86","%","2364","2025"
"Percentage of year 1 pupils meeting the expected standard of phonic decoding","All","All","2018-2019","Academic Year","Slough","Local authority","E06000039","Boys","5-6","82","%","1208","996"
"Percentage of year 1 pupils meeting the expected standard of phonic decoding","All","All","2018-2019","Academic Year","Slough","Local authority","E06000039","Girls","5-6","89","%","1156","1029"
"Percentage of year 1 pupils meeting the expected standard of phonic decoding","Asian","ONS 2011 5+1","2018-2019","Academic Year","Slough","Local authority","E06000039","All","5-6","90","%","1134","1025"
"Percentage of year 1 pupils meeting the expected standard of phonic decoding","Asian","ONS 2011 5+1","2018-2019","Academic Year","Slough","Local authority","E06000039","Boys","5-6","88","%","576","505"
"Percentage of year 1 pupils meeting the expected standard of phonic decoding","Asian","ONS 2011 5+1","2018-2019","Academic Year","Slough","Local authority","E06000039","Girls","5-6","93","%","558","520"
"Percentage of year 1 pupils meeting the expected standard of phonic decoding","Black","ONS 2011 5+1","2018-2019","Academic Year","Slough","Local authority","E06000039","All","5-6","87","%","163","142"
"Percentage of year 1 pupils meeting the expected standard of phonic decoding","Black","ONS 2011 5+1","2018-2019","Academic Year","Slough","Local authority","E06000039","Boys","5-6","79","%","80","63"
"Percentage of year 1 pupils meeting the expected standard of phonic decoding","Black","ONS 2011 5+1","2018-2019","Academic Year","Slough","Local authority","E06000039","Girls","5-6","95","%","83","79"
"Percentage of year 1 pupils meeting the expected standard of phonic decoding","Chinese","ONS 2011 18+1","2018-2019","Academic Year","Slough","Local authority","E06000039","All","5-6","100","%","1","1"
"Percentage of year 1 pupils meeting the expected standard of phonic decoding","Chinese","N/A","2018-2019","Academic Year","Slough","Local authority","E06000039","Boys","5-6","N/A","%","N/A","N/A"
"Percentage of year 1 pupils meeting the expected standard of phonic decoding","Chinese","ONS 2011 18+1","2018-2019","Academic Year","Slough","Local authority","E06000039","Girls","5-6","100","%","1","1"
"Percentage of year 1 pupils meeting the expected standard of phonic decoding","Mixed","ONS 2011 5+1","2018-2019","Academic Year","Slough","Local authority","E06000039","All","5-6","86","%","259","223"
"Percentage of year 1 pupils meeting the expected standard of phonic decoding","Mixed","ONS 2011 5+1","2018-2019","Academic Year","Slough","Local authority","E06000039","Boys","5-6","86","%","133","114"
"Percentage of year 1 pupils meeting the expected standard of phonic decoding","Mixed","ONS 2011 5+1","2018-2019","Academic Year","Slough","Local authority","E06000039","Girls","5-6","87","%","126","109"
"Percentage of year 1 pupils meeting the expected standard of phonic decoding","Other","ONS 2011 5+1","2018-2019","Academic Year","Slough","Local authority","E06000039","All","5-6","82","%","74","61"
"Percentage of year 1 pupils meeting the expected standard of phonic decoding","Other","ONS 2011 5+1","2018-2019","Academic Year","Slough","Local authority","E06000039","Boys","5-6","79","%","42","33"
"Percentage of year 1 pupils meeting the expected standard of phonic decoding","Other","ONS 2011 5+1","2018-2019","Academic Year","Slough","Local authority","E06000039","Girls","5-6","88","%","32","28"
"Percentage of year 1 pupils meeting the expected standard of phonic decoding","White","ONS 2011 5+1","2018-2019","Academic Year","Slough","Local authority","E06000039","All","5-6","80","%","667","534"
"Percentage of year 1 pupils meeting the expected standard of phonic decoding","White","ONS 2011 5+1","2018-2019","Academic Year","Slough","Local authority","E06000039","Boys","5-6","77","%","345","265"
"Percentage of year 1 pupils meeting the expected standard of phonic decoding","White","ONS 2011 5+1","2018-2019","Academic Year","Slough","Local authority","E06000039","Girls","5-6","84","%","322","269"
"Percentage of year 1 pupils meeting the expected standard of phonic decoding","All","All","2018-2019","Academic Year","Solihull","Local authority","E08000029","All","5-6","85","%","2785","2372"
"Percentage of year 1 pupils meeting the expected standard of phonic decoding","All","All","2018-2019","Academic Year","Solihull","Local authority","E08000029","Boys","5-6","83","%","1416","1169"
"Percentage of year 1 pupils meeting the expected standard of phonic decoding","All","All","2018-2019","Academic Year","Solihull","Local authority","E08000029","Girls","5-6","88","%","1369","1203"
"Percentage of year 1 pupils meeting the expected standard of phonic decoding","Asian","ONS 2011 5+1","2018-2019","Academic Year","Solihull","Local authority","E08000029","All","5-6","91","%","336","306"
"Percentage of year 1 pupils meeting the expected standard of phonic decoding","Asian","ONS 2011 5+1","2018-2019","Academic Year","Solihull","Local authority","E08000029","Boys","5-6","89","%","185","164"
"Percentage of year 1 pupils meeting the expected standard of phonic decoding","Asian","ONS 2011 5+1","2018-2019","Academic Year","Solihull","Local authority","E08000029","Girls","5-6","94","%","151","142"
"Percentage of year 1 pupils meeting the expected standard of phonic decoding","Black","ONS 2011 5+1","2018-2019","Academic Year","Solihull","Local authority","E08000029","All","5-6","91","%","34","31"
"Percentage of year 1 pupils meeting the expected standard of phonic decoding","Black","ONS 2011 5+1","2018-2019","Academic Year","Solihull","Local authority","E08000029","Boys","5-6","86","%","21","18"
"Percentage of year 1 pupils meeting the expected standard of phonic decoding","Black","ONS 2011 5+1","2018-2019","Academic Year","Solihull","Local authority","E08000029","Girls","5-6","100","%","13","13"
"Percentage of year 1 pupils meeting the expected standard of phonic decoding","Chinese","ONS 2011 18+1","2018-2019","Academic Year","Solihull","Local authority","E08000029","All","5-6","88","%","24","21"
"Percentage of year 1 pupils meeting the expected standard of phonic decoding","Chinese","ONS 2011 18+1","2018-2019","Academic Year","Solihull","Local authority","E08000029","Boys","5-6","80","%","10","8"
"Percentage of year 1 pupils meeting the expected standard of phonic decoding","Chinese","ONS 2011 18+1","2018-2019","Academic Year","Solihull","Local authority","E08000029","Girls","5-6","93","%","14","13"
"Percentage of year 1 pupils meeting the expected standard of phonic decoding","Mixed","ONS 2011 5+1","2018-2019","Academic Year","Solihull","Local authority","E08000029","All","5-6","84","%","237","199"
"Percentage of year 1 pupils meeting the expected standard of phonic decoding","Mixed","ONS 2011 5+1","2018-2019","Academic Year","Solihull","Local authority","E08000029","Boys","5-6","77","%","129","99"
"Percentage of year 1 pupils meeting the expected standard of phonic decoding","Mixed","ONS 2011 5+1","2018-2019","Academic Year","Solihull","Local authority","E08000029","Girls","5-6","93","%","108","100"
"Percentage of year 1 pupils meeting the expected standard of phonic decoding","Other","ONS 2011 5+1","2018-2019","Academic Year","Solihull","Local authority","E08000029","All","5-6","70","%","23","16"
"Percentage of year 1 pupils meeting the expected standard of phonic decoding","Other","ONS 2011 5+1","2018-2019","Academic Year","Solihull","Local authority","E08000029","Boys","5-6","64","%","11","7"
"Percentage of year 1 pupils meeting the expected standard of phonic decoding","Other","ONS 2011 5+1","2018-2019","Academic Year","Solihull","Local authority","E08000029","Girls","5-6","75","%","12","9"
"Percentage of year 1 pupils meeting the expected standard of phonic decoding","White","ONS 2011 5+1","2018-2019","Academic Year","Solihull","Local authority","E08000029","All","5-6","85","%","2082","1767"
"Percentage of year 1 pupils meeting the expected standard of phonic decoding","White","ONS 2011 5+1","2018-2019","Academic Year","Solihull","Local authority","E08000029","Boys","5-6","83","%","1037","857"
"Percentage of year 1 pupils meeting the expected standard of phonic decoding","White","ONS 2011 5+1","2018-2019","Academic Year","Solihull","Local authority","E08000029","Girls","5-6","87","%","1045","910"
"Percentage of year 1 pupils meeting the expected standard of phonic decoding","All","All","2018-2019","Academic Year","Somerset","Local authority","E10000027","All","5-6","81","%","5797","4667"
"Percentage of year 1 pupils meeting the expected standard of phonic decoding","All","All","2018-2019","Academic Year","Somerset","Local authority","E10000027","Boys","5-6","77","%","2949","2279"
"Percentage of year 1 pupils meeting the expected standard of phonic decoding","All","All","2018-2019","Academic Year","Somerset","Local authority","E10000027","Girls","5-6","84","%","2848","2388"
"Percentage of year 1 pupils meeting the expected standard of phonic decoding","Asian","ONS 2011 5+1","2018-2019","Academic Year","Somerset","Local authority","E10000027","All","5-6","86","%","64","55"
"Percentage of year 1 pupils meeting the expected standard of phonic decoding","Asian","ONS 2011 5+1","2018-2019","Academic Year","Somerset","Local authority","E10000027","Boys","5-6","83","%","35","29"
"Percentage of year 1 pupils meeting the expected standard of phonic decoding","Asian","ONS 2011 5+1","2018-2019","Academic Year","Somerset","Local authority","E10000027","Girls","5-6","90","%","29","26"
"Percentage of year 1 pupils meeting the expected standard of phonic decoding","Black","ONS 2011 5+1","2018-2019","Academic Year","Somerset","Local authority","E10000027","All","5-6","88","%","24","21"
"Percentage of year 1 pupils meeting the expected standard of phonic decoding","Black","ONS 2011 5+1","2018-2019","Academic Year","Somerset","Local authority","E10000027","Boys","5-6","85","%","13","11"
"Percentage of year 1 pupils meeting the expected standard of phonic decoding","Black","ONS 2011 5+1","2018-2019","Academic Year","Somerset","Local authority","E10000027","Girls","5-6","91","%","11","10"
"Percentage of year 1 pupils meeting the expected standard of phonic decoding","Chinese","ONS 2011 18+1","2018-2019","Academic Year","Somerset","Local authority","E10000027","All","5-6","100","%","10","10"
"Percentage of year 1 pupils meeting the expected standard of phonic decoding","Chinese","ONS 2011 18+1","2018-2019","Academic Year","Somerset","Local authority","E10000027","Boys","5-6","100","%","9","9"
"Percentage of year 1 pupils meeting the expected standard of phonic decoding","Chinese","ONS 2011 18+1","2018-2019","Academic Year","Somerset","Local authority","E10000027","Girls","5-6","100","%","1","1"
"Percentage of year 1 pupils meeting the expected standard of phonic decoding","Mixed","ONS 2011 5+1","2018-2019","Academic Year","Somerset","Local authority","E10000027","All","5-6","80","%","167","134"
"Percentage of year 1 pupils meeting the expected standard of phonic decoding","Mixed","ONS 2011 5+1","2018-2019","Academic Year","Somerset","Local authority","E10000027","Boys","5-6","77","%","83","64"
"Percentage of year 1 pupils meeting the expected standard of phonic decoding","Mixed","ONS 2011 5+1","2018-2019","Academic Year","Somerset","Local authority","E10000027","Girls","5-6","83","%","84","70"
"Percentage of year 1 pupils meeting the expected standard of phonic decoding","Other","ONS 2011 5+1","2018-2019","Academic Year","Somerset","Local authority","E10000027","All","5-6","67","%","24","16"
"Percentage of year 1 pupils meeting the expected standard of phonic decoding","Other","ONS 2011 5+1","2018-2019","Academic Year","Somerset","Local authority","E10000027","Boys","5-6","56","%","9","5"
"Percentage of year 1 pupils meeting the expected standard of phonic decoding","Other","ONS 2011 5+1","2018-2019","Academic Year","Somerset","Local authority","E10000027","Girls","5-6","73","%","15","11"
"Percentage of year 1 pupils meeting the expected standard of phonic decoding","White","ONS 2011 5+1","2018-2019","Academic Year","Somerset","Local authority","E10000027","All","5-6","81","%","5374","4348"
"Percentage of year 1 pupils meeting the expected standard of phonic decoding","White","ONS 2011 5+1","2018-2019","Academic Year","Somerset","Local authority","E10000027","Boys","5-6","78","%","2733","2122"
"Percentage of year 1 pupils meeting the expected standard of phonic decoding","White","ONS 2011 5+1","2018-2019","Academic Year","Somerset","Local authority","E10000027","Girls","5-6","84","%","2641","2226"
"Percentage of year 1 pupils meeting the expected standard of phonic decoding","All","All","2018-2019","Academic Year","South Gloucestershire","Local authority","E06000025","All","5-6","85","%","3420","2902"
"Percentage of year 1 pupils meeting the expected standard of phonic decoding","All","All","2018-2019","Academic Year","South Gloucestershire","Local authority","E06000025","Boys","5-6","82","%","1718","1416"
"Percentage of year 1 pupils meeting the expected standard of phonic decoding","All","All","2018-2019","Academic Year","South Gloucestershire","Local authority","E06000025","Girls","5-6","87","%","1702","1486"
"Percentage of year 1 pupils meeting the expected standard of phonic decoding","Asian","ONS 2011 5+1","2018-2019","Academic Year","South Gloucestershire","Local authority","E06000025","All","5-6","89","%","138","123"
"Percentage of year 1 pupils meeting the expected standard of phonic decoding","Asian","ONS 2011 5+1","2018-2019","Academic Year","South Gloucestershire","Local authority","E06000025","Boys","5-6","90","%","72","65"
"Percentage of year 1 pupils meeting the expected standard of phonic decoding","Asian","ONS 2011 5+1","2018-2019","Academic Year","South Gloucestershire","Local authority","E06000025","Girls","5-6","88","%","66","58"
"Percentage of year 1 pupils meeting the expected standard of phonic decoding","Black","ONS 2011 5+1","2018-2019","Academic Year","South Gloucestershire","Local authority","E06000025","All","5-6","92","%","53","49"
"Percentage of year 1 pupils meeting the expected standard of phonic decoding","Black","ONS 2011 5+1","2018-2019","Academic Year","South Gloucestershire","Local authority","E06000025","Boys","5-6","88","%","26","23"
"Percentage of year 1 pupils meeting the expected standard of phonic decoding","Black","ONS 2011 5+1","2018-2019","Academic Year","South Gloucestershire","Local authority","E06000025","Girls","5-6","96","%","27","26"
"Percentage of year 1 pupils meeting the expected standard of phonic decoding","Chinese","ONS 2011 18+1","2018-2019","Academic Year","South Gloucestershire","Local authority","E06000025","All","5-6","94","%","18","17"
"Percentage of year 1 pupils meeting the expected standard of phonic decoding","Chinese","ONS 2011 18+1","2018-2019","Academic Year","South Gloucestershire","Local authority","E06000025","Boys","5-6","100","%","8","8"
"Percentage of year 1 pupils meeting the expected standard of phonic decoding","Chinese","ONS 2011 18+1","2018-2019","Academic Year","South Gloucestershire","Local authority","E06000025","Girls","5-6","90","%","10","9"
"Percentage of year 1 pupils meeting the expected standard of phonic decoding","Mixed","ONS 2011 5+1","2018-2019","Academic Year","South Gloucestershire","Local authority","E06000025","All","5-6","88","%","190","167"
"Percentage of year 1 pupils meeting the expected standard of phonic decoding","Mixed","ONS 2011 5+1","2018-2019","Academic Year","South Gloucestershire","Local authority","E06000025","Boys","5-6","84","%","103","87"
"Percentage of year 1 pupils meeting the expected standard of phonic decoding","Mixed","ONS 2011 5+1","2018-2019","Academic Year","South Gloucestershire","Local authority","E06000025","Girls","5-6","92","%","87","80"
"Percentage of year 1 pupils meeting the expected standard of phonic decoding","Other","ONS 2011 5+1","2018-2019","Academic Year","South Gloucestershire","Local authority","E06000025","All","5-6","78","%","27","21"
"Percentage of year 1 pupils meeting the expected standard of phonic decoding","Other","ONS 2011 5+1","2018-2019","Academic Year","South Gloucestershire","Local authority","E06000025","Boys","5-6","69","%","16","11"
"Percentage of year 1 pupils meeting the expected standard of phonic decoding","Other","ONS 2011 5+1","2018-2019","Academic Year","South Gloucestershire","Local authority","E06000025","Girls","5-6","91","%","11","10"
"Percentage of year 1 pupils meeting the expected standard of phonic decoding","White","ONS 2011 5+1","2018-2019","Academic Year","South Gloucestershire","Local authority","E06000025","All","5-6","85","%","2952","2495"
"Percentage of year 1 pupils meeting the expected standard of phonic decoding","White","ONS 2011 5+1","2018-2019","Academic Year","South Gloucestershire","Local authority","E06000025","Boys","5-6","82","%","1471","1206"
"Percentage of year 1 pupils meeting the expected standard of phonic decoding","White","ONS 2011 5+1","2018-2019","Academic Year","South Gloucestershire","Local authority","E06000025","Girls","5-6","87","%","1481","1289"
"Percentage of year 1 pupils meeting the expected standard of phonic decoding","All","All","2018-2019","Academic Year","South Tyneside","Local authority","E08000023","All","5-6","82","%","1681","1382"
"Percentage of year 1 pupils meeting the expected standard of phonic decoding","All","All","2018-2019","Academic Year","South Tyneside","Local authority","E08000023","Boys","5-6","78","%","859","666"
"Percentage of year 1 pupils meeting the expected standard of phonic decoding","All","All","2018-2019","Academic Year","South Tyneside","Local authority","E08000023","Girls","5-6","87","%","822","716"
"Percentage of year 1 pupils meeting the expected standard of phonic decoding","Asian","ONS 2011 5+1","2018-2019","Academic Year","South Tyneside","Local authority","E08000023","All","5-6","78","%","50","39"
"Percentage of year 1 pupils meeting the expected standard of phonic decoding","Asian","ONS 2011 5+1","2018-2019","Academic Year","South Tyneside","Local authority","E08000023","Boys","5-6","68","%","28","19"
"Percentage of year 1 pupils meeting the expected standard of phonic decoding","Asian","ONS 2011 5+1","2018-2019","Academic Year","South Tyneside","Local authority","E08000023","Girls","5-6","91","%","22","20"
"Percentage of year 1 pupils meeting the expected standard of phonic decoding","Black","ONS 2011 5+1","2018-2019","Academic Year","South Tyneside","Local authority","E08000023","All","5-6","67","%","9","6"
"Percentage of year 1 pupils meeting the expected standard of phonic decoding","Black","ONS 2011 5+1","2018-2019","Academic Year","South Tyneside","Local authority","E08000023","Boys","5-6","60","%","5","3"
"Percentage of year 1 pupils meeting the expected standard of phonic decoding","Black","ONS 2011 5+1","2018-2019","Academic Year","South Tyneside","Local authority","E08000023","Girls","5-6","75","%","4","3"
"Percentage of year 1 pupils meeting the expected standard of phonic decoding","Chinese","ONS 2011 18+1","2018-2019","Academic Year","South Tyneside","Local authority","E08000023","All","5-6","100","%","3","3"
"Percentage of year 1 pupils meeting the expected standard of phonic decoding","Chinese","ONS 2011 18+1","2018-2019","Academic Year","South Tyneside","Local authority","E08000023","Boys","5-6","100","%","2","2"
"Percentage of year 1 pupils meeting the expected standard of phonic decoding","Chinese","ONS 2011 18+1","2018-2019","Academic Year","South Tyneside","Local authority","E08000023","Girls","5-6","100","%","1","1"
"Percentage of year 1 pupils meeting the expected standard of phonic decoding","Mixed","ONS 2011 5+1","2018-2019","Academic Year","South Tyneside","Local authority","E08000023","All","5-6","78","%","49","38"
"Percentage of year 1 pupils meeting the expected standard of phonic decoding","Mixed","ONS 2011 5+1","2018-2019","Academic Year","South Tyneside","Local authority","E08000023","Boys","5-6","73","%","26","19"
"Percentage of year 1 pupils meeting the expected standard of phonic decoding","Mixed","ONS 2011 5+1","2018-2019","Academic Year","South Tyneside","Local authority","E08000023","Girls","5-6","83","%","23","19"
"Percentage of year 1 pupils meeting the expected standard of phonic decoding","Other","ONS 2011 5+1","2018-2019","Academic Year","South Tyneside","Local authority","E08000023","All","5-6","78","%","9","7"
"Percentage of year 1 pupils meeting the expected standard of phonic decoding","Other","ONS 2011 5+1","2018-2019","Academic Year","South Tyneside","Local authority","E08000023","Boys","5-6","83","%","6","5"
"Percentage of year 1 pupils meeting the expected standard of phonic decoding","Other","ONS 2011 5+1","2018-2019","Academic Year","South Tyneside","Local authority","E08000023","Girls","5-6","67","%","3","2"
"Percentage of year 1 pupils meeting the expected standard of phonic decoding","White","ONS 2011 5+1","2018-2019","Academic Year","South Tyneside","Local authority","E08000023","All","5-6","83","%","1540","1278"
"Percentage of year 1 pupils meeting the expected standard of phonic decoding","White","ONS 2011 5+1","2018-2019","Academic Year","South Tyneside","Local authority","E08000023","Boys","5-6","78","%","784","615"
"Percentage of year 1 pupils meeting the expected standard of phonic decoding","White","ONS 2011 5+1","2018-2019","Academic Year","South Tyneside","Local authority","E08000023","Girls","5-6","88","%","756","663"
"Percentage of year 1 pupils meeting the expected standard of phonic decoding","All","All","2018-2019","Academic Year","Southampton","Local authority","E06000045","All","5-6","82","%","2892","2373"
"Percentage of year 1 pupils meeting the expected standard of phonic decoding","All","All","2018-2019","Academic Year","Southampton","Local authority","E06000045","Boys","5-6","78","%","1481","1158"
"Percentage of year 1 pupils meeting the expected standard of phonic decoding","All","All","2018-2019","Academic Year","Southampton","Local authority","E06000045","Girls","5-6","86","%","1411","1215"
"Percentage of year 1 pupils meeting the expected standard of phonic decoding","Asian","ONS 2011 5+1","2018-2019","Academic Year","Southampton","Local authority","E06000045","All","5-6","87","%","363","314"
"Percentage of year 1 pupils meeting the expected standard of phonic decoding","Asian","ONS 2011 5+1","2018-2019","Academic Year","Southampton","Local authority","E06000045","Boys","5-6","84","%","188","158"
"Percentage of year 1 pupils meeting the expected standard of phonic decoding","Asian","ONS 2011 5+1","2018-2019","Academic Year","Southampton","Local authority","E06000045","Girls","5-6","89","%","175","156"
"Percentage of year 1 pupils meeting the expected standard of phonic decoding","Black","ONS 2011 5+1","2018-2019","Academic Year","Southampton","Local authority","E06000045","All","5-6","83","%","106","88"
"Percentage of year 1 pupils meeting the expected standard of phonic decoding","Black","ONS 2011 5+1","2018-2019","Academic Year","Southampton","Local authority","E06000045","Boys","5-6","76","%","49","37"
"Percentage of year 1 pupils meeting the expected standard of phonic decoding","Black","ONS 2011 5+1","2018-2019","Academic Year","Southampton","Local authority","E06000045","Girls","5-6","89","%","57","51"
"Percentage of year 1 pupils meeting the expected standard of phonic decoding","Chinese","ONS 2011 18+1","2018-2019","Academic Year","Southampton","Local authority","E06000045","All","5-6","100","%","16","16"
"Percentage of year 1 pupils meeting the expected standard of phonic decoding","Chinese","ONS 2011 18+1","2018-2019","Academic Year","Southampton","Local authority","E06000045","Boys","5-6","100","%","5","5"
"Percentage of year 1 pupils meeting the expected standard of phonic decoding","Chinese","ONS 2011 18+1","2018-2019","Academic Year","Southampton","Local authority","E06000045","Girls","5-6","100","%","11","11"
"Percentage of year 1 pupils meeting the expected standard of phonic decoding","Mixed","ONS 2011 5+1","2018-2019","Academic Year","Southampton","Local authority","E06000045","All","5-6","84","%","207","174"
"Percentage of year 1 pupils meeting the expected standard of phonic decoding","Mixed","ONS 2011 5+1","2018-2019","Academic Year","Southampton","Local authority","E06000045","Boys","5-6","82","%","112","92"
"Percentage of year 1 pupils meeting the expected standard of phonic decoding","Mixed","ONS 2011 5+1","2018-2019","Academic Year","Southampton","Local authority","E06000045","Girls","5-6","86","%","95","82"
"Percentage of year 1 pupils meeting the expected standard of phonic decoding","Other","ONS 2011 5+1","2018-2019","Academic Year","Southampton","Local authority","E06000045","All","5-6","79","%","63","50"
"Percentage of year 1 pupils meeting the expected standard of phonic decoding","Other","ONS 2011 5+1","2018-2019","Academic Year","Southampton","Local authority","E06000045","Boys","5-6","81","%","31","25"
"Percentage of year 1 pupils meeting the expected standard of phonic decoding","Other","ONS 2011 5+1","2018-2019","Academic Year","Southampton","Local authority","E06000045","Girls","5-6","78","%","32","25"
"Percentage of year 1 pupils meeting the expected standard of phonic decoding","White","ONS 2011 5+1","2018-2019","Academic Year","Southampton","Local authority","E06000045","All","5-6","81","%","2086","1698"
"Percentage of year 1 pupils meeting the expected standard of phonic decoding","White","ONS 2011 5+1","2018-2019","Academic Year","Southampton","Local authority","E06000045","Boys","5-6","77","%","1072","823"
"Percentage of year 1 pupils meeting the expected standard of phonic decoding","White","ONS 2011 5+1","2018-2019","Academic Year","Southampton","Local authority","E06000045","Girls","5-6","86","%","1014","875"
"Percentage of year 1 pupils meeting the expected standard of phonic decoding","All","All","2018-2019","Academic Year","Southend-on-Sea","Local authority","E06000033","All","5-6","83","%","2117","1749"
"Percentage of year 1 pupils meeting the expected standard of phonic decoding","All","All","2018-2019","Academic Year","Southend-on-Sea","Local authority","E06000033","Boys","5-6","80","%","1089","868"
"Percentage of year 1 pupils meeting the expected standard of phonic decoding","All","All","2018-2019","Academic Year","Southend-on-Sea","Local authority","E06000033","Girls","5-6","86","%","1028","881"
"Percentage of year 1 pupils meeting the expected standard of phonic decoding","Asian","ONS 2011 5+1","2018-2019","Academic Year","Southend-on-Sea","Local authority","E06000033","All","5-6","90","%","124","111"
"Percentage of year 1 pupils meeting the expected standard of phonic decoding","Asian","ONS 2011 5+1","2018-2019","Academic Year","Southend-on-Sea","Local authority","E06000033","Boys","5-6","86","%","50","43"
"Percentage of year 1 pupils meeting the expected standard of phonic decoding","Asian","ONS 2011 5+1","2018-2019","Academic Year","Southend-on-Sea","Local authority","E06000033","Girls","5-6","92","%","74","68"
"Percentage of year 1 pupils meeting the expected standard of phonic decoding","Black","ONS 2011 5+1","2018-2019","Academic Year","Southend-on-Sea","Local authority","E06000033","All","5-6","86","%","65","56"
"Percentage of year 1 pupils meeting the expected standard of phonic decoding","Black","ONS 2011 5+1","2018-2019","Academic Year","Southend-on-Sea","Local authority","E06000033","Boys","5-6","87","%","38","33"
"Percentage of year 1 pupils meeting the expected standard of phonic decoding","Black","ONS 2011 5+1","2018-2019","Academic Year","Southend-on-Sea","Local authority","E06000033","Girls","5-6","85","%","27","23"
"Percentage of year 1 pupils meeting the expected standard of phonic decoding","Chinese","ONS 2011 18+1","2018-2019","Academic Year","Southend-on-Sea","Local authority","E06000033","All","5-6","100","%","8","8"
"Percentage of year 1 pupils meeting the expected standard of phonic decoding","Chinese","ONS 2011 18+1","2018-2019","Academic Year","Southend-on-Sea","Local authority","E06000033","Boys","5-6","100","%","2","2"
"Percentage of year 1 pupils meeting the expected standard of phonic decoding","Chinese","ONS 2011 18+1","2018-2019","Academic Year","Southend-on-Sea","Local authority","E06000033","Girls","5-6","100","%","6","6"
"Percentage of year 1 pupils meeting the expected standard of phonic decoding","Mixed","ONS 2011 5+1","2018-2019","Academic Year","Southend-on-Sea","Local authority","E06000033","All","5-6","83","%","162","134"
"Percentage of year 1 pupils meeting the expected standard of phonic decoding","Mixed","ONS 2011 5+1","2018-2019","Academic Year","Southend-on-Sea","Local authority","E06000033","Boys","5-6","78","%","87","68"
"Percentage of year 1 pupils meeting the expected standard of phonic decoding","Mixed","ONS 2011 5+1","2018-2019","Academic Year","Southend-on-Sea","Local authority","E06000033","Girls","5-6","88","%","75","66"
"Percentage of year 1 pupils meeting the expected standard of phonic decoding","Other","ONS 2011 5+1","2018-2019","Academic Year","Southend-on-Sea","Local authority","E06000033","All","5-6","92","%","12","11"
"Percentage of year 1 pupils meeting the expected standard of phonic decoding","Other","ONS 2011 5+1","2018-2019","Academic Year","Southend-on-Sea","Local authority","E06000033","Boys","5-6","86","%","7","6"
"Percentage of year 1 pupils meeting the expected standard of phonic decoding","Other","ONS 2011 5+1","2018-2019","Academic Year","Southend-on-Sea","Local authority","E06000033","Girls","5-6","100","%","5","5"
"Percentage of year 1 pupils meeting the expected standard of phonic decoding","White","ONS 2011 5+1","2018-2019","Academic Year","Southend-on-Sea","Local authority","E06000033","All","5-6","82","%","1704","1400"
"Percentage of year 1 pupils meeting the expected standard of phonic decoding","White","ONS 2011 5+1","2018-2019","Academic Year","Southend-on-Sea","Local authority","E06000033","Boys","5-6","80","%","885","706"
"Percentage of year 1 pupils meeting the expected standard of phonic decoding","White","ONS 2011 5+1","2018-2019","Academic Year","Southend-on-Sea","Local authority","E06000033","Girls","5-6","85","%","819","694"
"Percentage of year 1 pupils meeting the expected standard of phonic decoding","All","All","2018-2019","Academic Year","Southwark","Local authority","E09000028","All","5-6","84","%","3280","2768"
"Percentage of year 1 pupils meeting the expected standard of phonic decoding","All","All","2018-2019","Academic Year","Southwark","Local authority","E09000028","Boys","5-6","82","%","1622","1327"
"Percentage of year 1 pupils meeting the expected standard of phonic decoding","All","All","2018-2019","Academic Year","Southwark","Local authority","E09000028","Girls","5-6","87","%","1658","1441"
"Percentage of year 1 pupils meeting the expected standard of phonic decoding","Asian","ONS 2011 5+1","2018-2019","Academic Year","Southwark","Local authority","E09000028","All","5-6","88","%","174","153"
"Percentage of year 1 pupils meeting the expected standard of phonic decoding","Asian","ONS 2011 5+1","2018-2019","Academic Year","Southwark","Local authority","E09000028","Boys","5-6","85","%","89","76"
"Percentage of year 1 pupils meeting the expected standard of phonic decoding","Asian","ONS 2011 5+1","2018-2019","Academic Year","Southwark","Local authority","E09000028","Girls","5-6","91","%","85","77"
"Percentage of year 1 pupils meeting the expected standard of phonic decoding","Black","ONS 2011 5+1","2018-2019","Academic Year","Southwark","Local authority","E09000028","All","5-6","84","%","1195","1004"
"Percentage of year 1 pupils meeting the expected standard of phonic decoding","Black","ONS 2011 5+1","2018-2019","Academic Year","Southwark","Local authority","E09000028","Boys","5-6","80","%","586","469"
"Percentage of year 1 pupils meeting the expected standard of phonic decoding","Black","ONS 2011 5+1","2018-2019","Academic Year","Southwark","Local authority","E09000028","Girls","5-6","88","%","609","535"
"Percentage of year 1 pupils meeting the expected standard of phonic decoding","Chinese","ONS 2011 18+1","2018-2019","Academic Year","Southwark","Local authority","E09000028","All","5-6","96","%","53","51"
"Percentage of year 1 pupils meeting the expected standard of phonic decoding","Chinese","ONS 2011 18+1","2018-2019","Academic Year","Southwark","Local authority","E09000028","Boys","5-6","100","%","26","26"
"Percentage of year 1 pupils meeting the expected standard of phonic decoding","Chinese","ONS 2011 18+1","2018-2019","Academic Year","Southwark","Local authority","E09000028","Girls","5-6","93","%","27","25"
"Percentage of year 1 pupils meeting the expected standard of phonic decoding","Mixed","ONS 2011 5+1","2018-2019","Academic Year","Southwark","Local authority","E09000028","All","5-6","82","%","427","350"
"Percentage of year 1 pupils meeting the expected standard of phonic decoding","Mixed","ONS 2011 5+1","2018-2019","Academic Year","Southwark","Local authority","E09000028","Boys","5-6","79","%","219","174"
"Percentage of year 1 pupils meeting the expected standard of phonic decoding","Mixed","ONS 2011 5+1","2018-2019","Academic Year","Southwark","Local authority","E09000028","Girls","5-6","85","%","208","176"
"Percentage of year 1 pupils meeting the expected standard of phonic decoding","Other","ONS 2011 5+1","2018-2019","Academic Year","Southwark","Local authority","E09000028","All","5-6","77","%","221","171"
"Percentage of year 1 pupils meeting the expected standard of phonic decoding","Other","ONS 2011 5+1","2018-2019","Academic Year","Southwark","Local authority","E09000028","Boys","5-6","75","%","101","76"
"Percentage of year 1 pupils meeting the expected standard of phonic decoding","Other","ONS 2011 5+1","2018-2019","Academic Year","Southwark","Local authority","E09000028","Girls","5-6","79","%","120","95"
"Percentage of year 1 pupils meeting the expected standard of phonic decoding","White","ONS 2011 5+1","2018-2019","Academic Year","Southwark","Local authority","E09000028","All","5-6","87","%","1098","956"
"Percentage of year 1 pupils meeting the expected standard of phonic decoding","White","ONS 2011 5+1","2018-2019","Academic Year","Southwark","Local authority","E09000028","Boys","5-6","85","%","549","469"
"Percentage of year 1 pupils meeting the expected standard of phonic decoding","White","ONS 2011 5+1","2018-2019","Academic Year","Southwark","Local authority","E09000028","Girls","5-6","89","%","549","487"
"Percentage of year 1 pupils meeting the expected standard of phonic decoding","All","All","2018-2019","Academic Year","St. Helens","Local authority","E08000013","All","5-6","82","%","2109","1721"
"Percentage of year 1 pupils meeting the expected standard of phonic decoding","All","All","2018-2019","Academic Year","St. Helens","Local authority","E08000013","Boys","5-6","78","%","1093","854"
"Percentage of year 1 pupils meeting the expected standard of phonic decoding","All","All","2018-2019","Academic Year","St. Helens","Local authority","E08000013","Girls","5-6","85","%","1016","867"
"Percentage of year 1 pupils meeting the expected standard of phonic decoding","Asian","ONS 2011 5+1","2018-2019","Academic Year","St. Helens","Local authority","E08000013","All","5-6","85","%","26","22"
"Percentage of year 1 pupils meeting the expected standard of phonic decoding","Asian","ONS 2011 5+1","2018-2019","Academic Year","St. Helens","Local authority","E08000013","Boys","5-6","85","%","13","11"
"Percentage of year 1 pupils meeting the expected standard of phonic decoding","Asian","ONS 2011 5+1","2018-2019","Academic Year","St. Helens","Local authority","E08000013","Girls","5-6","85","%","13","11"
"Percentage of year 1 pupils meeting the expected standard of phonic decoding","Black","ONS 2011 5+1","2018-2019","Academic Year","St. Helens","Local authority","E08000013","All","5-6","83","%","6","5"
"Percentage of year 1 pupils meeting the expected standard of phonic decoding","Black","ONS 2011 5+1","2018-2019","Academic Year","St. Helens","Local authority","E08000013","Boys","5-6","67","%","3","2"
"Percentage of year 1 pupils meeting the expected standard of phonic decoding","Black","ONS 2011 5+1","2018-2019","Academic Year","St. Helens","Local authority","E08000013","Girls","5-6","100","%","3","3"
"Percentage of year 1 pupils meeting the expected standard of phonic decoding","Chinese","ONS 2011 18+1","2018-2019","Academic Year","St. Helens","Local authority","E08000013","All","5-6","100","%","4","4"
"Percentage of year 1 pupils meeting the expected standard of phonic decoding","Chinese","ONS 2011 18+1","2018-2019","Academic Year","St. Helens","Local authority","E08000013","Boys","5-6","100","%","3","3"
"Percentage of year 1 pupils meeting the expected standard of phonic decoding","Chinese","ONS 2011 18+1","2018-2019","Academic Year","St. Helens","Local authority","E08000013","Girls","5-6","100","%","1","1"
"Percentage of year 1 pupils meeting the expected standard of phonic decoding","Mixed","ONS 2011 5+1","2018-2019","Academic Year","St. Helens","Local authority","E08000013","All","5-6","97","%","37","36"
"Percentage of year 1 pupils meeting the expected standard of phonic decoding","Mixed","ONS 2011 5+1","2018-2019","Academic Year","St. Helens","Local authority","E08000013","Boys","5-6","100","%","21","21"
"Percentage of year 1 pupils meeting the expected standard of phonic decoding","Mixed","ONS 2011 5+1","2018-2019","Academic Year","St. Helens","Local authority","E08000013","Girls","5-6","94","%","16","15"
"Percentage of year 1 pupils meeting the expected standard of phonic decoding","Other","ONS 2011 5+1","2018-2019","Academic Year","St. Helens","Local authority","E08000013","All","5-6","82","%","17","14"
"Percentage of year 1 pupils meeting the expected standard of phonic decoding","Other","ONS 2011 5+1","2018-2019","Academic Year","St. Helens","Local authority","E08000013","Boys","5-6","83","%","12","10"
"Percentage of year 1 pupils meeting the expected standard of phonic decoding","Other","ONS 2011 5+1","2018-2019","Academic Year","St. Helens","Local authority","E08000013","Girls","5-6","80","%","5","4"
"Percentage of year 1 pupils meeting the expected standard of phonic decoding","White","ONS 2011 5+1","2018-2019","Academic Year","St. Helens","Local authority","E08000013","All","5-6","81","%","2011","1636"
"Percentage of year 1 pupils meeting the expected standard of phonic decoding","White","ONS 2011 5+1","2018-2019","Academic Year","St. Helens","Local authority","E08000013","Boys","5-6","78","%","1039","806"
"Percentage of year 1 pupils meeting the expected standard of phonic decoding","White","ONS 2011 5+1","2018-2019","Academic Year","St. Helens","Local authority","E08000013","Girls","5-6","85","%","972","830"
"Percentage of year 1 pupils meeting the expected standard of phonic decoding","All","All","2018-2019","Academic Year","Staffordshire","Local authority","E10000028","All","5-6","84","%","9650","8068"
"Percentage of year 1 pupils meeting the expected standard of phonic decoding","All","All","2018-2019","Academic Year","Staffordshire","Local authority","E10000028","Boys","5-6","79","%","5006","3977"
"Percentage of year 1 pupils meeting the expected standard of phonic decoding","All","All","2018-2019","Academic Year","Staffordshire","Local authority","E10000028","Girls","5-6","88","%","4644","4091"
"Percentage of year 1 pupils meeting the expected standard of phonic decoding","Asian","ONS 2011 5+1","2018-2019","Academic Year","Staffordshire","Local authority","E10000028","All","5-6","84","%","407","340"
"Percentage of year 1 pupils meeting the expected standard of phonic decoding","Asian","ONS 2011 5+1","2018-2019","Academic Year","Staffordshire","Local authority","E10000028","Boys","5-6","75","%","217","163"
"Percentage of year 1 pupils meeting the expected standard of phonic decoding","Asian","ONS 2011 5+1","2018-2019","Academic Year","Staffordshire","Local authority","E10000028","Girls","5-6","93","%","190","177"
"Percentage of year 1 pupils meeting the expected standard of phonic decoding","Black","ONS 2011 5+1","2018-2019","Academic Year","Staffordshire","Local authority","E10000028","All","5-6","79","%","58","46"
"Percentage of year 1 pupils meeting the expected standard of phonic decoding","Black","ONS 2011 5+1","2018-2019","Academic Year","Staffordshire","Local authority","E10000028","Boys","5-6","71","%","34","24"
"Percentage of year 1 pupils meeting the expected standard of phonic decoding","Black","ONS 2011 5+1","2018-2019","Academic Year","Staffordshire","Local authority","E10000028","Girls","5-6","92","%","24","22"
"Percentage of year 1 pupils meeting the expected standard of phonic decoding","Chinese","ONS 2011 18+1","2018-2019","Academic Year","Staffordshire","Local authority","E10000028","All","5-6","87","%","38","33"
"Percentage of year 1 pupils meeting the expected standard of phonic decoding","Chinese","ONS 2011 18+1","2018-2019","Academic Year","Staffordshire","Local authority","E10000028","Boys","5-6","88","%","16","14"
"Percentage of year 1 pupils meeting the expected standard of phonic decoding","Chinese","ONS 2011 18+1","2018-2019","Academic Year","Staffordshire","Local authority","E10000028","Girls","5-6","86","%","22","19"
"Percentage of year 1 pupils meeting the expected standard of phonic decoding","Mixed","ONS 2011 5+1","2018-2019","Academic Year","Staffordshire","Local authority","E10000028","All","5-6","84","%","387","326"
"Percentage of year 1 pupils meeting the expected standard of phonic decoding","Mixed","ONS 2011 5+1","2018-2019","Academic Year","Staffordshire","Local authority","E10000028","Boys","5-6","80","%","219","176"
"Percentage of year 1 pupils meeting the expected standard of phonic decoding","Mixed","ONS 2011 5+1","2018-2019","Academic Year","Staffordshire","Local authority","E10000028","Girls","5-6","89","%","168","150"
"Percentage of year 1 pupils meeting the expected standard of phonic decoding","Other","ONS 2011 5+1","2018-2019","Academic Year","Staffordshire","Local authority","E10000028","All","5-6","76","%","71","54"
"Percentage of year 1 pupils meeting the expected standard of phonic decoding","Other","ONS 2011 5+1","2018-2019","Academic Year","Staffordshire","Local authority","E10000028","Boys","5-6","74","%","42","31"
"Percentage of year 1 pupils meeting the expected standard of phonic decoding","Other","ONS 2011 5+1","2018-2019","Academic Year","Staffordshire","Local authority","E10000028","Girls","5-6","79","%","29","23"
"Percentage of year 1 pupils meeting the expected standard of phonic decoding","White","ONS 2011 5+1","2018-2019","Academic Year","Staffordshire","Local authority","E10000028","All","5-6","84","%","8618","7224"
"Percentage of year 1 pupils meeting the expected standard of phonic decoding","White","ONS 2011 5+1","2018-2019","Academic Year","Staffordshire","Local authority","E10000028","Boys","5-6","80","%","4440","3544"
"Percentage of year 1 pupils meeting the expected standard of phonic decoding","White","ONS 2011 5+1","2018-2019","Academic Year","Staffordshire","Local authority","E10000028","Girls","5-6","88","%","4178","3680"
"Percentage of year 1 pupils meeting the expected standard of phonic decoding","All","All","2018-2019","Academic Year","Stockport","Local authority","E08000007","All","5-6","82","%","3578","2944"
"Percentage of year 1 pupils meeting the expected standard of phonic decoding","All","All","2018-2019","Academic Year","Stockport","Local authority","E08000007","Boys","5-6","80","%","1848","1472"
"Percentage of year 1 pupils meeting the expected standard of phonic decoding","All","All","2018-2019","Academic Year","Stockport","Local authority","E08000007","Girls","5-6","85","%","1730","1472"
"Percentage of year 1 pupils meeting the expected standard of phonic decoding","Asian","ONS 2011 5+1","2018-2019","Academic Year","Stockport","Local authority","E08000007","All","5-6","82","%","254","209"
"Percentage of year 1 pupils meeting the expected standard of phonic decoding","Asian","ONS 2011 5+1","2018-2019","Academic Year","Stockport","Local authority","E08000007","Boys","5-6","81","%","124","101"
"Percentage of year 1 pupils meeting the expected standard of phonic decoding","Asian","ONS 2011 5+1","2018-2019","Academic Year","Stockport","Local authority","E08000007","Girls","5-6","83","%","130","108"
"Percentage of year 1 pupils meeting the expected standard of phonic decoding","Black","ONS 2011 5+1","2018-2019","Academic Year","Stockport","Local authority","E08000007","All","5-6","79","%","52","41"
"Percentage of year 1 pupils meeting the expected standard of phonic decoding","Black","ONS 2011 5+1","2018-2019","Academic Year","Stockport","Local authority","E08000007","Boys","5-6","75","%","20","15"
"Percentage of year 1 pupils meeting the expected standard of phonic decoding","Black","ONS 2011 5+1","2018-2019","Academic Year","Stockport","Local authority","E08000007","Girls","5-6","81","%","32","26"
"Percentage of year 1 pupils meeting the expected standard of phonic decoding","Chinese","ONS 2011 18+1","2018-2019","Academic Year","Stockport","Local authority","E08000007","All","5-6","94","%","18","17"
"Percentage of year 1 pupils meeting the expected standard of phonic decoding","Chinese","ONS 2011 18+1","2018-2019","Academic Year","Stockport","Local authority","E08000007","Boys","5-6","100","%","7","7"
"Percentage of year 1 pupils meeting the expected standard of phonic decoding","Chinese","ONS 2011 18+1","2018-2019","Academic Year","Stockport","Local authority","E08000007","Girls","5-6","91","%","11","10"
"Percentage of year 1 pupils meeting the expected standard of phonic decoding","Mixed","ONS 2011 5+1","2018-2019","Academic Year","Stockport","Local authority","E08000007","All","5-6","80","%","220","176"
"Percentage of year 1 pupils meeting the expected standard of phonic decoding","Mixed","ONS 2011 5+1","2018-2019","Academic Year","Stockport","Local authority","E08000007","Boys","5-6","78","%","112","87"
"Percentage of year 1 pupils meeting the expected standard of phonic decoding","Mixed","ONS 2011 5+1","2018-2019","Academic Year","Stockport","Local authority","E08000007","Girls","5-6","82","%","108","89"
"Percentage of year 1 pupils meeting the expected standard of phonic decoding","Other","ONS 2011 5+1","2018-2019","Academic Year","Stockport","Local authority","E08000007","All","5-6","81","%","36","29"
"Percentage of year 1 pupils meeting the expected standard of phonic decoding","Other","ONS 2011 5+1","2018-2019","Academic Year","Stockport","Local authority","E08000007","Boys","5-6","68","%","19","13"
"Percentage of year 1 pupils meeting the expected standard of phonic decoding","Other","ONS 2011 5+1","2018-2019","Academic Year","Stockport","Local authority","E08000007","Girls","5-6","94","%","17","16"
"Percentage of year 1 pupils meeting the expected standard of phonic decoding","White","ONS 2011 5+1","2018-2019","Academic Year","Stockport","Local authority","E08000007","All","5-6","82","%","2954","2437"
"Percentage of year 1 pupils meeting the expected standard of phonic decoding","White","ONS 2011 5+1","2018-2019","Academic Year","Stockport","Local authority","E08000007","Boys","5-6","80","%","1543","1231"
"Percentage of year 1 pupils meeting the expected standard of phonic decoding","White","ONS 2011 5+1","2018-2019","Academic Year","Stockport","Local authority","E08000007","Girls","5-6","85","%","1411","1206"
"Percentage of year 1 pupils meeting the expected standard of phonic decoding","All","All","2018-2019","Academic Year","Stockton-on-Tees","Local authority","E06000004","All","5-6","84","%","2492","2084"
"Percentage of year 1 pupils meeting the expected standard of phonic decoding","All","All","2018-2019","Academic Year","Stockton-on-Tees","Local authority","E06000004","Boys","5-6","81","%","1312","1060"
"Percentage of year 1 pupils meeting the expected standard of phonic decoding","All","All","2018-2019","Academic Year","Stockton-on-Tees","Local authority","E06000004","Girls","5-6","87","%","1180","1024"
"Percentage of year 1 pupils meeting the expected standard of phonic decoding","Asian","ONS 2011 5+1","2018-2019","Academic Year","Stockton-on-Tees","Local authority","E06000004","All","5-6","84","%","117","98"
"Percentage of year 1 pupils meeting the expected standard of phonic decoding","Asian","ONS 2011 5+1","2018-2019","Academic Year","Stockton-on-Tees","Local authority","E06000004","Boys","5-6","75","%","65","49"
"Percentage of year 1 pupils meeting the expected standard of phonic decoding","Asian","ONS 2011 5+1","2018-2019","Academic Year","Stockton-on-Tees","Local authority","E06000004","Girls","5-6","94","%","52","49"
"Percentage of year 1 pupils meeting the expected standard of phonic decoding","Black","ONS 2011 5+1","2018-2019","Academic Year","Stockton-on-Tees","Local authority","E06000004","All","5-6","87","%","30","26"
"Percentage of year 1 pupils meeting the expected standard of phonic decoding","Black","ONS 2011 5+1","2018-2019","Academic Year","Stockton-on-Tees","Local authority","E06000004","Boys","5-6","67","%","12","8"
"Percentage of year 1 pupils meeting the expected standard of phonic decoding","Black","ONS 2011 5+1","2018-2019","Academic Year","Stockton-on-Tees","Local authority","E06000004","Girls","5-6","100","%","18","18"
"Percentage of year 1 pupils meeting the expected standard of phonic decoding","Chinese","ONS 2011 18+1","2018-2019","Academic Year","Stockton-on-Tees","Local authority","E06000004","All","5-6","100","%","12","12"
"Percentage of year 1 pupils meeting the expected standard of phonic decoding","Chinese","ONS 2011 18+1","2018-2019","Academic Year","Stockton-on-Tees","Local authority","E06000004","Boys","5-6","100","%","7","7"
"Percentage of year 1 pupils meeting the expected standard of phonic decoding","Chinese","ONS 2011 18+1","2018-2019","Academic Year","Stockton-on-Tees","Local authority","E06000004","Girls","5-6","100","%","5","5"
"Percentage of year 1 pupils meeting the expected standard of phonic decoding","Mixed","ONS 2011 5+1","2018-2019","Academic Year","Stockton-on-Tees","Local authority","E06000004","All","5-6","86","%","85","73"
"Percentage of year 1 pupils meeting the expected standard of phonic decoding","Mixed","ONS 2011 5+1","2018-2019","Academic Year","Stockton-on-Tees","Local authority","E06000004","Boys","5-6","84","%","51","43"
"Percentage of year 1 pupils meeting the expected standard of phonic decoding","Mixed","ONS 2011 5+1","2018-2019","Academic Year","Stockton-on-Tees","Local authority","E06000004","Girls","5-6","88","%","34","30"
"Percentage of year 1 pupils meeting the expected standard of phonic decoding","Other","ONS 2011 5+1","2018-2019","Academic Year","Stockton-on-Tees","Local authority","E06000004","All","5-6","72","%","18","13"
"Percentage of year 1 pupils meeting the expected standard of phonic decoding","Other","ONS 2011 5+1","2018-2019","Academic Year","Stockton-on-Tees","Local authority","E06000004","Boys","5-6","60","%","10","6"
"Percentage of year 1 pupils meeting the expected standard of phonic decoding","Other","ONS 2011 5+1","2018-2019","Academic Year","Stockton-on-Tees","Local authority","E06000004","Girls","5-6","88","%","8","7"
"Percentage of year 1 pupils meeting the expected standard of phonic decoding","White","ONS 2011 5+1","2018-2019","Academic Year","Stockton-on-Tees","Local authority","E06000004","All","5-6","84","%","2208","1846"
"Percentage of year 1 pupils meeting the expected standard of phonic decoding","White","ONS 2011 5+1","2018-2019","Academic Year","Stockton-on-Tees","Local authority","E06000004","Boys","5-6","81","%","1157","940"
"Percentage of year 1 pupils meeting the expected standard of phonic decoding","White","ONS 2011 5+1","2018-2019","Academic Year","Stockton-on-Tees","Local authority","E06000004","Girls","5-6","86","%","1051","906"
"Percentage of year 1 pupils meeting the expected standard of phonic decoding","All","All","2018-2019","Academic Year","Stoke-on-Trent","Local authority","E06000021","All","5-6","78","%","3312","2568"
"Percentage of year 1 pupils meeting the expected standard of phonic decoding","All","All","2018-2019","Academic Year","Stoke-on-Trent","Local authority","E06000021","Boys","5-6","74","%","1716","1263"
"Percentage of year 1 pupils meeting the expected standard of phonic decoding","All","All","2018-2019","Academic Year","Stoke-on-Trent","Local authority","E06000021","Girls","5-6","82","%","1596","1305"
"Percentage of year 1 pupils meeting the expected standard of phonic decoding","Asian","ONS 2011 5+1","2018-2019","Academic Year","Stoke-on-Trent","Local authority","E06000021","All","5-6","80","%","502","404"
"Percentage of year 1 pupils meeting the expected standard of phonic decoding","Asian","ONS 2011 5+1","2018-2019","Academic Year","Stoke-on-Trent","Local authority","E06000021","Boys","5-6","75","%","264","197"
"Percentage of year 1 pupils meeting the expected standard of phonic decoding","Asian","ONS 2011 5+1","2018-2019","Academic Year","Stoke-on-Trent","Local authority","E06000021","Girls","5-6","87","%","238","207"
"Percentage of year 1 pupils meeting the expected standard of phonic decoding","Black","ONS 2011 5+1","2018-2019","Academic Year","Stoke-on-Trent","Local authority","E06000021","All","5-6","84","%","113","95"
"Percentage of year 1 pupils meeting the expected standard of phonic decoding","Black","ONS 2011 5+1","2018-2019","Academic Year","Stoke-on-Trent","Local authority","E06000021","Boys","5-6","81","%","58","47"
"Percentage of year 1 pupils meeting the expected standard of phonic decoding","Black","ONS 2011 5+1","2018-2019","Academic Year","Stoke-on-Trent","Local authority","E06000021","Girls","5-6","87","%","55","48"
"Percentage of year 1 pupils meeting the expected standard of phonic decoding","Chinese","ONS 2011 18+1","2018-2019","Academic Year","Stoke-on-Trent","Local authority","E06000021","All","5-6","100","%","17","17"
"Percentage of year 1 pupils meeting the expected standard of phonic decoding","Chinese","ONS 2011 18+1","2018-2019","Academic Year","Stoke-on-Trent","Local authority","E06000021","Boys","5-6","100","%","8","8"
"Percentage of year 1 pupils meeting the expected standard of phonic decoding","Chinese","ONS 2011 18+1","2018-2019","Academic Year","Stoke-on-Trent","Local authority","E06000021","Girls","5-6","100","%","9","9"
"Percentage of year 1 pupils meeting the expected standard of phonic decoding","Mixed","ONS 2011 5+1","2018-2019","Academic Year","Stoke-on-Trent","Local authority","E06000021","All","5-6","78","%","189","147"
"Percentage of year 1 pupils meeting the expected standard of phonic decoding","Mixed","ONS 2011 5+1","2018-2019","Academic Year","Stoke-on-Trent","Local authority","E06000021","Boys","5-6","72","%","86","62"
"Percentage of year 1 pupils meeting the expected standard of phonic decoding","Mixed","ONS 2011 5+1","2018-2019","Academic Year","Stoke-on-Trent","Local authority","E06000021","Girls","5-6","83","%","103","85"
"Percentage of year 1 pupils meeting the expected standard of phonic decoding","Other","ONS 2011 5+1","2018-2019","Academic Year","Stoke-on-Trent","Local authority","E06000021","All","5-6","59","%","81","48"
"Percentage of year 1 pupils meeting the expected standard of phonic decoding","Other","ONS 2011 5+1","2018-2019","Academic Year","Stoke-on-Trent","Local authority","E06000021","Boys","5-6","53","%","43","23"
"Percentage of year 1 pupils meeting the expected standard of phonic decoding","Other","ONS 2011 5+1","2018-2019","Academic Year","Stoke-on-Trent","Local authority","E06000021","Girls","5-6","66","%","38","25"
"Percentage of year 1 pupils meeting the expected standard of phonic decoding","White","ONS 2011 5+1","2018-2019","Academic Year","Stoke-on-Trent","Local authority","E06000021","All","5-6","78","%","2373","1842"
"Percentage of year 1 pupils meeting the expected standard of phonic decoding","White","ONS 2011 5+1","2018-2019","Academic Year","Stoke-on-Trent","Local authority","E06000021","Boys","5-6","74","%","1239","919"
"Percentage of year 1 pupils meeting the expected standard of phonic decoding","White","ONS 2011 5+1","2018-2019","Academic Year","Stoke-on-Trent","Local authority","E06000021","Girls","5-6","81","%","1134","923"
"Percentage of year 1 pupils meeting the expected standard of phonic decoding","All","All","2018-2019","Academic Year","Suffolk","Local authority","E10000029","All","5-6","81","%","7992","6460"
"Percentage of year 1 pupils meeting the expected standard of phonic decoding","All","All","2018-2019","Academic Year","Suffolk","Local authority","E10000029","Boys","5-6","77","%","4033","3114"
"Percentage of year 1 pupils meeting the expected standard of phonic decoding","All","All","2018-2019","Academic Year","Suffolk","Local authority","E10000029","Girls","5-6","85","%","3959","3346"
"Percentage of year 1 pupils meeting the expected standard of phonic decoding","Asian","ONS 2011 5+1","2018-2019","Academic Year","Suffolk","Local authority","E10000029","All","5-6","83","%","157","131"
"Percentage of year 1 pupils meeting the expected standard of phonic decoding","Asian","ONS 2011 5+1","2018-2019","Academic Year","Suffolk","Local authority","E10000029","Boys","5-6","75","%","77","58"
"Percentage of year 1 pupils meeting the expected standard of phonic decoding","Asian","ONS 2011 5+1","2018-2019","Academic Year","Suffolk","Local authority","E10000029","Girls","5-6","91","%","80","73"
"Percentage of year 1 pupils meeting the expected standard of phonic decoding","Black","ONS 2011 5+1","2018-2019","Academic Year","Suffolk","Local authority","E10000029","All","5-6","86","%","70","60"
"Percentage of year 1 pupils meeting the expected standard of phonic decoding","Black","ONS 2011 5+1","2018-2019","Academic Year","Suffolk","Local authority","E10000029","Boys","5-6","85","%","33","28"
"Percentage of year 1 pupils meeting the expected standard of phonic decoding","Black","ONS 2011 5+1","2018-2019","Academic Year","Suffolk","Local authority","E10000029","Girls","5-6","86","%","37","32"
"Percentage of year 1 pupils meeting the expected standard of phonic decoding","Chinese","ONS 2011 18+1","2018-2019","Academic Year","Suffolk","Local authority","E10000029","All","5-6","91","%","11","10"
"Percentage of year 1 pupils meeting the expected standard of phonic decoding","Chinese","ONS 2011 18+1","2018-2019","Academic Year","Suffolk","Local authority","E10000029","Boys","5-6","100","%","6","6"
"Percentage of year 1 pupils meeting the expected standard of phonic decoding","Chinese","ONS 2011 18+1","2018-2019","Academic Year","Suffolk","Local authority","E10000029","Girls","5-6","80","%","5","4"
"Percentage of year 1 pupils meeting the expected standard of phonic decoding","Mixed","ONS 2011 5+1","2018-2019","Academic Year","Suffolk","Local authority","E10000029","All","5-6","85","%","459","389"
"Percentage of year 1 pupils meeting the expected standard of phonic decoding","Mixed","ONS 2011 5+1","2018-2019","Academic Year","Suffolk","Local authority","E10000029","Boys","5-6","81","%","219","177"
"Percentage of year 1 pupils meeting the expected standard of phonic decoding","Mixed","ONS 2011 5+1","2018-2019","Academic Year","Suffolk","Local authority","E10000029","Girls","5-6","88","%","240","212"
"Percentage of year 1 pupils meeting the expected standard of phonic decoding","Other","ONS 2011 5+1","2018-2019","Academic Year","Suffolk","Local authority","E10000029","All","5-6","79","%","82","65"
"Percentage of year 1 pupils meeting the expected standard of phonic decoding","Other","ONS 2011 5+1","2018-2019","Academic Year","Suffolk","Local authority","E10000029","Boys","5-6","75","%","48","36"
"Percentage of year 1 pupils meeting the expected standard of phonic decoding","Other","ONS 2011 5+1","2018-2019","Academic Year","Suffolk","Local authority","E10000029","Girls","5-6","85","%","34","29"
"Percentage of year 1 pupils meeting the expected standard of phonic decoding","White","ONS 2011 5+1","2018-2019","Academic Year","Suffolk","Local authority","E10000029","All","5-6","81","%","7055","5706"
"Percentage of year 1 pupils meeting the expected standard of phonic decoding","White","ONS 2011 5+1","2018-2019","Academic Year","Suffolk","Local authority","E10000029","Boys","5-6","77","%","3573","2764"
"Percentage of year 1 pupils meeting the expected standard of phonic decoding","White","ONS 2011 5+1","2018-2019","Academic Year","Suffolk","Local authority","E10000029","Girls","5-6","84","%","3482","2942"
"Percentage of year 1 pupils meeting the expected standard of phonic decoding","All","All","2018-2019","Academic Year","Sunderland","Local authority","E08000024","All","5-6","81","%","2996","2424"
"Percentage of year 1 pupils meeting the expected standard of phonic decoding","All","All","2018-2019","Academic Year","Sunderland","Local authority","E08000024","Boys","5-6","78","%","1560","1211"
"Percentage of year 1 pupils meeting the expected standard of phonic decoding","All","All","2018-2019","Academic Year","Sunderland","Local authority","E08000024","Girls","5-6","84","%","1436","1213"
"Percentage of year 1 pupils meeting the expected standard of phonic decoding","Asian","ONS 2011 5+1","2018-2019","Academic Year","Sunderland","Local authority","E08000024","All","5-6","80","%","99","79"
"Percentage of year 1 pupils meeting the expected standard of phonic decoding","Asian","ONS 2011 5+1","2018-2019","Academic Year","Sunderland","Local authority","E08000024","Boys","5-6","81","%","57","46"
"Percentage of year 1 pupils meeting the expected standard of phonic decoding","Asian","ONS 2011 5+1","2018-2019","Academic Year","Sunderland","Local authority","E08000024","Girls","5-6","79","%","42","33"
"Percentage of year 1 pupils meeting the expected standard of phonic decoding","Black","ONS 2011 5+1","2018-2019","Academic Year","Sunderland","Local authority","E08000024","All","5-6","87","%","30","26"
"Percentage of year 1 pupils meeting the expected standard of phonic decoding","Black","ONS 2011 5+1","2018-2019","Academic Year","Sunderland","Local authority","E08000024","Boys","5-6","93","%","15","14"
"Percentage of year 1 pupils meeting the expected standard of phonic decoding","Black","ONS 2011 5+1","2018-2019","Academic Year","Sunderland","Local authority","E08000024","Girls","5-6","80","%","15","12"
"Percentage of year 1 pupils meeting the expected standard of phonic decoding","Chinese","ONS 2011 18+1","2018-2019","Academic Year","Sunderland","Local authority","E08000024","All","5-6","89","%","9","8"
"Percentage of year 1 pupils meeting the expected standard of phonic decoding","Chinese","ONS 2011 18+1","2018-2019","Academic Year","Sunderland","Local authority","E08000024","Boys","5-6","86","%","7","6"
"Percentage of year 1 pupils meeting the expected standard of phonic decoding","Chinese","ONS 2011 18+1","2018-2019","Academic Year","Sunderland","Local authority","E08000024","Girls","5-6","100","%","2","2"
"Percentage of year 1 pupils meeting the expected standard of phonic decoding","Mixed","ONS 2011 5+1","2018-2019","Academic Year","Sunderland","Local authority","E08000024","All","5-6","81","%","67","54"
"Percentage of year 1 pupils meeting the expected standard of phonic decoding","Mixed","ONS 2011 5+1","2018-2019","Academic Year","Sunderland","Local authority","E08000024","Boys","5-6","74","%","31","23"
"Percentage of year 1 pupils meeting the expected standard of phonic decoding","Mixed","ONS 2011 5+1","2018-2019","Academic Year","Sunderland","Local authority","E08000024","Girls","5-6","86","%","36","31"
"Percentage of year 1 pupils meeting the expected standard of phonic decoding","Other","ONS 2011 5+1","2018-2019","Academic Year","Sunderland","Local authority","E08000024","All","5-6","50","%","12","6"
"Percentage of year 1 pupils meeting the expected standard of phonic decoding","Other","ONS 2011 5+1","2018-2019","Academic Year","Sunderland","Local authority","E08000024","Boys","5-6","38","%","8","3"
"Percentage of year 1 pupils meeting the expected standard of phonic decoding","Other","ONS 2011 5+1","2018-2019","Academic Year","Sunderland","Local authority","E08000024","Girls","5-6","75","%","4","3"
"Percentage of year 1 pupils meeting the expected standard of phonic decoding","White","ONS 2011 5+1","2018-2019","Academic Year","Sunderland","Local authority","E08000024","All","5-6","81","%","2758","2239"
"Percentage of year 1 pupils meeting the expected standard of phonic decoding","White","ONS 2011 5+1","2018-2019","Academic Year","Sunderland","Local authority","E08000024","Boys","5-6","78","%","1427","1111"
"Percentage of year 1 pupils meeting the expected standard of phonic decoding","White","ONS 2011 5+1","2018-2019","Academic Year","Sunderland","Local authority","E08000024","Girls","5-6","85","%","1331","1128"
"Percentage of year 1 pupils meeting the expected standard of phonic decoding","All","All","2018-2019","Academic Year","Surrey","Local authority","E10000030","All","5-6","84","%","12691","10601"
"Percentage of year 1 pupils meeting the expected standard of phonic decoding","All","All","2018-2019","Academic Year","Surrey","Local authority","E10000030","Boys","5-6","81","%","6457","5248"
"Percentage of year 1 pupils meeting the expected standard of phonic decoding","All","All","2018-2019","Academic Year","Surrey","Local authority","E10000030","Girls","5-6","86","%","6234","5353"
"Percentage of year 1 pupils meeting the expected standard of phonic decoding","Asian","ONS 2011 5+1","2018-2019","Academic Year","Surrey","Local authority","E10000030","All","5-6","89","%","930","824"
"Percentage of year 1 pupils meeting the expected standard of phonic decoding","Asian","ONS 2011 5+1","2018-2019","Academic Year","Surrey","Local authority","E10000030","Boys","5-6","89","%","452","402"
"Percentage of year 1 pupils meeting the expected standard of phonic decoding","Asian","ONS 2011 5+1","2018-2019","Academic Year","Surrey","Local authority","E10000030","Girls","5-6","88","%","478","422"
"Percentage of year 1 pupils meeting the expected standard of phonic decoding","Black","ONS 2011 5+1","2018-2019","Academic Year","Surrey","Local authority","E10000030","All","5-6","81","%","201","163"
"Percentage of year 1 pupils meeting the expected standard of phonic decoding","Black","ONS 2011 5+1","2018-2019","Academic Year","Surrey","Local authority","E10000030","Boys","5-6","76","%","106","81"
"Percentage of year 1 pupils meeting the expected standard of phonic decoding","Black","ONS 2011 5+1","2018-2019","Academic Year","Surrey","Local authority","E10000030","Girls","5-6","86","%","95","82"
"Percentage of year 1 pupils meeting the expected standard of phonic decoding","Chinese","ONS 2011 18+1","2018-2019","Academic Year","Surrey","Local authority","E10000030","All","5-6","96","%","79","76"
"Percentage of year 1 pupils meeting the expected standard of phonic decoding","Chinese","ONS 2011 18+1","2018-2019","Academic Year","Surrey","Local authority","E10000030","Boys","5-6","95","%","40","38"
"Percentage of year 1 pupils meeting the expected standard of phonic decoding","Chinese","ONS 2011 18+1","2018-2019","Academic Year","Surrey","Local authority","E10000030","Girls","5-6","97","%","39","38"
"Percentage of year 1 pupils meeting the expected standard of phonic decoding","Mixed","ONS 2011 5+1","2018-2019","Academic Year","Surrey","Local authority","E10000030","All","5-6","88","%","913","805"
"Percentage of year 1 pupils meeting the expected standard of phonic decoding","Mixed","ONS 2011 5+1","2018-2019","Academic Year","Surrey","Local authority","E10000030","Boys","5-6","85","%","457","390"
"Percentage of year 1 pupils meeting the expected standard of phonic decoding","Mixed","ONS 2011 5+1","2018-2019","Academic Year","Surrey","Local authority","E10000030","Girls","5-6","91","%","456","415"
"Percentage of year 1 pupils meeting the expected standard of phonic decoding","Other","ONS 2011 5+1","2018-2019","Academic Year","Surrey","Local authority","E10000030","All","5-6","81","%","129","105"
"Percentage of year 1 pupils meeting the expected standard of phonic decoding","Other","ONS 2011 5+1","2018-2019","Academic Year","Surrey","Local authority","E10000030","Boys","5-6","74","%","65","48"
"Percentage of year 1 pupils meeting the expected standard of phonic decoding","Other","ONS 2011 5+1","2018-2019","Academic Year","Surrey","Local authority","E10000030","Girls","5-6","89","%","64","57"
"Percentage of year 1 pupils meeting the expected standard of phonic decoding","White","ONS 2011 5+1","2018-2019","Academic Year","Surrey","Local authority","E10000030","All","5-6","83","%","10176","8444"
"Percentage of year 1 pupils meeting the expected standard of phonic decoding","White","ONS 2011 5+1","2018-2019","Academic Year","Surrey","Local authority","E10000030","Boys","5-6","81","%","5219","4212"
"Percentage of year 1 pupils meeting the expected standard of phonic decoding","White","ONS 2011 5+1","2018-2019","Academic Year","Surrey","Local authority","E10000030","Girls","5-6","85","%","4957","4232"
"Percentage of year 1 pupils meeting the expected standard of phonic decoding","All","All","2018-2019","Academic Year","Sutton","Local authority","E09000029","All","5-6","85","%","2502","2123"
"Percentage of year 1 pupils meeting the expected standard of phonic decoding","All","All","2018-2019","Academic Year","Sutton","Local authority","E09000029","Boys","5-6","82","%","1288","1053"
"Percentage of year 1 pupils meeting the expected standard of phonic decoding","All","All","2018-2019","Academic Year","Sutton","Local authority","E09000029","Girls","5-6","88","%","1214","1070"
"Percentage of year 1 pupils meeting the expected standard of phonic decoding","Asian","ONS 2011 5+1","2018-2019","Academic Year","Sutton","Local authority","E09000029","All","5-6","92","%","427","391"
"Percentage of year 1 pupils meeting the expected standard of phonic decoding","Asian","ONS 2011 5+1","2018-2019","Academic Year","Sutton","Local authority","E09000029","Boys","5-6","88","%","206","181"
"Percentage of year 1 pupils meeting the expected standard of phonic decoding","Asian","ONS 2011 5+1","2018-2019","Academic Year","Sutton","Local authority","E09000029","Girls","5-6","95","%","221","210"
"Percentage of year 1 pupils meeting the expected standard of phonic decoding","Black","ONS 2011 5+1","2018-2019","Academic Year","Sutton","Local authority","E09000029","All","5-6","89","%","144","128"
"Percentage of year 1 pupils meeting the expected standard of phonic decoding","Black","ONS 2011 5+1","2018-2019","Academic Year","Sutton","Local authority","E09000029","Boys","5-6","84","%","80","67"
"Percentage of year 1 pupils meeting the expected standard of phonic decoding","Black","ONS 2011 5+1","2018-2019","Academic Year","Sutton","Local authority","E09000029","Girls","5-6","95","%","64","61"
"Percentage of year 1 pupils meeting the expected standard of phonic decoding","Chinese","ONS 2011 18+1","2018-2019","Academic Year","Sutton","Local authority","E09000029","All","5-6","95","%","60","57"
"Percentage of year 1 pupils meeting the expected standard of phonic decoding","Chinese","ONS 2011 18+1","2018-2019","Academic Year","Sutton","Local authority","E09000029","Boys","5-6","91","%","23","21"
"Percentage of year 1 pupils meeting the expected standard of phonic decoding","Chinese","ONS 2011 18+1","2018-2019","Academic Year","Sutton","Local authority","E09000029","Girls","5-6","97","%","37","36"
"Percentage of year 1 pupils meeting the expected standard of phonic decoding","Mixed","ONS 2011 5+1","2018-2019","Academic Year","Sutton","Local authority","E09000029","All","5-6","83","%","261","216"
"Percentage of year 1 pupils meeting the expected standard of phonic decoding","Mixed","ONS 2011 5+1","2018-2019","Academic Year","Sutton","Local authority","E09000029","Boys","5-6","82","%","139","114"
"Percentage of year 1 pupils meeting the expected standard of phonic decoding","Mixed","ONS 2011 5+1","2018-2019","Academic Year","Sutton","Local authority","E09000029","Girls","5-6","84","%","122","102"
"Percentage of year 1 pupils meeting the expected standard of phonic decoding","Other","ONS 2011 5+1","2018-2019","Academic Year","Sutton","Local authority","E09000029","All","5-6","87","%","61","53"
"Percentage of year 1 pupils meeting the expected standard of phonic decoding","Other","ONS 2011 5+1","2018-2019","Academic Year","Sutton","Local authority","E09000029","Boys","5-6","80","%","35","28"
"Percentage of year 1 pupils meeting the expected standard of phonic decoding","Other","ONS 2011 5+1","2018-2019","Academic Year","Sutton","Local authority","E09000029","Girls","5-6","96","%","26","25"
"Percentage of year 1 pupils meeting the expected standard of phonic decoding","White","ONS 2011 5+1","2018-2019","Academic Year","Sutton","Local authority","E09000029","All","5-6","83","%","1498","1246"
"Percentage of year 1 pupils meeting the expected standard of phonic decoding","White","ONS 2011 5+1","2018-2019","Academic Year","Sutton","Local authority","E09000029","Boys","5-6","80","%","777","625"
"Percentage of year 1 pupils meeting the expected standard of phonic decoding","White","ONS 2011 5+1","2018-2019","Academic Year","Sutton","Local authority","E09000029","Girls","5-6","86","%","721","621"
"Percentage of year 1 pupils meeting the expected standard of phonic decoding","All","All","2018-2019","Academic Year","Swindon","Local authority","E06000030","All","5-6","80","%","2974","2381"
"Percentage of year 1 pupils meeting the expected standard of phonic decoding","All","All","2018-2019","Academic Year","Swindon","Local authority","E06000030","Boys","5-6","77","%","1466","1124"
"Percentage of year 1 pupils meeting the expected standard of phonic decoding","All","All","2018-2019","Academic Year","Swindon","Local authority","E06000030","Girls","5-6","83","%","1508","1257"
"Percentage of year 1 pupils meeting the expected standard of phonic decoding","Asian","ONS 2011 5+1","2018-2019","Academic Year","Swindon","Local authority","E06000030","All","5-6","88","%","390","343"
"Percentage of year 1 pupils meeting the expected standard of phonic decoding","Asian","ONS 2011 5+1","2018-2019","Academic Year","Swindon","Local authority","E06000030","Boys","5-6","84","%","195","164"
"Percentage of year 1 pupils meeting the expected standard of phonic decoding","Asian","ONS 2011 5+1","2018-2019","Academic Year","Swindon","Local authority","E06000030","Girls","5-6","92","%","195","179"
"Percentage of year 1 pupils meeting the expected standard of phonic decoding","Black","ONS 2011 5+1","2018-2019","Academic Year","Swindon","Local authority","E06000030","All","5-6","84","%","97","81"
"Percentage of year 1 pupils meeting the expected standard of phonic decoding","Black","ONS 2011 5+1","2018-2019","Academic Year","Swindon","Local authority","E06000030","Boys","5-6","85","%","47","40"
"Percentage of year 1 pupils meeting the expected standard of phonic decoding","Black","ONS 2011 5+1","2018-2019","Academic Year","Swindon","Local authority","E06000030","Girls","5-6","82","%","50","41"
"Percentage of year 1 pupils meeting the expected standard of phonic decoding","Chinese","ONS 2011 18+1","2018-2019","Academic Year","Swindon","Local authority","E06000030","All","5-6","100","%","10","10"
"Percentage of year 1 pupils meeting the expected standard of phonic decoding","Chinese","ONS 2011 18+1","2018-2019","Academic Year","Swindon","Local authority","E06000030","Boys","5-6","100","%","4","4"
"Percentage of year 1 pupils meeting the expected standard of phonic decoding","Chinese","ONS 2011 18+1","2018-2019","Academic Year","Swindon","Local authority","E06000030","Girls","5-6","100","%","6","6"
"Percentage of year 1 pupils meeting the expected standard of phonic decoding","Mixed","ONS 2011 5+1","2018-2019","Academic Year","Swindon","Local authority","E06000030","All","5-6","83","%","174","145"
"Percentage of year 1 pupils meeting the expected standard of phonic decoding","Mixed","ONS 2011 5+1","2018-2019","Academic Year","Swindon","Local authority","E06000030","Boys","5-6","80","%","80","64"
"Percentage of year 1 pupils meeting the expected standard of phonic decoding","Mixed","ONS 2011 5+1","2018-2019","Academic Year","Swindon","Local authority","E06000030","Girls","5-6","86","%","94","81"
"Percentage of year 1 pupils meeting the expected standard of phonic decoding","Other","ONS 2011 5+1","2018-2019","Academic Year","Swindon","Local authority","E06000030","All","5-6","78","%","32","25"
"Percentage of year 1 pupils meeting the expected standard of phonic decoding","Other","ONS 2011 5+1","2018-2019","Academic Year","Swindon","Local authority","E06000030","Boys","5-6","79","%","19","15"
"Percentage of year 1 pupils meeting the expected standard of phonic decoding","Other","ONS 2011 5+1","2018-2019","Academic Year","Swindon","Local authority","E06000030","Girls","5-6","77","%","13","10"
"Percentage of year 1 pupils meeting the expected standard of phonic decoding","White","ONS 2011 5+1","2018-2019","Academic Year","Swindon","Local authority","E06000030","All","5-6","79","%","2220","1750"
"Percentage of year 1 pupils meeting the expected standard of phonic decoding","White","ONS 2011 5+1","2018-2019","Academic Year","Swindon","Local authority","E06000030","Boys","5-6","76","%","1094","827"
"Percentage of year 1 pupils meeting the expected standard of phonic decoding","White","ONS 2011 5+1","2018-2019","Academic Year","Swindon","Local authority","E06000030","Girls","5-6","82","%","1126","923"
"Percentage of year 1 pupils meeting the expected standard of phonic decoding","All","All","2018-2019","Academic Year","Tameside","Local authority","E08000008","All","5-6","78","%","3032","2374"
"Percentage of year 1 pupils meeting the expected standard of phonic decoding","All","All","2018-2019","Academic Year","Tameside","Local authority","E08000008","Boys","5-6","74","%","1535","1134"
"Percentage of year 1 pupils meeting the expected standard of phonic decoding","All","All","2018-2019","Academic Year","Tameside","Local authority","E08000008","Girls","5-6","83","%","1497","1240"
"Percentage of year 1 pupils meeting the expected standard of phonic decoding","Asian","ONS 2011 5+1","2018-2019","Academic Year","Tameside","Local authority","E08000008","All","5-6","79","%","330","260"
"Percentage of year 1 pupils meeting the expected standard of phonic decoding","Asian","ONS 2011 5+1","2018-2019","Academic Year","Tameside","Local authority","E08000008","Boys","5-6","75","%","150","113"
"Percentage of year 1 pupils meeting the expected standard of phonic decoding","Asian","ONS 2011 5+1","2018-2019","Academic Year","Tameside","Local authority","E08000008","Girls","5-6","82","%","180","147"
"Percentage of year 1 pupils meeting the expected standard of phonic decoding","Black","ONS 2011 5+1","2018-2019","Academic Year","Tameside","Local authority","E08000008","All","5-6","81","%","64","52"
"Percentage of year 1 pupils meeting the expected standard of phonic decoding","Black","ONS 2011 5+1","2018-2019","Academic Year","Tameside","Local authority","E08000008","Boys","5-6","74","%","31","23"
"Percentage of year 1 pupils meeting the expected standard of phonic decoding","Black","ONS 2011 5+1","2018-2019","Academic Year","Tameside","Local authority","E08000008","Girls","5-6","88","%","33","29"
"Percentage of year 1 pupils meeting the expected standard of phonic decoding","Chinese","ONS 2011 18+1","2018-2019","Academic Year","Tameside","Local authority","E08000008","All","5-6","82","%","11","9"
"Percentage of year 1 pupils meeting the expected standard of phonic decoding","Chinese","ONS 2011 18+1","2018-2019","Academic Year","Tameside","Local authority","E08000008","Boys","5-6","83","%","6","5"
"Percentage of year 1 pupils meeting the expected standard of phonic decoding","Chinese","ONS 2011 18+1","2018-2019","Academic Year","Tameside","Local authority","E08000008","Girls","5-6","80","%","5","4"
"Percentage of year 1 pupils meeting the expected standard of phonic decoding","Mixed","ONS 2011 5+1","2018-2019","Academic Year","Tameside","Local authority","E08000008","All","5-6","79","%","165","130"
"Percentage of year 1 pupils meeting the expected standard of phonic decoding","Mixed","ONS 2011 5+1","2018-2019","Academic Year","Tameside","Local authority","E08000008","Boys","5-6","73","%","80","58"
"Percentage of year 1 pupils meeting the expected standard of phonic decoding","Mixed","ONS 2011 5+1","2018-2019","Academic Year","Tameside","Local authority","E08000008","Girls","5-6","85","%","85","72"
"Percentage of year 1 pupils meeting the expected standard of phonic decoding","Other","ONS 2011 5+1","2018-2019","Academic Year","Tameside","Local authority","E08000008","All","5-6","79","%","24","19"
"Percentage of year 1 pupils meeting the expected standard of phonic decoding","Other","ONS 2011 5+1","2018-2019","Academic Year","Tameside","Local authority","E08000008","Boys","5-6","77","%","13","10"
"Percentage of year 1 pupils meeting the expected standard of phonic decoding","Other","ONS 2011 5+1","2018-2019","Academic Year","Tameside","Local authority","E08000008","Girls","5-6","82","%","11","9"
"Percentage of year 1 pupils meeting the expected standard of phonic decoding","White","ONS 2011 5+1","2018-2019","Academic Year","Tameside","Local authority","E08000008","All","5-6","79","%","2401","1886"
"Percentage of year 1 pupils meeting the expected standard of phonic decoding","White","ONS 2011 5+1","2018-2019","Academic Year","Tameside","Local authority","E08000008","Boys","5-6","74","%","1237","919"
"Percentage of year 1 pupils meeting the expected standard of phonic decoding","White","ONS 2011 5+1","2018-2019","Academic Year","Tameside","Local authority","E08000008","Girls","5-6","83","%","1164","967"
"Percentage of year 1 pupils meeting the expected standard of phonic decoding","All","All","2018-2019","Academic Year","Telford and Wrekin","Local authority","E06000020","All","5-6","84","%","2341","1955"
"Percentage of year 1 pupils meeting the expected standard of phonic decoding","All","All","2018-2019","Academic Year","Telford and Wrekin","Local authority","E06000020","Boys","5-6","79","%","1234","980"
"Percentage of year 1 pupils meeting the expected standard of phonic decoding","All","All","2018-2019","Academic Year","Telford and Wrekin","Local authority","E06000020","Girls","5-6","88","%","1107","975"
"Percentage of year 1 pupils meeting the expected standard of phonic decoding","Asian","ONS 2011 5+1","2018-2019","Academic Year","Telford and Wrekin","Local authority","E06000020","All","5-6","80","%","163","131"
"Percentage of year 1 pupils meeting the expected standard of phonic decoding","Asian","ONS 2011 5+1","2018-2019","Academic Year","Telford and Wrekin","Local authority","E06000020","Boys","5-6","77","%","82","63"
"Percentage of year 1 pupils meeting the expected standard of phonic decoding","Asian","ONS 2011 5+1","2018-2019","Academic Year","Telford and Wrekin","Local authority","E06000020","Girls","5-6","84","%","81","68"
"Percentage of year 1 pupils meeting the expected standard of phonic decoding","Black","ONS 2011 5+1","2018-2019","Academic Year","Telford and Wrekin","Local authority","E06000020","All","5-6","86","%","86","74"
"Percentage of year 1 pupils meeting the expected standard of phonic decoding","Black","ONS 2011 5+1","2018-2019","Academic Year","Telford and Wrekin","Local authority","E06000020","Boys","5-6","79","%","47","37"
"Percentage of year 1 pupils meeting the expected standard of phonic decoding","Black","ONS 2011 5+1","2018-2019","Academic Year","Telford and Wrekin","Local authority","E06000020","Girls","5-6","95","%","39","37"
"Percentage of year 1 pupils meeting the expected standard of phonic decoding","Chinese","ONS 2011 18+1","2018-2019","Academic Year","Telford and Wrekin","Local authority","E06000020","All","5-6","100","%","11","11"
"Percentage of year 1 pupils meeting the expected standard of phonic decoding","Chinese","ONS 2011 18+1","2018-2019","Academic Year","Telford and Wrekin","Local authority","E06000020","Boys","5-6","100","%","3","3"
"Percentage of year 1 pupils meeting the expected standard of phonic decoding","Chinese","ONS 2011 18+1","2018-2019","Academic Year","Telford and Wrekin","Local authority","E06000020","Girls","5-6","100","%","8","8"
"Percentage of year 1 pupils meeting the expected standard of phonic decoding","Mixed","ONS 2011 5+1","2018-2019","Academic Year","Telford and Wrekin","Local authority","E06000020","All","5-6","87","%","126","109"
"Percentage of year 1 pupils meeting the expected standard of phonic decoding","Mixed","ONS 2011 5+1","2018-2019","Academic Year","Telford and Wrekin","Local authority","E06000020","Boys","5-6","80","%","55","44"
"Percentage of year 1 pupils meeting the expected standard of phonic decoding","Mixed","ONS 2011 5+1","2018-2019","Academic Year","Telford and Wrekin","Local authority","E06000020","Girls","5-6","92","%","71","65"
"Percentage of year 1 pupils meeting the expected standard of phonic decoding","Other","ONS 2011 5+1","2018-2019","Academic Year","Telford and Wrekin","Local authority","E06000020","All","5-6","67","%","9","6"
"Percentage of year 1 pupils meeting the expected standard of phonic decoding","Other","ONS 2011 5+1","2018-2019","Academic Year","Telford and Wrekin","Local authority","E06000020","Boys","5-6","33","%","3","1"
"Percentage of year 1 pupils meeting the expected standard of phonic decoding","Other","ONS 2011 5+1","2018-2019","Academic Year","Telford and Wrekin","Local authority","E06000020","Girls","5-6","83","%","6","5"
"Percentage of year 1 pupils meeting the expected standard of phonic decoding","White","ONS 2011 5+1","2018-2019","Academic Year","Telford and Wrekin","Local authority","E06000020","All","5-6","84","%","1923","1611"
"Percentage of year 1 pupils meeting the expected standard of phonic decoding","White","ONS 2011 5+1","2018-2019","Academic Year","Telford and Wrekin","Local authority","E06000020","Boys","5-6","80","%","1029","823"
"Percentage of year 1 pupils meeting the expected standard of phonic decoding","White","ONS 2011 5+1","2018-2019","Academic Year","Telford and Wrekin","Local authority","E06000020","Girls","5-6","88","%","894","788"
"Percentage of year 1 pupils meeting the expected standard of phonic decoding","All","All","2018-2019","Academic Year","Thurrock","Local authority","E06000034","All","5-6","83","%","2438","2017"
"Percentage of year 1 pupils meeting the expected standard of phonic decoding","All","All","2018-2019","Academic Year","Thurrock","Local authority","E06000034","Boys","5-6","78","%","1242","970"
"Percentage of year 1 pupils meeting the expected standard of phonic decoding","All","All","2018-2019","Academic Year","Thurrock","Local authority","E06000034","Girls","5-6","88","%","1196","1047"
"Percentage of year 1 pupils meeting the expected standard of phonic decoding","Asian","ONS 2011 5+1","2018-2019","Academic Year","Thurrock","Local authority","E06000034","All","5-6","91","%","173","158"
"Percentage of year 1 pupils meeting the expected standard of phonic decoding","Asian","ONS 2011 5+1","2018-2019","Academic Year","Thurrock","Local authority","E06000034","Boys","5-6","86","%","86","74"
"Percentage of year 1 pupils meeting the expected standard of phonic decoding","Asian","ONS 2011 5+1","2018-2019","Academic Year","Thurrock","Local authority","E06000034","Girls","5-6","97","%","87","84"
"Percentage of year 1 pupils meeting the expected standard of phonic decoding","Black","ONS 2011 5+1","2018-2019","Academic Year","Thurrock","Local authority","E06000034","All","5-6","89","%","370","330"
"Percentage of year 1 pupils meeting the expected standard of phonic decoding","Black","ONS 2011 5+1","2018-2019","Academic Year","Thurrock","Local authority","E06000034","Boys","5-6","87","%","184","160"
"Percentage of year 1 pupils meeting the expected standard of phonic decoding","Black","ONS 2011 5+1","2018-2019","Academic Year","Thurrock","Local authority","E06000034","Girls","5-6","91","%","186","170"
"Percentage of year 1 pupils meeting the expected standard of phonic decoding","Chinese","ONS 2011 18+1","2018-2019","Academic Year","Thurrock","Local authority","E06000034","All","5-6","90","%","21","19"
"Percentage of year 1 pupils meeting the expected standard of phonic decoding","Chinese","ONS 2011 18+1","2018-2019","Academic Year","Thurrock","Local authority","E06000034","Boys","5-6","80","%","10","8"
"Percentage of year 1 pupils meeting the expected standard of phonic decoding","Chinese","ONS 2011 18+1","2018-2019","Academic Year","Thurrock","Local authority","E06000034","Girls","5-6","100","%","11","11"
"Percentage of year 1 pupils meeting the expected standard of phonic decoding","Mixed","ONS 2011 5+1","2018-2019","Academic Year","Thurrock","Local authority","E06000034","All","5-6","87","%","160","139"
"Percentage of year 1 pupils meeting the expected standard of phonic decoding","Mixed","ONS 2011 5+1","2018-2019","Academic Year","Thurrock","Local authority","E06000034","Boys","5-6","85","%","84","71"
"Percentage of year 1 pupils meeting the expected standard of phonic decoding","Mixed","ONS 2011 5+1","2018-2019","Academic Year","Thurrock","Local authority","E06000034","Girls","5-6","89","%","76","68"
"Percentage of year 1 pupils meeting the expected standard of phonic decoding","Other","ONS 2011 5+1","2018-2019","Academic Year","Thurrock","Local authority","E06000034","All","5-6","71","%","24","17"
"Percentage of year 1 pupils meeting the expected standard of phonic decoding","Other","ONS 2011 5+1","2018-2019","Academic Year","Thurrock","Local authority","E06000034","Boys","5-6","75","%","16","12"
"Percentage of year 1 pupils meeting the expected standard of phonic decoding","Other","ONS 2011 5+1","2018-2019","Academic Year","Thurrock","Local authority","E06000034","Girls","5-6","63","%","8","5"
"Percentage of year 1 pupils meeting the expected standard of phonic decoding","White","ONS 2011 5+1","2018-2019","Academic Year","Thurrock","Local authority","E06000034","All","5-6","80","%","1637","1311"
"Percentage of year 1 pupils meeting the expected standard of phonic decoding","White","ONS 2011 5+1","2018-2019","Academic Year","Thurrock","Local authority","E06000034","Boys","5-6","75","%","834","625"
"Percentage of year 1 pupils meeting the expected standard of phonic decoding","White","ONS 2011 5+1","2018-2019","Academic Year","Thurrock","Local authority","E06000034","Girls","5-6","85","%","803","686"
"Percentage of year 1 pupils meeting the expected standard of phonic decoding","All","All","2018-2019","Academic Year","Torbay","Local authority","E06000027","All","5-6","84","%","1415","1188"
"Percentage of year 1 pupils meeting the expected standard of phonic decoding","All","All","2018-2019","Academic Year","Torbay","Local authority","E06000027","Boys","5-6","80","%","747","601"
"Percentage of year 1 pupils meeting the expected standard of phonic decoding","All","All","2018-2019","Academic Year","Torbay","Local authority","E06000027","Girls","5-6","88","%","668","587"
"Percentage of year 1 pupils meeting the expected standard of phonic decoding","Asian","ONS 2011 5+1","2018-2019","Academic Year","Torbay","Local authority","E06000027","All","5-6","91","%","11","10"
"Percentage of year 1 pupils meeting the expected standard of phonic decoding","Asian","ONS 2011 5+1","2018-2019","Academic Year","Torbay","Local authority","E06000027","Boys","5-6","100","%","5","5"
"Percentage of year 1 pupils meeting the expected standard of phonic decoding","Asian","ONS 2011 5+1","2018-2019","Academic Year","Torbay","Local authority","E06000027","Girls","5-6","83","%","6","5"
"Percentage of year 1 pupils meeting the expected standard of phonic decoding","Black","ONS 2011 5+1","2018-2019","Academic Year","Torbay","Local authority","E06000027","All","5-6","100","%","1","1"
"Percentage of year 1 pupils meeting the expected standard of phonic decoding","Black","N/A","2018-2019","Academic Year","Torbay","Local authority","E06000027","Boys","5-6","N/A","%","N/A","N/A"
"Percentage of year 1 pupils meeting the expected standard of phonic decoding","Black","ONS 2011 5+1","2018-2019","Academic Year","Torbay","Local authority","E06000027","Girls","5-6","100","%","1","1"
"Percentage of year 1 pupils meeting the expected standard of phonic decoding","Chinese","ONS 2011 18+1","2018-2019","Academic Year","Torbay","Local authority","E06000027","All","5-6","100","%","6","6"
"Percentage of year 1 pupils meeting the expected standard of phonic decoding","Chinese","ONS 2011 18+1","2018-2019","Academic Year","Torbay","Local authority","E06000027","Boys","5-6","100","%","3","3"
"Percentage of year 1 pupils meeting the expected standard of phonic decoding","Chinese","ONS 2011 18+1","2018-2019","Academic Year","Torbay","Local authority","E06000027","Girls","5-6","100","%","3","3"
"Percentage of year 1 pupils meeting the expected standard of phonic decoding","Mixed","ONS 2011 5+1","2018-2019","Academic Year","Torbay","Local authority","E06000027","All","5-6","86","%","49","42"
"Percentage of year 1 pupils meeting the expected standard of phonic decoding","Mixed","ONS 2011 5+1","2018-2019","Academic Year","Torbay","Local authority","E06000027","Boys","5-6","79","%","28","22"
"Percentage of year 1 pupils meeting the expected standard of phonic decoding","Mixed","ONS 2011 5+1","2018-2019","Academic Year","Torbay","Local authority","E06000027","Girls","5-6","95","%","21","20"
"Percentage of year 1 pupils meeting the expected standard of phonic decoding","Other","ONS 2011 5+1","2018-2019","Academic Year","Torbay","Local authority","E06000027","All","5-6","70","%","10","7"
"Percentage of year 1 pupils meeting the expected standard of phonic decoding","Other","ONS 2011 5+1","2018-2019","Academic Year","Torbay","Local authority","E06000027","Boys","5-6","67","%","6","4"
"Percentage of year 1 pupils meeting the expected standard of phonic decoding","Other","ONS 2011 5+1","2018-2019","Academic Year","Torbay","Local authority","E06000027","Girls","5-6","75","%","4","3"
"Percentage of year 1 pupils meeting the expected standard of phonic decoding","White","ONS 2011 5+1","2018-2019","Academic Year","Torbay","Local authority","E06000027","All","5-6","84","%","1328","1116"
"Percentage of year 1 pupils meeting the expected standard of phonic decoding","White","ONS 2011 5+1","2018-2019","Academic Year","Torbay","Local authority","E06000027","Boys","5-6","80","%","698","561"
"Percentage of year 1 pupils meeting the expected standard of phonic decoding","White","ONS 2011 5+1","2018-2019","Academic Year","Torbay","Local authority","E06000027","Girls","5-6","88","%","630","555"
"Percentage of year 1 pupils meeting the expected standard of phonic decoding","All","All","2018-2019","Academic Year","Tower Hamlets","Local authority","E09000030","All","5-6","84","%","3353","2815"
"Percentage of year 1 pupils meeting the expected standard of phonic decoding","All","All","2018-2019","Academic Year","Tower Hamlets","Local authority","E09000030","Boys","5-6","81","%","1703","1384"
"Percentage of year 1 pupils meeting the expected standard of phonic decoding","All","All","2018-2019","Academic Year","Tower Hamlets","Local authority","E09000030","Girls","5-6","87","%","1650","1431"
"Percentage of year 1 pupils meeting the expected standard of phonic decoding","Asian","ONS 2011 5+1","2018-2019","Academic Year","Tower Hamlets","Local authority","E09000030","All","5-6","84","%","2053","1729"
"Percentage of year 1 pupils meeting the expected standard of phonic decoding","Asian","ONS 2011 5+1","2018-2019","Academic Year","Tower Hamlets","Local authority","E09000030","Boys","5-6","81","%","1075","872"
"Percentage of year 1 pupils meeting the expected standard of phonic decoding","Asian","ONS 2011 5+1","2018-2019","Academic Year","Tower Hamlets","Local authority","E09000030","Girls","5-6","88","%","978","857"
"Percentage of year 1 pupils meeting the expected standard of phonic decoding","Black","ONS 2011 5+1","2018-2019","Academic Year","Tower Hamlets","Local authority","E09000030","All","5-6","87","%","298","258"
"Percentage of year 1 pupils meeting the expected standard of phonic decoding","Black","ONS 2011 5+1","2018-2019","Academic Year","Tower Hamlets","Local authority","E09000030","Boys","5-6","88","%","131","115"
"Percentage of year 1 pupils meeting the expected standard of phonic decoding","Black","ONS 2011 5+1","2018-2019","Academic Year","Tower Hamlets","Local authority","E09000030","Girls","5-6","86","%","167","143"
"Percentage of year 1 pupils meeting the expected standard of phonic decoding","Chinese","ONS 2011 18+1","2018-2019","Academic Year","Tower Hamlets","Local authority","E09000030","All","5-6","100","%","26","26"
"Percentage of year 1 pupils meeting the expected standard of phonic decoding","Chinese","ONS 2011 18+1","2018-2019","Academic Year","Tower Hamlets","Local authority","E09000030","Boys","5-6","100","%","10","10"
"Percentage of year 1 pupils meeting the expected standard of phonic decoding","Chinese","ONS 2011 18+1","2018-2019","Academic Year","Tower Hamlets","Local authority","E09000030","Girls","5-6","100","%","16","16"
"Percentage of year 1 pupils meeting the expected standard of phonic decoding","Mixed","ONS 2011 5+1","2018-2019","Academic Year","Tower Hamlets","Local authority","E09000030","All","5-6","88","%","277","244"
"Percentage of year 1 pupils meeting the expected standard of phonic decoding","Mixed","ONS 2011 5+1","2018-2019","Academic Year","Tower Hamlets","Local authority","E09000030","Boys","5-6","83","%","145","120"
"Percentage of year 1 pupils meeting the expected standard of phonic decoding","Mixed","ONS 2011 5+1","2018-2019","Academic Year","Tower Hamlets","Local authority","E09000030","Girls","5-6","94","%","132","124"
"Percentage of year 1 pupils meeting the expected standard of phonic decoding","Other","ONS 2011 5+1","2018-2019","Academic Year","Tower Hamlets","Local authority","E09000030","All","5-6","79","%","95","75"
"Percentage of year 1 pupils meeting the expected standard of phonic decoding","Other","ONS 2011 5+1","2018-2019","Academic Year","Tower Hamlets","Local authority","E09000030","Boys","5-6","74","%","43","32"
"Percentage of year 1 pupils meeting the expected standard of phonic decoding","Other","ONS 2011 5+1","2018-2019","Academic Year","Tower Hamlets","Local authority","E09000030","Girls","5-6","83","%","52","43"
"Percentage of year 1 pupils meeting the expected standard of phonic decoding","White","ONS 2011 5+1","2018-2019","Academic Year","Tower Hamlets","Local authority","E09000030","All","5-6","83","%","545","452"
"Percentage of year 1 pupils meeting the expected standard of phonic decoding","White","ONS 2011 5+1","2018-2019","Academic Year","Tower Hamlets","Local authority","E09000030","Boys","5-6","82","%","271","223"
"Percentage of year 1 pupils meeting the expected standard of phonic decoding","White","ONS 2011 5+1","2018-2019","Academic Year","Tower Hamlets","Local authority","E09000030","Girls","5-6","84","%","274","229"
"Percentage of year 1 pupils meeting the expected standard of phonic decoding","All","All","2018-2019","Academic Year","Trafford","Local authority","E08000009","All","5-6","85","%","2989","2549"
"Percentage of year 1 pupils meeting the expected standard of phonic decoding","All","All","2018-2019","Academic Year","Trafford","Local authority","E08000009","Boys","5-6","83","%","1548","1278"
"Percentage of year 1 pupils meeting the expected standard of phonic decoding","All","All","2018-2019","Academic Year","Trafford","Local authority","E08000009","Girls","5-6","88","%","1441","1271"
"Percentage of year 1 pupils meeting the expected standard of phonic decoding","Asian","ONS 2011 5+1","2018-2019","Academic Year","Trafford","Local authority","E08000009","All","5-6","86","%","409","350"
"Percentage of year 1 pupils meeting the expected standard of phonic decoding","Asian","ONS 2011 5+1","2018-2019","Academic Year","Trafford","Local authority","E08000009","Boys","5-6","87","%","211","184"
"Percentage of year 1 pupils meeting the expected standard of phonic decoding","Asian","ONS 2011 5+1","2018-2019","Academic Year","Trafford","Local authority","E08000009","Girls","5-6","84","%","198","166"
"Percentage of year 1 pupils meeting the expected standard of phonic decoding","Black","ONS 2011 5+1","2018-2019","Academic Year","Trafford","Local authority","E08000009","All","5-6","76","%","108","82"
"Percentage of year 1 pupils meeting the expected standard of phonic decoding","Black","ONS 2011 5+1","2018-2019","Academic Year","Trafford","Local authority","E08000009","Boys","5-6","66","%","50","33"
"Percentage of year 1 pupils meeting the expected standard of phonic decoding","Black","ONS 2011 5+1","2018-2019","Academic Year","Trafford","Local authority","E08000009","Girls","5-6","84","%","58","49"
"Percentage of year 1 pupils meeting the expected standard of phonic decoding","Chinese","ONS 2011 18+1","2018-2019","Academic Year","Trafford","Local authority","E08000009","All","5-6","95","%","62","59"
"Percentage of year 1 pupils meeting the expected standard of phonic decoding","Chinese","ONS 2011 18+1","2018-2019","Academic Year","Trafford","Local authority","E08000009","Boys","5-6","91","%","34","31"
"Percentage of year 1 pupils meeting the expected standard of phonic decoding","Chinese","ONS 2011 18+1","2018-2019","Academic Year","Trafford","Local authority","E08000009","Girls","5-6","100","%","28","28"
"Percentage of year 1 pupils meeting the expected standard of phonic decoding","Mixed","ONS 2011 5+1","2018-2019","Academic Year","Trafford","Local authority","E08000009","All","5-6","84","%","251","211"
"Percentage of year 1 pupils meeting the expected standard of phonic decoding","Mixed","ONS 2011 5+1","2018-2019","Academic Year","Trafford","Local authority","E08000009","Boys","5-6","78","%","129","101"
"Percentage of year 1 pupils meeting the expected standard of phonic decoding","Mixed","ONS 2011 5+1","2018-2019","Academic Year","Trafford","Local authority","E08000009","Girls","5-6","90","%","122","110"
"Percentage of year 1 pupils meeting the expected standard of phonic decoding","Other","ONS 2011 5+1","2018-2019","Academic Year","Trafford","Local authority","E08000009","All","5-6","88","%","72","63"
"Percentage of year 1 pupils meeting the expected standard of phonic decoding","Other","ONS 2011 5+1","2018-2019","Academic Year","Trafford","Local authority","E08000009","Boys","5-6","94","%","34","32"
"Percentage of year 1 pupils meeting the expected standard of phonic decoding","Other","ONS 2011 5+1","2018-2019","Academic Year","Trafford","Local authority","E08000009","Girls","5-6","82","%","38","31"
"Percentage of year 1 pupils meeting the expected standard of phonic decoding","White","ONS 2011 5+1","2018-2019","Academic Year","Trafford","Local authority","E08000009","All","5-6","86","%","2024","1740"
"Percentage of year 1 pupils meeting the expected standard of phonic decoding","White","ONS 2011 5+1","2018-2019","Academic Year","Trafford","Local authority","E08000009","Boys","5-6","83","%","1052","868"
"Percentage of year 1 pupils meeting the expected standard of phonic decoding","White","ONS 2011 5+1","2018-2019","Academic Year","Trafford","Local authority","E08000009","Girls","5-6","90","%","972","872"
"Percentage of year 1 pupils meeting the expected standard of phonic decoding","All","All","2018-2019","Academic Year","Wakefield","Local authority","E08000036","All","5-6","80","%","4208","3375"
"Percentage of year 1 pupils meeting the expected standard of phonic decoding","All","All","2018-2019","Academic Year","Wakefield","Local authority","E08000036","Boys","5-6","75","%","2121","1601"
"Percentage of year 1 pupils meeting the expected standard of phonic decoding","All","All","2018-2019","Academic Year","Wakefield","Local authority","E08000036","Girls","5-6","85","%","2087","1774"
"Percentage of year 1 pupils meeting the expected standard of phonic decoding","Asian","ONS 2011 5+1","2018-2019","Academic Year","Wakefield","Local authority","E08000036","All","5-6","83","%","162","135"
"Percentage of year 1 pupils meeting the expected standard of phonic decoding","Asian","ONS 2011 5+1","2018-2019","Academic Year","Wakefield","Local authority","E08000036","Boys","5-6","81","%","84","68"
"Percentage of year 1 pupils meeting the expected standard of phonic decoding","Asian","ONS 2011 5+1","2018-2019","Academic Year","Wakefield","Local authority","E08000036","Girls","5-6","86","%","78","67"
"Percentage of year 1 pupils meeting the expected standard of phonic decoding","Black","ONS 2011 5+1","2018-2019","Academic Year","Wakefield","Local authority","E08000036","All","5-6","86","%","78","67"
"Percentage of year 1 pupils meeting the expected standard of phonic decoding","Black","ONS 2011 5+1","2018-2019","Academic Year","Wakefield","Local authority","E08000036","Boys","5-6","84","%","38","32"
"Percentage of year 1 pupils meeting the expected standard of phonic decoding","Black","ONS 2011 5+1","2018-2019","Academic Year","Wakefield","Local authority","E08000036","Girls","5-6","88","%","40","35"
"Percentage of year 1 pupils meeting the expected standard of phonic decoding","Chinese","ONS 2011 18+1","2018-2019","Academic Year","Wakefield","Local authority","E08000036","All","5-6","75","%","8","6"
"Percentage of year 1 pupils meeting the expected standard of phonic decoding","Chinese","ONS 2011 18+1","2018-2019","Academic Year","Wakefield","Local authority","E08000036","Boys","5-6","67","%","6","4"
"Percentage of year 1 pupils meeting the expected standard of phonic decoding","Chinese","ONS 2011 18+1","2018-2019","Academic Year","Wakefield","Local authority","E08000036","Girls","5-6","100","%","2","2"
"Percentage of year 1 pupils meeting the expected standard of phonic decoding","Mixed","ONS 2011 5+1","2018-2019","Academic Year","Wakefield","Local authority","E08000036","All","5-6","80","%","164","131"
"Percentage of year 1 pupils meeting the expected standard of phonic decoding","Mixed","ONS 2011 5+1","2018-2019","Academic Year","Wakefield","Local authority","E08000036","Boys","5-6","71","%","79","56"
"Percentage of year 1 pupils meeting the expected standard of phonic decoding","Mixed","ONS 2011 5+1","2018-2019","Academic Year","Wakefield","Local authority","E08000036","Girls","5-6","88","%","85","75"
"Percentage of year 1 pupils meeting the expected standard of phonic decoding","Other","ONS 2011 5+1","2018-2019","Academic Year","Wakefield","Local authority","E08000036","All","5-6","74","%","34","25"
"Percentage of year 1 pupils meeting the expected standard of phonic decoding","Other","ONS 2011 5+1","2018-2019","Academic Year","Wakefield","Local authority","E08000036","Boys","5-6","65","%","20","13"
"Percentage of year 1 pupils meeting the expected standard of phonic decoding","Other","ONS 2011 5+1","2018-2019","Academic Year","Wakefield","Local authority","E08000036","Girls","5-6","86","%","14","12"
"Percentage of year 1 pupils meeting the expected standard of phonic decoding","White","ONS 2011 5+1","2018-2019","Academic Year","Wakefield","Local authority","E08000036","All","5-6","80","%","3718","2986"
"Percentage of year 1 pupils meeting the expected standard of phonic decoding","White","ONS 2011 5+1","2018-2019","Academic Year","Wakefield","Local authority","E08000036","Boys","5-6","76","%","1878","1420"
"Percentage of year 1 pupils meeting the expected standard of phonic decoding","White","ONS 2011 5+1","2018-2019","Academic Year","Wakefield","Local authority","E08000036","Girls","5-6","85","%","1840","1566"
"Percentage of year 1 pupils meeting the expected standard of phonic decoding","All","All","2018-2019","Academic Year","Walsall","Local authority","E08000030","All","5-6","82","%","3851","3174"
"Percentage of year 1 pupils meeting the expected standard of phonic decoding","All","All","2018-2019","Academic Year","Walsall","Local authority","E08000030","Boys","5-6","78","%","2040","1601"
"Percentage of year 1 pupils meeting the expected standard of phonic decoding","All","All","2018-2019","Academic Year","Walsall","Local authority","E08000030","Girls","5-6","87","%","1811","1573"
"Percentage of year 1 pupils meeting the expected standard of phonic decoding","Asian","ONS 2011 5+1","2018-2019","Academic Year","Walsall","Local authority","E08000030","All","5-6","87","%","835","727"
"Percentage of year 1 pupils meeting the expected standard of phonic decoding","Asian","ONS 2011 5+1","2018-2019","Academic Year","Walsall","Local authority","E08000030","Boys","5-6","84","%","452","381"
"Percentage of year 1 pupils meeting the expected standard of phonic decoding","Asian","ONS 2011 5+1","2018-2019","Academic Year","Walsall","Local authority","E08000030","Girls","5-6","90","%","383","346"
"Percentage of year 1 pupils meeting the expected standard of phonic decoding","Black","ONS 2011 5+1","2018-2019","Academic Year","Walsall","Local authority","E08000030","All","5-6","84","%","185","156"
"Percentage of year 1 pupils meeting the expected standard of phonic decoding","Black","ONS 2011 5+1","2018-2019","Academic Year","Walsall","Local authority","E08000030","Boys","5-6","83","%","94","78"
"Percentage of year 1 pupils meeting the expected standard of phonic decoding","Black","ONS 2011 5+1","2018-2019","Academic Year","Walsall","Local authority","E08000030","Girls","5-6","86","%","91","78"
"Percentage of year 1 pupils meeting the expected standard of phonic decoding","Chinese","ONS 2011 18+1","2018-2019","Academic Year","Walsall","Local authority","E08000030","All","5-6","90","%","10","9"
"Percentage of year 1 pupils meeting the expected standard of phonic decoding","Chinese","ONS 2011 18+1","2018-2019","Academic Year","Walsall","Local authority","E08000030","Boys","5-6","0","%","1","0"
"Percentage of year 1 pupils meeting the expected standard of phonic decoding","Chinese","ONS 2011 18+1","2018-2019","Academic Year","Walsall","Local authority","E08000030","Girls","5-6","100","%","9","9"
"Percentage of year 1 pupils meeting the expected standard of phonic decoding","Mixed","ONS 2011 5+1","2018-2019","Academic Year","Walsall","Local authority","E08000030","All","5-6","86","%","299","256"
"Percentage of year 1 pupils meeting the expected standard of phonic decoding","Mixed","ONS 2011 5+1","2018-2019","Academic Year","Walsall","Local authority","E08000030","Boys","5-6","87","%","144","125"
"Percentage of year 1 pupils meeting the expected standard of phonic decoding","Mixed","ONS 2011 5+1","2018-2019","Academic Year","Walsall","Local authority","E08000030","Girls","5-6","85","%","155","131"
"Percentage of year 1 pupils meeting the expected standard of phonic decoding","Other","ONS 2011 5+1","2018-2019","Academic Year","Walsall","Local authority","E08000030","All","5-6","71","%","59","42"
"Percentage of year 1 pupils meeting the expected standard of phonic decoding","Other","ONS 2011 5+1","2018-2019","Academic Year","Walsall","Local authority","E08000030","Boys","5-6","66","%","35","23"
"Percentage of year 1 pupils meeting the expected standard of phonic decoding","Other","ONS 2011 5+1","2018-2019","Academic Year","Walsall","Local authority","E08000030","Girls","5-6","79","%","24","19"
"Percentage of year 1 pupils meeting the expected standard of phonic decoding","White","ONS 2011 5+1","2018-2019","Academic Year","Walsall","Local authority","E08000030","All","5-6","81","%","2421","1965"
"Percentage of year 1 pupils meeting the expected standard of phonic decoding","White","ONS 2011 5+1","2018-2019","Academic Year","Walsall","Local authority","E08000030","Boys","5-6","76","%","1287","981"
"Percentage of year 1 pupils meeting the expected standard of phonic decoding","White","ONS 2011 5+1","2018-2019","Academic Year","Walsall","Local authority","E08000030","Girls","5-6","87","%","1134","984"
"Percentage of year 1 pupils meeting the expected standard of phonic decoding","All","All","2018-2019","Academic Year","Waltham Forest","Local authority","E09000031","All","5-6","86","%","3552","3037"
"Percentage of year 1 pupils meeting the expected standard of phonic decoding","All","All","2018-2019","Academic Year","Waltham Forest","Local authority","E09000031","Boys","5-6","82","%","1787","1474"
"Percentage of year 1 pupils meeting the expected standard of phonic decoding","All","All","2018-2019","Academic Year","Waltham Forest","Local authority","E09000031","Girls","5-6","89","%","1765","1563"
"Percentage of year 1 pupils meeting the expected standard of phonic decoding","Asian","ONS 2011 5+1","2018-2019","Academic Year","Waltham Forest","Local authority","E09000031","All","5-6","87","%","847","736"
"Percentage of year 1 pupils meeting the expected standard of phonic decoding","Asian","ONS 2011 5+1","2018-2019","Academic Year","Waltham Forest","Local authority","E09000031","Boys","5-6","84","%","420","353"
"Percentage of year 1 pupils meeting the expected standard of phonic decoding","Asian","ONS 2011 5+1","2018-2019","Academic Year","Waltham Forest","Local authority","E09000031","Girls","5-6","90","%","427","383"
"Percentage of year 1 pupils meeting the expected standard of phonic decoding","Black","ONS 2011 5+1","2018-2019","Academic Year","Waltham Forest","Local authority","E09000031","All","5-6","86","%","516","442"
"Percentage of year 1 pupils meeting the expected standard of phonic decoding","Black","ONS 2011 5+1","2018-2019","Academic Year","Waltham Forest","Local authority","E09000031","Boys","5-6","80","%","251","202"
"Percentage of year 1 pupils meeting the expected standard of phonic decoding","Black","ONS 2011 5+1","2018-2019","Academic Year","Waltham Forest","Local authority","E09000031","Girls","5-6","91","%","265","240"
"Percentage of year 1 pupils meeting the expected standard of phonic decoding","Chinese","ONS 2011 18+1","2018-2019","Academic Year","Waltham Forest","Local authority","E09000031","All","5-6","89","%","27","24"
"Percentage of year 1 pupils meeting the expected standard of phonic decoding","Chinese","ONS 2011 18+1","2018-2019","Academic Year","Waltham Forest","Local authority","E09000031","Boys","5-6","90","%","10","9"
"Percentage of year 1 pupils meeting the expected standard of phonic decoding","Chinese","ONS 2011 18+1","2018-2019","Academic Year","Waltham Forest","Local authority","E09000031","Girls","5-6","88","%","17","15"
"Percentage of year 1 pupils meeting the expected standard of phonic decoding","Mixed","ONS 2011 5+1","2018-2019","Academic Year","Waltham Forest","Local authority","E09000031","All","5-6","87","%","420","364"
"Percentage of year 1 pupils meeting the expected standard of phonic decoding","Mixed","ONS 2011 5+1","2018-2019","Academic Year","Waltham Forest","Local authority","E09000031","Boys","5-6","86","%","210","181"
"Percentage of year 1 pupils meeting the expected standard of phonic decoding","Mixed","ONS 2011 5+1","2018-2019","Academic Year","Waltham Forest","Local authority","E09000031","Girls","5-6","87","%","210","183"
"Percentage of year 1 pupils meeting the expected standard of phonic decoding","Other","ONS 2011 5+1","2018-2019","Academic Year","Waltham Forest","Local authority","E09000031","All","5-6","83","%","146","121"
"Percentage of year 1 pupils meeting the expected standard of phonic decoding","Other","ONS 2011 5+1","2018-2019","Academic Year","Waltham Forest","Local authority","E09000031","Boys","5-6","78","%","74","58"
"Percentage of year 1 pupils meeting the expected standard of phonic decoding","Other","ONS 2011 5+1","2018-2019","Academic Year","Waltham Forest","Local authority","E09000031","Girls","5-6","88","%","72","63"
"Percentage of year 1 pupils meeting the expected standard of phonic decoding","White","ONS 2011 5+1","2018-2019","Academic Year","Waltham Forest","Local authority","E09000031","All","5-6","86","%","1528","1312"
"Percentage of year 1 pupils meeting the expected standard of phonic decoding","White","ONS 2011 5+1","2018-2019","Academic Year","Waltham Forest","Local authority","E09000031","Boys","5-6","83","%","785","651"
"Percentage of year 1 pupils meeting the expected standard of phonic decoding","White","ONS 2011 5+1","2018-2019","Academic Year","Waltham Forest","Local authority","E09000031","Girls","5-6","89","%","743","661"
"Percentage of year 1 pupils meeting the expected standard of phonic decoding","All","All","2018-2019","Academic Year","Wandsworth","Local authority","E09000032","All","5-6","85","%","2819","2410"
"Percentage of year 1 pupils meeting the expected standard of phonic decoding","All","All","2018-2019","Academic Year","Wandsworth","Local authority","E09000032","Boys","5-6","83","%","1407","1172"
"Percentage of year 1 pupils meeting the expected standard of phonic decoding","All","All","2018-2019","Academic Year","Wandsworth","Local authority","E09000032","Girls","5-6","88","%","1412","1238"
"Percentage of year 1 pupils meeting the expected standard of phonic decoding","Asian","ONS 2011 5+1","2018-2019","Academic Year","Wandsworth","Local authority","E09000032","All","5-6","85","%","425","363"
"Percentage of year 1 pupils meeting the expected standard of phonic decoding","Asian","ONS 2011 5+1","2018-2019","Academic Year","Wandsworth","Local authority","E09000032","Boys","5-6","82","%","207","170"
"Percentage of year 1 pupils meeting the expected standard of phonic decoding","Asian","ONS 2011 5+1","2018-2019","Academic Year","Wandsworth","Local authority","E09000032","Girls","5-6","89","%","218","193"
"Percentage of year 1 pupils meeting the expected standard of phonic decoding","Black","ONS 2011 5+1","2018-2019","Academic Year","Wandsworth","Local authority","E09000032","All","5-6","82","%","438","357"
"Percentage of year 1 pupils meeting the expected standard of phonic decoding","Black","ONS 2011 5+1","2018-2019","Academic Year","Wandsworth","Local authority","E09000032","Boys","5-6","78","%","212","165"
"Percentage of year 1 pupils meeting the expected standard of phonic decoding","Black","ONS 2011 5+1","2018-2019","Academic Year","Wandsworth","Local authority","E09000032","Girls","5-6","85","%","226","192"
"Percentage of year 1 pupils meeting the expected standard of phonic decoding","Chinese","ONS 2011 18+1","2018-2019","Academic Year","Wandsworth","Local authority","E09000032","All","5-6","90","%","20","18"
"Percentage of year 1 pupils meeting the expected standard of phonic decoding","Chinese","ONS 2011 18+1","2018-2019","Academic Year","Wandsworth","Local authority","E09000032","Boys","5-6","88","%","8","7"
"Percentage of year 1 pupils meeting the expected standard of phonic decoding","Chinese","ONS 2011 18+1","2018-2019","Academic Year","Wandsworth","Local authority","E09000032","Girls","5-6","92","%","12","11"
"Percentage of year 1 pupils meeting the expected standard of phonic decoding","Mixed","ONS 2011 5+1","2018-2019","Academic Year","Wandsworth","Local authority","E09000032","All","5-6","88","%","401","351"
"Percentage of year 1 pupils meeting the expected standard of phonic decoding","Mixed","ONS 2011 5+1","2018-2019","Academic Year","Wandsworth","Local authority","E09000032","Boys","5-6","85","%","191","163"
"Percentage of year 1 pupils meeting the expected standard of phonic decoding","Mixed","ONS 2011 5+1","2018-2019","Academic Year","Wandsworth","Local authority","E09000032","Girls","5-6","90","%","210","188"
"Percentage of year 1 pupils meeting the expected standard of phonic decoding","Other","ONS 2011 5+1","2018-2019","Academic Year","Wandsworth","Local authority","E09000032","All","5-6","81","%","109","88"
"Percentage of year 1 pupils meeting the expected standard of phonic decoding","Other","ONS 2011 5+1","2018-2019","Academic Year","Wandsworth","Local authority","E09000032","Boys","5-6","79","%","56","44"
"Percentage of year 1 pupils meeting the expected standard of phonic decoding","Other","ONS 2011 5+1","2018-2019","Academic Year","Wandsworth","Local authority","E09000032","Girls","5-6","83","%","53","44"
"Percentage of year 1 pupils meeting the expected standard of phonic decoding","White","ONS 2011 5+1","2018-2019","Academic Year","Wandsworth","Local authority","E09000032","All","5-6","87","%","1332","1158"
"Percentage of year 1 pupils meeting the expected standard of phonic decoding","White","ONS 2011 5+1","2018-2019","Academic Year","Wandsworth","Local authority","E09000032","Boys","5-6","86","%","685","586"
"Percentage of year 1 pupils meeting the expected standard of phonic decoding","White","ONS 2011 5+1","2018-2019","Academic Year","Wandsworth","Local authority","E09000032","Girls","5-6","88","%","647","572"
"Percentage of year 1 pupils meeting the expected standard of phonic decoding","All","All","2018-2019","Academic Year","Warrington","Local authority","E06000007","All","5-6","85","%","2560","2180"
"Percentage of year 1 pupils meeting the expected standard of phonic decoding","All","All","2018-2019","Academic Year","Warrington","Local authority","E06000007","Boys","5-6","81","%","1321","1071"
"Percentage of year 1 pupils meeting the expected standard of phonic decoding","All","All","2018-2019","Academic Year","Warrington","Local authority","E06000007","Girls","5-6","90","%","1239","1109"
"Percentage of year 1 pupils meeting the expected standard of phonic decoding","Asian","ONS 2011 5+1","2018-2019","Academic Year","Warrington","Local authority","E06000007","All","5-6","94","%","103","97"
"Percentage of year 1 pupils meeting the expected standard of phonic decoding","Asian","ONS 2011 5+1","2018-2019","Academic Year","Warrington","Local authority","E06000007","Boys","5-6","90","%","51","46"
"Percentage of year 1 pupils meeting the expected standard of phonic decoding","Asian","ONS 2011 5+1","2018-2019","Academic Year","Warrington","Local authority","E06000007","Girls","5-6","98","%","52","51"
"Percentage of year 1 pupils meeting the expected standard of phonic decoding","Black","ONS 2011 5+1","2018-2019","Academic Year","Warrington","Local authority","E06000007","All","5-6","90","%","29","26"
"Percentage of year 1 pupils meeting the expected standard of phonic decoding","Black","ONS 2011 5+1","2018-2019","Academic Year","Warrington","Local authority","E06000007","Boys","5-6","88","%","16","14"
"Percentage of year 1 pupils meeting the expected standard of phonic decoding","Black","ONS 2011 5+1","2018-2019","Academic Year","Warrington","Local authority","E06000007","Girls","5-6","92","%","13","12"
"Percentage of year 1 pupils meeting the expected standard of phonic decoding","Chinese","ONS 2011 18+1","2018-2019","Academic Year","Warrington","Local authority","E06000007","All","5-6","94","%","17","16"
"Percentage of year 1 pupils meeting the expected standard of phonic decoding","Chinese","ONS 2011 18+1","2018-2019","Academic Year","Warrington","Local authority","E06000007","Boys","5-6","88","%","8","7"
"Percentage of year 1 pupils meeting the expected standard of phonic decoding","Chinese","ONS 2011 18+1","2018-2019","Academic Year","Warrington","Local authority","E06000007","Girls","5-6","100","%","9","9"
"Percentage of year 1 pupils meeting the expected standard of phonic decoding","Mixed","ONS 2011 5+1","2018-2019","Academic Year","Warrington","Local authority","E06000007","All","5-6","89","%","99","88"
"Percentage of year 1 pupils meeting the expected standard of phonic decoding","Mixed","ONS 2011 5+1","2018-2019","Academic Year","Warrington","Local authority","E06000007","Boys","5-6","79","%","43","34"
"Percentage of year 1 pupils meeting the expected standard of phonic decoding","Mixed","ONS 2011 5+1","2018-2019","Academic Year","Warrington","Local authority","E06000007","Girls","5-6","96","%","56","54"
"Percentage of year 1 pupils meeting the expected standard of phonic decoding","Other","ONS 2011 5+1","2018-2019","Academic Year","Warrington","Local authority","E06000007","All","5-6","64","%","22","14"
"Percentage of year 1 pupils meeting the expected standard of phonic decoding","Other","ONS 2011 5+1","2018-2019","Academic Year","Warrington","Local authority","E06000007","Boys","5-6","50","%","12","6"
"Percentage of year 1 pupils meeting the expected standard of phonic decoding","Other","ONS 2011 5+1","2018-2019","Academic Year","Warrington","Local authority","E06000007","Girls","5-6","80","%","10","8"
"Percentage of year 1 pupils meeting the expected standard of phonic decoding","White","ONS 2011 5+1","2018-2019","Academic Year","Warrington","Local authority","E06000007","All","5-6","85","%","2266","1924"
"Percentage of year 1 pupils meeting the expected standard of phonic decoding","White","ONS 2011 5+1","2018-2019","Academic Year","Warrington","Local authority","E06000007","Boys","5-6","81","%","1171","951"
"Percentage of year 1 pupils meeting the expected standard of phonic decoding","White","ONS 2011 5+1","2018-2019","Academic Year","Warrington","Local authority","E06000007","Girls","5-6","89","%","1095","973"
"Percentage of year 1 pupils meeting the expected standard of phonic decoding","All","All","2018-2019","Academic Year","Warwickshire","Local authority","E10000031","All","5-6","84","%","6508","5435"
"Percentage of year 1 pupils meeting the expected standard of phonic decoding","All","All","2018-2019","Academic Year","Warwickshire","Local authority","E10000031","Boys","5-6","81","%","3345","2695"
"Percentage of year 1 pupils meeting the expected standard of phonic decoding","All","All","2018-2019","Academic Year","Warwickshire","Local authority","E10000031","Girls","5-6","87","%","3163","2740"
"Percentage of year 1 pupils meeting the expected standard of phonic decoding","Asian","ONS 2011 5+1","2018-2019","Academic Year","Warwickshire","Local authority","E10000031","All","5-6","88","%","404","357"
"Percentage of year 1 pupils meeting the expected standard of phonic decoding","Asian","ONS 2011 5+1","2018-2019","Academic Year","Warwickshire","Local authority","E10000031","Boys","5-6","85","%","233","198"
"Percentage of year 1 pupils meeting the expected standard of phonic decoding","Asian","ONS 2011 5+1","2018-2019","Academic Year","Warwickshire","Local authority","E10000031","Girls","5-6","93","%","171","159"
"Percentage of year 1 pupils meeting the expected standard of phonic decoding","Black","ONS 2011 5+1","2018-2019","Academic Year","Warwickshire","Local authority","E10000031","All","5-6","90","%","89","80"
"Percentage of year 1 pupils meeting the expected standard of phonic decoding","Black","ONS 2011 5+1","2018-2019","Academic Year","Warwickshire","Local authority","E10000031","Boys","5-6","90","%","40","36"
"Percentage of year 1 pupils meeting the expected standard of phonic decoding","Black","ONS 2011 5+1","2018-2019","Academic Year","Warwickshire","Local authority","E10000031","Girls","5-6","90","%","49","44"
"Percentage of year 1 pupils meeting the expected standard of phonic decoding","Chinese","ONS 2011 18+1","2018-2019","Academic Year","Warwickshire","Local authority","E10000031","All","5-6","100","%","32","32"
"Percentage of year 1 pupils meeting the expected standard of phonic decoding","Chinese","ONS 2011 18+1","2018-2019","Academic Year","Warwickshire","Local authority","E10000031","Boys","5-6","100","%","10","10"
"Percentage of year 1 pupils meeting the expected standard of phonic decoding","Chinese","ONS 2011 18+1","2018-2019","Academic Year","Warwickshire","Local authority","E10000031","Girls","5-6","100","%","22","22"
"Percentage of year 1 pupils meeting the expected standard of phonic decoding","Mixed","ONS 2011 5+1","2018-2019","Academic Year","Warwickshire","Local authority","E10000031","All","5-6","87","%","337","294"
"Percentage of year 1 pupils meeting the expected standard of phonic decoding","Mixed","ONS 2011 5+1","2018-2019","Academic Year","Warwickshire","Local authority","E10000031","Boys","5-6","82","%","169","138"
"Percentage of year 1 pupils meeting the expected standard of phonic decoding","Mixed","ONS 2011 5+1","2018-2019","Academic Year","Warwickshire","Local authority","E10000031","Girls","5-6","93","%","168","156"
"Percentage of year 1 pupils meeting the expected standard of phonic decoding","Other","ONS 2011 5+1","2018-2019","Academic Year","Warwickshire","Local authority","E10000031","All","5-6","75","%","48","36"
"Percentage of year 1 pupils meeting the expected standard of phonic decoding","Other","ONS 2011 5+1","2018-2019","Academic Year","Warwickshire","Local authority","E10000031","Boys","5-6","76","%","25","19"
"Percentage of year 1 pupils meeting the expected standard of phonic decoding","Other","ONS 2011 5+1","2018-2019","Academic Year","Warwickshire","Local authority","E10000031","Girls","5-6","74","%","23","17"
"Percentage of year 1 pupils meeting the expected standard of phonic decoding","White","ONS 2011 5+1","2018-2019","Academic Year","Warwickshire","Local authority","E10000031","All","5-6","83","%","5495","4563"
"Percentage of year 1 pupils meeting the expected standard of phonic decoding","White","ONS 2011 5+1","2018-2019","Academic Year","Warwickshire","Local authority","E10000031","Boys","5-6","80","%","2809","2250"
"Percentage of year 1 pupils meeting the expected standard of phonic decoding","White","ONS 2011 5+1","2018-2019","Academic Year","Warwickshire","Local authority","E10000031","Girls","5-6","86","%","2686","2313"
"Percentage of year 1 pupils meeting the expected standard of phonic decoding","All","All","2018-2019","Academic Year","West Berkshire","Local authority","E06000037","All","5-6","82","%","1925","1574"
"Percentage of year 1 pupils meeting the expected standard of phonic decoding","All","All","2018-2019","Academic Year","West Berkshire","Local authority","E06000037","Boys","5-6","78","%","1013","795"
"Percentage of year 1 pupils meeting the expected standard of phonic decoding","All","All","2018-2019","Academic Year","West Berkshire","Local authority","E06000037","Girls","5-6","85","%","912","779"
"Percentage of year 1 pupils meeting the expected standard of phonic decoding","Asian","ONS 2011 5+1","2018-2019","Academic Year","West Berkshire","Local authority","E06000037","All","5-6","88","%","92","81"
"Percentage of year 1 pupils meeting the expected standard of phonic decoding","Asian","ONS 2011 5+1","2018-2019","Academic Year","West Berkshire","Local authority","E06000037","Boys","5-6","86","%","50","43"
"Percentage of year 1 pupils meeting the expected standard of phonic decoding","Asian","ONS 2011 5+1","2018-2019","Academic Year","West Berkshire","Local authority","E06000037","Girls","5-6","90","%","42","38"
"Percentage of year 1 pupils meeting the expected standard of phonic decoding","Black","ONS 2011 5+1","2018-2019","Academic Year","West Berkshire","Local authority","E06000037","All","5-6","87","%","15","13"
"Percentage of year 1 pupils meeting the expected standard of phonic decoding","Black","ONS 2011 5+1","2018-2019","Academic Year","West Berkshire","Local authority","E06000037","Boys","5-6","71","%","7","5"
"Percentage of year 1 pupils meeting the expected standard of phonic decoding","Black","ONS 2011 5+1","2018-2019","Academic Year","West Berkshire","Local authority","E06000037","Girls","5-6","100","%","8","8"
"Percentage of year 1 pupils meeting the expected standard of phonic decoding","Chinese","ONS 2011 18+1","2018-2019","Academic Year","West Berkshire","Local authority","E06000037","All","5-6","100","%","2","2"
"Percentage of year 1 pupils meeting the expected standard of phonic decoding","Chinese","ONS 2011 18+1","2018-2019","Academic Year","West Berkshire","Local authority","E06000037","Boys","5-6","100","%","1","1"
"Percentage of year 1 pupils meeting the expected standard of phonic decoding","Chinese","ONS 2011 18+1","2018-2019","Academic Year","West Berkshire","Local authority","E06000037","Girls","5-6","100","%","1","1"
"Percentage of year 1 pupils meeting the expected standard of phonic decoding","Mixed","ONS 2011 5+1","2018-2019","Academic Year","West Berkshire","Local authority","E06000037","All","5-6","83","%","100","83"
"Percentage of year 1 pupils meeting the expected standard of phonic decoding","Mixed","ONS 2011 5+1","2018-2019","Academic Year","West Berkshire","Local authority","E06000037","Boys","5-6","73","%","44","32"
"Percentage of year 1 pupils meeting the expected standard of phonic decoding","Mixed","ONS 2011 5+1","2018-2019","Academic Year","West Berkshire","Local authority","E06000037","Girls","5-6","91","%","56","51"
"Percentage of year 1 pupils meeting the expected standard of phonic decoding","Other","ONS 2011 5+1","2018-2019","Academic Year","West Berkshire","Local authority","E06000037","All","5-6","92","%","13","12"
"Percentage of year 1 pupils meeting the expected standard of phonic decoding","Other","ONS 2011 5+1","2018-2019","Academic Year","West Berkshire","Local authority","E06000037","Boys","5-6","91","%","11","10"
"Percentage of year 1 pupils meeting the expected standard of phonic decoding","Other","ONS 2011 5+1","2018-2019","Academic Year","West Berkshire","Local authority","E06000037","Girls","5-6","100","%","2","2"
"Percentage of year 1 pupils meeting the expected standard of phonic decoding","White","ONS 2011 5+1","2018-2019","Academic Year","West Berkshire","Local authority","E06000037","All","5-6","82","%","1662","1357"
"Percentage of year 1 pupils meeting the expected standard of phonic decoding","White","ONS 2011 5+1","2018-2019","Academic Year","West Berkshire","Local authority","E06000037","Boys","5-6","79","%","880","691"
"Percentage of year 1 pupils meeting the expected standard of phonic decoding","White","ONS 2011 5+1","2018-2019","Academic Year","West Berkshire","Local authority","E06000037","Girls","5-6","85","%","782","666"
"Percentage of year 1 pupils meeting the expected standard of phonic decoding","All","All","2018-2019","Academic Year","West Sussex","Local authority","E10000032","All","5-6","81","%","9384","7587"
"Percentage of year 1 pupils meeting the expected standard of phonic decoding","All","All","2018-2019","Academic Year","West Sussex","Local authority","E10000032","Boys","5-6","78","%","4927","3825"
"Percentage of year 1 pupils meeting the expected standard of phonic decoding","All","All","2018-2019","Academic Year","West Sussex","Local authority","E10000032","Girls","5-6","84","%","4457","3762"
"Percentage of year 1 pupils meeting the expected standard of phonic decoding","Asian","ONS 2011 5+1","2018-2019","Academic Year","West Sussex","Local authority","E10000032","All","5-6","86","%","476","409"
"Percentage of year 1 pupils meeting the expected standard of phonic decoding","Asian","ONS 2011 5+1","2018-2019","Academic Year","West Sussex","Local authority","E10000032","Boys","5-6","83","%","254","211"
"Percentage of year 1 pupils meeting the expected standard of phonic decoding","Asian","ONS 2011 5+1","2018-2019","Academic Year","West Sussex","Local authority","E10000032","Girls","5-6","89","%","222","198"
"Percentage of year 1 pupils meeting the expected standard of phonic decoding","Black","ONS 2011 5+1","2018-2019","Academic Year","West Sussex","Local authority","E10000032","All","5-6","85","%","111","94"
"Percentage of year 1 pupils meeting the expected standard of phonic decoding","Black","ONS 2011 5+1","2018-2019","Academic Year","West Sussex","Local authority","E10000032","Boys","5-6","83","%","54","45"
"Percentage of year 1 pupils meeting the expected standard of phonic decoding","Black","ONS 2011 5+1","2018-2019","Academic Year","West Sussex","Local authority","E10000032","Girls","5-6","86","%","57","49"
"Percentage of year 1 pupils meeting the expected standard of phonic decoding","Chinese","ONS 2011 18+1","2018-2019","Academic Year","West Sussex","Local authority","E10000032","All","5-6","94","%","16","15"
"Percentage of year 1 pupils meeting the expected standard of phonic decoding","Chinese","ONS 2011 18+1","2018-2019","Academic Year","West Sussex","Local authority","E10000032","Boys","5-6","100","%","7","7"
"Percentage of year 1 pupils meeting the expected standard of phonic decoding","Chinese","ONS 2011 18+1","2018-2019","Academic Year","West Sussex","Local authority","E10000032","Girls","5-6","89","%","9","8"
"Percentage of year 1 pupils meeting the expected standard of phonic decoding","Mixed","ONS 2011 5+1","2018-2019","Academic Year","West Sussex","Local authority","E10000032","All","5-6","83","%","513","425"
"Percentage of year 1 pupils meeting the expected standard of phonic decoding","Mixed","ONS 2011 5+1","2018-2019","Academic Year","West Sussex","Local authority","E10000032","Boys","5-6","81","%","267","216"
"Percentage of year 1 pupils meeting the expected standard of phonic decoding","Mixed","ONS 2011 5+1","2018-2019","Academic Year","West Sussex","Local authority","E10000032","Girls","5-6","85","%","246","209"
"Percentage of year 1 pupils meeting the expected standard of phonic decoding","Other","ONS 2011 5+1","2018-2019","Academic Year","West Sussex","Local authority","E10000032","All","5-6","75","%","55","41"
"Percentage of year 1 pupils meeting the expected standard of phonic decoding","Other","ONS 2011 5+1","2018-2019","Academic Year","West Sussex","Local authority","E10000032","Boys","5-6","56","%","25","14"
"Percentage of year 1 pupils meeting the expected standard of phonic decoding","Other","ONS 2011 5+1","2018-2019","Academic Year","West Sussex","Local authority","E10000032","Girls","5-6","90","%","30","27"
"Percentage of year 1 pupils meeting the expected standard of phonic decoding","White","ONS 2011 5+1","2018-2019","Academic Year","West Sussex","Local authority","E10000032","All","5-6","81","%","8056","6497"
"Percentage of year 1 pupils meeting the expected standard of phonic decoding","White","ONS 2011 5+1","2018-2019","Academic Year","West Sussex","Local authority","E10000032","Boys","5-6","77","%","4232","3272"
"Percentage of year 1 pupils meeting the expected standard of phonic decoding","White","ONS 2011 5+1","2018-2019","Academic Year","West Sussex","Local authority","E10000032","Girls","5-6","84","%","3824","3225"
"Percentage of year 1 pupils meeting the expected standard of phonic decoding","All","All","2018-2019","Academic Year","Westminster","Local authority","E09000033","All","5-6","86","%","1326","1136"
"Percentage of year 1 pupils meeting the expected standard of phonic decoding","All","All","2018-2019","Academic Year","Westminster","Local authority","E09000033","Boys","5-6","83","%","684","570"
"Percentage of year 1 pupils meeting the expected standard of phonic decoding","All","All","2018-2019","Academic Year","Westminster","Local authority","E09000033","Girls","5-6","88","%","642","566"
"Percentage of year 1 pupils meeting the expected standard of phonic decoding","Asian","ONS 2011 5+1","2018-2019","Academic Year","Westminster","Local authority","E09000033","All","5-6","86","%","188","161"
"Percentage of year 1 pupils meeting the expected standard of phonic decoding","Asian","ONS 2011 5+1","2018-2019","Academic Year","Westminster","Local authority","E09000033","Boys","5-6","80","%","89","71"
"Percentage of year 1 pupils meeting the expected standard of phonic decoding","Asian","ONS 2011 5+1","2018-2019","Academic Year","Westminster","Local authority","E09000033","Girls","5-6","91","%","99","90"
"Percentage of year 1 pupils meeting the expected standard of phonic decoding","Black","ONS 2011 5+1","2018-2019","Academic Year","Westminster","Local authority","E09000033","All","5-6","81","%","187","151"
"Percentage of year 1 pupils meeting the expected standard of phonic decoding","Black","ONS 2011 5+1","2018-2019","Academic Year","Westminster","Local authority","E09000033","Boys","5-6","79","%","108","85"
"Percentage of year 1 pupils meeting the expected standard of phonic decoding","Black","ONS 2011 5+1","2018-2019","Academic Year","Westminster","Local authority","E09000033","Girls","5-6","84","%","79","66"
"Percentage of year 1 pupils meeting the expected standard of phonic decoding","Chinese","ONS 2011 18+1","2018-2019","Academic Year","Westminster","Local authority","E09000033","All","5-6","90","%","29","26"
"Percentage of year 1 pupils meeting the expected standard of phonic decoding","Chinese","ONS 2011 18+1","2018-2019","Academic Year","Westminster","Local authority","E09000033","Boys","5-6","81","%","16","13"
"Percentage of year 1 pupils meeting the expected standard of phonic decoding","Chinese","ONS 2011 18+1","2018-2019","Academic Year","Westminster","Local authority","E09000033","Girls","5-6","100","%","13","13"
"Percentage of year 1 pupils meeting the expected standard of phonic decoding","Mixed","ONS 2011 5+1","2018-2019","Academic Year","Westminster","Local authority","E09000033","All","5-6","86","%","175","151"
"Percentage of year 1 pupils meeting the expected standard of phonic decoding","Mixed","ONS 2011 5+1","2018-2019","Academic Year","Westminster","Local authority","E09000033","Boys","5-6","82","%","93","76"
"Percentage of year 1 pupils meeting the expected standard of phonic decoding","Mixed","ONS 2011 5+1","2018-2019","Academic Year","Westminster","Local authority","E09000033","Girls","5-6","91","%","82","75"
"Percentage of year 1 pupils meeting the expected standard of phonic decoding","Other","ONS 2011 5+1","2018-2019","Academic Year","Westminster","Local authority","E09000033","All","5-6","85","%","313","267"
"Percentage of year 1 pupils meeting the expected standard of phonic decoding","Other","ONS 2011 5+1","2018-2019","Academic Year","Westminster","Local authority","E09000033","Boys","5-6","84","%","171","144"
"Percentage of year 1 pupils meeting the expected standard of phonic decoding","Other","ONS 2011 5+1","2018-2019","Academic Year","Westminster","Local authority","E09000033","Girls","5-6","87","%","142","123"
"Percentage of year 1 pupils meeting the expected standard of phonic decoding","White","ONS 2011 5+1","2018-2019","Academic Year","Westminster","Local authority","E09000033","All","5-6","89","%","387","344"
"Percentage of year 1 pupils meeting the expected standard of phonic decoding","White","ONS 2011 5+1","2018-2019","Academic Year","Westminster","Local authority","E09000033","Boys","5-6","88","%","183","161"
"Percentage of year 1 pupils meeting the expected standard of phonic decoding","White","ONS 2011 5+1","2018-2019","Academic Year","Westminster","Local authority","E09000033","Girls","5-6","90","%","204","183"
"Percentage of year 1 pupils meeting the expected standard of phonic decoding","All","All","2018-2019","Academic Year","Wigan","Local authority","E08000010","All","5-6","80","%","3760","3009"
"Percentage of year 1 pupils meeting the expected standard of phonic decoding","All","All","2018-2019","Academic Year","Wigan","Local authority","E08000010","Boys","5-6","76","%","1890","1435"
"Percentage of year 1 pupils meeting the expected standard of phonic decoding","All","All","2018-2019","Academic Year","Wigan","Local authority","E08000010","Girls","5-6","84","%","1870","1574"
"Percentage of year 1 pupils meeting the expected standard of phonic decoding","Asian","ONS 2011 5+1","2018-2019","Academic Year","Wigan","Local authority","E08000010","All","5-6","84","%","62","52"
"Percentage of year 1 pupils meeting the expected standard of phonic decoding","Asian","ONS 2011 5+1","2018-2019","Academic Year","Wigan","Local authority","E08000010","Boys","5-6","75","%","20","15"
"Percentage of year 1 pupils meeting the expected standard of phonic decoding","Asian","ONS 2011 5+1","2018-2019","Academic Year","Wigan","Local authority","E08000010","Girls","5-6","88","%","42","37"
"Percentage of year 1 pupils meeting the expected standard of phonic decoding","Black","ONS 2011 5+1","2018-2019","Academic Year","Wigan","Local authority","E08000010","All","5-6","78","%","58","45"
"Percentage of year 1 pupils meeting the expected standard of phonic decoding","Black","ONS 2011 5+1","2018-2019","Academic Year","Wigan","Local authority","E08000010","Boys","5-6","75","%","24","18"
"Percentage of year 1 pupils meeting the expected standard of phonic decoding","Black","ONS 2011 5+1","2018-2019","Academic Year","Wigan","Local authority","E08000010","Girls","5-6","79","%","34","27"
"Percentage of year 1 pupils meeting the expected standard of phonic decoding","Chinese","ONS 2011 18+1","2018-2019","Academic Year","Wigan","Local authority","E08000010","All","5-6","100","%","13","13"
"Percentage of year 1 pupils meeting the expected standard of phonic decoding","Chinese","ONS 2011 18+1","2018-2019","Academic Year","Wigan","Local authority","E08000010","Boys","5-6","100","%","11","11"
"Percentage of year 1 pupils meeting the expected standard of phonic decoding","Chinese","ONS 2011 18+1","2018-2019","Academic Year","Wigan","Local authority","E08000010","Girls","5-6","100","%","2","2"
"Percentage of year 1 pupils meeting the expected standard of phonic decoding","Mixed","ONS 2011 5+1","2018-2019","Academic Year","Wigan","Local authority","E08000010","All","5-6","77","%","101","78"
"Percentage of year 1 pupils meeting the expected standard of phonic decoding","Mixed","ONS 2011 5+1","2018-2019","Academic Year","Wigan","Local authority","E08000010","Boys","5-6","72","%","50","36"
"Percentage of year 1 pupils meeting the expected standard of phonic decoding","Mixed","ONS 2011 5+1","2018-2019","Academic Year","Wigan","Local authority","E08000010","Girls","5-6","82","%","51","42"
"Percentage of year 1 pupils meeting the expected standard of phonic decoding","Other","ONS 2011 5+1","2018-2019","Academic Year","Wigan","Local authority","E08000010","All","5-6","83","%","60","50"
"Percentage of year 1 pupils meeting the expected standard of phonic decoding","Other","ONS 2011 5+1","2018-2019","Academic Year","Wigan","Local authority","E08000010","Boys","5-6","88","%","25","22"
"Percentage of year 1 pupils meeting the expected standard of phonic decoding","Other","ONS 2011 5+1","2018-2019","Academic Year","Wigan","Local authority","E08000010","Girls","5-6","80","%","35","28"
"Percentage of year 1 pupils meeting the expected standard of phonic decoding","White","ONS 2011 5+1","2018-2019","Academic Year","Wigan","Local authority","E08000010","All","5-6","80","%","3438","2757"
"Percentage of year 1 pupils meeting the expected standard of phonic decoding","White","ONS 2011 5+1","2018-2019","Academic Year","Wigan","Local authority","E08000010","Boys","5-6","76","%","1747","1326"
"Percentage of year 1 pupils meeting the expected standard of phonic decoding","White","ONS 2011 5+1","2018-2019","Academic Year","Wigan","Local authority","E08000010","Girls","5-6","85","%","1691","1431"
"Percentage of year 1 pupils meeting the expected standard of phonic decoding","All","All","2018-2019","Academic Year","Wiltshire","Local authority","E06000054","All","5-6","80","%","5449","4363"
"Percentage of year 1 pupils meeting the expected standard of phonic decoding","All","All","2018-2019","Academic Year","Wiltshire","Local authority","E06000054","Boys","5-6","76","%","2779","2100"
"Percentage of year 1 pupils meeting the expected standard of phonic decoding","All","All","2018-2019","Academic Year","Wiltshire","Local authority","E06000054","Girls","5-6","85","%","2670","2263"
"Percentage of year 1 pupils meeting the expected standard of phonic decoding","Asian","ONS 2011 5+1","2018-2019","Academic Year","Wiltshire","Local authority","E06000054","All","5-6","90","%","72","65"
"Percentage of year 1 pupils meeting the expected standard of phonic decoding","Asian","ONS 2011 5+1","2018-2019","Academic Year","Wiltshire","Local authority","E06000054","Boys","5-6","84","%","32","27"
"Percentage of year 1 pupils meeting the expected standard of phonic decoding","Asian","ONS 2011 5+1","2018-2019","Academic Year","Wiltshire","Local authority","E06000054","Girls","5-6","95","%","40","38"
"Percentage of year 1 pupils meeting the expected standard of phonic decoding","Black","ONS 2011 5+1","2018-2019","Academic Year","Wiltshire","Local authority","E06000054","All","5-6","76","%","76","58"
"Percentage of year 1 pupils meeting the expected standard of phonic decoding","Black","ONS 2011 5+1","2018-2019","Academic Year","Wiltshire","Local authority","E06000054","Boys","5-6","64","%","33","21"
"Percentage of year 1 pupils meeting the expected standard of phonic decoding","Black","ONS 2011 5+1","2018-2019","Academic Year","Wiltshire","Local authority","E06000054","Girls","5-6","86","%","43","37"
"Percentage of year 1 pupils meeting the expected standard of phonic decoding","Chinese","ONS 2011 18+1","2018-2019","Academic Year","Wiltshire","Local authority","E06000054","All","5-6","92","%","12","11"
"Percentage of year 1 pupils meeting the expected standard of phonic decoding","Chinese","ONS 2011 18+1","2018-2019","Academic Year","Wiltshire","Local authority","E06000054","Boys","5-6","100","%","4","4"
"Percentage of year 1 pupils meeting the expected standard of phonic decoding","Chinese","ONS 2011 18+1","2018-2019","Academic Year","Wiltshire","Local authority","E06000054","Girls","5-6","88","%","8","7"
"Percentage of year 1 pupils meeting the expected standard of phonic decoding","Mixed","ONS 2011 5+1","2018-2019","Academic Year","Wiltshire","Local authority","E06000054","All","5-6","76","%","199","151"
"Percentage of year 1 pupils meeting the expected standard of phonic decoding","Mixed","ONS 2011 5+1","2018-2019","Academic Year","Wiltshire","Local authority","E06000054","Boys","5-6","70","%","121","85"
"Percentage of year 1 pupils meeting the expected standard of phonic decoding","Mixed","ONS 2011 5+1","2018-2019","Academic Year","Wiltshire","Local authority","E06000054","Girls","5-6","85","%","78","66"
"Percentage of year 1 pupils meeting the expected standard of phonic decoding","Other","ONS 2011 5+1","2018-2019","Academic Year","Wiltshire","Local authority","E06000054","All","5-6","70","%","40","28"
"Percentage of year 1 pupils meeting the expected standard of phonic decoding","Other","ONS 2011 5+1","2018-2019","Academic Year","Wiltshire","Local authority","E06000054","Boys","5-6","61","%","18","11"
"Percentage of year 1 pupils meeting the expected standard of phonic decoding","Other","ONS 2011 5+1","2018-2019","Academic Year","Wiltshire","Local authority","E06000054","Girls","5-6","77","%","22","17"
"Percentage of year 1 pupils meeting the expected standard of phonic decoding","White","ONS 2011 5+1","2018-2019","Academic Year","Wiltshire","Local authority","E06000054","All","5-6","80","%","4940","3969"
"Percentage of year 1 pupils meeting the expected standard of phonic decoding","White","ONS 2011 5+1","2018-2019","Academic Year","Wiltshire","Local authority","E06000054","Boys","5-6","76","%","2514","1912"
"Percentage of year 1 pupils meeting the expected standard of phonic decoding","White","ONS 2011 5+1","2018-2019","Academic Year","Wiltshire","Local authority","E06000054","Girls","5-6","85","%","2426","2057"
"Percentage of year 1 pupils meeting the expected standard of phonic decoding","All","All","2018-2019","Academic Year","Windsor and Maidenhead","Local authority","E06000040","All","5-6","83","%","1641","1370"
"Percentage of year 1 pupils meeting the expected standard of phonic decoding","All","All","2018-2019","Academic Year","Windsor and Maidenhead","Local authority","E06000040","Boys","5-6","81","%","850","688"
"Percentage of year 1 pupils meeting the expected standard of phonic decoding","All","All","2018-2019","Academic Year","Windsor and Maidenhead","Local authority","E06000040","Girls","5-6","86","%","791","682"
"Percentage of year 1 pupils meeting the expected standard of phonic decoding","Asian","ONS 2011 5+1","2018-2019","Academic Year","Windsor and Maidenhead","Local authority","E06000040","All","5-6","84","%","266","224"
"Percentage of year 1 pupils meeting the expected standard of phonic decoding","Asian","ONS 2011 5+1","2018-2019","Academic Year","Windsor and Maidenhead","Local authority","E06000040","Boys","5-6","84","%","111","93"
"Percentage of year 1 pupils meeting the expected standard of phonic decoding","Asian","ONS 2011 5+1","2018-2019","Academic Year","Windsor and Maidenhead","Local authority","E06000040","Girls","5-6","85","%","155","131"
"Percentage of year 1 pupils meeting the expected standard of phonic decoding","Black","ONS 2011 5+1","2018-2019","Academic Year","Windsor and Maidenhead","Local authority","E06000040","All","5-6","78","%","18","14"
"Percentage of year 1 pupils meeting the expected standard of phonic decoding","Black","ONS 2011 5+1","2018-2019","Academic Year","Windsor and Maidenhead","Local authority","E06000040","Boys","5-6","63","%","8","5"
"Percentage of year 1 pupils meeting the expected standard of phonic decoding","Black","ONS 2011 5+1","2018-2019","Academic Year","Windsor and Maidenhead","Local authority","E06000040","Girls","5-6","90","%","10","9"
"Percentage of year 1 pupils meeting the expected standard of phonic decoding","Chinese","ONS 2011 18+1","2018-2019","Academic Year","Windsor and Maidenhead","Local authority","E06000040","All","5-6","100","%","6","6"
"Percentage of year 1 pupils meeting the expected standard of phonic decoding","Chinese","ONS 2011 18+1","2018-2019","Academic Year","Windsor and Maidenhead","Local authority","E06000040","Boys","5-6","100","%","2","2"
"Percentage of year 1 pupils meeting the expected standard of phonic decoding","Chinese","ONS 2011 18+1","2018-2019","Academic Year","Windsor and Maidenhead","Local authority","E06000040","Girls","5-6","100","%","4","4"
"Percentage of year 1 pupils meeting the expected standard of phonic decoding","Mixed","ONS 2011 5+1","2018-2019","Academic Year","Windsor and Maidenhead","Local authority","E06000040","All","5-6","85","%","162","138"
"Percentage of year 1 pupils meeting the expected standard of phonic decoding","Mixed","ONS 2011 5+1","2018-2019","Academic Year","Windsor and Maidenhead","Local authority","E06000040","Boys","5-6","82","%","91","75"
"Percentage of year 1 pupils meeting the expected standard of phonic decoding","Mixed","ONS 2011 5+1","2018-2019","Academic Year","Windsor and Maidenhead","Local authority","E06000040","Girls","5-6","89","%","71","63"
"Percentage of year 1 pupils meeting the expected standard of phonic decoding","Other","ONS 2011 5+1","2018-2019","Academic Year","Windsor and Maidenhead","Local authority","E06000040","All","5-6","90","%","21","19"
"Percentage of year 1 pupils meeting the expected standard of phonic decoding","Other","ONS 2011 5+1","2018-2019","Academic Year","Windsor and Maidenhead","Local authority","E06000040","Boys","5-6","91","%","11","10"
"Percentage of year 1 pupils meeting the expected standard of phonic decoding","Other","ONS 2011 5+1","2018-2019","Academic Year","Windsor and Maidenhead","Local authority","E06000040","Girls","5-6","90","%","10","9"
"Percentage of year 1 pupils meeting the expected standard of phonic decoding","White","ONS 2011 5+1","2018-2019","Academic Year","Windsor and Maidenhead","Local authority","E06000040","All","5-6","83","%","1134","944"
"Percentage of year 1 pupils meeting the expected standard of phonic decoding","White","ONS 2011 5+1","2018-2019","Academic Year","Windsor and Maidenhead","Local authority","E06000040","Boys","5-6","80","%","611","491"
"Percentage of year 1 pupils meeting the expected standard of phonic decoding","White","ONS 2011 5+1","2018-2019","Academic Year","Windsor and Maidenhead","Local authority","E06000040","Girls","5-6","87","%","523","453"
"Percentage of year 1 pupils meeting the expected standard of phonic decoding","All","All","2018-2019","Academic Year","Wirral","Local authority","E08000015","All","5-6","82","%","3665","3000"
"Percentage of year 1 pupils meeting the expected standard of phonic decoding","All","All","2018-2019","Academic Year","Wirral","Local authority","E08000015","Boys","5-6","78","%","1874","1458"
"Percentage of year 1 pupils meeting the expected standard of phonic decoding","All","All","2018-2019","Academic Year","Wirral","Local authority","E08000015","Girls","5-6","86","%","1791","1542"
"Percentage of year 1 pupils meeting the expected standard of phonic decoding","Asian","ONS 2011 5+1","2018-2019","Academic Year","Wirral","Local authority","E08000015","All","5-6","85","%","78","66"
"Percentage of year 1 pupils meeting the expected standard of phonic decoding","Asian","ONS 2011 5+1","2018-2019","Academic Year","Wirral","Local authority","E08000015","Boys","5-6","87","%","31","27"
"Percentage of year 1 pupils meeting the expected standard of phonic decoding","Asian","ONS 2011 5+1","2018-2019","Academic Year","Wirral","Local authority","E08000015","Girls","5-6","83","%","47","39"
"Percentage of year 1 pupils meeting the expected standard of phonic decoding","Black","ONS 2011 5+1","2018-2019","Academic Year","Wirral","Local authority","E08000015","All","5-6","100","%","11","11"
"Percentage of year 1 pupils meeting the expected standard of phonic decoding","Black","ONS 2011 5+1","2018-2019","Academic Year","Wirral","Local authority","E08000015","Boys","5-6","100","%","3","3"
"Percentage of year 1 pupils meeting the expected standard of phonic decoding","Black","ONS 2011 5+1","2018-2019","Academic Year","Wirral","Local authority","E08000015","Girls","5-6","100","%","8","8"
"Percentage of year 1 pupils meeting the expected standard of phonic decoding","Chinese","ONS 2011 18+1","2018-2019","Academic Year","Wirral","Local authority","E08000015","All","5-6","100","%","15","15"
"Percentage of year 1 pupils meeting the expected standard of phonic decoding","Chinese","ONS 2011 18+1","2018-2019","Academic Year","Wirral","Local authority","E08000015","Boys","5-6","100","%","6","6"
"Percentage of year 1 pupils meeting the expected standard of phonic decoding","Chinese","ONS 2011 18+1","2018-2019","Academic Year","Wirral","Local authority","E08000015","Girls","5-6","100","%","9","9"
"Percentage of year 1 pupils meeting the expected standard of phonic decoding","Mixed","ONS 2011 5+1","2018-2019","Academic Year","Wirral","Local authority","E08000015","All","5-6","89","%","108","96"
"Percentage of year 1 pupils meeting the expected standard of phonic decoding","Mixed","ONS 2011 5+1","2018-2019","Academic Year","Wirral","Local authority","E08000015","Boys","5-6","85","%","53","45"
"Percentage of year 1 pupils meeting the expected standard of phonic decoding","Mixed","ONS 2011 5+1","2018-2019","Academic Year","Wirral","Local authority","E08000015","Girls","5-6","93","%","55","51"
"Percentage of year 1 pupils meeting the expected standard of phonic decoding","Other","ONS 2011 5+1","2018-2019","Academic Year","Wirral","Local authority","E08000015","All","5-6","65","%","20","13"
"Percentage of year 1 pupils meeting the expected standard of phonic decoding","Other","ONS 2011 5+1","2018-2019","Academic Year","Wirral","Local authority","E08000015","Boys","5-6","73","%","11","8"
"Percentage of year 1 pupils meeting the expected standard of phonic decoding","Other","ONS 2011 5+1","2018-2019","Academic Year","Wirral","Local authority","E08000015","Girls","5-6","56","%","9","5"
"Percentage of year 1 pupils meeting the expected standard of phonic decoding","White","ONS 2011 5+1","2018-2019","Academic Year","Wirral","Local authority","E08000015","All","5-6","82","%","3393","2769"
"Percentage of year 1 pupils meeting the expected standard of phonic decoding","White","ONS 2011 5+1","2018-2019","Academic Year","Wirral","Local authority","E08000015","Boys","5-6","78","%","1752","1358"
"Percentage of year 1 pupils meeting the expected standard of phonic decoding","White","ONS 2011 5+1","2018-2019","Academic Year","Wirral","Local authority","E08000015","Girls","5-6","86","%","1641","1411"
"Percentage of year 1 pupils meeting the expected standard of phonic decoding","All","All","2018-2019","Academic Year","Wokingham","Local authority","E06000041","All","5-6","84","%","2212","1863"
"Percentage of year 1 pupils meeting the expected standard of phonic decoding","All","All","2018-2019","Academic Year","Wokingham","Local authority","E06000041","Boys","5-6","81","%","1170","950"
"Percentage of year 1 pupils meeting the expected standard of phonic decoding","All","All","2018-2019","Academic Year","Wokingham","Local authority","E06000041","Girls","5-6","88","%","1042","913"
"Percentage of year 1 pupils meeting the expected standard of phonic decoding","Asian","ONS 2011 5+1","2018-2019","Academic Year","Wokingham","Local authority","E06000041","All","5-6","88","%","313","277"
"Percentage of year 1 pupils meeting the expected standard of phonic decoding","Asian","ONS 2011 5+1","2018-2019","Academic Year","Wokingham","Local authority","E06000041","Boys","5-6","86","%","175","150"
"Percentage of year 1 pupils meeting the expected standard of phonic decoding","Asian","ONS 2011 5+1","2018-2019","Academic Year","Wokingham","Local authority","E06000041","Girls","5-6","92","%","138","127"
"Percentage of year 1 pupils meeting the expected standard of phonic decoding","Black","ONS 2011 5+1","2018-2019","Academic Year","Wokingham","Local authority","E06000041","All","5-6","93","%","59","55"
"Percentage of year 1 pupils meeting the expected standard of phonic decoding","Black","ONS 2011 5+1","2018-2019","Academic Year","Wokingham","Local authority","E06000041","Boys","5-6","93","%","30","28"
"Percentage of year 1 pupils meeting the expected standard of phonic decoding","Black","ONS 2011 5+1","2018-2019","Academic Year","Wokingham","Local authority","E06000041","Girls","5-6","93","%","29","27"
"Percentage of year 1 pupils meeting the expected standard of phonic decoding","Chinese","ONS 2011 18+1","2018-2019","Academic Year","Wokingham","Local authority","E06000041","All","5-6","96","%","28","27"
"Percentage of year 1 pupils meeting the expected standard of phonic decoding","Chinese","ONS 2011 18+1","2018-2019","Academic Year","Wokingham","Local authority","E06000041","Boys","5-6","93","%","15","14"
"Percentage of year 1 pupils meeting the expected standard of phonic decoding","Chinese","ONS 2011 18+1","2018-2019","Academic Year","Wokingham","Local authority","E06000041","Girls","5-6","100","%","13","13"
"Percentage of year 1 pupils meeting the expected standard of phonic decoding","Mixed","ONS 2011 5+1","2018-2019","Academic Year","Wokingham","Local authority","E06000041","All","5-6","89","%","180","160"
"Percentage of year 1 pupils meeting the expected standard of phonic decoding","Mixed","ONS 2011 5+1","2018-2019","Academic Year","Wokingham","Local authority","E06000041","Boys","5-6","89","%","94","84"
"Percentage of year 1 pupils meeting the expected standard of phonic decoding","Mixed","ONS 2011 5+1","2018-2019","Academic Year","Wokingham","Local authority","E06000041","Girls","5-6","88","%","86","76"
"Percentage of year 1 pupils meeting the expected standard of phonic decoding","Other","ONS 2011 5+1","2018-2019","Academic Year","Wokingham","Local authority","E06000041","All","5-6","84","%","19","16"
"Percentage of year 1 pupils meeting the expected standard of phonic decoding","Other","ONS 2011 5+1","2018-2019","Academic Year","Wokingham","Local authority","E06000041","Boys","5-6","75","%","12","9"
"Percentage of year 1 pupils meeting the expected standard of phonic decoding","Other","ONS 2011 5+1","2018-2019","Academic Year","Wokingham","Local authority","E06000041","Girls","5-6","100","%","7","7"
"Percentage of year 1 pupils meeting the expected standard of phonic decoding","White","ONS 2011 5+1","2018-2019","Academic Year","Wokingham","Local authority","E06000041","All","5-6","83","%","1567","1295"
"Percentage of year 1 pupils meeting the expected standard of phonic decoding","White","ONS 2011 5+1","2018-2019","Academic Year","Wokingham","Local authority","E06000041","Boys","5-6","79","%","821","649"
"Percentage of year 1 pupils meeting the expected standard of phonic decoding","White","ONS 2011 5+1","2018-2019","Academic Year","Wokingham","Local authority","E06000041","Girls","5-6","87","%","746","646"
"Percentage of year 1 pupils meeting the expected standard of phonic decoding","All","All","2018-2019","Academic Year","Wolverhampton","Local authority","E08000031","All","5-6","81","%","3411","2760"
"Percentage of year 1 pupils meeting the expected standard of phonic decoding","All","All","2018-2019","Academic Year","Wolverhampton","Local authority","E08000031","Boys","5-6","78","%","1744","1356"
"Percentage of year 1 pupils meeting the expected standard of phonic decoding","All","All","2018-2019","Academic Year","Wolverhampton","Local authority","E08000031","Girls","5-6","84","%","1667","1404"
"Percentage of year 1 pupils meeting the expected standard of phonic decoding","Asian","ONS 2011 5+1","2018-2019","Academic Year","Wolverhampton","Local authority","E08000031","All","5-6","85","%","773","658"
"Percentage of year 1 pupils meeting the expected standard of phonic decoding","Asian","ONS 2011 5+1","2018-2019","Academic Year","Wolverhampton","Local authority","E08000031","Boys","5-6","83","%","410","342"
"Percentage of year 1 pupils meeting the expected standard of phonic decoding","Asian","ONS 2011 5+1","2018-2019","Academic Year","Wolverhampton","Local authority","E08000031","Girls","5-6","87","%","363","316"
"Percentage of year 1 pupils meeting the expected standard of phonic decoding","Black","ONS 2011 5+1","2018-2019","Academic Year","Wolverhampton","Local authority","E08000031","All","5-6","85","%","391","332"
"Percentage of year 1 pupils meeting the expected standard of phonic decoding","Black","ONS 2011 5+1","2018-2019","Academic Year","Wolverhampton","Local authority","E08000031","Boys","5-6","79","%","200","158"
"Percentage of year 1 pupils meeting the expected standard of phonic decoding","Black","ONS 2011 5+1","2018-2019","Academic Year","Wolverhampton","Local authority","E08000031","Girls","5-6","91","%","191","174"
"Percentage of year 1 pupils meeting the expected standard of phonic decoding","Chinese","ONS 2011 18+1","2018-2019","Academic Year","Wolverhampton","Local authority","E08000031","All","5-6","86","%","14","12"
"Percentage of year 1 pupils meeting the expected standard of phonic decoding","Chinese","ONS 2011 18+1","2018-2019","Academic Year","Wolverhampton","Local authority","E08000031","Boys","5-6","71","%","7","5"
"Percentage of year 1 pupils meeting the expected standard of phonic decoding","Chinese","ONS 2011 18+1","2018-2019","Academic Year","Wolverhampton","Local authority","E08000031","Girls","5-6","100","%","7","7"
"Percentage of year 1 pupils meeting the expected standard of phonic decoding","Mixed","ONS 2011 5+1","2018-2019","Academic Year","Wolverhampton","Local authority","E08000031","All","5-6","82","%","462","380"
"Percentage of year 1 pupils meeting the expected standard of phonic decoding","Mixed","ONS 2011 5+1","2018-2019","Academic Year","Wolverhampton","Local authority","E08000031","Boys","5-6","78","%","246","192"
"Percentage of year 1 pupils meeting the expected standard of phonic decoding","Mixed","ONS 2011 5+1","2018-2019","Academic Year","Wolverhampton","Local authority","E08000031","Girls","5-6","87","%","216","188"
"Percentage of year 1 pupils meeting the expected standard of phonic decoding","Other","ONS 2011 5+1","2018-2019","Academic Year","Wolverhampton","Local authority","E08000031","All","5-6","87","%","52","45"
"Percentage of year 1 pupils meeting the expected standard of phonic decoding","Other","ONS 2011 5+1","2018-2019","Academic Year","Wolverhampton","Local authority","E08000031","Boys","5-6","83","%","30","25"
"Percentage of year 1 pupils meeting the expected standard of phonic decoding","Other","ONS 2011 5+1","2018-2019","Academic Year","Wolverhampton","Local authority","E08000031","Girls","5-6","91","%","22","20"
"Percentage of year 1 pupils meeting the expected standard of phonic decoding","White","ONS 2011 5+1","2018-2019","Academic Year","Wolverhampton","Local authority","E08000031","All","5-6","79","%","1663","1309"
"Percentage of year 1 pupils meeting the expected standard of phonic decoding","White","ONS 2011 5+1","2018-2019","Academic Year","Wolverhampton","Local authority","E08000031","Boys","5-6","75","%","828","625"
"Percentage of year 1 pupils meeting the expected standard of phonic decoding","White","ONS 2011 5+1","2018-2019","Academic Year","Wolverhampton","Local authority","E08000031","Girls","5-6","82","%","835","684"
"Percentage of year 1 pupils meeting the expected standard of phonic decoding","All","All","2018-2019","Academic Year","Worcestershire","Local authority","E10000034","All","5-6","82","%","6446","5288"
"Percentage of year 1 pupils meeting the expected standard of phonic decoding","All","All","2018-2019","Academic Year","Worcestershire","Local authority","E10000034","Boys","5-6","78","%","3330","2609"
"Percentage of year 1 pupils meeting the expected standard of phonic decoding","All","All","2018-2019","Academic Year","Worcestershire","Local authority","E10000034","Girls","5-6","86","%","3116","2679"
"Percentage of year 1 pupils meeting the expected standard of phonic decoding","Asian","ONS 2011 5+1","2018-2019","Academic Year","Worcestershire","Local authority","E10000034","All","5-6","80","%","249","199"
"Percentage of year 1 pupils meeting the expected standard of phonic decoding","Asian","ONS 2011 5+1","2018-2019","Academic Year","Worcestershire","Local authority","E10000034","Boys","5-6","73","%","135","99"
"Percentage of year 1 pupils meeting the expected standard of phonic decoding","Asian","ONS 2011 5+1","2018-2019","Academic Year","Worcestershire","Local authority","E10000034","Girls","5-6","88","%","114","100"
"Percentage of year 1 pupils meeting the expected standard of phonic decoding","Black","ONS 2011 5+1","2018-2019","Academic Year","Worcestershire","Local authority","E10000034","All","5-6","84","%","32","27"
"Percentage of year 1 pupils meeting the expected standard of phonic decoding","Black","ONS 2011 5+1","2018-2019","Academic Year","Worcestershire","Local authority","E10000034","Boys","5-6","76","%","17","13"
"Percentage of year 1 pupils meeting the expected standard of phonic decoding","Black","ONS 2011 5+1","2018-2019","Academic Year","Worcestershire","Local authority","E10000034","Girls","5-6","93","%","15","14"
"Percentage of year 1 pupils meeting the expected standard of phonic decoding","Chinese","ONS 2011 18+1","2018-2019","Academic Year","Worcestershire","Local authority","E10000034","All","5-6","90","%","10","9"
"Percentage of year 1 pupils meeting the expected standard of phonic decoding","Chinese","ONS 2011 18+1","2018-2019","Academic Year","Worcestershire","Local authority","E10000034","Boys","5-6","83","%","6","5"
"Percentage of year 1 pupils meeting the expected standard of phonic decoding","Chinese","ONS 2011 18+1","2018-2019","Academic Year","Worcestershire","Local authority","E10000034","Girls","5-6","100","%","4","4"
"Percentage of year 1 pupils meeting the expected standard of phonic decoding","Mixed","ONS 2011 5+1","2018-2019","Academic Year","Worcestershire","Local authority","E10000034","All","5-6","85","%","277","236"
"Percentage of year 1 pupils meeting the expected standard of phonic decoding","Mixed","ONS 2011 5+1","2018-2019","Academic Year","Worcestershire","Local authority","E10000034","Boys","5-6","83","%","152","126"
"Percentage of year 1 pupils meeting the expected standard of phonic decoding","Mixed","ONS 2011 5+1","2018-2019","Academic Year","Worcestershire","Local authority","E10000034","Girls","5-6","88","%","125","110"
"Percentage of year 1 pupils meeting the expected standard of phonic decoding","Other","ONS 2011 5+1","2018-2019","Academic Year","Worcestershire","Local authority","E10000034","All","5-6","77","%","35","27"
"Percentage of year 1 pupils meeting the expected standard of phonic decoding","Other","ONS 2011 5+1","2018-2019","Academic Year","Worcestershire","Local authority","E10000034","Boys","5-6","65","%","20","13"
"Percentage of year 1 pupils meeting the expected standard of phonic decoding","Other","ONS 2011 5+1","2018-2019","Academic Year","Worcestershire","Local authority","E10000034","Girls","5-6","93","%","15","14"
"Percentage of year 1 pupils meeting the expected standard of phonic decoding","White","ONS 2011 5+1","2018-2019","Academic Year","Worcestershire","Local authority","E10000034","All","5-6","82","%","5747","4714"
"Percentage of year 1 pupils meeting the expected standard of phonic decoding","White","ONS 2011 5+1","2018-2019","Academic Year","Worcestershire","Local authority","E10000034","Boys","5-6","79","%","2957","2323"
"Percentage of year 1 pupils meeting the expected standard of phonic decoding","White","ONS 2011 5+1","2018-2019","Academic Year","Worcestershire","Local authority","E10000034","Girls","5-6","86","%","2790","2391"
"Percentage of year 1 pupils meeting the expected standard of phonic decoding","All","All","2018-2019","Academic Year","York","Local authority","E06000014","All","5-6","84","%","1975","1665"
"Percentage of year 1 pupils meeting the expected standard of phonic decoding","All","All","2018-2019","Academic Year","York","Local authority","E06000014","Boys","5-6","82","%","1013","832"
"Percentage of year 1 pupils meeting the expected standard of phonic decoding","All","All","2018-2019","Academic Year","York","Local authority","E06000014","Girls","5-6","87","%","962","833"
"Percentage of year 1 pupils meeting the expected standard of phonic decoding","Asian","ONS 2011 5+1","2018-2019","Academic Year","York","Local authority","E06000014","All","5-6","94","%","47","44"
"Percentage of year 1 pupils meeting the expected standard of phonic decoding","Asian","ONS 2011 5+1","2018-2019","Academic Year","York","Local authority","E06000014","Boys","5-6","87","%","23","20"
"Percentage of year 1 pupils meeting the expected standard of phonic decoding","Asian","ONS 2011 5+1","2018-2019","Academic Year","York","Local authority","E06000014","Girls","5-6","100","%","24","24"
"Percentage of year 1 pupils meeting the expected standard of phonic decoding","Black","ONS 2011 5+1","2018-2019","Academic Year","York","Local authority","E06000014","All","5-6","100","%","9","9"
"Percentage of year 1 pupils meeting the expected standard of phonic decoding","Black","ONS 2011 5+1","2018-2019","Academic Year","York","Local authority","E06000014","Boys","5-6","100","%","8","8"
"Percentage of year 1 pupils meeting the expected standard of phonic decoding","Black","ONS 2011 5+1","2018-2019","Academic Year","York","Local authority","E06000014","Girls","5-6","100","%","1","1"
"Percentage of year 1 pupils meeting the expected standard of phonic decoding","Chinese","ONS 2011 18+1","2018-2019","Academic Year","York","Local authority","E06000014","All","5-6","50","%","8","4"
"Percentage of year 1 pupils meeting the expected standard of phonic decoding","Chinese","ONS 2011 18+1","2018-2019","Academic Year","York","Local authority","E06000014","Boys","5-6","100","%","2","2"
"Percentage of year 1 pupils meeting the expected standard of phonic decoding","Chinese","ONS 2011 18+1","2018-2019","Academic Year","York","Local authority","E06000014","Girls","5-6","33","%","6","2"
"Percentage of year 1 pupils meeting the expected standard of phonic decoding","Mixed","ONS 2011 5+1","2018-2019","Academic Year","York","Local authority","E06000014","All","5-6","91","%","68","62"
"Percentage of year 1 pupils meeting the expected standard of phonic decoding","Mixed","ONS 2011 5+1","2018-2019","Academic Year","York","Local authority","E06000014","Boys","5-6","90","%","40","36"
"Percentage of year 1 pupils meeting the expected standard of phonic decoding","Mixed","ONS 2011 5+1","2018-2019","Academic Year","York","Local authority","E06000014","Girls","5-6","93","%","28","26"
"Percentage of year 1 pupils meeting the expected standard of phonic decoding","Other","ONS 2011 5+1","2018-2019","Academic Year","York","Local authority","E06000014","All","5-6","87","%","15","13"
"Percentage of year 1 pupils meeting the expected standard of phonic decoding","Other","ONS 2011 5+1","2018-2019","Academic Year","York","Local authority","E06000014","Boys","5-6","86","%","7","6"
"Percentage of year 1 pupils meeting the expected standard of phonic decoding","Other","ONS 2011 5+1","2018-2019","Academic Year","York","Local authority","E06000014","Girls","5-6","88","%","8","7"
"Percentage of year 1 pupils meeting the expected standard of phonic decoding","White","ONS 2011 5+1","2018-2019","Academic Year","York","Local authority","E06000014","All","5-6","84","%","1791","1509"
"Percentage of year 1 pupils meeting the expected standard of phonic decoding","White","ONS 2011 5+1","2018-2019","Academic Year","York","Local authority","E06000014","Boys","5-6","82","%","917","748"
"Percentage of year 1 pupils meeting the expected standard of phonic decoding","White","ONS 2011 5+1","2018-2019","Academic Year","York","Local authority","E06000014","Girls","5-6","87","%","874","761"
