"Measure","Time","Time_type","Ethnicity","Ethnicity_type","Geography","Geography_type","Geography_name","Gender","Gender_type","Value","Denominator","Value Note","Geography name"
"Percentage achieving at least the expected standard in all ELGs","2019","Year","All","White/Black/Asian/Mixed/Chinese/All","E09000002","ONS geography code","Barking and Dagenham","Girls","Boys/Girls/All","78","1664","","Local Authority"
"Percentage achieving at least the expected standard in all ELGs","2019","Year","All","White/Black/Asian/Mixed/Chinese/All","E09000002","ONS geography code","Barking and Dagenham","Boys","Boys/Girls/All","62","1768","","Local Authority"
"Percentage achieving at least the expected standard in all ELGs","2019","Year","All","White/Black/Asian/Mixed/Chinese/All","E09000002","ONS geography code","Barking and Dagenham","All","Boys/Girls/All","70","3432","","Local Authority"
"Percentage achieving at least the expected standard in all ELGs","2019","Year","Asian","White/Black/Asian/Mixed/Chinese/All","E09000002","ONS geography code","Barking and Dagenham","Girls","Boys/Girls/All","77","426","","Local Authority"
"Percentage achieving at least the expected standard in all ELGs","2019","Year","Asian","White/Black/Asian/Mixed/Chinese/All","E09000002","ONS geography code","Barking and Dagenham","Boys","Boys/Girls/All","65","540","","Local Authority"
"Percentage achieving at least the expected standard in all ELGs","2019","Year","Asian","White/Black/Asian/Mixed/Chinese/All","E09000002","ONS geography code","Barking and Dagenham","All","Boys/Girls/All","70","966","","Local Authority"
"Percentage achieving at least the expected standard in all ELGs","2019","Year","Black","White/Black/Asian/Mixed/Chinese/All","E09000002","ONS geography code","Barking and Dagenham","Girls","Boys/Girls/All","80","392","","Local Authority"
"Percentage achieving at least the expected standard in all ELGs","2019","Year","Black","White/Black/Asian/Mixed/Chinese/All","E09000002","ONS geography code","Barking and Dagenham","Boys","Boys/Girls/All","66","394","","Local Authority"
"Percentage achieving at least the expected standard in all ELGs","2019","Year","Black","White/Black/Asian/Mixed/Chinese/All","E09000002","ONS geography code","Barking and Dagenham","All","Boys/Girls/All","73","786","","Local Authority"
"Percentage achieving at least the expected standard in all ELGs","2019","Year","Chinese","White/Black/Asian/Mixed/Chinese/All","E09000002","ONS geography code","Barking and Dagenham","Girls","Boys/Girls/All","100","5","","Local Authority"
"Percentage achieving at least the expected standard in all ELGs","2019","Year","Chinese","White/Black/Asian/Mixed/Chinese/All","E09000002","ONS geography code","Barking and Dagenham","Boys","Boys/Girls/All","50","10","","Local Authority"
"Percentage achieving at least the expected standard in all ELGs","2019","Year","Chinese","White/Black/Asian/Mixed/Chinese/All","E09000002","ONS geography code","Barking and Dagenham","All","Boys/Girls/All","67","15","","Local Authority"
"Percentage achieving at least the expected standard in all ELGs","2019","Year","Mixed","White/Black/Asian/Mixed/Chinese/All","E09000002","ONS geography code","Barking and Dagenham","Girls","Boys/Girls/All","81","154","","Local Authority"
"Percentage achieving at least the expected standard in all ELGs","2019","Year","Mixed","White/Black/Asian/Mixed/Chinese/All","E09000002","ONS geography code","Barking and Dagenham","Boys","Boys/Girls/All","60","159","","Local Authority"
"Percentage achieving at least the expected standard in all ELGs","2019","Year","Mixed","White/Black/Asian/Mixed/Chinese/All","E09000002","ONS geography code","Barking and Dagenham","All","Boys/Girls/All","70","313","","Local Authority"
"Percentage achieving at least the expected standard in all ELGs","2019","Year","White","White/Black/Asian/Mixed/Chinese/All","E09000002","ONS geography code","Barking and Dagenham","Boys","Boys/Girls/All","60","590","","Local Authority"
"Percentage achieving at least the expected standard in all ELGs","2019","Year","White","White/Black/Asian/Mixed/Chinese/All","E09000002","ONS geography code","Barking and Dagenham","Girls","Boys/Girls/All","78","606","","Local Authority"
"Percentage achieving at least the expected standard in all ELGs","2019","Year","White","White/Black/Asian/Mixed/Chinese/All","E09000002","ONS geography code","Barking and Dagenham","All","Boys/Girls/All","69","1196","","Local Authority"
"Percentage achieving at least the expected standard in all ELGs","2019","Year","All","White/Black/Asian/Mixed/Chinese/All","E09000003","ONS geography code","Barnet","Girls","Boys/Girls/All","80","2071","","Local Authority"
"Percentage achieving at least the expected standard in all ELGs","2019","Year","All","White/Black/Asian/Mixed/Chinese/All","E09000003","ONS geography code","Barnet","Boys","Boys/Girls/All","67","2266","","Local Authority"
"Percentage achieving at least the expected standard in all ELGs","2019","Year","All","White/Black/Asian/Mixed/Chinese/All","E09000003","ONS geography code","Barnet","All","Boys/Girls/All","73","4337","","Local Authority"
"Percentage achieving at least the expected standard in all ELGs","2019","Year","Asian","White/Black/Asian/Mixed/Chinese/All","E09000003","ONS geography code","Barnet","Girls","Boys/Girls/All","83","223","","Local Authority"
"Percentage achieving at least the expected standard in all ELGs","2019","Year","Asian","White/Black/Asian/Mixed/Chinese/All","E09000003","ONS geography code","Barnet","Boys","Boys/Girls/All","70","250","","Local Authority"
"Percentage achieving at least the expected standard in all ELGs","2019","Year","Asian","White/Black/Asian/Mixed/Chinese/All","E09000003","ONS geography code","Barnet","All","Boys/Girls/All","76","473","","Local Authority"
"Percentage achieving at least the expected standard in all ELGs","2019","Year","Black","White/Black/Asian/Mixed/Chinese/All","E09000003","ONS geography code","Barnet","Girls","Boys/Girls/All","78","165","","Local Authority"
"Percentage achieving at least the expected standard in all ELGs","2019","Year","Black","White/Black/Asian/Mixed/Chinese/All","E09000003","ONS geography code","Barnet","Boys","Boys/Girls/All","66","196","","Local Authority"
"Percentage achieving at least the expected standard in all ELGs","2019","Year","Black","White/Black/Asian/Mixed/Chinese/All","E09000003","ONS geography code","Barnet","All","Boys/Girls/All","71","361","","Local Authority"
"Percentage achieving at least the expected standard in all ELGs","2019","Year","Chinese","White/Black/Asian/Mixed/Chinese/All","E09000003","ONS geography code","Barnet","Girls","Boys/Girls/All","89","35","","Local Authority"
"Percentage achieving at least the expected standard in all ELGs","2019","Year","Chinese","White/Black/Asian/Mixed/Chinese/All","E09000003","ONS geography code","Barnet","Boys","Boys/Girls/All","72","36","","Local Authority"
"Percentage achieving at least the expected standard in all ELGs","2019","Year","Chinese","White/Black/Asian/Mixed/Chinese/All","E09000003","ONS geography code","Barnet","All","Boys/Girls/All","80","71","","Local Authority"
"Percentage achieving at least the expected standard in all ELGs","2019","Year","Mixed","White/Black/Asian/Mixed/Chinese/All","E09000003","ONS geography code","Barnet","Girls","Boys/Girls/All","83","202","","Local Authority"
"Percentage achieving at least the expected standard in all ELGs","2019","Year","Mixed","White/Black/Asian/Mixed/Chinese/All","E09000003","ONS geography code","Barnet","Boys","Boys/Girls/All","66","238","","Local Authority"
"Percentage achieving at least the expected standard in all ELGs","2019","Year","Mixed","White/Black/Asian/Mixed/Chinese/All","E09000003","ONS geography code","Barnet","All","Boys/Girls/All","74","440","","Local Authority"
"Percentage achieving at least the expected standard in all ELGs","2019","Year","White","White/Black/Asian/Mixed/Chinese/All","E09000003","ONS geography code","Barnet","Girls","Boys/Girls/All","82","1103","","Local Authority"
"Percentage achieving at least the expected standard in all ELGs","2019","Year","White","White/Black/Asian/Mixed/Chinese/All","E09000003","ONS geography code","Barnet","Boys","Boys/Girls/All","70","1197","","Local Authority"
"Percentage achieving at least the expected standard in all ELGs","2019","Year","White","White/Black/Asian/Mixed/Chinese/All","E09000003","ONS geography code","Barnet","All","Boys/Girls/All","76","2300","","Local Authority"
"Percentage achieving at least the expected standard in all ELGs","2019","Year","All","White/Black/Asian/Mixed/Chinese/All","E08000016","ONS geography code","Barnsley","Boys","Boys/Girls/All","60","1371","","Local Authority"
"Percentage achieving at least the expected standard in all ELGs","2019","Year","All","White/Black/Asian/Mixed/Chinese/All","E08000016","ONS geography code","Barnsley","Girls","Boys/Girls/All","78","1381","","Local Authority"
"Percentage achieving at least the expected standard in all ELGs","2019","Year","All","White/Black/Asian/Mixed/Chinese/All","E08000016","ONS geography code","Barnsley","All","Boys/Girls/All","69","2752","","Local Authority"
"Percentage achieving at least the expected standard in all ELGs","2019","Year","Asian","White/Black/Asian/Mixed/Chinese/All","E08000016","ONS geography code","Barnsley","Girls","Boys/Girls/All","50","10","","Local Authority"
"Percentage achieving at least the expected standard in all ELGs","2019","Year","Asian","White/Black/Asian/Mixed/Chinese/All","E08000016","ONS geography code","Barnsley","Boys","Boys/Girls/All","75","12","","Local Authority"
"Percentage achieving at least the expected standard in all ELGs","2019","Year","Asian","White/Black/Asian/Mixed/Chinese/All","E08000016","ONS geography code","Barnsley","All","Boys/Girls/All","64","22","","Local Authority"
"Percentage achieving at least the expected standard in all ELGs","2019","Year","Black","White/Black/Asian/Mixed/Chinese/All","E08000016","ONS geography code","Barnsley","Girls","Boys/Girls/All","89","9","","Local Authority"
"Percentage achieving at least the expected standard in all ELGs","2019","Year","Black","White/Black/Asian/Mixed/Chinese/All","E08000016","ONS geography code","Barnsley","Boys","Boys/Girls/All","78","9","","Local Authority"
"Percentage achieving at least the expected standard in all ELGs","2019","Year","Black","White/Black/Asian/Mixed/Chinese/All","E08000016","ONS geography code","Barnsley","All","Boys/Girls/All","83","18","","Local Authority"
"Percentage achieving at least the expected standard in all ELGs","2019","Year","Chinese","White/Black/Asian/Mixed/Chinese/All","E08000016","ONS geography code","Barnsley","Girls","Boys/Girls/All","?","1","","Local Authority"
"Percentage achieving at least the expected standard in all ELGs","2019","Year","Chinese","White/Black/Asian/Mixed/Chinese/All","E08000016","ONS geography code","Barnsley","Boys","Boys/Girls/All","?","1","","Local Authority"
"Percentage achieving at least the expected standard in all ELGs","2019","Year","Chinese","White/Black/Asian/Mixed/Chinese/All","E08000016","ONS geography code","Barnsley","All","Boys/Girls/All","?","2","","Local Authority"
"Percentage achieving at least the expected standard in all ELGs","2019","Year","Mixed","White/Black/Asian/Mixed/Chinese/All","E08000016","ONS geography code","Barnsley","Girls","Boys/Girls/All","90","31","","Local Authority"
"Percentage achieving at least the expected standard in all ELGs","2019","Year","Mixed","White/Black/Asian/Mixed/Chinese/All","E08000016","ONS geography code","Barnsley","Boys","Boys/Girls/All","66","35","","Local Authority"
"Percentage achieving at least the expected standard in all ELGs","2019","Year","Mixed","White/Black/Asian/Mixed/Chinese/All","E08000016","ONS geography code","Barnsley","All","Boys/Girls/All","77","66","","Local Authority"
"Percentage achieving at least the expected standard in all ELGs","2019","Year","White","White/Black/Asian/Mixed/Chinese/All","E08000016","ONS geography code","Barnsley","Boys","Boys/Girls/All","60","1294","","Local Authority"
"Percentage achieving at least the expected standard in all ELGs","2019","Year","White","White/Black/Asian/Mixed/Chinese/All","E08000016","ONS geography code","Barnsley","Girls","Boys/Girls/All","78","1311","","Local Authority"
"Percentage achieving at least the expected standard in all ELGs","2019","Year","White","White/Black/Asian/Mixed/Chinese/All","E08000016","ONS geography code","Barnsley","All","Boys/Girls/All","69","2605","","Local Authority"
"Percentage achieving at least the expected standard in all ELGs","2019","Year","All","White/Black/Asian/Mixed/Chinese/All","E06000022","ONS geography code","Bath and North East Somerset","Girls","Boys/Girls/All","78","906","","Local Authority"
"Percentage achieving at least the expected standard in all ELGs","2019","Year","All","White/Black/Asian/Mixed/Chinese/All","E06000022","ONS geography code","Bath and North East Somerset","Boys","Boys/Girls/All","68","939","","Local Authority"
"Percentage achieving at least the expected standard in all ELGs","2019","Year","All","White/Black/Asian/Mixed/Chinese/All","E06000022","ONS geography code","Bath and North East Somerset","All","Boys/Girls/All","73","1845","","Local Authority"
"Percentage achieving at least the expected standard in all ELGs","2019","Year","Asian","White/Black/Asian/Mixed/Chinese/All","E06000022","ONS geography code","Bath and North East Somerset","Girls","Boys/Girls/All","67","12","","Local Authority"
"Percentage achieving at least the expected standard in all ELGs","2019","Year","Asian","White/Black/Asian/Mixed/Chinese/All","E06000022","ONS geography code","Bath and North East Somerset","Boys","Boys/Girls/All","67","12","","Local Authority"
"Percentage achieving at least the expected standard in all ELGs","2019","Year","Asian","White/Black/Asian/Mixed/Chinese/All","E06000022","ONS geography code","Bath and North East Somerset","All","Boys/Girls/All","67","24","","Local Authority"
"Percentage achieving at least the expected standard in all ELGs","2019","Year","Black","White/Black/Asian/Mixed/Chinese/All","E06000022","ONS geography code","Bath and North East Somerset","Boys","Boys/Girls/All","?","4","","Local Authority"
"Percentage achieving at least the expected standard in all ELGs","2019","Year","Black","White/Black/Asian/Mixed/Chinese/All","E06000022","ONS geography code","Bath and North East Somerset","Girls","Boys/Girls/All","67","6","","Local Authority"
"Percentage achieving at least the expected standard in all ELGs","2019","Year","Black","White/Black/Asian/Mixed/Chinese/All","E06000022","ONS geography code","Bath and North East Somerset","All","Boys/Girls/All","50","10","","Local Authority"
"Percentage achieving at least the expected standard in all ELGs","2019","Year","Chinese","White/Black/Asian/Mixed/Chinese/All","E06000022","ONS geography code","Bath and North East Somerset","Boys","Boys/Girls/All","?","2","","Local Authority"
"Percentage achieving at least the expected standard in all ELGs","2019","Year","Chinese","White/Black/Asian/Mixed/Chinese/All","E06000022","ONS geography code","Bath and North East Somerset","Girls","Boys/Girls/All","50","6","","Local Authority"
"Percentage achieving at least the expected standard in all ELGs","2019","Year","Chinese","White/Black/Asian/Mixed/Chinese/All","E06000022","ONS geography code","Bath and North East Somerset","All","Boys/Girls/All","63","8","","Local Authority"
"Percentage achieving at least the expected standard in all ELGs","2019","Year","Mixed","White/Black/Asian/Mixed/Chinese/All","E06000022","ONS geography code","Bath and North East Somerset","Girls","Boys/Girls/All","75","53","","Local Authority"
"Percentage achieving at least the expected standard in all ELGs","2019","Year","Mixed","White/Black/Asian/Mixed/Chinese/All","E06000022","ONS geography code","Bath and North East Somerset","Boys","Boys/Girls/All","61","56","","Local Authority"
"Percentage achieving at least the expected standard in all ELGs","2019","Year","Mixed","White/Black/Asian/Mixed/Chinese/All","E06000022","ONS geography code","Bath and North East Somerset","All","Boys/Girls/All","68","109","","Local Authority"
"Percentage achieving at least the expected standard in all ELGs","2019","Year","White","White/Black/Asian/Mixed/Chinese/All","E06000022","ONS geography code","Bath and North East Somerset","Girls","Boys/Girls/All","79","754","","Local Authority"
"Percentage achieving at least the expected standard in all ELGs","2019","Year","White","White/Black/Asian/Mixed/Chinese/All","E06000022","ONS geography code","Bath and North East Somerset","Boys","Boys/Girls/All","69","812","","Local Authority"
"Percentage achieving at least the expected standard in all ELGs","2019","Year","White","White/Black/Asian/Mixed/Chinese/All","E06000022","ONS geography code","Bath and North East Somerset","All","Boys/Girls/All","74","1566","","Local Authority"
"Percentage achieving at least the expected standard in all ELGs","2019","Year","All","White/Black/Asian/Mixed/Chinese/All","E06000055","ONS geography code","Bedford Borough","Girls","Boys/Girls/All","75","1116","","Local Authority"
"Percentage achieving at least the expected standard in all ELGs","2019","Year","All","White/Black/Asian/Mixed/Chinese/All","E06000055","ONS geography code","Bedford Borough","Boys","Boys/Girls/All","61","1198","","Local Authority"
"Percentage achieving at least the expected standard in all ELGs","2019","Year","All","White/Black/Asian/Mixed/Chinese/All","E06000055","ONS geography code","Bedford Borough","All","Boys/Girls/All","68","2314","","Local Authority"
"Percentage achieving at least the expected standard in all ELGs","2019","Year","Asian","White/Black/Asian/Mixed/Chinese/All","E06000055","ONS geography code","Bedford Borough","Boys","Boys/Girls/All","57","158","","Local Authority"
"Percentage achieving at least the expected standard in all ELGs","2019","Year","Asian","White/Black/Asian/Mixed/Chinese/All","E06000055","ONS geography code","Bedford Borough","Girls","Boys/Girls/All","70","174","","Local Authority"
"Percentage achieving at least the expected standard in all ELGs","2019","Year","Asian","White/Black/Asian/Mixed/Chinese/All","E06000055","ONS geography code","Bedford Borough","All","Boys/Girls/All","64","332","","Local Authority"
"Percentage achieving at least the expected standard in all ELGs","2019","Year","Black","White/Black/Asian/Mixed/Chinese/All","E06000055","ONS geography code","Bedford Borough","Girls","Boys/Girls/All","76","54","","Local Authority"
"Percentage achieving at least the expected standard in all ELGs","2019","Year","Black","White/Black/Asian/Mixed/Chinese/All","E06000055","ONS geography code","Bedford Borough","Boys","Boys/Girls/All","55","64","","Local Authority"
"Percentage achieving at least the expected standard in all ELGs","2019","Year","Black","White/Black/Asian/Mixed/Chinese/All","E06000055","ONS geography code","Bedford Borough","All","Boys/Girls/All","64","118","","Local Authority"
"Percentage achieving at least the expected standard in all ELGs","2019","Year","Chinese","White/Black/Asian/Mixed/Chinese/All","E06000055","ONS geography code","Bedford Borough","Boys","Boys/Girls/All","?","1","","Local Authority"
"Percentage achieving at least the expected standard in all ELGs","2019","Year","Chinese","White/Black/Asian/Mixed/Chinese/All","E06000055","ONS geography code","Bedford Borough","Girls","Boys/Girls/All","?","3","","Local Authority"
"Percentage achieving at least the expected standard in all ELGs","2019","Year","Chinese","White/Black/Asian/Mixed/Chinese/All","E06000055","ONS geography code","Bedford Borough","All","Boys/Girls/All","?","4","","Local Authority"
"Percentage achieving at least the expected standard in all ELGs","2019","Year","Mixed","White/Black/Asian/Mixed/Chinese/All","E06000055","ONS geography code","Bedford Borough","Girls","Boys/Girls/All","77","119","","Local Authority"
"Percentage achieving at least the expected standard in all ELGs","2019","Year","Mixed","White/Black/Asian/Mixed/Chinese/All","E06000055","ONS geography code","Bedford Borough","Boys","Boys/Girls/All","63","146","","Local Authority"
"Percentage achieving at least the expected standard in all ELGs","2019","Year","Mixed","White/Black/Asian/Mixed/Chinese/All","E06000055","ONS geography code","Bedford Borough","All","Boys/Girls/All","69","265","","Local Authority"
"Percentage achieving at least the expected standard in all ELGs","2019","Year","White","White/Black/Asian/Mixed/Chinese/All","E06000055","ONS geography code","Bedford Borough","Girls","Boys/Girls/All","75","716","","Local Authority"
"Percentage achieving at least the expected standard in all ELGs","2019","Year","White","White/Black/Asian/Mixed/Chinese/All","E06000055","ONS geography code","Bedford Borough","Boys","Boys/Girls/All","63","751","","Local Authority"
"Percentage achieving at least the expected standard in all ELGs","2019","Year","White","White/Black/Asian/Mixed/Chinese/All","E06000055","ONS geography code","Bedford Borough","All","Boys/Girls/All","69","1467","","Local Authority"
"Percentage achieving at least the expected standard in all ELGs","2019","Year","All","White/Black/Asian/Mixed/Chinese/All","E09000004","ONS geography code","Bexley","Girls","Boys/Girls/All","82","1491","","Local Authority"
"Percentage achieving at least the expected standard in all ELGs","2019","Year","All","White/Black/Asian/Mixed/Chinese/All","E09000004","ONS geography code","Bexley","Boys","Boys/Girls/All","69","1626","","Local Authority"
"Percentage achieving at least the expected standard in all ELGs","2019","Year","All","White/Black/Asian/Mixed/Chinese/All","E09000004","ONS geography code","Bexley","All","Boys/Girls/All","75","3117","","Local Authority"
"Percentage achieving at least the expected standard in all ELGs","2019","Year","Asian","White/Black/Asian/Mixed/Chinese/All","E09000004","ONS geography code","Bexley","Girls","Boys/Girls/All","84","149","","Local Authority"
"Percentage achieving at least the expected standard in all ELGs","2019","Year","Asian","White/Black/Asian/Mixed/Chinese/All","E09000004","ONS geography code","Bexley","Boys","Boys/Girls/All","68","164","","Local Authority"
"Percentage achieving at least the expected standard in all ELGs","2019","Year","Asian","White/Black/Asian/Mixed/Chinese/All","E09000004","ONS geography code","Bexley","All","Boys/Girls/All","76","313","","Local Authority"
"Percentage achieving at least the expected standard in all ELGs","2019","Year","Black","White/Black/Asian/Mixed/Chinese/All","E09000004","ONS geography code","Bexley","Girls","Boys/Girls/All","80","230","","Local Authority"
"Percentage achieving at least the expected standard in all ELGs","2019","Year","Black","White/Black/Asian/Mixed/Chinese/All","E09000004","ONS geography code","Bexley","Boys","Boys/Girls/All","69","267","","Local Authority"
"Percentage achieving at least the expected standard in all ELGs","2019","Year","Black","White/Black/Asian/Mixed/Chinese/All","E09000004","ONS geography code","Bexley","All","Boys/Girls/All","74","497","","Local Authority"
"Percentage achieving at least the expected standard in all ELGs","2019","Year","Chinese","White/Black/Asian/Mixed/Chinese/All","E09000004","ONS geography code","Bexley","Boys","Boys/Girls/All","87","23","","Local Authority"
"Percentage achieving at least the expected standard in all ELGs","2019","Year","Chinese","White/Black/Asian/Mixed/Chinese/All","E09000004","ONS geography code","Bexley","Girls","Boys/Girls/All","88","34","","Local Authority"
"Percentage achieving at least the expected standard in all ELGs","2019","Year","Chinese","White/Black/Asian/Mixed/Chinese/All","E09000004","ONS geography code","Bexley","All","Boys/Girls/All","88","57","","Local Authority"
"Percentage achieving at least the expected standard in all ELGs","2019","Year","Mixed","White/Black/Asian/Mixed/Chinese/All","E09000004","ONS geography code","Bexley","Boys","Boys/Girls/All","70","129","","Local Authority"
"Percentage achieving at least the expected standard in all ELGs","2019","Year","Mixed","White/Black/Asian/Mixed/Chinese/All","E09000004","ONS geography code","Bexley","Girls","Boys/Girls/All","85","135","","Local Authority"
"Percentage achieving at least the expected standard in all ELGs","2019","Year","Mixed","White/Black/Asian/Mixed/Chinese/All","E09000004","ONS geography code","Bexley","All","Boys/Girls/All","78","264","","Local Authority"
"Percentage achieving at least the expected standard in all ELGs","2019","Year","White","White/Black/Asian/Mixed/Chinese/All","E09000004","ONS geography code","Bexley","Girls","Boys/Girls/All","82","885","","Local Authority"
"Percentage achieving at least the expected standard in all ELGs","2019","Year","White","White/Black/Asian/Mixed/Chinese/All","E09000004","ONS geography code","Bexley","Boys","Boys/Girls/All","70","988","","Local Authority"
"Percentage achieving at least the expected standard in all ELGs","2019","Year","White","White/Black/Asian/Mixed/Chinese/All","E09000004","ONS geography code","Bexley","All","Boys/Girls/All","76","1873","","Local Authority"
"Percentage achieving at least the expected standard in all ELGs","2019","Year","All","White/Black/Asian/Mixed/Chinese/All","E08000025","ONS geography code","Birmingham","Girls","Boys/Girls/All","74","7664","","Local Authority"
"Percentage achieving at least the expected standard in all ELGs","2019","Year","All","White/Black/Asian/Mixed/Chinese/All","E08000025","ONS geography code","Birmingham","Boys","Boys/Girls/All","59","8121","","Local Authority"
"Percentage achieving at least the expected standard in all ELGs","2019","Year","All","White/Black/Asian/Mixed/Chinese/All","E08000025","ONS geography code","Birmingham","All","Boys/Girls/All","66","15785","","Local Authority"
"Percentage achieving at least the expected standard in all ELGs","2019","Year","Asian","White/Black/Asian/Mixed/Chinese/All","E08000025","ONS geography code","Birmingham","Girls","Boys/Girls/All","75","2628","","Local Authority"
"Percentage achieving at least the expected standard in all ELGs","2019","Year","Asian","White/Black/Asian/Mixed/Chinese/All","E08000025","ONS geography code","Birmingham","Boys","Boys/Girls/All","59","2832","","Local Authority"
"Percentage achieving at least the expected standard in all ELGs","2019","Year","Asian","White/Black/Asian/Mixed/Chinese/All","E08000025","ONS geography code","Birmingham","All","Boys/Girls/All","67","5460","","Local Authority"
"Percentage achieving at least the expected standard in all ELGs","2019","Year","Black","White/Black/Asian/Mixed/Chinese/All","E08000025","ONS geography code","Birmingham","Girls","Boys/Girls/All","75","811","","Local Authority"
"Percentage achieving at least the expected standard in all ELGs","2019","Year","Black","White/Black/Asian/Mixed/Chinese/All","E08000025","ONS geography code","Birmingham","Boys","Boys/Girls/All","58","864","","Local Authority"
"Percentage achieving at least the expected standard in all ELGs","2019","Year","Black","White/Black/Asian/Mixed/Chinese/All","E08000025","ONS geography code","Birmingham","All","Boys/Girls/All","67","1675","","Local Authority"
"Percentage achieving at least the expected standard in all ELGs","2019","Year","Chinese","White/Black/Asian/Mixed/Chinese/All","E08000025","ONS geography code","Birmingham","Girls","Boys/Girls/All","70","37","","Local Authority"
"Percentage achieving at least the expected standard in all ELGs","2019","Year","Chinese","White/Black/Asian/Mixed/Chinese/All","E08000025","ONS geography code","Birmingham","Boys","Boys/Girls/All","79","38","","Local Authority"
"Percentage achieving at least the expected standard in all ELGs","2019","Year","Chinese","White/Black/Asian/Mixed/Chinese/All","E08000025","ONS geography code","Birmingham","All","Boys/Girls/All","75","75","","Local Authority"
"Percentage achieving at least the expected standard in all ELGs","2019","Year","Mixed","White/Black/Asian/Mixed/Chinese/All","E08000025","ONS geography code","Birmingham","Girls","Boys/Girls/All","76","818","","Local Authority"
"Percentage achieving at least the expected standard in all ELGs","2019","Year","Mixed","White/Black/Asian/Mixed/Chinese/All","E08000025","ONS geography code","Birmingham","Boys","Boys/Girls/All","62","837","","Local Authority"
"Percentage achieving at least the expected standard in all ELGs","2019","Year","Mixed","White/Black/Asian/Mixed/Chinese/All","E08000025","ONS geography code","Birmingham","All","Boys/Girls/All","69","1655","","Local Authority"
"Percentage achieving at least the expected standard in all ELGs","2019","Year","White","White/Black/Asian/Mixed/Chinese/All","E08000025","ONS geography code","Birmingham","Girls","Boys/Girls/All","74","2636","","Local Authority"
"Percentage achieving at least the expected standard in all ELGs","2019","Year","White","White/Black/Asian/Mixed/Chinese/All","E08000025","ONS geography code","Birmingham","Boys","Boys/Girls/All","60","2716","","Local Authority"
"Percentage achieving at least the expected standard in all ELGs","2019","Year","White","White/Black/Asian/Mixed/Chinese/All","E08000025","ONS geography code","Birmingham","All","Boys/Girls/All","67","5352","","Local Authority"
"Percentage achieving at least the expected standard in all ELGs","2019","Year","All","White/Black/Asian/Mixed/Chinese/All","E06000008","ONS geography code","Blackburn with Darwen","Girls","Boys/Girls/All","75","988","","Local Authority"
"Percentage achieving at least the expected standard in all ELGs","2019","Year","All","White/Black/Asian/Mixed/Chinese/All","E06000008","ONS geography code","Blackburn with Darwen","Boys","Boys/Girls/All","58","1062","","Local Authority"
"Percentage achieving at least the expected standard in all ELGs","2019","Year","All","White/Black/Asian/Mixed/Chinese/All","E06000008","ONS geography code","Blackburn with Darwen","All","Boys/Girls/All","66","2050","","Local Authority"
"Percentage achieving at least the expected standard in all ELGs","2019","Year","Asian","White/Black/Asian/Mixed/Chinese/All","E06000008","ONS geography code","Blackburn with Darwen","Girls","Boys/Girls/All","78","409","","Local Authority"
"Percentage achieving at least the expected standard in all ELGs","2019","Year","Asian","White/Black/Asian/Mixed/Chinese/All","E06000008","ONS geography code","Blackburn with Darwen","Boys","Boys/Girls/All","57","442","","Local Authority"
"Percentage achieving at least the expected standard in all ELGs","2019","Year","Asian","White/Black/Asian/Mixed/Chinese/All","E06000008","ONS geography code","Blackburn with Darwen","All","Boys/Girls/All","67","851","","Local Authority"
"Percentage achieving at least the expected standard in all ELGs","2019","Year","Black","White/Black/Asian/Mixed/Chinese/All","E06000008","ONS geography code","Blackburn with Darwen","Girls","Boys/Girls/All","71","7","","Local Authority"
"Percentage achieving at least the expected standard in all ELGs","2019","Year","Black","White/Black/Asian/Mixed/Chinese/All","E06000008","ONS geography code","Blackburn with Darwen","Boys","Boys/Girls/All","78","9","","Local Authority"
"Percentage achieving at least the expected standard in all ELGs","2019","Year","Black","White/Black/Asian/Mixed/Chinese/All","E06000008","ONS geography code","Blackburn with Darwen","All","Boys/Girls/All","75","16","","Local Authority"
"Percentage achieving at least the expected standard in all ELGs","2019","Year","Chinese","White/Black/Asian/Mixed/Chinese/All","E06000008","ONS geography code","Blackburn with Darwen","Girls","Boys/Girls/All","?","2","","Local Authority"
"Percentage achieving at least the expected standard in all ELGs","2019","Year","Chinese","White/Black/Asian/Mixed/Chinese/All","E06000008","ONS geography code","Blackburn with Darwen","Boys","Boys/Girls/All","?","2","","Local Authority"
"Percentage achieving at least the expected standard in all ELGs","2019","Year","Chinese","White/Black/Asian/Mixed/Chinese/All","E06000008","ONS geography code","Blackburn with Darwen","All","Boys/Girls/All","?","4","","Local Authority"
"Percentage achieving at least the expected standard in all ELGs","2019","Year","Mixed","White/Black/Asian/Mixed/Chinese/All","E06000008","ONS geography code","Blackburn with Darwen","Girls","Boys/Girls/All","76","37","","Local Authority"
"Percentage achieving at least the expected standard in all ELGs","2019","Year","Mixed","White/Black/Asian/Mixed/Chinese/All","E06000008","ONS geography code","Blackburn with Darwen","Boys","Boys/Girls/All","50","40","","Local Authority"
"Percentage achieving at least the expected standard in all ELGs","2019","Year","Mixed","White/Black/Asian/Mixed/Chinese/All","E06000008","ONS geography code","Blackburn with Darwen","All","Boys/Girls/All","62","77","","Local Authority"
"Percentage achieving at least the expected standard in all ELGs","2019","Year","White","White/Black/Asian/Mixed/Chinese/All","E06000008","ONS geography code","Blackburn with Darwen","Girls","Boys/Girls/All","74","490","","Local Authority"
"Percentage achieving at least the expected standard in all ELGs","2019","Year","White","White/Black/Asian/Mixed/Chinese/All","E06000008","ONS geography code","Blackburn with Darwen","Boys","Boys/Girls/All","60","531","","Local Authority"
"Percentage achieving at least the expected standard in all ELGs","2019","Year","White","White/Black/Asian/Mixed/Chinese/All","E06000008","ONS geography code","Blackburn with Darwen","All","Boys/Girls/All","67","1021","","Local Authority"
"Percentage achieving at least the expected standard in all ELGs","2019","Year","All","White/Black/Asian/Mixed/Chinese/All","E06000009","ONS geography code","Blackpool","Girls","Boys/Girls/All","73","855","","Local Authority"
"Percentage achieving at least the expected standard in all ELGs","2019","Year","All","White/Black/Asian/Mixed/Chinese/All","E06000009","ONS geography code","Blackpool","Boys","Boys/Girls/All","61","898","","Local Authority"
"Percentage achieving at least the expected standard in all ELGs","2019","Year","All","White/Black/Asian/Mixed/Chinese/All","E06000009","ONS geography code","Blackpool","All","Boys/Girls/All","67","1753","","Local Authority"
"Percentage achieving at least the expected standard in all ELGs","2019","Year","Asian","White/Black/Asian/Mixed/Chinese/All","E06000009","ONS geography code","Blackpool","Girls","Boys/Girls/All","56","9","","Local Authority"
"Percentage achieving at least the expected standard in all ELGs","2019","Year","Asian","White/Black/Asian/Mixed/Chinese/All","E06000009","ONS geography code","Blackpool","Boys","Boys/Girls/All","39","18","","Local Authority"
"Percentage achieving at least the expected standard in all ELGs","2019","Year","Asian","White/Black/Asian/Mixed/Chinese/All","E06000009","ONS geography code","Blackpool","All","Boys/Girls/All","44","27","","Local Authority"
"Percentage achieving at least the expected standard in all ELGs","2019","Year","Black","White/Black/Asian/Mixed/Chinese/All","E06000009","ONS geography code","Blackpool","Boys","Boys/Girls/All","?","2","","Local Authority"
"Percentage achieving at least the expected standard in all ELGs","2019","Year","Black","White/Black/Asian/Mixed/Chinese/All","E06000009","ONS geography code","Blackpool","Girls","Boys/Girls/All","100","5","","Local Authority"
"Percentage achieving at least the expected standard in all ELGs","2019","Year","Black","White/Black/Asian/Mixed/Chinese/All","E06000009","ONS geography code","Blackpool","All","Boys/Girls/All","71","7","","Local Authority"
"Percentage achieving at least the expected standard in all ELGs","2019","Year","Chinese","White/Black/Asian/Mixed/Chinese/All","E06000009","ONS geography code","Blackpool","Boys","Boys/Girls/All","?","2","","Local Authority"
"Percentage achieving at least the expected standard in all ELGs","2019","Year","Chinese","White/Black/Asian/Mixed/Chinese/All","E06000009","ONS geography code","Blackpool","Girls","Boys/Girls/All","?","3","","Local Authority"
"Percentage achieving at least the expected standard in all ELGs","2019","Year","Chinese","White/Black/Asian/Mixed/Chinese/All","E06000009","ONS geography code","Blackpool","All","Boys/Girls/All","60","5","","Local Authority"
"Percentage achieving at least the expected standard in all ELGs","2019","Year","Mixed","White/Black/Asian/Mixed/Chinese/All","E06000009","ONS geography code","Blackpool","Girls","Boys/Girls/All","76","25","","Local Authority"
"Percentage achieving at least the expected standard in all ELGs","2019","Year","Mixed","White/Black/Asian/Mixed/Chinese/All","E06000009","ONS geography code","Blackpool","Boys","Boys/Girls/All","88","33","","Local Authority"
"Percentage achieving at least the expected standard in all ELGs","2019","Year","Mixed","White/Black/Asian/Mixed/Chinese/All","E06000009","ONS geography code","Blackpool","All","Boys/Girls/All","83","58","","Local Authority"
"Percentage achieving at least the expected standard in all ELGs","2019","Year","White","White/Black/Asian/Mixed/Chinese/All","E06000009","ONS geography code","Blackpool","Girls","Boys/Girls/All","73","804","","Local Authority"
"Percentage achieving at least the expected standard in all ELGs","2019","Year","White","White/Black/Asian/Mixed/Chinese/All","E06000009","ONS geography code","Blackpool","Boys","Boys/Girls/All","61","831","","Local Authority"
"Percentage achieving at least the expected standard in all ELGs","2019","Year","White","White/Black/Asian/Mixed/Chinese/All","E06000009","ONS geography code","Blackpool","All","Boys/Girls/All","67","1635","","Local Authority"
"Percentage achieving at least the expected standard in all ELGs","2019","Year","All","White/Black/Asian/Mixed/Chinese/All","E08000001","ONS geography code","Bolton","Girls","Boys/Girls/All","74","1917","","Local Authority"
"Percentage achieving at least the expected standard in all ELGs","2019","Year","All","White/Black/Asian/Mixed/Chinese/All","E08000001","ONS geography code","Bolton","Boys","Boys/Girls/All","57","2050","","Local Authority"
"Percentage achieving at least the expected standard in all ELGs","2019","Year","All","White/Black/Asian/Mixed/Chinese/All","E08000001","ONS geography code","Bolton","All","Boys/Girls/All","66","3967","","Local Authority"
"Percentage achieving at least the expected standard in all ELGs","2019","Year","Asian","White/Black/Asian/Mixed/Chinese/All","E08000001","ONS geography code","Bolton","Girls","Boys/Girls/All","76","465","","Local Authority"
"Percentage achieving at least the expected standard in all ELGs","2019","Year","Asian","White/Black/Asian/Mixed/Chinese/All","E08000001","ONS geography code","Bolton","Boys","Boys/Girls/All","57","517","","Local Authority"
"Percentage achieving at least the expected standard in all ELGs","2019","Year","Asian","White/Black/Asian/Mixed/Chinese/All","E08000001","ONS geography code","Bolton","All","Boys/Girls/All","66","982","","Local Authority"
"Percentage achieving at least the expected standard in all ELGs","2019","Year","Black","White/Black/Asian/Mixed/Chinese/All","E08000001","ONS geography code","Bolton","Girls","Boys/Girls/All","69","111","","Local Authority"
"Percentage achieving at least the expected standard in all ELGs","2019","Year","Black","White/Black/Asian/Mixed/Chinese/All","E08000001","ONS geography code","Bolton","Boys","Boys/Girls/All","45","129","","Local Authority"
"Percentage achieving at least the expected standard in all ELGs","2019","Year","Black","White/Black/Asian/Mixed/Chinese/All","E08000001","ONS geography code","Bolton","All","Boys/Girls/All","56","240","","Local Authority"
"Percentage achieving at least the expected standard in all ELGs","2019","Year","Chinese","White/Black/Asian/Mixed/Chinese/All","E08000001","ONS geography code","Bolton","Boys","Boys/Girls/All","60","5","","Local Authority"
"Percentage achieving at least the expected standard in all ELGs","2019","Year","Chinese","White/Black/Asian/Mixed/Chinese/All","E08000001","ONS geography code","Bolton","Girls","Boys/Girls/All","71","14","","Local Authority"
"Percentage achieving at least the expected standard in all ELGs","2019","Year","Chinese","White/Black/Asian/Mixed/Chinese/All","E08000001","ONS geography code","Bolton","All","Boys/Girls/All","68","19","","Local Authority"
"Percentage achieving at least the expected standard in all ELGs","2019","Year","Mixed","White/Black/Asian/Mixed/Chinese/All","E08000001","ONS geography code","Bolton","Girls","Boys/Girls/All","73","92","","Local Authority"
"Percentage achieving at least the expected standard in all ELGs","2019","Year","Mixed","White/Black/Asian/Mixed/Chinese/All","E08000001","ONS geography code","Bolton","Boys","Boys/Girls/All","64","104","","Local Authority"
"Percentage achieving at least the expected standard in all ELGs","2019","Year","Mixed","White/Black/Asian/Mixed/Chinese/All","E08000001","ONS geography code","Bolton","All","Boys/Girls/All","68","196","","Local Authority"
"Percentage achieving at least the expected standard in all ELGs","2019","Year","White","White/Black/Asian/Mixed/Chinese/All","E08000001","ONS geography code","Bolton","Girls","Boys/Girls/All","76","1153","","Local Authority"
"Percentage achieving at least the expected standard in all ELGs","2019","Year","White","White/Black/Asian/Mixed/Chinese/All","E08000001","ONS geography code","Bolton","Boys","Boys/Girls/All","59","1206","","Local Authority"
"Percentage achieving at least the expected standard in all ELGs","2019","Year","White","White/Black/Asian/Mixed/Chinese/All","E08000001","ONS geography code","Bolton","All","Boys/Girls/All","67","2359","","Local Authority"
"Percentage achieving at least the expected standard in all ELGs","2019","Year","All","White/Black/Asian/Mixed/Chinese/All","E06000058","ONS geography code","Bournemouth Christchurch and Poole","Girls","Boys/Girls/All","81","1907","","Local Authority"
"Percentage achieving at least the expected standard in all ELGs","2019","Year","All","White/Black/Asian/Mixed/Chinese/All","E06000058","ONS geography code","Bournemouth Christchurch and Poole","Boys","Boys/Girls/All","66","2041","","Local Authority"
"Percentage achieving at least the expected standard in all ELGs","2019","Year","All","White/Black/Asian/Mixed/Chinese/All","E06000058","ONS geography code","Bournemouth Christchurch and Poole","All","Boys/Girls/All","73","3948","","Local Authority"
"Percentage achieving at least the expected standard in all ELGs","2019","Year","Asian","White/Black/Asian/Mixed/Chinese/All","E06000058","ONS geography code","Bournemouth Christchurch and Poole","Boys","Boys/Girls/All","73","55","","Local Authority"
"Percentage achieving at least the expected standard in all ELGs","2019","Year","Asian","White/Black/Asian/Mixed/Chinese/All","E06000058","ONS geography code","Bournemouth Christchurch and Poole","Girls","Boys/Girls/All","83","60","","Local Authority"
"Percentage achieving at least the expected standard in all ELGs","2019","Year","Asian","White/Black/Asian/Mixed/Chinese/All","E06000058","ONS geography code","Bournemouth Christchurch and Poole","All","Boys/Girls/All","78","115","","Local Authority"
"Percentage achieving at least the expected standard in all ELGs","2019","Year","Black","White/Black/Asian/Mixed/Chinese/All","E06000058","ONS geography code","Bournemouth Christchurch and Poole","Girls","Boys/Girls/All","94","17","","Local Authority"
"Percentage achieving at least the expected standard in all ELGs","2019","Year","Black","White/Black/Asian/Mixed/Chinese/All","E06000058","ONS geography code","Bournemouth Christchurch and Poole","Boys","Boys/Girls/All","56","18","","Local Authority"
"Percentage achieving at least the expected standard in all ELGs","2019","Year","Black","White/Black/Asian/Mixed/Chinese/All","E06000058","ONS geography code","Bournemouth Christchurch and Poole","All","Boys/Girls/All","74","35","","Local Authority"
"Percentage achieving at least the expected standard in all ELGs","2019","Year","Chinese","White/Black/Asian/Mixed/Chinese/All","E06000058","ONS geography code","Bournemouth Christchurch and Poole","Girls","Boys/Girls/All","?","4","","Local Authority"
"Percentage achieving at least the expected standard in all ELGs","2019","Year","Chinese","White/Black/Asian/Mixed/Chinese/All","E06000058","ONS geography code","Bournemouth Christchurch and Poole","Boys","Boys/Girls/All","100","5","","Local Authority"
"Percentage achieving at least the expected standard in all ELGs","2019","Year","Chinese","White/Black/Asian/Mixed/Chinese/All","E06000058","ONS geography code","Bournemouth Christchurch and Poole","All","Boys/Girls/All","67","9","","Local Authority"
"Percentage achieving at least the expected standard in all ELGs","2019","Year","Mixed","White/Black/Asian/Mixed/Chinese/All","E06000058","ONS geography code","Bournemouth Christchurch and Poole","Girls","Boys/Girls/All","76","117","","Local Authority"
"Percentage achieving at least the expected standard in all ELGs","2019","Year","Mixed","White/Black/Asian/Mixed/Chinese/All","E06000058","ONS geography code","Bournemouth Christchurch and Poole","Boys","Boys/Girls/All","64","140","","Local Authority"
"Percentage achieving at least the expected standard in all ELGs","2019","Year","Mixed","White/Black/Asian/Mixed/Chinese/All","E06000058","ONS geography code","Bournemouth Christchurch and Poole","All","Boys/Girls/All","69","257","","Local Authority"
"Percentage achieving at least the expected standard in all ELGs","2019","Year","White","White/Black/Asian/Mixed/Chinese/All","E06000058","ONS geography code","Bournemouth Christchurch and Poole","Girls","Boys/Girls/All","83","1617","","Local Authority"
"Percentage achieving at least the expected standard in all ELGs","2019","Year","White","White/Black/Asian/Mixed/Chinese/All","E06000058","ONS geography code","Bournemouth Christchurch and Poole","Boys","Boys/Girls/All","67","1727","","Local Authority"
"Percentage achieving at least the expected standard in all ELGs","2019","Year","White","White/Black/Asian/Mixed/Chinese/All","E06000058","ONS geography code","Bournemouth Christchurch and Poole","All","Boys/Girls/All","75","3344","","Local Authority"
"Percentage achieving at least the expected standard in all ELGs","2019","Year","All","White/Black/Asian/Mixed/Chinese/All","E06000036","ONS geography code","Bracknell Forest","Girls","Boys/Girls/All","82","634","","Local Authority"
"Percentage achieving at least the expected standard in all ELGs","2019","Year","All","White/Black/Asian/Mixed/Chinese/All","E06000036","ONS geography code","Bracknell Forest","Boys","Boys/Girls/All","70","663","","Local Authority"
"Percentage achieving at least the expected standard in all ELGs","2019","Year","All","White/Black/Asian/Mixed/Chinese/All","E06000036","ONS geography code","Bracknell Forest","All","Boys/Girls/All","76","1297","","Local Authority"
"Percentage achieving at least the expected standard in all ELGs","2019","Year","Asian","White/Black/Asian/Mixed/Chinese/All","E06000036","ONS geography code","Bracknell Forest","Girls","Boys/Girls/All","81","43","","Local Authority"
"Percentage achieving at least the expected standard in all ELGs","2019","Year","Asian","White/Black/Asian/Mixed/Chinese/All","E06000036","ONS geography code","Bracknell Forest","Boys","Boys/Girls/All","67","43","","Local Authority"
"Percentage achieving at least the expected standard in all ELGs","2019","Year","Asian","White/Black/Asian/Mixed/Chinese/All","E06000036","ONS geography code","Bracknell Forest","All","Boys/Girls/All","74","86","","Local Authority"
"Percentage achieving at least the expected standard in all ELGs","2019","Year","Black","White/Black/Asian/Mixed/Chinese/All","E06000036","ONS geography code","Bracknell Forest","Girls","Boys/Girls/All","81","16","","Local Authority"
"Percentage achieving at least the expected standard in all ELGs","2019","Year","Black","White/Black/Asian/Mixed/Chinese/All","E06000036","ONS geography code","Bracknell Forest","Boys","Boys/Girls/All","75","16","","Local Authority"
"Percentage achieving at least the expected standard in all ELGs","2019","Year","Black","White/Black/Asian/Mixed/Chinese/All","E06000036","ONS geography code","Bracknell Forest","All","Boys/Girls/All","78","32","","Local Authority"
"Percentage achieving at least the expected standard in all ELGs","2019","Year","Chinese","White/Black/Asian/Mixed/Chinese/All","E06000036","ONS geography code","Bracknell Forest","Girls","Boys/Girls/All","?","3","","Local Authority"
"Percentage achieving at least the expected standard in all ELGs","2019","Year","Chinese","White/Black/Asian/Mixed/Chinese/All","E06000036","ONS geography code","Bracknell Forest","Boys","Boys/Girls/All","63","8","","Local Authority"
"Percentage achieving at least the expected standard in all ELGs","2019","Year","Chinese","White/Black/Asian/Mixed/Chinese/All","E06000036","ONS geography code","Bracknell Forest","All","Boys/Girls/All","64","11","","Local Authority"
"Percentage achieving at least the expected standard in all ELGs","2019","Year","Mixed","White/Black/Asian/Mixed/Chinese/All","E06000036","ONS geography code","Bracknell Forest","Boys","Boys/Girls/All","68","31","","Local Authority"
"Percentage achieving at least the expected standard in all ELGs","2019","Year","Mixed","White/Black/Asian/Mixed/Chinese/All","E06000036","ONS geography code","Bracknell Forest","Girls","Boys/Girls/All","92","49","","Local Authority"
"Percentage achieving at least the expected standard in all ELGs","2019","Year","Mixed","White/Black/Asian/Mixed/Chinese/All","E06000036","ONS geography code","Bracknell Forest","All","Boys/Girls/All","83","80","","Local Authority"
"Percentage achieving at least the expected standard in all ELGs","2019","Year","White","White/Black/Asian/Mixed/Chinese/All","E06000036","ONS geography code","Bracknell Forest","Girls","Boys/Girls/All","82","508","","Local Authority"
"Percentage achieving at least the expected standard in all ELGs","2019","Year","White","White/Black/Asian/Mixed/Chinese/All","E06000036","ONS geography code","Bracknell Forest","Boys","Boys/Girls/All","71","542","","Local Authority"
"Percentage achieving at least the expected standard in all ELGs","2019","Year","White","White/Black/Asian/Mixed/Chinese/All","E06000036","ONS geography code","Bracknell Forest","All","Boys/Girls/All","76","1050","","Local Authority"
"Percentage achieving at least the expected standard in all ELGs","2019","Year","All","White/Black/Asian/Mixed/Chinese/All","E08000032","ONS geography code","Bradford","Girls","Boys/Girls/All","74","3765","","Local Authority"
"Percentage achieving at least the expected standard in all ELGs","2019","Year","All","White/Black/Asian/Mixed/Chinese/All","E08000032","ONS geography code","Bradford","Boys","Boys/Girls/All","60","3903","","Local Authority"
"Percentage achieving at least the expected standard in all ELGs","2019","Year","All","White/Black/Asian/Mixed/Chinese/All","E08000032","ONS geography code","Bradford","All","Boys/Girls/All","67","7668","","Local Authority"
"Percentage achieving at least the expected standard in all ELGs","2019","Year","Asian","White/Black/Asian/Mixed/Chinese/All","E08000032","ONS geography code","Bradford","Girls","Boys/Girls/All","73","1527","","Local Authority"
"Percentage achieving at least the expected standard in all ELGs","2019","Year","Asian","White/Black/Asian/Mixed/Chinese/All","E08000032","ONS geography code","Bradford","Boys","Boys/Girls/All","58","1529","","Local Authority"
"Percentage achieving at least the expected standard in all ELGs","2019","Year","Asian","White/Black/Asian/Mixed/Chinese/All","E08000032","ONS geography code","Bradford","All","Boys/Girls/All","66","3056","","Local Authority"
"Percentage achieving at least the expected standard in all ELGs","2019","Year","Black","White/Black/Asian/Mixed/Chinese/All","E08000032","ONS geography code","Bradford","Girls","Boys/Girls/All","66","58","","Local Authority"
"Percentage achieving at least the expected standard in all ELGs","2019","Year","Black","White/Black/Asian/Mixed/Chinese/All","E08000032","ONS geography code","Bradford","Boys","Boys/Girls/All","57","58","","Local Authority"
"Percentage achieving at least the expected standard in all ELGs","2019","Year","Black","White/Black/Asian/Mixed/Chinese/All","E08000032","ONS geography code","Bradford","All","Boys/Girls/All","61","116","","Local Authority"
"Percentage achieving at least the expected standard in all ELGs","2019","Year","Chinese","White/Black/Asian/Mixed/Chinese/All","E08000032","ONS geography code","Bradford","Boys","Boys/Girls/All","?","3","","Local Authority"
"Percentage achieving at least the expected standard in all ELGs","2019","Year","Chinese","White/Black/Asian/Mixed/Chinese/All","E08000032","ONS geography code","Bradford","Girls","Boys/Girls/All","?","4","","Local Authority"
"Percentage achieving at least the expected standard in all ELGs","2019","Year","Chinese","White/Black/Asian/Mixed/Chinese/All","E08000032","ONS geography code","Bradford","All","Boys/Girls/All","71","7","","Local Authority"
"Percentage achieving at least the expected standard in all ELGs","2019","Year","Mixed","White/Black/Asian/Mixed/Chinese/All","E08000032","ONS geography code","Bradford","Boys","Boys/Girls/All","58","247","","Local Authority"
"Percentage achieving at least the expected standard in all ELGs","2019","Year","Mixed","White/Black/Asian/Mixed/Chinese/All","E08000032","ONS geography code","Bradford","Girls","Boys/Girls/All","76","285","","Local Authority"
"Percentage achieving at least the expected standard in all ELGs","2019","Year","Mixed","White/Black/Asian/Mixed/Chinese/All","E08000032","ONS geography code","Bradford","All","Boys/Girls/All","68","532","","Local Authority"
"Percentage achieving at least the expected standard in all ELGs","2019","Year","White","White/Black/Asian/Mixed/Chinese/All","E08000032","ONS geography code","Bradford","Girls","Boys/Girls/All","75","1737","","Local Authority"
"Percentage achieving at least the expected standard in all ELGs","2019","Year","White","White/Black/Asian/Mixed/Chinese/All","E08000032","ONS geography code","Bradford","Boys","Boys/Girls/All","62","1914","","Local Authority"
"Percentage achieving at least the expected standard in all ELGs","2019","Year","White","White/Black/Asian/Mixed/Chinese/All","E08000032","ONS geography code","Bradford","All","Boys/Girls/All","68","3651","","Local Authority"
"Percentage achieving at least the expected standard in all ELGs","2019","Year","All","White/Black/Asian/Mixed/Chinese/All","E09000005","ONS geography code","Brent","Girls","Boys/Girls/All","77","1856","","Local Authority"
"Percentage achieving at least the expected standard in all ELGs","2019","Year","All","White/Black/Asian/Mixed/Chinese/All","E09000005","ONS geography code","Brent","Boys","Boys/Girls/All","65","1936","","Local Authority"
"Percentage achieving at least the expected standard in all ELGs","2019","Year","All","White/Black/Asian/Mixed/Chinese/All","E09000005","ONS geography code","Brent","All","Boys/Girls/All","71","3792","","Local Authority"
"Percentage achieving at least the expected standard in all ELGs","2019","Year","Asian","White/Black/Asian/Mixed/Chinese/All","E09000005","ONS geography code","Brent","Girls","Boys/Girls/All","81","578","","Local Authority"
"Percentage achieving at least the expected standard in all ELGs","2019","Year","Asian","White/Black/Asian/Mixed/Chinese/All","E09000005","ONS geography code","Brent","Boys","Boys/Girls/All","72","603","","Local Authority"
"Percentage achieving at least the expected standard in all ELGs","2019","Year","Asian","White/Black/Asian/Mixed/Chinese/All","E09000005","ONS geography code","Brent","All","Boys/Girls/All","76","1181","","Local Authority"
"Percentage achieving at least the expected standard in all ELGs","2019","Year","Black","White/Black/Asian/Mixed/Chinese/All","E09000005","ONS geography code","Brent","Boys","Boys/Girls/All","62","326","","Local Authority"
"Percentage achieving at least the expected standard in all ELGs","2019","Year","Black","White/Black/Asian/Mixed/Chinese/All","E09000005","ONS geography code","Brent","Girls","Boys/Girls/All","74","356","","Local Authority"
"Percentage achieving at least the expected standard in all ELGs","2019","Year","Black","White/Black/Asian/Mixed/Chinese/All","E09000005","ONS geography code","Brent","All","Boys/Girls/All","68","682","","Local Authority"
"Percentage achieving at least the expected standard in all ELGs","2019","Year","Chinese","White/Black/Asian/Mixed/Chinese/All","E09000005","ONS geography code","Brent","Boys","Boys/Girls/All","?","4","","Local Authority"
"Percentage achieving at least the expected standard in all ELGs","2019","Year","Chinese","White/Black/Asian/Mixed/Chinese/All","E09000005","ONS geography code","Brent","Girls","Boys/Girls/All","83","6","","Local Authority"
"Percentage achieving at least the expected standard in all ELGs","2019","Year","Chinese","White/Black/Asian/Mixed/Chinese/All","E09000005","ONS geography code","Brent","All","Boys/Girls/All","90","10","","Local Authority"
"Percentage achieving at least the expected standard in all ELGs","2019","Year","Mixed","White/Black/Asian/Mixed/Chinese/All","E09000005","ONS geography code","Brent","Boys","Boys/Girls/All","66","168","","Local Authority"
"Percentage achieving at least the expected standard in all ELGs","2019","Year","Mixed","White/Black/Asian/Mixed/Chinese/All","E09000005","ONS geography code","Brent","Girls","Boys/Girls/All","85","169","","Local Authority"
"Percentage achieving at least the expected standard in all ELGs","2019","Year","Mixed","White/Black/Asian/Mixed/Chinese/All","E09000005","ONS geography code","Brent","All","Boys/Girls/All","76","337","","Local Authority"
"Percentage achieving at least the expected standard in all ELGs","2019","Year","White","White/Black/Asian/Mixed/Chinese/All","E09000005","ONS geography code","Brent","Girls","Boys/Girls/All","80","469","","Local Authority"
"Percentage achieving at least the expected standard in all ELGs","2019","Year","White","White/Black/Asian/Mixed/Chinese/All","E09000005","ONS geography code","Brent","Boys","Boys/Girls/All","66","557","","Local Authority"
"Percentage achieving at least the expected standard in all ELGs","2019","Year","White","White/Black/Asian/Mixed/Chinese/All","E09000005","ONS geography code","Brent","All","Boys/Girls/All","72","1026","","Local Authority"
"Percentage achieving at least the expected standard in all ELGs","2019","Year","All","White/Black/Asian/Mixed/Chinese/All","E06000043","ONS geography code","Brighton and Hove","Girls","Boys/Girls/All","77","1270","","Local Authority"
"Percentage achieving at least the expected standard in all ELGs","2019","Year","All","White/Black/Asian/Mixed/Chinese/All","E06000043","ONS geography code","Brighton and Hove","Boys","Boys/Girls/All","66","1369","","Local Authority"
"Percentage achieving at least the expected standard in all ELGs","2019","Year","All","White/Black/Asian/Mixed/Chinese/All","E06000043","ONS geography code","Brighton and Hove","All","Boys/Girls/All","71","2639","","Local Authority"
"Percentage achieving at least the expected standard in all ELGs","2019","Year","Asian","White/Black/Asian/Mixed/Chinese/All","E06000043","ONS geography code","Brighton and Hove","Girls","Boys/Girls/All","58","43","","Local Authority"
"Percentage achieving at least the expected standard in all ELGs","2019","Year","Asian","White/Black/Asian/Mixed/Chinese/All","E06000043","ONS geography code","Brighton and Hove","Boys","Boys/Girls/All","67","49","","Local Authority"
"Percentage achieving at least the expected standard in all ELGs","2019","Year","Asian","White/Black/Asian/Mixed/Chinese/All","E06000043","ONS geography code","Brighton and Hove","All","Boys/Girls/All","63","92","","Local Authority"
"Percentage achieving at least the expected standard in all ELGs","2019","Year","Black","White/Black/Asian/Mixed/Chinese/All","E06000043","ONS geography code","Brighton and Hove","Boys","Boys/Girls/All","61","18","","Local Authority"
"Percentage achieving at least the expected standard in all ELGs","2019","Year","Black","White/Black/Asian/Mixed/Chinese/All","E06000043","ONS geography code","Brighton and Hove","Girls","Boys/Girls/All","68","25","","Local Authority"
"Percentage achieving at least the expected standard in all ELGs","2019","Year","Black","White/Black/Asian/Mixed/Chinese/All","E06000043","ONS geography code","Brighton and Hove","All","Boys/Girls/All","65","43","","Local Authority"
"Percentage achieving at least the expected standard in all ELGs","2019","Year","Chinese","White/Black/Asian/Mixed/Chinese/All","E06000043","ONS geography code","Brighton and Hove","Boys","Boys/Girls/All","29","7","","Local Authority"
"Percentage achieving at least the expected standard in all ELGs","2019","Year","Chinese","White/Black/Asian/Mixed/Chinese/All","E06000043","ONS geography code","Brighton and Hove","Girls","Boys/Girls/All","75","8","","Local Authority"
"Percentage achieving at least the expected standard in all ELGs","2019","Year","Chinese","White/Black/Asian/Mixed/Chinese/All","E06000043","ONS geography code","Brighton and Hove","All","Boys/Girls/All","53","15","","Local Authority"
"Percentage achieving at least the expected standard in all ELGs","2019","Year","Mixed","White/Black/Asian/Mixed/Chinese/All","E06000043","ONS geography code","Brighton and Hove","Boys","Boys/Girls/All","69","128","","Local Authority"
"Percentage achieving at least the expected standard in all ELGs","2019","Year","Mixed","White/Black/Asian/Mixed/Chinese/All","E06000043","ONS geography code","Brighton and Hove","Girls","Boys/Girls/All","82","136","","Local Authority"
"Percentage achieving at least the expected standard in all ELGs","2019","Year","Mixed","White/Black/Asian/Mixed/Chinese/All","E06000043","ONS geography code","Brighton and Hove","All","Boys/Girls/All","75","264","","Local Authority"
"Percentage achieving at least the expected standard in all ELGs","2019","Year","White","White/Black/Asian/Mixed/Chinese/All","E06000043","ONS geography code","Brighton and Hove","Girls","Boys/Girls/All","79","982","","Local Authority"
"Percentage achieving at least the expected standard in all ELGs","2019","Year","White","White/Black/Asian/Mixed/Chinese/All","E06000043","ONS geography code","Brighton and Hove","Boys","Boys/Girls/All","66","1079","","Local Authority"
"Percentage achieving at least the expected standard in all ELGs","2019","Year","White","White/Black/Asian/Mixed/Chinese/All","E06000043","ONS geography code","Brighton and Hove","All","Boys/Girls/All","72","2061","","Local Authority"
"Percentage achieving at least the expected standard in all ELGs","2019","Year","All","White/Black/Asian/Mixed/Chinese/All","E06000023","ONS geography code","Bristol City of","Girls","Boys/Girls/All","76","2584","","Local Authority"
"Percentage achieving at least the expected standard in all ELGs","2019","Year","All","White/Black/Asian/Mixed/Chinese/All","E06000023","ONS geography code","Bristol City of","Boys","Boys/Girls/All","63","2696","","Local Authority"
"Percentage achieving at least the expected standard in all ELGs","2019","Year","All","White/Black/Asian/Mixed/Chinese/All","E06000023","ONS geography code","Bristol City of","All","Boys/Girls/All","70","5280","","Local Authority"
"Percentage achieving at least the expected standard in all ELGs","2019","Year","Asian","White/Black/Asian/Mixed/Chinese/All","E06000023","ONS geography code","Bristol City of","Girls","Boys/Girls/All","75","168","","Local Authority"
"Percentage achieving at least the expected standard in all ELGs","2019","Year","Asian","White/Black/Asian/Mixed/Chinese/All","E06000023","ONS geography code","Bristol City of","Boys","Boys/Girls/All","55","181","","Local Authority"
"Percentage achieving at least the expected standard in all ELGs","2019","Year","Asian","White/Black/Asian/Mixed/Chinese/All","E06000023","ONS geography code","Bristol City of","All","Boys/Girls/All","65","349","","Local Authority"
"Percentage achieving at least the expected standard in all ELGs","2019","Year","Black","White/Black/Asian/Mixed/Chinese/All","E06000023","ONS geography code","Bristol City of","Boys","Boys/Girls/All","51","239","","Local Authority"
"Percentage achieving at least the expected standard in all ELGs","2019","Year","Black","White/Black/Asian/Mixed/Chinese/All","E06000023","ONS geography code","Bristol City of","Girls","Boys/Girls/All","66","251","","Local Authority"
"Percentage achieving at least the expected standard in all ELGs","2019","Year","Black","White/Black/Asian/Mixed/Chinese/All","E06000023","ONS geography code","Bristol City of","All","Boys/Girls/All","59","490","","Local Authority"
"Percentage achieving at least the expected standard in all ELGs","2019","Year","Chinese","White/Black/Asian/Mixed/Chinese/All","E06000023","ONS geography code","Bristol City of","Girls","Boys/Girls/All","100","13","","Local Authority"
"Percentage achieving at least the expected standard in all ELGs","2019","Year","Chinese","White/Black/Asian/Mixed/Chinese/All","E06000023","ONS geography code","Bristol City of","Boys","Boys/Girls/All","70","20","","Local Authority"
"Percentage achieving at least the expected standard in all ELGs","2019","Year","Chinese","White/Black/Asian/Mixed/Chinese/All","E06000023","ONS geography code","Bristol City of","All","Boys/Girls/All","82","33","","Local Authority"
"Percentage achieving at least the expected standard in all ELGs","2019","Year","Mixed","White/Black/Asian/Mixed/Chinese/All","E06000023","ONS geography code","Bristol City of","Girls","Boys/Girls/All","78","221","","Local Authority"
"Percentage achieving at least the expected standard in all ELGs","2019","Year","Mixed","White/Black/Asian/Mixed/Chinese/All","E06000023","ONS geography code","Bristol City of","Boys","Boys/Girls/All","65","259","","Local Authority"
"Percentage achieving at least the expected standard in all ELGs","2019","Year","Mixed","White/Black/Asian/Mixed/Chinese/All","E06000023","ONS geography code","Bristol City of","All","Boys/Girls/All","71","480","","Local Authority"
"Percentage achieving at least the expected standard in all ELGs","2019","Year","White","White/Black/Asian/Mixed/Chinese/All","E06000023","ONS geography code","Bristol City of","Girls","Boys/Girls/All","79","1788","","Local Authority"
"Percentage achieving at least the expected standard in all ELGs","2019","Year","White","White/Black/Asian/Mixed/Chinese/All","E06000023","ONS geography code","Bristol City of","Boys","Boys/Girls/All","65","1883","","Local Authority"
"Percentage achieving at least the expected standard in all ELGs","2019","Year","White","White/Black/Asian/Mixed/Chinese/All","E06000023","ONS geography code","Bristol City of","All","Boys/Girls/All","72","3671","","Local Authority"
"Percentage achieving at least the expected standard in all ELGs","2019","Year","All","White/Black/Asian/Mixed/Chinese/All","E09000006","ONS geography code","Bromley","Girls","Boys/Girls/All","84","1897","","Local Authority"
"Percentage achieving at least the expected standard in all ELGs","2019","Year","All","White/Black/Asian/Mixed/Chinese/All","E09000006","ONS geography code","Bromley","Boys","Boys/Girls/All","71","2060","","Local Authority"
"Percentage achieving at least the expected standard in all ELGs","2019","Year","All","White/Black/Asian/Mixed/Chinese/All","E09000006","ONS geography code","Bromley","All","Boys/Girls/All","77","3957","","Local Authority"
"Percentage achieving at least the expected standard in all ELGs","2019","Year","Asian","White/Black/Asian/Mixed/Chinese/All","E09000006","ONS geography code","Bromley","Girls","Boys/Girls/All","87","135","","Local Authority"
"Percentage achieving at least the expected standard in all ELGs","2019","Year","Asian","White/Black/Asian/Mixed/Chinese/All","E09000006","ONS geography code","Bromley","Boys","Boys/Girls/All","75","138","","Local Authority"
"Percentage achieving at least the expected standard in all ELGs","2019","Year","Asian","White/Black/Asian/Mixed/Chinese/All","E09000006","ONS geography code","Bromley","All","Boys/Girls/All","81","273","","Local Authority"
"Percentage achieving at least the expected standard in all ELGs","2019","Year","Black","White/Black/Asian/Mixed/Chinese/All","E09000006","ONS geography code","Bromley","Boys","Boys/Girls/All","55","158","","Local Authority"
"Percentage achieving at least the expected standard in all ELGs","2019","Year","Black","White/Black/Asian/Mixed/Chinese/All","E09000006","ONS geography code","Bromley","Girls","Boys/Girls/All","78","170","","Local Authority"
"Percentage achieving at least the expected standard in all ELGs","2019","Year","Black","White/Black/Asian/Mixed/Chinese/All","E09000006","ONS geography code","Bromley","All","Boys/Girls/All","67","328","","Local Authority"
"Percentage achieving at least the expected standard in all ELGs","2019","Year","Chinese","White/Black/Asian/Mixed/Chinese/All","E09000006","ONS geography code","Bromley","Girls","Boys/Girls/All","93","29","","Local Authority"
"Percentage achieving at least the expected standard in all ELGs","2019","Year","Chinese","White/Black/Asian/Mixed/Chinese/All","E09000006","ONS geography code","Bromley","Boys","Boys/Girls/All","85","34","","Local Authority"
"Percentage achieving at least the expected standard in all ELGs","2019","Year","Chinese","White/Black/Asian/Mixed/Chinese/All","E09000006","ONS geography code","Bromley","All","Boys/Girls/All","89","63","","Local Authority"
"Percentage achieving at least the expected standard in all ELGs","2019","Year","Mixed","White/Black/Asian/Mixed/Chinese/All","E09000006","ONS geography code","Bromley","Boys","Boys/Girls/All","73","240","","Local Authority"
"Percentage achieving at least the expected standard in all ELGs","2019","Year","Mixed","White/Black/Asian/Mixed/Chinese/All","E09000006","ONS geography code","Bromley","Girls","Boys/Girls/All","85","257","","Local Authority"
"Percentage achieving at least the expected standard in all ELGs","2019","Year","Mixed","White/Black/Asian/Mixed/Chinese/All","E09000006","ONS geography code","Bromley","All","Boys/Girls/All","79","497","","Local Authority"
"Percentage achieving at least the expected standard in all ELGs","2019","Year","White","White/Black/Asian/Mixed/Chinese/All","E09000006","ONS geography code","Bromley","Girls","Boys/Girls/All","86","1204","","Local Authority"
"Percentage achieving at least the expected standard in all ELGs","2019","Year","White","White/Black/Asian/Mixed/Chinese/All","E09000006","ONS geography code","Bromley","Boys","Boys/Girls/All","73","1364","","Local Authority"
"Percentage achieving at least the expected standard in all ELGs","2019","Year","White","White/Black/Asian/Mixed/Chinese/All","E09000006","ONS geography code","Bromley","All","Boys/Girls/All","79","2568","","Local Authority"
"Percentage achieving at least the expected standard in all ELGs","2019","Year","All","White/Black/Asian/Mixed/Chinese/All","E10000002","ONS geography code","Buckinghamshire","Girls","Boys/Girls/All","80","2998","","Local Authority"
"Percentage achieving at least the expected standard in all ELGs","2019","Year","All","White/Black/Asian/Mixed/Chinese/All","E10000002","ONS geography code","Buckinghamshire","Boys","Boys/Girls/All","67","3156","","Local Authority"
"Percentage achieving at least the expected standard in all ELGs","2019","Year","All","White/Black/Asian/Mixed/Chinese/All","E10000002","ONS geography code","Buckinghamshire","All","Boys/Girls/All","74","6154","","Local Authority"
"Percentage achieving at least the expected standard in all ELGs","2019","Year","Asian","White/Black/Asian/Mixed/Chinese/All","E10000002","ONS geography code","Buckinghamshire","Boys","Boys/Girls/All","60","468","","Local Authority"
"Percentage achieving at least the expected standard in all ELGs","2019","Year","Asian","White/Black/Asian/Mixed/Chinese/All","E10000002","ONS geography code","Buckinghamshire","Girls","Boys/Girls/All","71","469","","Local Authority"
"Percentage achieving at least the expected standard in all ELGs","2019","Year","Asian","White/Black/Asian/Mixed/Chinese/All","E10000002","ONS geography code","Buckinghamshire","All","Boys/Girls/All","66","937","","Local Authority"
"Percentage achieving at least the expected standard in all ELGs","2019","Year","Black","White/Black/Asian/Mixed/Chinese/All","E10000002","ONS geography code","Buckinghamshire","Boys","Boys/Girls/All","55","62","","Local Authority"
"Percentage achieving at least the expected standard in all ELGs","2019","Year","Black","White/Black/Asian/Mixed/Chinese/All","E10000002","ONS geography code","Buckinghamshire","Girls","Boys/Girls/All","73","64","","Local Authority"
"Percentage achieving at least the expected standard in all ELGs","2019","Year","Black","White/Black/Asian/Mixed/Chinese/All","E10000002","ONS geography code","Buckinghamshire","All","Boys/Girls/All","64","126","","Local Authority"
"Percentage achieving at least the expected standard in all ELGs","2019","Year","Chinese","White/Black/Asian/Mixed/Chinese/All","E10000002","ONS geography code","Buckinghamshire","Girls","Boys/Girls/All","70","10","","Local Authority"
"Percentage achieving at least the expected standard in all ELGs","2019","Year","Chinese","White/Black/Asian/Mixed/Chinese/All","E10000002","ONS geography code","Buckinghamshire","Boys","Boys/Girls/All","75","12","","Local Authority"
"Percentage achieving at least the expected standard in all ELGs","2019","Year","Chinese","White/Black/Asian/Mixed/Chinese/All","E10000002","ONS geography code","Buckinghamshire","All","Boys/Girls/All","73","22","","Local Authority"
"Percentage achieving at least the expected standard in all ELGs","2019","Year","Mixed","White/Black/Asian/Mixed/Chinese/All","E10000002","ONS geography code","Buckinghamshire","Girls","Boys/Girls/All","82","222","","Local Authority"
"Percentage achieving at least the expected standard in all ELGs","2019","Year","Mixed","White/Black/Asian/Mixed/Chinese/All","E10000002","ONS geography code","Buckinghamshire","Boys","Boys/Girls/All","69","279","","Local Authority"
"Percentage achieving at least the expected standard in all ELGs","2019","Year","Mixed","White/Black/Asian/Mixed/Chinese/All","E10000002","ONS geography code","Buckinghamshire","All","Boys/Girls/All","75","501","","Local Authority"
"Percentage achieving at least the expected standard in all ELGs","2019","Year","White","White/Black/Asian/Mixed/Chinese/All","E10000002","ONS geography code","Buckinghamshire","Girls","Boys/Girls/All","83","2142","","Local Authority"
"Percentage achieving at least the expected standard in all ELGs","2019","Year","White","White/Black/Asian/Mixed/Chinese/All","E10000002","ONS geography code","Buckinghamshire","Boys","Boys/Girls/All","69","2260","","Local Authority"
"Percentage achieving at least the expected standard in all ELGs","2019","Year","White","White/Black/Asian/Mixed/Chinese/All","E10000002","ONS geography code","Buckinghamshire","All","Boys/Girls/All","76","4402","","Local Authority"
"Percentage achieving at least the expected standard in all ELGs","2019","Year","All","White/Black/Asian/Mixed/Chinese/All","E08000002","ONS geography code","Bury","Girls","Boys/Girls/All","77","1095","","Local Authority"
"Percentage achieving at least the expected standard in all ELGs","2019","Year","All","White/Black/Asian/Mixed/Chinese/All","E08000002","ONS geography code","Bury","Boys","Boys/Girls/All","65","1241","","Local Authority"
"Percentage achieving at least the expected standard in all ELGs","2019","Year","All","White/Black/Asian/Mixed/Chinese/All","E08000002","ONS geography code","Bury","All","Boys/Girls/All","70","2336","","Local Authority"
"Percentage achieving at least the expected standard in all ELGs","2019","Year","Asian","White/Black/Asian/Mixed/Chinese/All","E08000002","ONS geography code","Bury","Girls","Boys/Girls/All","79","136","","Local Authority"
"Percentage achieving at least the expected standard in all ELGs","2019","Year","Asian","White/Black/Asian/Mixed/Chinese/All","E08000002","ONS geography code","Bury","Boys","Boys/Girls/All","50","160","","Local Authority"
"Percentage achieving at least the expected standard in all ELGs","2019","Year","Asian","White/Black/Asian/Mixed/Chinese/All","E08000002","ONS geography code","Bury","All","Boys/Girls/All","64","296","","Local Authority"
"Percentage achieving at least the expected standard in all ELGs","2019","Year","Black","White/Black/Asian/Mixed/Chinese/All","E08000002","ONS geography code","Bury","Girls","Boys/Girls/All","71","14","","Local Authority"
"Percentage achieving at least the expected standard in all ELGs","2019","Year","Black","White/Black/Asian/Mixed/Chinese/All","E08000002","ONS geography code","Bury","Boys","Boys/Girls/All","44","16","","Local Authority"
"Percentage achieving at least the expected standard in all ELGs","2019","Year","Black","White/Black/Asian/Mixed/Chinese/All","E08000002","ONS geography code","Bury","All","Boys/Girls/All","57","30","","Local Authority"
"Percentage achieving at least the expected standard in all ELGs","2019","Year","Chinese","White/Black/Asian/Mixed/Chinese/All","E08000002","ONS geography code","Bury","Girls","Boys/Girls/All","?","4","","Local Authority"
"Percentage achieving at least the expected standard in all ELGs","2019","Year","Chinese","White/Black/Asian/Mixed/Chinese/All","E08000002","ONS geography code","Bury","Boys","Boys/Girls/All","75","8","","Local Authority"
"Percentage achieving at least the expected standard in all ELGs","2019","Year","Chinese","White/Black/Asian/Mixed/Chinese/All","E08000002","ONS geography code","Bury","All","Boys/Girls/All","75","12","","Local Authority"
"Percentage achieving at least the expected standard in all ELGs","2019","Year","Mixed","White/Black/Asian/Mixed/Chinese/All","E08000002","ONS geography code","Bury","Girls","Boys/Girls/All","78","49","","Local Authority"
"Percentage achieving at least the expected standard in all ELGs","2019","Year","Mixed","White/Black/Asian/Mixed/Chinese/All","E08000002","ONS geography code","Bury","Boys","Boys/Girls/All","62","63","","Local Authority"
"Percentage achieving at least the expected standard in all ELGs","2019","Year","Mixed","White/Black/Asian/Mixed/Chinese/All","E08000002","ONS geography code","Bury","All","Boys/Girls/All","69","112","","Local Authority"
"Percentage achieving at least the expected standard in all ELGs","2019","Year","White","White/Black/Asian/Mixed/Chinese/All","E08000002","ONS geography code","Bury","Girls","Boys/Girls/All","78","839","","Local Authority"
"Percentage achieving at least the expected standard in all ELGs","2019","Year","White","White/Black/Asian/Mixed/Chinese/All","E08000002","ONS geography code","Bury","Boys","Boys/Girls/All","68","946","","Local Authority"
"Percentage achieving at least the expected standard in all ELGs","2019","Year","White","White/Black/Asian/Mixed/Chinese/All","E08000002","ONS geography code","Bury","All","Boys/Girls/All","73","1785","","Local Authority"
"Percentage achieving at least the expected standard in all ELGs","2019","Year","All","White/Black/Asian/Mixed/Chinese/All","E08000033","ONS geography code","Calderdale","Girls","Boys/Girls/All","77","1285","","Local Authority"
"Percentage achieving at least the expected standard in all ELGs","2019","Year","All","White/Black/Asian/Mixed/Chinese/All","E08000033","ONS geography code","Calderdale","Boys","Boys/Girls/All","61","1390","","Local Authority"
"Percentage achieving at least the expected standard in all ELGs","2019","Year","All","White/Black/Asian/Mixed/Chinese/All","E08000033","ONS geography code","Calderdale","All","Boys/Girls/All","69","2675","","Local Authority"
"Percentage achieving at least the expected standard in all ELGs","2019","Year","Asian","White/Black/Asian/Mixed/Chinese/All","E08000033","ONS geography code","Calderdale","Girls","Boys/Girls/All","68","225","","Local Authority"
"Percentage achieving at least the expected standard in all ELGs","2019","Year","Asian","White/Black/Asian/Mixed/Chinese/All","E08000033","ONS geography code","Calderdale","Boys","Boys/Girls/All","49","259","","Local Authority"
"Percentage achieving at least the expected standard in all ELGs","2019","Year","Asian","White/Black/Asian/Mixed/Chinese/All","E08000033","ONS geography code","Calderdale","All","Boys/Girls/All","58","484","","Local Authority"
"Percentage achieving at least the expected standard in all ELGs","2019","Year","Black","White/Black/Asian/Mixed/Chinese/All","E08000033","ONS geography code","Calderdale","Girls","Boys/Girls/All","57","7","","Local Authority"
"Percentage achieving at least the expected standard in all ELGs","2019","Year","Black","White/Black/Asian/Mixed/Chinese/All","E08000033","ONS geography code","Calderdale","Boys","Boys/Girls/All","55","11","","Local Authority"
"Percentage achieving at least the expected standard in all ELGs","2019","Year","Black","White/Black/Asian/Mixed/Chinese/All","E08000033","ONS geography code","Calderdale","All","Boys/Girls/All","56","18","","Local Authority"
"Percentage achieving at least the expected standard in all ELGs","2019","Year","Chinese","White/Black/Asian/Mixed/Chinese/All","E08000033","ONS geography code","Calderdale","Girls","Boys/Girls/All","?","3","","Local Authority"
"Percentage achieving at least the expected standard in all ELGs","2019","Year","Chinese","White/Black/Asian/Mixed/Chinese/All","E08000033","ONS geography code","Calderdale","Boys","Boys/Girls/All","?","4","","Local Authority"
"Percentage achieving at least the expected standard in all ELGs","2019","Year","Chinese","White/Black/Asian/Mixed/Chinese/All","E08000033","ONS geography code","Calderdale","All","Boys/Girls/All","43","7","","Local Authority"
"Percentage achieving at least the expected standard in all ELGs","2019","Year","Mixed","White/Black/Asian/Mixed/Chinese/All","E08000033","ONS geography code","Calderdale","Boys","Boys/Girls/All","68","62","","Local Authority"
"Percentage achieving at least the expected standard in all ELGs","2019","Year","Mixed","White/Black/Asian/Mixed/Chinese/All","E08000033","ONS geography code","Calderdale","Girls","Boys/Girls/All","82","66","","Local Authority"
"Percentage achieving at least the expected standard in all ELGs","2019","Year","Mixed","White/Black/Asian/Mixed/Chinese/All","E08000033","ONS geography code","Calderdale","All","Boys/Girls/All","75","128","","Local Authority"
"Percentage achieving at least the expected standard in all ELGs","2019","Year","White","White/Black/Asian/Mixed/Chinese/All","E08000033","ONS geography code","Calderdale","Girls","Boys/Girls/All","80","946","","Local Authority"
"Percentage achieving at least the expected standard in all ELGs","2019","Year","White","White/Black/Asian/Mixed/Chinese/All","E08000033","ONS geography code","Calderdale","Boys","Boys/Girls/All","65","1018","","Local Authority"
"Percentage achieving at least the expected standard in all ELGs","2019","Year","White","White/Black/Asian/Mixed/Chinese/All","E08000033","ONS geography code","Calderdale","All","Boys/Girls/All","72","1964","","Local Authority"
"Percentage achieving at least the expected standard in all ELGs","2019","Year","All","White/Black/Asian/Mixed/Chinese/All","E10000003","ONS geography code","Cambridgeshire","Girls","Boys/Girls/All","77","3451","","Local Authority"
"Percentage achieving at least the expected standard in all ELGs","2019","Year","All","White/Black/Asian/Mixed/Chinese/All","E10000003","ONS geography code","Cambridgeshire","Boys","Boys/Girls/All","63","3640","","Local Authority"
"Percentage achieving at least the expected standard in all ELGs","2019","Year","All","White/Black/Asian/Mixed/Chinese/All","E10000003","ONS geography code","Cambridgeshire","All","Boys/Girls/All","70","7091","","Local Authority"
"Percentage achieving at least the expected standard in all ELGs","2019","Year","Asian","White/Black/Asian/Mixed/Chinese/All","E10000003","ONS geography code","Cambridgeshire","Boys","Boys/Girls/All","57","136","","Local Authority"
"Percentage achieving at least the expected standard in all ELGs","2019","Year","Asian","White/Black/Asian/Mixed/Chinese/All","E10000003","ONS geography code","Cambridgeshire","Girls","Boys/Girls/All","76","139","","Local Authority"
"Percentage achieving at least the expected standard in all ELGs","2019","Year","Asian","White/Black/Asian/Mixed/Chinese/All","E10000003","ONS geography code","Cambridgeshire","All","Boys/Girls/All","67","275","","Local Authority"
"Percentage achieving at least the expected standard in all ELGs","2019","Year","Black","White/Black/Asian/Mixed/Chinese/All","E10000003","ONS geography code","Cambridgeshire","Girls","Boys/Girls/All","73","37","","Local Authority"
"Percentage achieving at least the expected standard in all ELGs","2019","Year","Black","White/Black/Asian/Mixed/Chinese/All","E10000003","ONS geography code","Cambridgeshire","Boys","Boys/Girls/All","57","47","","Local Authority"
"Percentage achieving at least the expected standard in all ELGs","2019","Year","Black","White/Black/Asian/Mixed/Chinese/All","E10000003","ONS geography code","Cambridgeshire","All","Boys/Girls/All","64","84","","Local Authority"
"Percentage achieving at least the expected standard in all ELGs","2019","Year","Chinese","White/Black/Asian/Mixed/Chinese/All","E10000003","ONS geography code","Cambridgeshire","Girls","Boys/Girls/All","80","25","","Local Authority"
"Percentage achieving at least the expected standard in all ELGs","2019","Year","Chinese","White/Black/Asian/Mixed/Chinese/All","E10000003","ONS geography code","Cambridgeshire","Boys","Boys/Girls/All","73","41","","Local Authority"
"Percentage achieving at least the expected standard in all ELGs","2019","Year","Chinese","White/Black/Asian/Mixed/Chinese/All","E10000003","ONS geography code","Cambridgeshire","All","Boys/Girls/All","76","66","","Local Authority"
"Percentage achieving at least the expected standard in all ELGs","2019","Year","Mixed","White/Black/Asian/Mixed/Chinese/All","E10000003","ONS geography code","Cambridgeshire","Girls","Boys/Girls/All","79","201","","Local Authority"
"Percentage achieving at least the expected standard in all ELGs","2019","Year","Mixed","White/Black/Asian/Mixed/Chinese/All","E10000003","ONS geography code","Cambridgeshire","Boys","Boys/Girls/All","67","221","","Local Authority"
"Percentage achieving at least the expected standard in all ELGs","2019","Year","Mixed","White/Black/Asian/Mixed/Chinese/All","E10000003","ONS geography code","Cambridgeshire","All","Boys/Girls/All","72","422","","Local Authority"
"Percentage achieving at least the expected standard in all ELGs","2019","Year","White","White/Black/Asian/Mixed/Chinese/All","E10000003","ONS geography code","Cambridgeshire","Girls","Boys/Girls/All","78","2899","","Local Authority"
"Percentage achieving at least the expected standard in all ELGs","2019","Year","White","White/Black/Asian/Mixed/Chinese/All","E10000003","ONS geography code","Cambridgeshire","Boys","Boys/Girls/All","63","3023","","Local Authority"
"Percentage achieving at least the expected standard in all ELGs","2019","Year","White","White/Black/Asian/Mixed/Chinese/All","E10000003","ONS geography code","Cambridgeshire","All","Boys/Girls/All","70","5922","","Local Authority"
"Percentage achieving at least the expected standard in all ELGs","2019","Year","All","White/Black/Asian/Mixed/Chinese/All","E09000007","ONS geography code","Camden","Girls","Boys/Girls/All","80","773","","Local Authority"
"Percentage achieving at least the expected standard in all ELGs","2019","Year","All","White/Black/Asian/Mixed/Chinese/All","E09000007","ONS geography code","Camden","Boys","Boys/Girls/All","65","801","","Local Authority"
"Percentage achieving at least the expected standard in all ELGs","2019","Year","All","White/Black/Asian/Mixed/Chinese/All","E09000007","ONS geography code","Camden","All","Boys/Girls/All","72","1574","","Local Authority"
"Percentage achieving at least the expected standard in all ELGs","2019","Year","Asian","White/Black/Asian/Mixed/Chinese/All","E09000007","ONS geography code","Camden","Girls","Boys/Girls/All","80","118","","Local Authority"
"Percentage achieving at least the expected standard in all ELGs","2019","Year","Asian","White/Black/Asian/Mixed/Chinese/All","E09000007","ONS geography code","Camden","Boys","Boys/Girls/All","66","145","","Local Authority"
"Percentage achieving at least the expected standard in all ELGs","2019","Year","Asian","White/Black/Asian/Mixed/Chinese/All","E09000007","ONS geography code","Camden","All","Boys/Girls/All","72","263","","Local Authority"
"Percentage achieving at least the expected standard in all ELGs","2019","Year","Black","White/Black/Asian/Mixed/Chinese/All","E09000007","ONS geography code","Camden","Girls","Boys/Girls/All","76","107","","Local Authority"
"Percentage achieving at least the expected standard in all ELGs","2019","Year","Black","White/Black/Asian/Mixed/Chinese/All","E09000007","ONS geography code","Camden","Boys","Boys/Girls/All","62","108","","Local Authority"
"Percentage achieving at least the expected standard in all ELGs","2019","Year","Black","White/Black/Asian/Mixed/Chinese/All","E09000007","ONS geography code","Camden","All","Boys/Girls/All","69","215","","Local Authority"
"Percentage achieving at least the expected standard in all ELGs","2019","Year","Chinese","White/Black/Asian/Mixed/Chinese/All","E09000007","ONS geography code","Camden","Boys","Boys/Girls/All","?","2","","Local Authority"
"Percentage achieving at least the expected standard in all ELGs","2019","Year","Chinese","White/Black/Asian/Mixed/Chinese/All","E09000007","ONS geography code","Camden","Girls","Boys/Girls/All","86","7","","Local Authority"
"Percentage achieving at least the expected standard in all ELGs","2019","Year","Chinese","White/Black/Asian/Mixed/Chinese/All","E09000007","ONS geography code","Camden","All","Boys/Girls/All","78","9","","Local Authority"
"Percentage achieving at least the expected standard in all ELGs","2019","Year","Mixed","White/Black/Asian/Mixed/Chinese/All","E09000007","ONS geography code","Camden","Boys","Boys/Girls/All","70","90","","Local Authority"
"Percentage achieving at least the expected standard in all ELGs","2019","Year","Mixed","White/Black/Asian/Mixed/Chinese/All","E09000007","ONS geography code","Camden","Girls","Boys/Girls/All","85","92","","Local Authority"
"Percentage achieving at least the expected standard in all ELGs","2019","Year","Mixed","White/Black/Asian/Mixed/Chinese/All","E09000007","ONS geography code","Camden","All","Boys/Girls/All","77","182","","Local Authority"
"Percentage achieving at least the expected standard in all ELGs","2019","Year","White","White/Black/Asian/Mixed/Chinese/All","E09000007","ONS geography code","Camden","Girls","Boys/Girls/All","80","308","","Local Authority"
"Percentage achieving at least the expected standard in all ELGs","2019","Year","White","White/Black/Asian/Mixed/Chinese/All","E09000007","ONS geography code","Camden","Boys","Boys/Girls/All","66","321","","Local Authority"
"Percentage achieving at least the expected standard in all ELGs","2019","Year","White","White/Black/Asian/Mixed/Chinese/All","E09000007","ONS geography code","Camden","All","Boys/Girls/All","73","629","","Local Authority"
"Percentage achieving at least the expected standard in all ELGs","2019","Year","All","White/Black/Asian/Mixed/Chinese/All","E06000056","ONS geography code","Central Bedfordshire","Girls","Boys/Girls/All","79","1771","","Local Authority"
"Percentage achieving at least the expected standard in all ELGs","2019","Year","All","White/Black/Asian/Mixed/Chinese/All","E06000056","ONS geography code","Central Bedfordshire","Boys","Boys/Girls/All","65","1829","","Local Authority"
"Percentage achieving at least the expected standard in all ELGs","2019","Year","All","White/Black/Asian/Mixed/Chinese/All","E06000056","ONS geography code","Central Bedfordshire","All","Boys/Girls/All","72","3600","","Local Authority"
"Percentage achieving at least the expected standard in all ELGs","2019","Year","Asian","White/Black/Asian/Mixed/Chinese/All","E06000056","ONS geography code","Central Bedfordshire","Boys","Boys/Girls/All","65","52","","Local Authority"
"Percentage achieving at least the expected standard in all ELGs","2019","Year","Asian","White/Black/Asian/Mixed/Chinese/All","E06000056","ONS geography code","Central Bedfordshire","Girls","Boys/Girls/All","79","62","","Local Authority"
"Percentage achieving at least the expected standard in all ELGs","2019","Year","Asian","White/Black/Asian/Mixed/Chinese/All","E06000056","ONS geography code","Central Bedfordshire","All","Boys/Girls/All","73","114","","Local Authority"
"Percentage achieving at least the expected standard in all ELGs","2019","Year","Black","White/Black/Asian/Mixed/Chinese/All","E06000056","ONS geography code","Central Bedfordshire","Girls","Boys/Girls/All","70","33","","Local Authority"
"Percentage achieving at least the expected standard in all ELGs","2019","Year","Black","White/Black/Asian/Mixed/Chinese/All","E06000056","ONS geography code","Central Bedfordshire","Boys","Boys/Girls/All","49","39","","Local Authority"
"Percentage achieving at least the expected standard in all ELGs","2019","Year","Black","White/Black/Asian/Mixed/Chinese/All","E06000056","ONS geography code","Central Bedfordshire","All","Boys/Girls/All","58","72","","Local Authority"
"Percentage achieving at least the expected standard in all ELGs","2019","Year","Chinese","White/Black/Asian/Mixed/Chinese/All","E06000056","ONS geography code","Central Bedfordshire","Girls","Boys/Girls/All","100","5","","Local Authority"
"Percentage achieving at least the expected standard in all ELGs","2019","Year","Chinese","White/Black/Asian/Mixed/Chinese/All","E06000056","ONS geography code","Central Bedfordshire","Boys","Boys/Girls/All","89","9","","Local Authority"
"Percentage achieving at least the expected standard in all ELGs","2019","Year","Chinese","White/Black/Asian/Mixed/Chinese/All","E06000056","ONS geography code","Central Bedfordshire","All","Boys/Girls/All","93","14","","Local Authority"
"Percentage achieving at least the expected standard in all ELGs","2019","Year","Mixed","White/Black/Asian/Mixed/Chinese/All","E06000056","ONS geography code","Central Bedfordshire","Girls","Boys/Girls/All","81","117","","Local Authority"
"Percentage achieving at least the expected standard in all ELGs","2019","Year","Mixed","White/Black/Asian/Mixed/Chinese/All","E06000056","ONS geography code","Central Bedfordshire","Boys","Boys/Girls/All","55","124","","Local Authority"
"Percentage achieving at least the expected standard in all ELGs","2019","Year","Mixed","White/Black/Asian/Mixed/Chinese/All","E06000056","ONS geography code","Central Bedfordshire","All","Boys/Girls/All","68","241","","Local Authority"
"Percentage achieving at least the expected standard in all ELGs","2019","Year","White","White/Black/Asian/Mixed/Chinese/All","E06000056","ONS geography code","Central Bedfordshire","Girls","Boys/Girls/All","79","1510","","Local Authority"
"Percentage achieving at least the expected standard in all ELGs","2019","Year","White","White/Black/Asian/Mixed/Chinese/All","E06000056","ONS geography code","Central Bedfordshire","Boys","Boys/Girls/All","66","1554","","Local Authority"
"Percentage achieving at least the expected standard in all ELGs","2019","Year","White","White/Black/Asian/Mixed/Chinese/All","E06000056","ONS geography code","Central Bedfordshire","All","Boys/Girls/All","72","3064","","Local Authority"
"Percentage achieving at least the expected standard in all ELGs","2019","Year","All","White/Black/Asian/Mixed/Chinese/All","E06000049","ONS geography code","Cheshire East","Girls","Boys/Girls/All","78","1953","","Local Authority"
"Percentage achieving at least the expected standard in all ELGs","2019","Year","All","White/Black/Asian/Mixed/Chinese/All","E06000049","ONS geography code","Cheshire East","Boys","Boys/Girls/All","65","2114","","Local Authority"
"Percentage achieving at least the expected standard in all ELGs","2019","Year","All","White/Black/Asian/Mixed/Chinese/All","E06000049","ONS geography code","Cheshire East","All","Boys/Girls/All","71","4067","","Local Authority"
"Percentage achieving at least the expected standard in all ELGs","2019","Year","Asian","White/Black/Asian/Mixed/Chinese/All","E06000049","ONS geography code","Cheshire East","Boys","Boys/Girls/All","64","36","","Local Authority"
"Percentage achieving at least the expected standard in all ELGs","2019","Year","Asian","White/Black/Asian/Mixed/Chinese/All","E06000049","ONS geography code","Cheshire East","Girls","Boys/Girls/All","81","37","","Local Authority"
"Percentage achieving at least the expected standard in all ELGs","2019","Year","Asian","White/Black/Asian/Mixed/Chinese/All","E06000049","ONS geography code","Cheshire East","All","Boys/Girls/All","73","73","","Local Authority"
"Percentage achieving at least the expected standard in all ELGs","2019","Year","Black","White/Black/Asian/Mixed/Chinese/All","E06000049","ONS geography code","Cheshire East","Girls","Boys/Girls/All","69","13","","Local Authority"
"Percentage achieving at least the expected standard in all ELGs","2019","Year","Black","White/Black/Asian/Mixed/Chinese/All","E06000049","ONS geography code","Cheshire East","Boys","Boys/Girls/All","47","15","","Local Authority"
"Percentage achieving at least the expected standard in all ELGs","2019","Year","Black","White/Black/Asian/Mixed/Chinese/All","E06000049","ONS geography code","Cheshire East","All","Boys/Girls/All","57","28","","Local Authority"
"Percentage achieving at least the expected standard in all ELGs","2019","Year","Chinese","White/Black/Asian/Mixed/Chinese/All","E06000049","ONS geography code","Cheshire East","Girls","Boys/Girls/All","?","3","","Local Authority"
"Percentage achieving at least the expected standard in all ELGs","2019","Year","Chinese","White/Black/Asian/Mixed/Chinese/All","E06000049","ONS geography code","Cheshire East","Boys","Boys/Girls/All","60","5","","Local Authority"
"Percentage achieving at least the expected standard in all ELGs","2019","Year","Chinese","White/Black/Asian/Mixed/Chinese/All","E06000049","ONS geography code","Cheshire East","All","Boys/Girls/All","63","8","","Local Authority"
"Percentage achieving at least the expected standard in all ELGs","2019","Year","Mixed","White/Black/Asian/Mixed/Chinese/All","E06000049","ONS geography code","Cheshire East","Girls","Boys/Girls/All","69","77","","Local Authority"
"Percentage achieving at least the expected standard in all ELGs","2019","Year","Mixed","White/Black/Asian/Mixed/Chinese/All","E06000049","ONS geography code","Cheshire East","Boys","Boys/Girls/All","68","78","","Local Authority"
"Percentage achieving at least the expected standard in all ELGs","2019","Year","Mixed","White/Black/Asian/Mixed/Chinese/All","E06000049","ONS geography code","Cheshire East","All","Boys/Girls/All","68","155","","Local Authority"
"Percentage achieving at least the expected standard in all ELGs","2019","Year","White","White/Black/Asian/Mixed/Chinese/All","E06000049","ONS geography code","Cheshire East","Girls","Boys/Girls/All","79","1772","","Local Authority"
"Percentage achieving at least the expected standard in all ELGs","2019","Year","White","White/Black/Asian/Mixed/Chinese/All","E06000049","ONS geography code","Cheshire East","Boys","Boys/Girls/All","66","1935","","Local Authority"
"Percentage achieving at least the expected standard in all ELGs","2019","Year","White","White/Black/Asian/Mixed/Chinese/All","E06000049","ONS geography code","Cheshire East","All","Boys/Girls/All","72","3707","","Local Authority"
"Percentage achieving at least the expected standard in all ELGs","2019","Year","All","White/Black/Asian/Mixed/Chinese/All","E06000050","ONS geography code","Cheshire West and Chester","Girls","Boys/Girls/All","78","1897","","Local Authority"
"Percentage achieving at least the expected standard in all ELGs","2019","Year","All","White/Black/Asian/Mixed/Chinese/All","E06000050","ONS geography code","Cheshire West and Chester","Boys","Boys/Girls/All","64","1960","","Local Authority"
"Percentage achieving at least the expected standard in all ELGs","2019","Year","All","White/Black/Asian/Mixed/Chinese/All","E06000050","ONS geography code","Cheshire West and Chester","All","Boys/Girls/All","71","3857","","Local Authority"
"Percentage achieving at least the expected standard in all ELGs","2019","Year","Asian","White/Black/Asian/Mixed/Chinese/All","E06000050","ONS geography code","Cheshire West and Chester","Girls","Boys/Girls/All","81","31","","Local Authority"
"Percentage achieving at least the expected standard in all ELGs","2019","Year","Asian","White/Black/Asian/Mixed/Chinese/All","E06000050","ONS geography code","Cheshire West and Chester","Boys","Boys/Girls/All","69","39","","Local Authority"
"Percentage achieving at least the expected standard in all ELGs","2019","Year","Asian","White/Black/Asian/Mixed/Chinese/All","E06000050","ONS geography code","Cheshire West and Chester","All","Boys/Girls/All","74","70","","Local Authority"
"Percentage achieving at least the expected standard in all ELGs","2019","Year","Black","White/Black/Asian/Mixed/Chinese/All","E06000050","ONS geography code","Cheshire West and Chester","Girls","Boys/Girls/All","75","8","","Local Authority"
"Percentage achieving at least the expected standard in all ELGs","2019","Year","Black","White/Black/Asian/Mixed/Chinese/All","E06000050","ONS geography code","Cheshire West and Chester","Boys","Boys/Girls/All","46","13","","Local Authority"
"Percentage achieving at least the expected standard in all ELGs","2019","Year","Black","White/Black/Asian/Mixed/Chinese/All","E06000050","ONS geography code","Cheshire West and Chester","All","Boys/Girls/All","57","21","","Local Authority"
"Percentage achieving at least the expected standard in all ELGs","2019","Year","Chinese","White/Black/Asian/Mixed/Chinese/All","E06000050","ONS geography code","Cheshire West and Chester","Girls","Boys/Girls/All","?","2","","Local Authority"
"Percentage achieving at least the expected standard in all ELGs","2019","Year","Chinese","White/Black/Asian/Mixed/Chinese/All","E06000050","ONS geography code","Cheshire West and Chester","Boys","Boys/Girls/All","20","5","","Local Authority"
"Percentage achieving at least the expected standard in all ELGs","2019","Year","Chinese","White/Black/Asian/Mixed/Chinese/All","E06000050","ONS geography code","Cheshire West and Chester","All","Boys/Girls/All","43","7","","Local Authority"
"Percentage achieving at least the expected standard in all ELGs","2019","Year","Mixed","White/Black/Asian/Mixed/Chinese/All","E06000050","ONS geography code","Cheshire West and Chester","Girls","Boys/Girls/All","76","59","","Local Authority"
"Percentage achieving at least the expected standard in all ELGs","2019","Year","Mixed","White/Black/Asian/Mixed/Chinese/All","E06000050","ONS geography code","Cheshire West and Chester","Boys","Boys/Girls/All","64","73","","Local Authority"
"Percentage achieving at least the expected standard in all ELGs","2019","Year","Mixed","White/Black/Asian/Mixed/Chinese/All","E06000050","ONS geography code","Cheshire West and Chester","All","Boys/Girls/All","70","132","","Local Authority"
"Percentage achieving at least the expected standard in all ELGs","2019","Year","White","White/Black/Asian/Mixed/Chinese/All","E06000050","ONS geography code","Cheshire West and Chester","Girls","Boys/Girls/All","78","1726","","Local Authority"
"Percentage achieving at least the expected standard in all ELGs","2019","Year","White","White/Black/Asian/Mixed/Chinese/All","E06000050","ONS geography code","Cheshire West and Chester","Boys","Boys/Girls/All","64","1769","","Local Authority"
"Percentage achieving at least the expected standard in all ELGs","2019","Year","White","White/Black/Asian/Mixed/Chinese/All","E06000050","ONS geography code","Cheshire West and Chester","All","Boys/Girls/All","71","3495","","Local Authority"
"Percentage achieving at least the expected standard in all ELGs","2019","Year","All","White/Black/Asian/Mixed/Chinese/All","E09000001","ONS geography code","City of London","Girls","Boys/Girls/All","95","20","","Local Authority"
"Percentage achieving at least the expected standard in all ELGs","2019","Year","All","White/Black/Asian/Mixed/Chinese/All","E09000001","ONS geography code","City of London","Boys","Boys/Girls/All","78","27","","Local Authority"
"Percentage achieving at least the expected standard in all ELGs","2019","Year","All","White/Black/Asian/Mixed/Chinese/All","E09000001","ONS geography code","City of London","All","Boys/Girls/All","85","47","","Local Authority"
"Percentage achieving at least the expected standard in all ELGs","2019","Year","Asian","White/Black/Asian/Mixed/Chinese/All","E09000001","ONS geography code","City of London","Girls","Boys/Girls/All","100","5","","Local Authority"
"Percentage achieving at least the expected standard in all ELGs","2019","Year","Asian","White/Black/Asian/Mixed/Chinese/All","E09000001","ONS geography code","City of London","Boys","Boys/Girls/All","78","9","","Local Authority"
"Percentage achieving at least the expected standard in all ELGs","2019","Year","Asian","White/Black/Asian/Mixed/Chinese/All","E09000001","ONS geography code","City of London","All","Boys/Girls/All","86","14","","Local Authority"
"Percentage achieving at least the expected standard in all ELGs","2019","Year","Black","White/Black/Asian/Mixed/Chinese/All","E09000001","ONS geography code","City of London","All","Boys/Girls/All","N/A","0","","Local Authority"
"Percentage achieving at least the expected standard in all ELGs","2019","Year","Black","White/Black/Asian/Mixed/Chinese/All","E09000001","ONS geography code","City of London","Girls","Boys/Girls/All","N/A","0","","Local Authority"
"Percentage achieving at least the expected standard in all ELGs","2019","Year","Black","White/Black/Asian/Mixed/Chinese/All","E09000001","ONS geography code","City of London","Boys","Boys/Girls/All","N/A","0","","Local Authority"
"Percentage achieving at least the expected standard in all ELGs","2019","Year","Chinese","White/Black/Asian/Mixed/Chinese/All","E09000001","ONS geography code","City of London","All","Boys/Girls/All","N/A","0","","Local Authority"
"Percentage achieving at least the expected standard in all ELGs","2019","Year","Chinese","White/Black/Asian/Mixed/Chinese/All","E09000001","ONS geography code","City of London","Girls","Boys/Girls/All","N/A","0","","Local Authority"
"Percentage achieving at least the expected standard in all ELGs","2019","Year","Chinese","White/Black/Asian/Mixed/Chinese/All","E09000001","ONS geography code","City of London","Boys","Boys/Girls/All","N/A","0","","Local Authority"
"Percentage achieving at least the expected standard in all ELGs","2019","Year","Mixed","White/Black/Asian/Mixed/Chinese/All","E09000001","ONS geography code","City of London","Girls","Boys/Girls/All","?","1","","Local Authority"
"Percentage achieving at least the expected standard in all ELGs","2019","Year","Mixed","White/Black/Asian/Mixed/Chinese/All","E09000001","ONS geography code","City of London","Boys","Boys/Girls/All","?","2","","Local Authority"
"Percentage achieving at least the expected standard in all ELGs","2019","Year","Mixed","White/Black/Asian/Mixed/Chinese/All","E09000001","ONS geography code","City of London","All","Boys/Girls/All","?","3","","Local Authority"
"Percentage achieving at least the expected standard in all ELGs","2019","Year","White","White/Black/Asian/Mixed/Chinese/All","E09000001","ONS geography code","City of London","Girls","Boys/Girls/All","100","5","","Local Authority"
"Percentage achieving at least the expected standard in all ELGs","2019","Year","White","White/Black/Asian/Mixed/Chinese/All","E09000001","ONS geography code","City of London","Boys","Boys/Girls/All","83","6","","Local Authority"
"Percentage achieving at least the expected standard in all ELGs","2019","Year","White","White/Black/Asian/Mixed/Chinese/All","E09000001","ONS geography code","City of London","All","Boys/Girls/All","91","11","","Local Authority"
"Percentage achieving at least the expected standard in all ELGs","2019","Year","All","White/Black/Asian/Mixed/Chinese/All","E06000052","ONS geography code","Cornwall","Girls","Boys/Girls/All","77","2825","","Local Authority"
"Percentage achieving at least the expected standard in all ELGs","2019","Year","All","White/Black/Asian/Mixed/Chinese/All","E06000052","ONS geography code","Cornwall","Boys","Boys/Girls/All","61","2890","","Local Authority"
"Percentage achieving at least the expected standard in all ELGs","2019","Year","All","White/Black/Asian/Mixed/Chinese/All","E06000052","ONS geography code","Cornwall","All","Boys/Girls/All","69","5715","","Local Authority"
"Percentage achieving at least the expected standard in all ELGs","2019","Year","Asian","White/Black/Asian/Mixed/Chinese/All","E06000052","ONS geography code","Cornwall","Boys","Boys/Girls/All","36","11","","Local Authority"
"Percentage achieving at least the expected standard in all ELGs","2019","Year","Asian","White/Black/Asian/Mixed/Chinese/All","E06000052","ONS geography code","Cornwall","Girls","Boys/Girls/All","73","15","","Local Authority"
"Percentage achieving at least the expected standard in all ELGs","2019","Year","Asian","White/Black/Asian/Mixed/Chinese/All","E06000052","ONS geography code","Cornwall","All","Boys/Girls/All","58","26","","Local Authority"
"Percentage achieving at least the expected standard in all ELGs","2019","Year","Black","White/Black/Asian/Mixed/Chinese/All","E06000052","ONS geography code","Cornwall","Boys","Boys/Girls/All","?","3","","Local Authority"
"Percentage achieving at least the expected standard in all ELGs","2019","Year","Black","White/Black/Asian/Mixed/Chinese/All","E06000052","ONS geography code","Cornwall","Girls","Boys/Girls/All","100","5","","Local Authority"
"Percentage achieving at least the expected standard in all ELGs","2019","Year","Black","White/Black/Asian/Mixed/Chinese/All","E06000052","ONS geography code","Cornwall","All","Boys/Girls/All","100","8","","Local Authority"
"Percentage achieving at least the expected standard in all ELGs","2019","Year","Chinese","White/Black/Asian/Mixed/Chinese/All","E06000052","ONS geography code","Cornwall","Girls","Boys/Girls/All","60","5","","Local Authority"
"Percentage achieving at least the expected standard in all ELGs","2019","Year","Chinese","White/Black/Asian/Mixed/Chinese/All","E06000052","ONS geography code","Cornwall","Boys","Boys/Girls/All","67","6","","Local Authority"
"Percentage achieving at least the expected standard in all ELGs","2019","Year","Chinese","White/Black/Asian/Mixed/Chinese/All","E06000052","ONS geography code","Cornwall","All","Boys/Girls/All","64","11","","Local Authority"
"Percentage achieving at least the expected standard in all ELGs","2019","Year","Mixed","White/Black/Asian/Mixed/Chinese/All","E06000052","ONS geography code","Cornwall","Boys","Boys/Girls/All","75","73","","Local Authority"
"Percentage achieving at least the expected standard in all ELGs","2019","Year","Mixed","White/Black/Asian/Mixed/Chinese/All","E06000052","ONS geography code","Cornwall","Girls","Boys/Girls/All","83","75","","Local Authority"
"Percentage achieving at least the expected standard in all ELGs","2019","Year","Mixed","White/Black/Asian/Mixed/Chinese/All","E06000052","ONS geography code","Cornwall","All","Boys/Girls/All","79","148","","Local Authority"
"Percentage achieving at least the expected standard in all ELGs","2019","Year","White","White/Black/Asian/Mixed/Chinese/All","E06000052","ONS geography code","Cornwall","Girls","Boys/Girls/All","77","2635","","Local Authority"
"Percentage achieving at least the expected standard in all ELGs","2019","Year","White","White/Black/Asian/Mixed/Chinese/All","E06000052","ONS geography code","Cornwall","Boys","Boys/Girls/All","61","2688","","Local Authority"
"Percentage achieving at least the expected standard in all ELGs","2019","Year","White","White/Black/Asian/Mixed/Chinese/All","E06000052","ONS geography code","Cornwall","All","Boys/Girls/All","69","5323","","Local Authority"
"Percentage achieving at least the expected standard in all ELGs","2019","Year","All","White/Black/Asian/Mixed/Chinese/All","E08000026","ONS geography code","Coventry","Girls","Boys/Girls/All","74","2128","","Local Authority"
"Percentage achieving at least the expected standard in all ELGs","2019","Year","All","White/Black/Asian/Mixed/Chinese/All","E08000026","ONS geography code","Coventry","Boys","Boys/Girls/All","63","2226","","Local Authority"
"Percentage achieving at least the expected standard in all ELGs","2019","Year","All","White/Black/Asian/Mixed/Chinese/All","E08000026","ONS geography code","Coventry","All","Boys/Girls/All","69","4354","","Local Authority"
"Percentage achieving at least the expected standard in all ELGs","2019","Year","Asian","White/Black/Asian/Mixed/Chinese/All","E08000026","ONS geography code","Coventry","Girls","Boys/Girls/All","78","402","","Local Authority"
"Percentage achieving at least the expected standard in all ELGs","2019","Year","Asian","White/Black/Asian/Mixed/Chinese/All","E08000026","ONS geography code","Coventry","Boys","Boys/Girls/All","65","451","","Local Authority"
"Percentage achieving at least the expected standard in all ELGs","2019","Year","Asian","White/Black/Asian/Mixed/Chinese/All","E08000026","ONS geography code","Coventry","All","Boys/Girls/All","71","853","","Local Authority"
"Percentage achieving at least the expected standard in all ELGs","2019","Year","Black","White/Black/Asian/Mixed/Chinese/All","E08000026","ONS geography code","Coventry","Girls","Boys/Girls/All","76","237","","Local Authority"
"Percentage achieving at least the expected standard in all ELGs","2019","Year","Black","White/Black/Asian/Mixed/Chinese/All","E08000026","ONS geography code","Coventry","Boys","Boys/Girls/All","63","259","","Local Authority"
"Percentage achieving at least the expected standard in all ELGs","2019","Year","Black","White/Black/Asian/Mixed/Chinese/All","E08000026","ONS geography code","Coventry","All","Boys/Girls/All","69","496","","Local Authority"
"Percentage achieving at least the expected standard in all ELGs","2019","Year","Chinese","White/Black/Asian/Mixed/Chinese/All","E08000026","ONS geography code","Coventry","Boys","Boys/Girls/All","75","8","","Local Authority"
"Percentage achieving at least the expected standard in all ELGs","2019","Year","Chinese","White/Black/Asian/Mixed/Chinese/All","E08000026","ONS geography code","Coventry","Girls","Boys/Girls/All","91","11","","Local Authority"
"Percentage achieving at least the expected standard in all ELGs","2019","Year","Chinese","White/Black/Asian/Mixed/Chinese/All","E08000026","ONS geography code","Coventry","All","Boys/Girls/All","84","19","","Local Authority"
"Percentage achieving at least the expected standard in all ELGs","2019","Year","Mixed","White/Black/Asian/Mixed/Chinese/All","E08000026","ONS geography code","Coventry","Girls","Boys/Girls/All","71","165","","Local Authority"
"Percentage achieving at least the expected standard in all ELGs","2019","Year","Mixed","White/Black/Asian/Mixed/Chinese/All","E08000026","ONS geography code","Coventry","Boys","Boys/Girls/All","67","174","","Local Authority"
"Percentage achieving at least the expected standard in all ELGs","2019","Year","Mixed","White/Black/Asian/Mixed/Chinese/All","E08000026","ONS geography code","Coventry","All","Boys/Girls/All","69","339","","Local Authority"
"Percentage achieving at least the expected standard in all ELGs","2019","Year","White","White/Black/Asian/Mixed/Chinese/All","E08000026","ONS geography code","Coventry","Girls","Boys/Girls/All","74","1214","","Local Authority"
"Percentage achieving at least the expected standard in all ELGs","2019","Year","White","White/Black/Asian/Mixed/Chinese/All","E08000026","ONS geography code","Coventry","Boys","Boys/Girls/All","63","1246","","Local Authority"
"Percentage achieving at least the expected standard in all ELGs","2019","Year","White","White/Black/Asian/Mixed/Chinese/All","E08000026","ONS geography code","Coventry","All","Boys/Girls/All","68","2460","","Local Authority"
"Percentage achieving at least the expected standard in all ELGs","2019","Year","All","White/Black/Asian/Mixed/Chinese/All","E09000008","ONS geography code","Croydon","Girls","Boys/Girls/All","79","2325","","Local Authority"
"Percentage achieving at least the expected standard in all ELGs","2019","Year","All","White/Black/Asian/Mixed/Chinese/All","E09000008","ONS geography code","Croydon","Boys","Boys/Girls/All","68","2371","","Local Authority"
"Percentage achieving at least the expected standard in all ELGs","2019","Year","All","White/Black/Asian/Mixed/Chinese/All","E09000008","ONS geography code","Croydon","All","Boys/Girls/All","73","4696","","Local Authority"
"Percentage achieving at least the expected standard in all ELGs","2019","Year","Asian","White/Black/Asian/Mixed/Chinese/All","E09000008","ONS geography code","Croydon","Boys","Boys/Girls/All","69","377","","Local Authority"
"Percentage achieving at least the expected standard in all ELGs","2019","Year","Asian","White/Black/Asian/Mixed/Chinese/All","E09000008","ONS geography code","Croydon","Girls","Boys/Girls/All","79","380","","Local Authority"
"Percentage achieving at least the expected standard in all ELGs","2019","Year","Asian","White/Black/Asian/Mixed/Chinese/All","E09000008","ONS geography code","Croydon","All","Boys/Girls/All","74","757","","Local Authority"
"Percentage achieving at least the expected standard in all ELGs","2019","Year","Black","White/Black/Asian/Mixed/Chinese/All","E09000008","ONS geography code","Croydon","Boys","Boys/Girls/All","64","556","","Local Authority"
"Percentage achieving at least the expected standard in all ELGs","2019","Year","Black","White/Black/Asian/Mixed/Chinese/All","E09000008","ONS geography code","Croydon","Girls","Boys/Girls/All","79","561","","Local Authority"
"Percentage achieving at least the expected standard in all ELGs","2019","Year","Black","White/Black/Asian/Mixed/Chinese/All","E09000008","ONS geography code","Croydon","All","Boys/Girls/All","71","1117","","Local Authority"
"Percentage achieving at least the expected standard in all ELGs","2019","Year","Chinese","White/Black/Asian/Mixed/Chinese/All","E09000008","ONS geography code","Croydon","Girls","Boys/Girls/All","100","10","","Local Authority"
"Percentage achieving at least the expected standard in all ELGs","2019","Year","Chinese","White/Black/Asian/Mixed/Chinese/All","E09000008","ONS geography code","Croydon","Boys","Boys/Girls/All","100","11","","Local Authority"
"Percentage achieving at least the expected standard in all ELGs","2019","Year","Chinese","White/Black/Asian/Mixed/Chinese/All","E09000008","ONS geography code","Croydon","All","Boys/Girls/All","100","21","","Local Authority"
"Percentage achieving at least the expected standard in all ELGs","2019","Year","Mixed","White/Black/Asian/Mixed/Chinese/All","E09000008","ONS geography code","Croydon","Girls","Boys/Girls/All","82","362","","Local Authority"
"Percentage achieving at least the expected standard in all ELGs","2019","Year","Mixed","White/Black/Asian/Mixed/Chinese/All","E09000008","ONS geography code","Croydon","Boys","Boys/Girls/All","71","393","","Local Authority"
"Percentage achieving at least the expected standard in all ELGs","2019","Year","Mixed","White/Black/Asian/Mixed/Chinese/All","E09000008","ONS geography code","Croydon","All","Boys/Girls/All","76","755","","Local Authority"
"Percentage achieving at least the expected standard in all ELGs","2019","Year","White","White/Black/Asian/Mixed/Chinese/All","E09000008","ONS geography code","Croydon","Girls","Boys/Girls/All","79","859","","Local Authority"
"Percentage achieving at least the expected standard in all ELGs","2019","Year","White","White/Black/Asian/Mixed/Chinese/All","E09000008","ONS geography code","Croydon","Boys","Boys/Girls/All","70","866","","Local Authority"
"Percentage achieving at least the expected standard in all ELGs","2019","Year","White","White/Black/Asian/Mixed/Chinese/All","E09000008","ONS geography code","Croydon","All","Boys/Girls/All","74","1725","","Local Authority"
"Percentage achieving at least the expected standard in all ELGs","2019","Year","All","White/Black/Asian/Mixed/Chinese/All","E10000006","ONS geography code","Cumbria","Girls","Boys/Girls/All","77","2399","","Local Authority"
"Percentage achieving at least the expected standard in all ELGs","2019","Year","All","White/Black/Asian/Mixed/Chinese/All","E10000006","ONS geography code","Cumbria","Boys","Boys/Girls/All","62","2492","","Local Authority"
"Percentage achieving at least the expected standard in all ELGs","2019","Year","All","White/Black/Asian/Mixed/Chinese/All","E10000006","ONS geography code","Cumbria","All","Boys/Girls/All","70","4891","","Local Authority"
"Percentage achieving at least the expected standard in all ELGs","2019","Year","Asian","White/Black/Asian/Mixed/Chinese/All","E10000006","ONS geography code","Cumbria","Boys","Boys/Girls/All","60","10","","Local Authority"
"Percentage achieving at least the expected standard in all ELGs","2019","Year","Asian","White/Black/Asian/Mixed/Chinese/All","E10000006","ONS geography code","Cumbria","Girls","Boys/Girls/All","53","19","","Local Authority"
"Percentage achieving at least the expected standard in all ELGs","2019","Year","Asian","White/Black/Asian/Mixed/Chinese/All","E10000006","ONS geography code","Cumbria","All","Boys/Girls/All","55","29","","Local Authority"
"Percentage achieving at least the expected standard in all ELGs","2019","Year","Black","White/Black/Asian/Mixed/Chinese/All","E10000006","ONS geography code","Cumbria","Girls","Boys/Girls/All","?","1","","Local Authority"
"Percentage achieving at least the expected standard in all ELGs","2019","Year","Black","White/Black/Asian/Mixed/Chinese/All","E10000006","ONS geography code","Cumbria","Boys","Boys/Girls/All","67","6","","Local Authority"
"Percentage achieving at least the expected standard in all ELGs","2019","Year","Black","White/Black/Asian/Mixed/Chinese/All","E10000006","ONS geography code","Cumbria","All","Boys/Girls/All","71","7","","Local Authority"
"Percentage achieving at least the expected standard in all ELGs","2019","Year","Chinese","White/Black/Asian/Mixed/Chinese/All","E10000006","ONS geography code","Cumbria","Girls","Boys/Girls/All","?","1","","Local Authority"
"Percentage achieving at least the expected standard in all ELGs","2019","Year","Chinese","White/Black/Asian/Mixed/Chinese/All","E10000006","ONS geography code","Cumbria","Boys","Boys/Girls/All","67","6","","Local Authority"
"Percentage achieving at least the expected standard in all ELGs","2019","Year","Chinese","White/Black/Asian/Mixed/Chinese/All","E10000006","ONS geography code","Cumbria","All","Boys/Girls/All","71","7","","Local Authority"
"Percentage achieving at least the expected standard in all ELGs","2019","Year","Mixed","White/Black/Asian/Mixed/Chinese/All","E10000006","ONS geography code","Cumbria","Girls","Boys/Girls/All","63","32","","Local Authority"
"Percentage achieving at least the expected standard in all ELGs","2019","Year","Mixed","White/Black/Asian/Mixed/Chinese/All","E10000006","ONS geography code","Cumbria","Boys","Boys/Girls/All","69","36","","Local Authority"
"Percentage achieving at least the expected standard in all ELGs","2019","Year","Mixed","White/Black/Asian/Mixed/Chinese/All","E10000006","ONS geography code","Cumbria","All","Boys/Girls/All","66","68","","Local Authority"
"Percentage achieving at least the expected standard in all ELGs","2019","Year","White","White/Black/Asian/Mixed/Chinese/All","E10000006","ONS geography code","Cumbria","Girls","Boys/Girls/All","78","2264","","Local Authority"
"Percentage achieving at least the expected standard in all ELGs","2019","Year","White","White/Black/Asian/Mixed/Chinese/All","E10000006","ONS geography code","Cumbria","Boys","Boys/Girls/All","62","2354","","Local Authority"
"Percentage achieving at least the expected standard in all ELGs","2019","Year","White","White/Black/Asian/Mixed/Chinese/All","E10000006","ONS geography code","Cumbria","All","Boys/Girls/All","70","4618","","Local Authority"
"Percentage achieving at least the expected standard in all ELGs","2019","Year","All","White/Black/Asian/Mixed/Chinese/All","E06000005","ONS geography code","Darlington","Girls","Boys/Girls/All","77","571","","Local Authority"
"Percentage achieving at least the expected standard in all ELGs","2019","Year","All","White/Black/Asian/Mixed/Chinese/All","E06000005","ONS geography code","Darlington","Boys","Boys/Girls/All","64","627","","Local Authority"
"Percentage achieving at least the expected standard in all ELGs","2019","Year","All","White/Black/Asian/Mixed/Chinese/All","E06000005","ONS geography code","Darlington","All","Boys/Girls/All","70","1198","","Local Authority"
"Percentage achieving at least the expected standard in all ELGs","2019","Year","Asian","White/Black/Asian/Mixed/Chinese/All","E06000005","ONS geography code","Darlington","Boys","Boys/Girls/All","48","25","","Local Authority"
"Percentage achieving at least the expected standard in all ELGs","2019","Year","Asian","White/Black/Asian/Mixed/Chinese/All","E06000005","ONS geography code","Darlington","Girls","Boys/Girls/All","78","27","","Local Authority"
"Percentage achieving at least the expected standard in all ELGs","2019","Year","Asian","White/Black/Asian/Mixed/Chinese/All","E06000005","ONS geography code","Darlington","All","Boys/Girls/All","63","52","","Local Authority"
"Percentage achieving at least the expected standard in all ELGs","2019","Year","Black","White/Black/Asian/Mixed/Chinese/All","E06000005","ONS geography code","Darlington","Boys","Boys/Girls/All","?","4","","Local Authority"
"Percentage achieving at least the expected standard in all ELGs","2019","Year","Black","White/Black/Asian/Mixed/Chinese/All","E06000005","ONS geography code","Darlington","Girls","Boys/Girls/All","100","5","","Local Authority"
"Percentage achieving at least the expected standard in all ELGs","2019","Year","Black","White/Black/Asian/Mixed/Chinese/All","E06000005","ONS geography code","Darlington","All","Boys/Girls/All","89","9","","Local Authority"
"Percentage achieving at least the expected standard in all ELGs","2019","Year","Chinese","White/Black/Asian/Mixed/Chinese/All","E06000005","ONS geography code","Darlington","Boys","Boys/Girls/All","N/A","0","","Local Authority"
"Percentage achieving at least the expected standard in all ELGs","2019","Year","Chinese","White/Black/Asian/Mixed/Chinese/All","E06000005","ONS geography code","Darlington","All","Boys/Girls/All","?","2","","Local Authority"
"Percentage achieving at least the expected standard in all ELGs","2019","Year","Chinese","White/Black/Asian/Mixed/Chinese/All","E06000005","ONS geography code","Darlington","Girls","Boys/Girls/All","?","2","","Local Authority"
"Percentage achieving at least the expected standard in all ELGs","2019","Year","Mixed","White/Black/Asian/Mixed/Chinese/All","E06000005","ONS geography code","Darlington","Girls","Boys/Girls/All","67","12","","Local Authority"
"Percentage achieving at least the expected standard in all ELGs","2019","Year","Mixed","White/Black/Asian/Mixed/Chinese/All","E06000005","ONS geography code","Darlington","Boys","Boys/Girls/All","57","21","","Local Authority"
"Percentage achieving at least the expected standard in all ELGs","2019","Year","Mixed","White/Black/Asian/Mixed/Chinese/All","E06000005","ONS geography code","Darlington","All","Boys/Girls/All","61","33","","Local Authority"
"Percentage achieving at least the expected standard in all ELGs","2019","Year","White","White/Black/Asian/Mixed/Chinese/All","E06000005","ONS geography code","Darlington","Girls","Boys/Girls/All","77","506","","Local Authority"
"Percentage achieving at least the expected standard in all ELGs","2019","Year","White","White/Black/Asian/Mixed/Chinese/All","E06000005","ONS geography code","Darlington","Boys","Boys/Girls/All","65","558","","Local Authority"
"Percentage achieving at least the expected standard in all ELGs","2019","Year","White","White/Black/Asian/Mixed/Chinese/All","E06000005","ONS geography code","Darlington","All","Boys/Girls/All","71","1064","","Local Authority"
"Percentage achieving at least the expected standard in all ELGs","2019","Year","All","White/Black/Asian/Mixed/Chinese/All","E06000015","ONS geography code","Derby","Girls","Boys/Girls/All","77","1625","","Local Authority"
"Percentage achieving at least the expected standard in all ELGs","2019","Year","All","White/Black/Asian/Mixed/Chinese/All","E06000015","ONS geography code","Derby","Boys","Boys/Girls/All","62","1634","","Local Authority"
"Percentage achieving at least the expected standard in all ELGs","2019","Year","All","White/Black/Asian/Mixed/Chinese/All","E06000015","ONS geography code","Derby","All","Boys/Girls/All","70","3259","","Local Authority"
"Percentage achieving at least the expected standard in all ELGs","2019","Year","Asian","White/Black/Asian/Mixed/Chinese/All","E06000015","ONS geography code","Derby","Boys","Boys/Girls/All","67","298","","Local Authority"
"Percentage achieving at least the expected standard in all ELGs","2019","Year","Asian","White/Black/Asian/Mixed/Chinese/All","E06000015","ONS geography code","Derby","Girls","Boys/Girls/All","80","322","","Local Authority"
"Percentage achieving at least the expected standard in all ELGs","2019","Year","Asian","White/Black/Asian/Mixed/Chinese/All","E06000015","ONS geography code","Derby","All","Boys/Girls/All","74","620","","Local Authority"
"Percentage achieving at least the expected standard in all ELGs","2019","Year","Black","White/Black/Asian/Mixed/Chinese/All","E06000015","ONS geography code","Derby","Boys","Boys/Girls/All","59","51","","Local Authority"
"Percentage achieving at least the expected standard in all ELGs","2019","Year","Black","White/Black/Asian/Mixed/Chinese/All","E06000015","ONS geography code","Derby","Girls","Boys/Girls/All","77","53","","Local Authority"
"Percentage achieving at least the expected standard in all ELGs","2019","Year","Black","White/Black/Asian/Mixed/Chinese/All","E06000015","ONS geography code","Derby","All","Boys/Girls/All","68","104","","Local Authority"
"Percentage achieving at least the expected standard in all ELGs","2019","Year","Chinese","White/Black/Asian/Mixed/Chinese/All","E06000015","ONS geography code","Derby","Girls","Boys/Girls/All","50","6","","Local Authority"
"Percentage achieving at least the expected standard in all ELGs","2019","Year","Chinese","White/Black/Asian/Mixed/Chinese/All","E06000015","ONS geography code","Derby","Boys","Boys/Girls/All","89","9","","Local Authority"
"Percentage achieving at least the expected standard in all ELGs","2019","Year","Chinese","White/Black/Asian/Mixed/Chinese/All","E06000015","ONS geography code","Derby","All","Boys/Girls/All","73","15","","Local Authority"
"Percentage achieving at least the expected standard in all ELGs","2019","Year","Mixed","White/Black/Asian/Mixed/Chinese/All","E06000015","ONS geography code","Derby","Boys","Boys/Girls/All","63","123","","Local Authority"
"Percentage achieving at least the expected standard in all ELGs","2019","Year","Mixed","White/Black/Asian/Mixed/Chinese/All","E06000015","ONS geography code","Derby","Girls","Boys/Girls/All","85","139","","Local Authority"
"Percentage achieving at least the expected standard in all ELGs","2019","Year","Mixed","White/Black/Asian/Mixed/Chinese/All","E06000015","ONS geography code","Derby","All","Boys/Girls/All","75","262","","Local Authority"
"Percentage achieving at least the expected standard in all ELGs","2019","Year","White","White/Black/Asian/Mixed/Chinese/All","E06000015","ONS geography code","Derby","Girls","Boys/Girls/All","77","995","","Local Authority"
"Percentage achieving at least the expected standard in all ELGs","2019","Year","White","White/Black/Asian/Mixed/Chinese/All","E06000015","ONS geography code","Derby","Boys","Boys/Girls/All","62","1037","","Local Authority"
"Percentage achieving at least the expected standard in all ELGs","2019","Year","White","White/Black/Asian/Mixed/Chinese/All","E06000015","ONS geography code","Derby","All","Boys/Girls/All","69","2032","","Local Authority"
"Percentage achieving at least the expected standard in all ELGs","2019","Year","All","White/Black/Asian/Mixed/Chinese/All","E10000007","ONS geography code","Derbyshire","Girls","Boys/Girls/All","76","4042","","Local Authority"
"Percentage achieving at least the expected standard in all ELGs","2019","Year","All","White/Black/Asian/Mixed/Chinese/All","E10000007","ONS geography code","Derbyshire","Boys","Boys/Girls/All","62","4150","","Local Authority"
"Percentage achieving at least the expected standard in all ELGs","2019","Year","All","White/Black/Asian/Mixed/Chinese/All","E10000007","ONS geography code","Derbyshire","All","Boys/Girls/All","69","8192","","Local Authority"
"Percentage achieving at least the expected standard in all ELGs","2019","Year","Asian","White/Black/Asian/Mixed/Chinese/All","E10000007","ONS geography code","Derbyshire","Girls","Boys/Girls/All","66","47","","Local Authority"
"Percentage achieving at least the expected standard in all ELGs","2019","Year","Asian","White/Black/Asian/Mixed/Chinese/All","E10000007","ONS geography code","Derbyshire","Boys","Boys/Girls/All","58","48","","Local Authority"
"Percentage achieving at least the expected standard in all ELGs","2019","Year","Asian","White/Black/Asian/Mixed/Chinese/All","E10000007","ONS geography code","Derbyshire","All","Boys/Girls/All","62","95","","Local Authority"
"Percentage achieving at least the expected standard in all ELGs","2019","Year","Black","White/Black/Asian/Mixed/Chinese/All","E10000007","ONS geography code","Derbyshire","Boys","Boys/Girls/All","50","8","","Local Authority"
"Percentage achieving at least the expected standard in all ELGs","2019","Year","Black","White/Black/Asian/Mixed/Chinese/All","E10000007","ONS geography code","Derbyshire","Girls","Boys/Girls/All","71","14","","Local Authority"
"Percentage achieving at least the expected standard in all ELGs","2019","Year","Black","White/Black/Asian/Mixed/Chinese/All","E10000007","ONS geography code","Derbyshire","All","Boys/Girls/All","64","22","","Local Authority"
"Percentage achieving at least the expected standard in all ELGs","2019","Year","Chinese","White/Black/Asian/Mixed/Chinese/All","E10000007","ONS geography code","Derbyshire","Girls","Boys/Girls/All","67","6","","Local Authority"
"Percentage achieving at least the expected standard in all ELGs","2019","Year","Chinese","White/Black/Asian/Mixed/Chinese/All","E10000007","ONS geography code","Derbyshire","Boys","Boys/Girls/All","90","10","","Local Authority"
"Percentage achieving at least the expected standard in all ELGs","2019","Year","Chinese","White/Black/Asian/Mixed/Chinese/All","E10000007","ONS geography code","Derbyshire","All","Boys/Girls/All","81","16","","Local Authority"
"Percentage achieving at least the expected standard in all ELGs","2019","Year","Mixed","White/Black/Asian/Mixed/Chinese/All","E10000007","ONS geography code","Derbyshire","Girls","Boys/Girls/All","76","125","","Local Authority"
"Percentage achieving at least the expected standard in all ELGs","2019","Year","Mixed","White/Black/Asian/Mixed/Chinese/All","E10000007","ONS geography code","Derbyshire","Boys","Boys/Girls/All","58","125","","Local Authority"
"Percentage achieving at least the expected standard in all ELGs","2019","Year","Mixed","White/Black/Asian/Mixed/Chinese/All","E10000007","ONS geography code","Derbyshire","All","Boys/Girls/All","67","250","","Local Authority"
"Percentage achieving at least the expected standard in all ELGs","2019","Year","White","White/Black/Asian/Mixed/Chinese/All","E10000007","ONS geography code","Derbyshire","Girls","Boys/Girls/All","77","3742","","Local Authority"
"Percentage achieving at least the expected standard in all ELGs","2019","Year","White","White/Black/Asian/Mixed/Chinese/All","E10000007","ONS geography code","Derbyshire","Boys","Boys/Girls/All","63","3802","","Local Authority"
"Percentage achieving at least the expected standard in all ELGs","2019","Year","White","White/Black/Asian/Mixed/Chinese/All","E10000007","ONS geography code","Derbyshire","All","Boys/Girls/All","70","7544","","Local Authority"
"Percentage achieving at least the expected standard in all ELGs","2019","Year","All","White/Black/Asian/Mixed/Chinese/All","E10000008","ONS geography code","Devon","Girls","Boys/Girls/All","78","3768","","Local Authority"
"Percentage achieving at least the expected standard in all ELGs","2019","Year","All","White/Black/Asian/Mixed/Chinese/All","E10000008","ONS geography code","Devon","Boys","Boys/Girls/All","66","4039","","Local Authority"
"Percentage achieving at least the expected standard in all ELGs","2019","Year","All","White/Black/Asian/Mixed/Chinese/All","E10000008","ONS geography code","Devon","All","Boys/Girls/All","72","7807","","Local Authority"
"Percentage achieving at least the expected standard in all ELGs","2019","Year","Asian","White/Black/Asian/Mixed/Chinese/All","E10000008","ONS geography code","Devon","Boys","Boys/Girls/All","75","24","","Local Authority"
"Percentage achieving at least the expected standard in all ELGs","2019","Year","Asian","White/Black/Asian/Mixed/Chinese/All","E10000008","ONS geography code","Devon","Girls","Boys/Girls/All","65","34","","Local Authority"
"Percentage achieving at least the expected standard in all ELGs","2019","Year","Asian","White/Black/Asian/Mixed/Chinese/All","E10000008","ONS geography code","Devon","All","Boys/Girls/All","69","58","","Local Authority"
"Percentage achieving at least the expected standard in all ELGs","2019","Year","Black","White/Black/Asian/Mixed/Chinese/All","E10000008","ONS geography code","Devon","Girls","Boys/Girls/All","100","6","","Local Authority"
"Percentage achieving at least the expected standard in all ELGs","2019","Year","Black","White/Black/Asian/Mixed/Chinese/All","E10000008","ONS geography code","Devon","Boys","Boys/Girls/All","71","7","","Local Authority"
"Percentage achieving at least the expected standard in all ELGs","2019","Year","Black","White/Black/Asian/Mixed/Chinese/All","E10000008","ONS geography code","Devon","All","Boys/Girls/All","85","13","","Local Authority"
"Percentage achieving at least the expected standard in all ELGs","2019","Year","Chinese","White/Black/Asian/Mixed/Chinese/All","E10000008","ONS geography code","Devon","Girls","Boys/Girls/All","67","9","","Local Authority"
"Percentage achieving at least the expected standard in all ELGs","2019","Year","Chinese","White/Black/Asian/Mixed/Chinese/All","E10000008","ONS geography code","Devon","Boys","Boys/Girls/All","33","9","","Local Authority"
"Percentage achieving at least the expected standard in all ELGs","2019","Year","Chinese","White/Black/Asian/Mixed/Chinese/All","E10000008","ONS geography code","Devon","All","Boys/Girls/All","50","18","","Local Authority"
"Percentage achieving at least the expected standard in all ELGs","2019","Year","Mixed","White/Black/Asian/Mixed/Chinese/All","E10000008","ONS geography code","Devon","Girls","Boys/Girls/All","75","89","","Local Authority"
"Percentage achieving at least the expected standard in all ELGs","2019","Year","Mixed","White/Black/Asian/Mixed/Chinese/All","E10000008","ONS geography code","Devon","Boys","Boys/Girls/All","67","94","","Local Authority"
"Percentage achieving at least the expected standard in all ELGs","2019","Year","Mixed","White/Black/Asian/Mixed/Chinese/All","E10000008","ONS geography code","Devon","All","Boys/Girls/All","71","183","","Local Authority"
"Percentage achieving at least the expected standard in all ELGs","2019","Year","White","White/Black/Asian/Mixed/Chinese/All","E10000008","ONS geography code","Devon","Girls","Boys/Girls/All","79","3505","","Local Authority"
"Percentage achieving at least the expected standard in all ELGs","2019","Year","White","White/Black/Asian/Mixed/Chinese/All","E10000008","ONS geography code","Devon","Boys","Boys/Girls/All","67","3767","","Local Authority"
"Percentage achieving at least the expected standard in all ELGs","2019","Year","White","White/Black/Asian/Mixed/Chinese/All","E10000008","ONS geography code","Devon","All","Boys/Girls/All","73","7272","","Local Authority"
"Percentage achieving at least the expected standard in all ELGs","2019","Year","All","White/Black/Asian/Mixed/Chinese/All","E08000017","ONS geography code","Doncaster","Girls","Boys/Girls/All","78","1749","","Local Authority"
"Percentage achieving at least the expected standard in all ELGs","2019","Year","All","White/Black/Asian/Mixed/Chinese/All","E08000017","ONS geography code","Doncaster","Boys","Boys/Girls/All","64","1792","","Local Authority"
"Percentage achieving at least the expected standard in all ELGs","2019","Year","All","White/Black/Asian/Mixed/Chinese/All","E08000017","ONS geography code","Doncaster","All","Boys/Girls/All","71","3541","","Local Authority"
"Percentage achieving at least the expected standard in all ELGs","2019","Year","Asian","White/Black/Asian/Mixed/Chinese/All","E08000017","ONS geography code","Doncaster","Boys","Boys/Girls/All","67","48","","Local Authority"
"Percentage achieving at least the expected standard in all ELGs","2019","Year","Asian","White/Black/Asian/Mixed/Chinese/All","E08000017","ONS geography code","Doncaster","Girls","Boys/Girls/All","81","59","","Local Authority"
"Percentage achieving at least the expected standard in all ELGs","2019","Year","Asian","White/Black/Asian/Mixed/Chinese/All","E08000017","ONS geography code","Doncaster","All","Boys/Girls/All","75","107","","Local Authority"
"Percentage achieving at least the expected standard in all ELGs","2019","Year","Black","White/Black/Asian/Mixed/Chinese/All","E08000017","ONS geography code","Doncaster","Girls","Boys/Girls/All","70","20","","Local Authority"
"Percentage achieving at least the expected standard in all ELGs","2019","Year","Black","White/Black/Asian/Mixed/Chinese/All","E08000017","ONS geography code","Doncaster","Boys","Boys/Girls/All","48","23","","Local Authority"
"Percentage achieving at least the expected standard in all ELGs","2019","Year","Black","White/Black/Asian/Mixed/Chinese/All","E08000017","ONS geography code","Doncaster","All","Boys/Girls/All","58","43","","Local Authority"
"Percentage achieving at least the expected standard in all ELGs","2019","Year","Chinese","White/Black/Asian/Mixed/Chinese/All","E08000017","ONS geography code","Doncaster","Girls","Boys/Girls/All","?","4","","Local Authority"
"Percentage achieving at least the expected standard in all ELGs","2019","Year","Chinese","White/Black/Asian/Mixed/Chinese/All","E08000017","ONS geography code","Doncaster","Boys","Boys/Girls/All","?","4","","Local Authority"
"Percentage achieving at least the expected standard in all ELGs","2019","Year","Chinese","White/Black/Asian/Mixed/Chinese/All","E08000017","ONS geography code","Doncaster","All","Boys/Girls/All","50","8","","Local Authority"
"Percentage achieving at least the expected standard in all ELGs","2019","Year","Mixed","White/Black/Asian/Mixed/Chinese/All","E08000017","ONS geography code","Doncaster","Girls","Boys/Girls/All","80","66","","Local Authority"
"Percentage achieving at least the expected standard in all ELGs","2019","Year","Mixed","White/Black/Asian/Mixed/Chinese/All","E08000017","ONS geography code","Doncaster","Boys","Boys/Girls/All","70","66","","Local Authority"
"Percentage achieving at least the expected standard in all ELGs","2019","Year","Mixed","White/Black/Asian/Mixed/Chinese/All","E08000017","ONS geography code","Doncaster","All","Boys/Girls/All","75","132","","Local Authority"
"Percentage achieving at least the expected standard in all ELGs","2019","Year","White","White/Black/Asian/Mixed/Chinese/All","E08000017","ONS geography code","Doncaster","Girls","Boys/Girls/All","79","1557","","Local Authority"
"Percentage achieving at least the expected standard in all ELGs","2019","Year","White","White/Black/Asian/Mixed/Chinese/All","E08000017","ONS geography code","Doncaster","Boys","Boys/Girls/All","65","1598","","Local Authority"
"Percentage achieving at least the expected standard in all ELGs","2019","Year","White","White/Black/Asian/Mixed/Chinese/All","E08000017","ONS geography code","Doncaster","All","Boys/Girls/All","72","3155","","Local Authority"
"Percentage achieving at least the expected standard in all ELGs","2019","Year","All","White/Black/Asian/Mixed/Chinese/All","E06000059","ONS geography code","Dorset","Girls","Boys/Girls/All","77","1686","","Local Authority"
"Percentage achieving at least the expected standard in all ELGs","2019","Year","All","White/Black/Asian/Mixed/Chinese/All","E06000059","ONS geography code","Dorset","Boys","Boys/Girls/All","65","1737","","Local Authority"
"Percentage achieving at least the expected standard in all ELGs","2019","Year","All","White/Black/Asian/Mixed/Chinese/All","E06000059","ONS geography code","Dorset","All","Boys/Girls/All","71","3423","","Local Authority"
"Percentage achieving at least the expected standard in all ELGs","2019","Year","Asian","White/Black/Asian/Mixed/Chinese/All","E06000059","ONS geography code","Dorset","Girls","Boys/Girls/All","63","16","","Local Authority"
"Percentage achieving at least the expected standard in all ELGs","2019","Year","Asian","White/Black/Asian/Mixed/Chinese/All","E06000059","ONS geography code","Dorset","Boys","Boys/Girls/All","41","17","","Local Authority"
"Percentage achieving at least the expected standard in all ELGs","2019","Year","Asian","White/Black/Asian/Mixed/Chinese/All","E06000059","ONS geography code","Dorset","All","Boys/Girls/All","52","33","","Local Authority"
"Percentage achieving at least the expected standard in all ELGs","2019","Year","Black","White/Black/Asian/Mixed/Chinese/All","E06000059","ONS geography code","Dorset","Boys","Boys/Girls/All","?","3","","Local Authority"
"Percentage achieving at least the expected standard in all ELGs","2019","Year","Black","White/Black/Asian/Mixed/Chinese/All","E06000059","ONS geography code","Dorset","Girls","Boys/Girls/All","?","4","","Local Authority"
"Percentage achieving at least the expected standard in all ELGs","2019","Year","Black","White/Black/Asian/Mixed/Chinese/All","E06000059","ONS geography code","Dorset","All","Boys/Girls/All","57","7","","Local Authority"
"Percentage achieving at least the expected standard in all ELGs","2019","Year","Chinese","White/Black/Asian/Mixed/Chinese/All","E06000059","ONS geography code","Dorset","Boys","Boys/Girls/All","?","1","","Local Authority"
"Percentage achieving at least the expected standard in all ELGs","2019","Year","Chinese","White/Black/Asian/Mixed/Chinese/All","E06000059","ONS geography code","Dorset","Girls","Boys/Girls/All","?","2","","Local Authority"
"Percentage achieving at least the expected standard in all ELGs","2019","Year","Chinese","White/Black/Asian/Mixed/Chinese/All","E06000059","ONS geography code","Dorset","All","Boys/Girls/All","?","3","","Local Authority"
"Percentage achieving at least the expected standard in all ELGs","2019","Year","Mixed","White/Black/Asian/Mixed/Chinese/All","E06000059","ONS geography code","Dorset","Girls","Boys/Girls/All","83","40","","Local Authority"
"Percentage achieving at least the expected standard in all ELGs","2019","Year","Mixed","White/Black/Asian/Mixed/Chinese/All","E06000059","ONS geography code","Dorset","Boys","Boys/Girls/All","63","43","","Local Authority"
"Percentage achieving at least the expected standard in all ELGs","2019","Year","Mixed","White/Black/Asian/Mixed/Chinese/All","E06000059","ONS geography code","Dorset","All","Boys/Girls/All","72","83","","Local Authority"
"Percentage achieving at least the expected standard in all ELGs","2019","Year","White","White/Black/Asian/Mixed/Chinese/All","E06000059","ONS geography code","Dorset","Girls","Boys/Girls/All","78","1567","","Local Authority"
"Percentage achieving at least the expected standard in all ELGs","2019","Year","White","White/Black/Asian/Mixed/Chinese/All","E06000059","ONS geography code","Dorset","Boys","Boys/Girls/All","66","1603","","Local Authority"
"Percentage achieving at least the expected standard in all ELGs","2019","Year","White","White/Black/Asian/Mixed/Chinese/All","E06000059","ONS geography code","Dorset","All","Boys/Girls/All","72","3170","","Local Authority"
"Percentage achieving at least the expected standard in all ELGs","2019","Year","All","White/Black/Asian/Mixed/Chinese/All","E08000027","ONS geography code","Dudley","Girls","Boys/Girls/All","73","1940","","Local Authority"
"Percentage achieving at least the expected standard in all ELGs","2019","Year","All","White/Black/Asian/Mixed/Chinese/All","E08000027","ONS geography code","Dudley","Boys","Boys/Girls/All","57","1950","","Local Authority"
"Percentage achieving at least the expected standard in all ELGs","2019","Year","All","White/Black/Asian/Mixed/Chinese/All","E08000027","ONS geography code","Dudley","All","Boys/Girls/All","65","3890","","Local Authority"
"Percentage achieving at least the expected standard in all ELGs","2019","Year","Asian","White/Black/Asian/Mixed/Chinese/All","E08000027","ONS geography code","Dudley","Boys","Boys/Girls/All","51","191","","Local Authority"
"Percentage achieving at least the expected standard in all ELGs","2019","Year","Asian","White/Black/Asian/Mixed/Chinese/All","E08000027","ONS geography code","Dudley","Girls","Boys/Girls/All","69","201","","Local Authority"
"Percentage achieving at least the expected standard in all ELGs","2019","Year","Asian","White/Black/Asian/Mixed/Chinese/All","E08000027","ONS geography code","Dudley","All","Boys/Girls/All","60","392","","Local Authority"
"Percentage achieving at least the expected standard in all ELGs","2019","Year","Black","White/Black/Asian/Mixed/Chinese/All","E08000027","ONS geography code","Dudley","Girls","Boys/Girls/All","73","44","","Local Authority"
"Percentage achieving at least the expected standard in all ELGs","2019","Year","Black","White/Black/Asian/Mixed/Chinese/All","E08000027","ONS geography code","Dudley","Boys","Boys/Girls/All","64","55","","Local Authority"
"Percentage achieving at least the expected standard in all ELGs","2019","Year","Black","White/Black/Asian/Mixed/Chinese/All","E08000027","ONS geography code","Dudley","All","Boys/Girls/All","68","99","","Local Authority"
"Percentage achieving at least the expected standard in all ELGs","2019","Year","Chinese","White/Black/Asian/Mixed/Chinese/All","E08000027","ONS geography code","Dudley","Girls","Boys/Girls/All","?","3","","Local Authority"
"Percentage achieving at least the expected standard in all ELGs","2019","Year","Chinese","White/Black/Asian/Mixed/Chinese/All","E08000027","ONS geography code","Dudley","Boys","Boys/Girls/All","63","8","","Local Authority"
"Percentage achieving at least the expected standard in all ELGs","2019","Year","Chinese","White/Black/Asian/Mixed/Chinese/All","E08000027","ONS geography code","Dudley","All","Boys/Girls/All","73","11","","Local Authority"
"Percentage achieving at least the expected standard in all ELGs","2019","Year","Mixed","White/Black/Asian/Mixed/Chinese/All","E08000027","ONS geography code","Dudley","Girls","Boys/Girls/All","74","119","","Local Authority"
"Percentage achieving at least the expected standard in all ELGs","2019","Year","Mixed","White/Black/Asian/Mixed/Chinese/All","E08000027","ONS geography code","Dudley","Boys","Boys/Girls/All","57","138","","Local Authority"
"Percentage achieving at least the expected standard in all ELGs","2019","Year","Mixed","White/Black/Asian/Mixed/Chinese/All","E08000027","ONS geography code","Dudley","All","Boys/Girls/All","65","257","","Local Authority"
"Percentage achieving at least the expected standard in all ELGs","2019","Year","White","White/Black/Asian/Mixed/Chinese/All","E08000027","ONS geography code","Dudley","Boys","Boys/Girls/All","57","1508","","Local Authority"
"Percentage achieving at least the expected standard in all ELGs","2019","Year","White","White/Black/Asian/Mixed/Chinese/All","E08000027","ONS geography code","Dudley","Girls","Boys/Girls/All","75","1516","","Local Authority"
"Percentage achieving at least the expected standard in all ELGs","2019","Year","White","White/Black/Asian/Mixed/Chinese/All","E08000027","ONS geography code","Dudley","All","Boys/Girls/All","66","3024","","Local Authority"
"Percentage achieving at least the expected standard in all ELGs","2019","Year","All","White/Black/Asian/Mixed/Chinese/All","E06000047","ONS geography code","Durham","Girls","Boys/Girls/All","78","2637","","Local Authority"
"Percentage achieving at least the expected standard in all ELGs","2019","Year","All","White/Black/Asian/Mixed/Chinese/All","E06000047","ONS geography code","Durham","Boys","Boys/Girls/All","64","2783","","Local Authority"
"Percentage achieving at least the expected standard in all ELGs","2019","Year","All","White/Black/Asian/Mixed/Chinese/All","E06000047","ONS geography code","Durham","All","Boys/Girls/All","71","5420","","Local Authority"
"Percentage achieving at least the expected standard in all ELGs","2019","Year","Asian","White/Black/Asian/Mixed/Chinese/All","E06000047","ONS geography code","Durham","Girls","Boys/Girls/All","61","18","","Local Authority"
"Percentage achieving at least the expected standard in all ELGs","2019","Year","Asian","White/Black/Asian/Mixed/Chinese/All","E06000047","ONS geography code","Durham","Boys","Boys/Girls/All","73","22","","Local Authority"
"Percentage achieving at least the expected standard in all ELGs","2019","Year","Asian","White/Black/Asian/Mixed/Chinese/All","E06000047","ONS geography code","Durham","All","Boys/Girls/All","68","40","","Local Authority"
"Percentage achieving at least the expected standard in all ELGs","2019","Year","Black","White/Black/Asian/Mixed/Chinese/All","E06000047","ONS geography code","Durham","Boys","Boys/Girls/All","71","7","","Local Authority"
"Percentage achieving at least the expected standard in all ELGs","2019","Year","Black","White/Black/Asian/Mixed/Chinese/All","E06000047","ONS geography code","Durham","Girls","Boys/Girls/All","75","8","","Local Authority"
"Percentage achieving at least the expected standard in all ELGs","2019","Year","Black","White/Black/Asian/Mixed/Chinese/All","E06000047","ONS geography code","Durham","All","Boys/Girls/All","73","15","","Local Authority"
"Percentage achieving at least the expected standard in all ELGs","2019","Year","Chinese","White/Black/Asian/Mixed/Chinese/All","E06000047","ONS geography code","Durham","Girls","Boys/Girls/All","?","4","","Local Authority"
"Percentage achieving at least the expected standard in all ELGs","2019","Year","Chinese","White/Black/Asian/Mixed/Chinese/All","E06000047","ONS geography code","Durham","Boys","Boys/Girls/All","100","6","","Local Authority"
"Percentage achieving at least the expected standard in all ELGs","2019","Year","Chinese","White/Black/Asian/Mixed/Chinese/All","E06000047","ONS geography code","Durham","All","Boys/Girls/All","90","10","","Local Authority"
"Percentage achieving at least the expected standard in all ELGs","2019","Year","Mixed","White/Black/Asian/Mixed/Chinese/All","E06000047","ONS geography code","Durham","Girls","Boys/Girls/All","86","42","","Local Authority"
"Percentage achieving at least the expected standard in all ELGs","2019","Year","Mixed","White/Black/Asian/Mixed/Chinese/All","E06000047","ONS geography code","Durham","Boys","Boys/Girls/All","56","43","","Local Authority"
"Percentage achieving at least the expected standard in all ELGs","2019","Year","Mixed","White/Black/Asian/Mixed/Chinese/All","E06000047","ONS geography code","Durham","All","Boys/Girls/All","71","85","","Local Authority"
"Percentage achieving at least the expected standard in all ELGs","2019","Year","White","White/Black/Asian/Mixed/Chinese/All","E06000047","ONS geography code","Durham","Girls","Boys/Girls/All","78","2517","","Local Authority"
"Percentage achieving at least the expected standard in all ELGs","2019","Year","White","White/Black/Asian/Mixed/Chinese/All","E06000047","ONS geography code","Durham","Boys","Boys/Girls/All","64","2651","","Local Authority"
"Percentage achieving at least the expected standard in all ELGs","2019","Year","White","White/Black/Asian/Mixed/Chinese/All","E06000047","ONS geography code","Durham","All","Boys/Girls/All","71","5168","","Local Authority"
"Percentage achieving at least the expected standard in all ELGs","2019","Year","All","White/Black/Asian/Mixed/Chinese/All","E09000009","ONS geography code","Ealing","Girls","Boys/Girls/All","77","2134","","Local Authority"
"Percentage achieving at least the expected standard in all ELGs","2019","Year","All","White/Black/Asian/Mixed/Chinese/All","E09000009","ONS geography code","Ealing","Boys","Boys/Girls/All","64","2279","","Local Authority"
"Percentage achieving at least the expected standard in all ELGs","2019","Year","All","White/Black/Asian/Mixed/Chinese/All","E09000009","ONS geography code","Ealing","All","Boys/Girls/All","70","4413","","Local Authority"
"Percentage achieving at least the expected standard in all ELGs","2019","Year","Asian","White/Black/Asian/Mixed/Chinese/All","E09000009","ONS geography code","Ealing","Girls","Boys/Girls/All","81","591","","Local Authority"
"Percentage achieving at least the expected standard in all ELGs","2019","Year","Asian","White/Black/Asian/Mixed/Chinese/All","E09000009","ONS geography code","Ealing","Boys","Boys/Girls/All","67","621","","Local Authority"
"Percentage achieving at least the expected standard in all ELGs","2019","Year","Asian","White/Black/Asian/Mixed/Chinese/All","E09000009","ONS geography code","Ealing","All","Boys/Girls/All","74","1212","","Local Authority"
"Percentage achieving at least the expected standard in all ELGs","2019","Year","Black","White/Black/Asian/Mixed/Chinese/All","E09000009","ONS geography code","Ealing","Boys","Boys/Girls/All","58","261","","Local Authority"
"Percentage achieving at least the expected standard in all ELGs","2019","Year","Black","White/Black/Asian/Mixed/Chinese/All","E09000009","ONS geography code","Ealing","Girls","Boys/Girls/All","76","266","","Local Authority"
"Percentage achieving at least the expected standard in all ELGs","2019","Year","Black","White/Black/Asian/Mixed/Chinese/All","E09000009","ONS geography code","Ealing","All","Boys/Girls/All","67","527","","Local Authority"
"Percentage achieving at least the expected standard in all ELGs","2019","Year","Chinese","White/Black/Asian/Mixed/Chinese/All","E09000009","ONS geography code","Ealing","Girls","Boys/Girls/All","86","14","","Local Authority"
"Percentage achieving at least the expected standard in all ELGs","2019","Year","Chinese","White/Black/Asian/Mixed/Chinese/All","E09000009","ONS geography code","Ealing","Boys","Boys/Girls/All","67","18","","Local Authority"
"Percentage achieving at least the expected standard in all ELGs","2019","Year","Chinese","White/Black/Asian/Mixed/Chinese/All","E09000009","ONS geography code","Ealing","All","Boys/Girls/All","75","32","","Local Authority"
"Percentage achieving at least the expected standard in all ELGs","2019","Year","Mixed","White/Black/Asian/Mixed/Chinese/All","E09000009","ONS geography code","Ealing","Girls","Boys/Girls/All","84","182","","Local Authority"
"Percentage achieving at least the expected standard in all ELGs","2019","Year","Mixed","White/Black/Asian/Mixed/Chinese/All","E09000009","ONS geography code","Ealing","Boys","Boys/Girls/All","62","217","","Local Authority"
"Percentage achieving at least the expected standard in all ELGs","2019","Year","Mixed","White/Black/Asian/Mixed/Chinese/All","E09000009","ONS geography code","Ealing","All","Boys/Girls/All","72","399","","Local Authority"
"Percentage achieving at least the expected standard in all ELGs","2019","Year","White","White/Black/Asian/Mixed/Chinese/All","E09000009","ONS geography code","Ealing","Girls","Boys/Girls/All","78","654","","Local Authority"
"Percentage achieving at least the expected standard in all ELGs","2019","Year","White","White/Black/Asian/Mixed/Chinese/All","E09000009","ONS geography code","Ealing","Boys","Boys/Girls/All","69","722","","Local Authority"
"Percentage achieving at least the expected standard in all ELGs","2019","Year","White","White/Black/Asian/Mixed/Chinese/All","E09000009","ONS geography code","Ealing","All","Boys/Girls/All","73","1376","","Local Authority"
"Percentage achieving at least the expected standard in all ELGs","2019","Year","All","White/Black/Asian/Mixed/Chinese/All","E12000004","ONS geography code","East Midlands","Girls","Boys/Girls/All","76","26678","","Regional"
"Percentage achieving at least the expected standard in all ELGs","2019","Year","All","White/Black/Asian/Mixed/Chinese/All","E12000004","ONS geography code","East Midlands","Boys","Boys/Girls/All","62","27853","","Regional"
"Percentage achieving at least the expected standard in all ELGs","2019","Year","All","White/Black/Asian/Mixed/Chinese/All","E12000004","ONS geography code","East Midlands","All","Boys/Girls/All","69","54531","","Regional"
"Percentage achieving at least the expected standard in all ELGs","2019","Year","Asian","White/Black/Asian/Mixed/Chinese/All","E12000004","ONS geography code","East Midlands","Girls","Boys/Girls/All","78","2273","","Regional"
"Percentage achieving at least the expected standard in all ELGs","2019","Year","Asian","White/Black/Asian/Mixed/Chinese/All","E12000004","ONS geography code","East Midlands","Boys","Boys/Girls/All","63","2315","","Regional"
"Percentage achieving at least the expected standard in all ELGs","2019","Year","Asian","White/Black/Asian/Mixed/Chinese/All","E12000004","ONS geography code","East Midlands","All","Boys/Girls/All","70","4588","","Regional"
"Percentage achieving at least the expected standard in all ELGs","2019","Year","Black","White/Black/Asian/Mixed/Chinese/All","E12000004","ONS geography code","East Midlands","Girls","Boys/Girls/All","76","720","","Regional"
"Percentage achieving at least the expected standard in all ELGs","2019","Year","Black","White/Black/Asian/Mixed/Chinese/All","E12000004","ONS geography code","East Midlands","Boys","Boys/Girls/All","59","832","","Regional"
"Percentage achieving at least the expected standard in all ELGs","2019","Year","Black","White/Black/Asian/Mixed/Chinese/All","E12000004","ONS geography code","East Midlands","All","Boys/Girls/All","67","1552","","Regional"
"Percentage achieving at least the expected standard in all ELGs","2019","Year","Chinese","White/Black/Asian/Mixed/Chinese/All","E12000004","ONS geography code","East Midlands","Girls","Boys/Girls/All","76","76","","Regional"
"Percentage achieving at least the expected standard in all ELGs","2019","Year","Chinese","White/Black/Asian/Mixed/Chinese/All","E12000004","ONS geography code","East Midlands","Boys","Boys/Girls/All","67","111","","Regional"
"Percentage achieving at least the expected standard in all ELGs","2019","Year","Chinese","White/Black/Asian/Mixed/Chinese/All","E12000004","ONS geography code","East Midlands","All","Boys/Girls/All","71","187","","Regional"
"Percentage achieving at least the expected standard in all ELGs","2019","Year","Mixed","White/Black/Asian/Mixed/Chinese/All","E12000004","ONS geography code","East Midlands","Boys","Boys/Girls/All","61","1570","","Regional"
"Percentage achieving at least the expected standard in all ELGs","2019","Year","Mixed","White/Black/Asian/Mixed/Chinese/All","E12000004","ONS geography code","East Midlands","Girls","Boys/Girls/All","76","1583","","Regional"
"Percentage achieving at least the expected standard in all ELGs","2019","Year","Mixed","White/Black/Asian/Mixed/Chinese/All","E12000004","ONS geography code","East Midlands","All","Boys/Girls/All","68","3153","","Regional"
"Percentage achieving at least the expected standard in all ELGs","2019","Year","White","White/Black/Asian/Mixed/Chinese/All","E12000004","ONS geography code","East Midlands","Girls","Boys/Girls/All","77","20919","","Regional"
"Percentage achieving at least the expected standard in all ELGs","2019","Year","White","White/Black/Asian/Mixed/Chinese/All","E12000004","ONS geography code","East Midlands","Boys","Boys/Girls/All","63","21802","","Regional"
"Percentage achieving at least the expected standard in all ELGs","2019","Year","White","White/Black/Asian/Mixed/Chinese/All","E12000004","ONS geography code","East Midlands","All","Boys/Girls/All","70","42721","","Regional"
"Percentage achieving at least the expected standard in all ELGs","2019","Year","All","White/Black/Asian/Mixed/Chinese/All","E12000006","ONS geography code","East of England","Girls","Boys/Girls/All","78","34998","","Regional"
"Percentage achieving at least the expected standard in all ELGs","2019","Year","All","White/Black/Asian/Mixed/Chinese/All","E12000006","ONS geography code","East of England","Boys","Boys/Girls/All","64","36814","","Regional"
"Percentage achieving at least the expected standard in all ELGs","2019","Year","All","White/Black/Asian/Mixed/Chinese/All","E12000006","ONS geography code","East of England","All","Boys/Girls/All","71","71812","","Regional"
"Percentage achieving at least the expected standard in all ELGs","2019","Year","Asian","White/Black/Asian/Mixed/Chinese/All","E12000006","ONS geography code","East of England","Girls","Boys/Girls/All","75","2346","","Regional"
"Percentage achieving at least the expected standard in all ELGs","2019","Year","Asian","White/Black/Asian/Mixed/Chinese/All","E12000006","ONS geography code","East of England","Boys","Boys/Girls/All","60","2441","","Regional"
"Percentage achieving at least the expected standard in all ELGs","2019","Year","Asian","White/Black/Asian/Mixed/Chinese/All","E12000006","ONS geography code","East of England","All","Boys/Girls/All","67","4787","","Regional"
"Percentage achieving at least the expected standard in all ELGs","2019","Year","Black","White/Black/Asian/Mixed/Chinese/All","E12000006","ONS geography code","East of England","Girls","Boys/Girls/All","77","1072","","Regional"
"Percentage achieving at least the expected standard in all ELGs","2019","Year","Black","White/Black/Asian/Mixed/Chinese/All","E12000006","ONS geography code","East of England","Boys","Boys/Girls/All","60","1146","","Regional"
"Percentage achieving at least the expected standard in all ELGs","2019","Year","Black","White/Black/Asian/Mixed/Chinese/All","E12000006","ONS geography code","East of England","All","Boys/Girls/All","68","2218","","Regional"
"Percentage achieving at least the expected standard in all ELGs","2019","Year","Chinese","White/Black/Asian/Mixed/Chinese/All","E12000006","ONS geography code","East of England","Girls","Boys/Girls/All","83","134","","Regional"
"Percentage achieving at least the expected standard in all ELGs","2019","Year","Chinese","White/Black/Asian/Mixed/Chinese/All","E12000006","ONS geography code","East of England","Boys","Boys/Girls/All","77","157","","Regional"
"Percentage achieving at least the expected standard in all ELGs","2019","Year","Chinese","White/Black/Asian/Mixed/Chinese/All","E12000006","ONS geography code","East of England","All","Boys/Girls/All","80","291","","Regional"
"Percentage achieving at least the expected standard in all ELGs","2019","Year","Mixed","White/Black/Asian/Mixed/Chinese/All","E12000006","ONS geography code","East of England","Girls","Boys/Girls/All","79","2228","","Regional"
"Percentage achieving at least the expected standard in all ELGs","2019","Year","Mixed","White/Black/Asian/Mixed/Chinese/All","E12000006","ONS geography code","East of England","Boys","Boys/Girls/All","65","2411","","Regional"
"Percentage achieving at least the expected standard in all ELGs","2019","Year","Mixed","White/Black/Asian/Mixed/Chinese/All","E12000006","ONS geography code","East of England","All","Boys/Girls/All","72","4639","","Regional"
"Percentage achieving at least the expected standard in all ELGs","2019","Year","White","White/Black/Asian/Mixed/Chinese/All","E12000006","ONS geography code","East of England","Girls","Boys/Girls/All","79","27620","","Regional"
"Percentage achieving at least the expected standard in all ELGs","2019","Year","White","White/Black/Asian/Mixed/Chinese/All","E12000006","ONS geography code","East of England","Boys","Boys/Girls/All","65","28937","","Regional"
"Percentage achieving at least the expected standard in all ELGs","2019","Year","White","White/Black/Asian/Mixed/Chinese/All","E12000006","ONS geography code","East of England","All","Boys/Girls/All","72","56557","","Regional"
"Percentage achieving at least the expected standard in all ELGs","2019","Year","All","White/Black/Asian/Mixed/Chinese/All","E06000011","ONS geography code","East Riding of Yorkshire","Girls","Boys/Girls/All","81","1603","","Local Authority"
"Percentage achieving at least the expected standard in all ELGs","2019","Year","All","White/Black/Asian/Mixed/Chinese/All","E06000011","ONS geography code","East Riding of Yorkshire","Boys","Boys/Girls/All","66","1745","","Local Authority"
"Percentage achieving at least the expected standard in all ELGs","2019","Year","All","White/Black/Asian/Mixed/Chinese/All","E06000011","ONS geography code","East Riding of Yorkshire","All","Boys/Girls/All","73","3348","","Local Authority"
"Percentage achieving at least the expected standard in all ELGs","2019","Year","Asian","White/Black/Asian/Mixed/Chinese/All","E06000011","ONS geography code","East Riding of Yorkshire","Boys","Boys/Girls/All","40","5","","Local Authority"
"Percentage achieving at least the expected standard in all ELGs","2019","Year","Asian","White/Black/Asian/Mixed/Chinese/All","E06000011","ONS geography code","East Riding of Yorkshire","Girls","Boys/Girls/All","71","7","","Local Authority"
"Percentage achieving at least the expected standard in all ELGs","2019","Year","Asian","White/Black/Asian/Mixed/Chinese/All","E06000011","ONS geography code","East Riding of Yorkshire","All","Boys/Girls/All","58","12","","Local Authority"
"Percentage achieving at least the expected standard in all ELGs","2019","Year","Black","White/Black/Asian/Mixed/Chinese/All","E06000011","ONS geography code","East Riding of Yorkshire","Girls","Boys/Girls/All","?","4","","Local Authority"
"Percentage achieving at least the expected standard in all ELGs","2019","Year","Black","White/Black/Asian/Mixed/Chinese/All","E06000011","ONS geography code","East Riding of Yorkshire","Boys","Boys/Girls/All","?","4","","Local Authority"
"Percentage achieving at least the expected standard in all ELGs","2019","Year","Black","White/Black/Asian/Mixed/Chinese/All","E06000011","ONS geography code","East Riding of Yorkshire","All","Boys/Girls/All","75","8","","Local Authority"
"Percentage achieving at least the expected standard in all ELGs","2019","Year","Chinese","White/Black/Asian/Mixed/Chinese/All","E06000011","ONS geography code","East Riding of Yorkshire","All","Boys/Girls/All","N/A","0","","Local Authority"
"Percentage achieving at least the expected standard in all ELGs","2019","Year","Chinese","White/Black/Asian/Mixed/Chinese/All","E06000011","ONS geography code","East Riding of Yorkshire","Girls","Boys/Girls/All","N/A","0","","Local Authority"
"Percentage achieving at least the expected standard in all ELGs","2019","Year","Chinese","White/Black/Asian/Mixed/Chinese/All","E06000011","ONS geography code","East Riding of Yorkshire","Boys","Boys/Girls/All","N/A","0","","Local Authority"
"Percentage achieving at least the expected standard in all ELGs","2019","Year","Mixed","White/Black/Asian/Mixed/Chinese/All","E06000011","ONS geography code","East Riding of Yorkshire","Girls","Boys/Girls/All","79","28","","Local Authority"
"Percentage achieving at least the expected standard in all ELGs","2019","Year","Mixed","White/Black/Asian/Mixed/Chinese/All","E06000011","ONS geography code","East Riding of Yorkshire","Boys","Boys/Girls/All","59","34","","Local Authority"
"Percentage achieving at least the expected standard in all ELGs","2019","Year","Mixed","White/Black/Asian/Mixed/Chinese/All","E06000011","ONS geography code","East Riding of Yorkshire","All","Boys/Girls/All","68","62","","Local Authority"
"Percentage achieving at least the expected standard in all ELGs","2019","Year","White","White/Black/Asian/Mixed/Chinese/All","E06000011","ONS geography code","East Riding of Yorkshire","Girls","Boys/Girls/All","81","1503","","Local Authority"
"Percentage achieving at least the expected standard in all ELGs","2019","Year","White","White/Black/Asian/Mixed/Chinese/All","E06000011","ONS geography code","East Riding of Yorkshire","Boys","Boys/Girls/All","66","1642","","Local Authority"
"Percentage achieving at least the expected standard in all ELGs","2019","Year","White","White/Black/Asian/Mixed/Chinese/All","E06000011","ONS geography code","East Riding of Yorkshire","All","Boys/Girls/All","73","3145","","Local Authority"
"Percentage achieving at least the expected standard in all ELGs","2019","Year","All","White/Black/Asian/Mixed/Chinese/All","E10000011","ONS geography code","East Sussex","Girls","Boys/Girls/All","83","2653","","Local Authority"
"Percentage achieving at least the expected standard in all ELGs","2019","Year","All","White/Black/Asian/Mixed/Chinese/All","E10000011","ONS geography code","East Sussex","Boys","Boys/Girls/All","68","2688","","Local Authority"
"Percentage achieving at least the expected standard in all ELGs","2019","Year","All","White/Black/Asian/Mixed/Chinese/All","E10000011","ONS geography code","East Sussex","All","Boys/Girls/All","76","5341","","Local Authority"
"Percentage achieving at least the expected standard in all ELGs","2019","Year","Asian","White/Black/Asian/Mixed/Chinese/All","E10000011","ONS geography code","East Sussex","Girls","Boys/Girls/All","84","56","","Local Authority"
"Percentage achieving at least the expected standard in all ELGs","2019","Year","Asian","White/Black/Asian/Mixed/Chinese/All","E10000011","ONS geography code","East Sussex","Boys","Boys/Girls/All","62","63","","Local Authority"
"Percentage achieving at least the expected standard in all ELGs","2019","Year","Asian","White/Black/Asian/Mixed/Chinese/All","E10000011","ONS geography code","East Sussex","All","Boys/Girls/All","72","119","","Local Authority"
"Percentage achieving at least the expected standard in all ELGs","2019","Year","Black","White/Black/Asian/Mixed/Chinese/All","E10000011","ONS geography code","East Sussex","Girls","Boys/Girls/All","68","19","","Local Authority"
"Percentage achieving at least the expected standard in all ELGs","2019","Year","Black","White/Black/Asian/Mixed/Chinese/All","E10000011","ONS geography code","East Sussex","Boys","Boys/Girls/All","42","19","","Local Authority"
"Percentage achieving at least the expected standard in all ELGs","2019","Year","Black","White/Black/Asian/Mixed/Chinese/All","E10000011","ONS geography code","East Sussex","All","Boys/Girls/All","55","38","","Local Authority"
"Percentage achieving at least the expected standard in all ELGs","2019","Year","Chinese","White/Black/Asian/Mixed/Chinese/All","E10000011","ONS geography code","East Sussex","Girls","Boys/Girls/All","?","2","","Local Authority"
"Percentage achieving at least the expected standard in all ELGs","2019","Year","Chinese","White/Black/Asian/Mixed/Chinese/All","E10000011","ONS geography code","East Sussex","Boys","Boys/Girls/All","88","8","","Local Authority"
"Percentage achieving at least the expected standard in all ELGs","2019","Year","Chinese","White/Black/Asian/Mixed/Chinese/All","E10000011","ONS geography code","East Sussex","All","Boys/Girls/All","80","10","","Local Authority"
"Percentage achieving at least the expected standard in all ELGs","2019","Year","Mixed","White/Black/Asian/Mixed/Chinese/All","E10000011","ONS geography code","East Sussex","Boys","Boys/Girls/All","69","118","","Local Authority"
"Percentage achieving at least the expected standard in all ELGs","2019","Year","Mixed","White/Black/Asian/Mixed/Chinese/All","E10000011","ONS geography code","East Sussex","Girls","Boys/Girls/All","84","135","","Local Authority"
"Percentage achieving at least the expected standard in all ELGs","2019","Year","Mixed","White/Black/Asian/Mixed/Chinese/All","E10000011","ONS geography code","East Sussex","All","Boys/Girls/All","77","253","","Local Authority"
"Percentage achieving at least the expected standard in all ELGs","2019","Year","White","White/Black/Asian/Mixed/Chinese/All","E10000011","ONS geography code","East Sussex","Girls","Boys/Girls/All","83","2356","","Local Authority"
"Percentage achieving at least the expected standard in all ELGs","2019","Year","White","White/Black/Asian/Mixed/Chinese/All","E10000011","ONS geography code","East Sussex","Boys","Boys/Girls/All","69","2395","","Local Authority"
"Percentage achieving at least the expected standard in all ELGs","2019","Year","White","White/Black/Asian/Mixed/Chinese/All","E10000011","ONS geography code","East Sussex","All","Boys/Girls/All","76","4751","","Local Authority"
"Percentage achieving at least the expected standard in all ELGs","2019","Year","All","White/Black/Asian/Mixed/Chinese/All","E09000010","ONS geography code","Enfield","Girls","Boys/Girls/All","76","2084","","Local Authority"
"Percentage achieving at least the expected standard in all ELGs","2019","Year","All","White/Black/Asian/Mixed/Chinese/All","E09000010","ONS geography code","Enfield","Boys","Boys/Girls/All","62","2235","","Local Authority"
"Percentage achieving at least the expected standard in all ELGs","2019","Year","All","White/Black/Asian/Mixed/Chinese/All","E09000010","ONS geography code","Enfield","All","Boys/Girls/All","69","4319","","Local Authority"
"Percentage achieving at least the expected standard in all ELGs","2019","Year","Asian","White/Black/Asian/Mixed/Chinese/All","E09000010","ONS geography code","Enfield","Boys","Boys/Girls/All","75","155","","Local Authority"
"Percentage achieving at least the expected standard in all ELGs","2019","Year","Asian","White/Black/Asian/Mixed/Chinese/All","E09000010","ONS geography code","Enfield","Girls","Boys/Girls/All","86","160","","Local Authority"
"Percentage achieving at least the expected standard in all ELGs","2019","Year","Asian","White/Black/Asian/Mixed/Chinese/All","E09000010","ONS geography code","Enfield","All","Boys/Girls/All","81","315","","Local Authority"
"Percentage achieving at least the expected standard in all ELGs","2019","Year","Black","White/Black/Asian/Mixed/Chinese/All","E09000010","ONS geography code","Enfield","Boys","Boys/Girls/All","57","399","","Local Authority"
"Percentage achieving at least the expected standard in all ELGs","2019","Year","Black","White/Black/Asian/Mixed/Chinese/All","E09000010","ONS geography code","Enfield","Girls","Boys/Girls/All","74","427","","Local Authority"
"Percentage achieving at least the expected standard in all ELGs","2019","Year","Black","White/Black/Asian/Mixed/Chinese/All","E09000010","ONS geography code","Enfield","All","Boys/Girls/All","66","826","","Local Authority"
"Percentage achieving at least the expected standard in all ELGs","2019","Year","Chinese","White/Black/Asian/Mixed/Chinese/All","E09000010","ONS geography code","Enfield","Girls","Boys/Girls/All","80","5","","Local Authority"
"Percentage achieving at least the expected standard in all ELGs","2019","Year","Chinese","White/Black/Asian/Mixed/Chinese/All","E09000010","ONS geography code","Enfield","Boys","Boys/Girls/All","75","12","","Local Authority"
"Percentage achieving at least the expected standard in all ELGs","2019","Year","Chinese","White/Black/Asian/Mixed/Chinese/All","E09000010","ONS geography code","Enfield","All","Boys/Girls/All","76","17","","Local Authority"
"Percentage achieving at least the expected standard in all ELGs","2019","Year","Mixed","White/Black/Asian/Mixed/Chinese/All","E09000010","ONS geography code","Enfield","Girls","Boys/Girls/All","78","224","","Local Authority"
"Percentage achieving at least the expected standard in all ELGs","2019","Year","Mixed","White/Black/Asian/Mixed/Chinese/All","E09000010","ONS geography code","Enfield","Boys","Boys/Girls/All","74","264","","Local Authority"
"Percentage achieving at least the expected standard in all ELGs","2019","Year","Mixed","White/Black/Asian/Mixed/Chinese/All","E09000010","ONS geography code","Enfield","All","Boys/Girls/All","76","488","","Local Authority"
"Percentage achieving at least the expected standard in all ELGs","2019","Year","White","White/Black/Asian/Mixed/Chinese/All","E09000010","ONS geography code","Enfield","Girls","Boys/Girls/All","76","1045","","Local Authority"
"Percentage achieving at least the expected standard in all ELGs","2019","Year","White","White/Black/Asian/Mixed/Chinese/All","E09000010","ONS geography code","Enfield","Boys","Boys/Girls/All","60","1178","","Local Authority"
"Percentage achieving at least the expected standard in all ELGs","2019","Year","White","White/Black/Asian/Mixed/Chinese/All","E09000010","ONS geography code","Enfield","All","Boys/Girls/All","68","2223","","Local Authority"
"Percentage achieving at least the expected standard in all ELGs","2019","Year","All","White/Black/Asian/Mixed/Chinese/All","E92000001","ONS geography code","England","Girls","Boys/Girls/All","78","311521","","National"
"Percentage achieving at least the expected standard in all ELGs","2019","Year","All","White/Black/Asian/Mixed/Chinese/All","E92000001","ONS geography code","England","Boys","Boys/Girls/All","64","327425","","National"
"Percentage achieving at least the expected standard in all ELGs","2019","Year","All","White/Black/Asian/Mixed/Chinese/All","E92000001","ONS geography code","England","All","Boys/Girls/All","71","638946","","National"
"Percentage achieving at least the expected standard in all ELGs","2019","Year","Asian","White/Black/Asian/Mixed/Chinese/All","E92000001","ONS geography code","England","Girls","Boys/Girls/All","77","33648","","National"
"Percentage achieving at least the expected standard in all ELGs","2019","Year","Asian","White/Black/Asian/Mixed/Chinese/All","E92000001","ONS geography code","England","Boys","Boys/Girls/All","62","35537","","National"
"Percentage achieving at least the expected standard in all ELGs","2019","Year","Asian","White/Black/Asian/Mixed/Chinese/All","E92000001","ONS geography code","England","All","Boys/Girls/All","69","69185","","National"
"Percentage achieving at least the expected standard in all ELGs","2019","Year","Black","White/Black/Asian/Mixed/Chinese/All","E92000001","ONS geography code","England","Girls","Boys/Girls/All","76","15200","","National"
"Percentage achieving at least the expected standard in all ELGs","2019","Year","Black","White/Black/Asian/Mixed/Chinese/All","E92000001","ONS geography code","England","Boys","Boys/Girls/All","60","15936","","National"
"Percentage achieving at least the expected standard in all ELGs","2019","Year","Black","White/Black/Asian/Mixed/Chinese/All","E92000001","ONS geography code","England","All","Boys/Girls/All","68","31136","","National"
"Percentage achieving at least the expected standard in all ELGs","2019","Year","Chinese","White/Black/Asian/Mixed/Chinese/All","E92000001","ONS geography code","England","Girls","Boys/Girls/All","81","1413","","National"
"Percentage achieving at least the expected standard in all ELGs","2019","Year","Chinese","White/Black/Asian/Mixed/Chinese/All","E92000001","ONS geography code","England","Boys","Boys/Girls/All","72","1589","","National"
"Percentage achieving at least the expected standard in all ELGs","2019","Year","Chinese","White/Black/Asian/Mixed/Chinese/All","E92000001","ONS geography code","England","All","Boys/Girls/All","76","3002","","National"
"Percentage achieving at least the expected standard in all ELGs","2019","Year","Mixed","White/Black/Asian/Mixed/Chinese/All","E92000001","ONS geography code","England","Girls","Boys/Girls/All","79","20335","","National"
"Percentage achieving at least the expected standard in all ELGs","2019","Year","Mixed","White/Black/Asian/Mixed/Chinese/All","E92000001","ONS geography code","England","Boys","Boys/Girls/All","66","21350","","National"
"Percentage achieving at least the expected standard in all ELGs","2019","Year","Mixed","White/Black/Asian/Mixed/Chinese/All","E92000001","ONS geography code","England","All","Boys/Girls/All","72","41685","","National"
"Percentage achieving at least the expected standard in all ELGs","2019","Year","White","White/Black/Asian/Mixed/Chinese/All","E92000001","ONS geography code","England","Girls","Boys/Girls/All","79","224063","","National"
"Percentage achieving at least the expected standard in all ELGs","2019","Year","White","White/Black/Asian/Mixed/Chinese/All","E92000001","ONS geography code","England","Boys","Boys/Girls/All","65","235340","","National"
"Percentage achieving at least the expected standard in all ELGs","2019","Year","White","White/Black/Asian/Mixed/Chinese/All","E92000001","ONS geography code","England","All","Boys/Girls/All","72","459403","","National"
"Percentage achieving at least the expected standard in all ELGs","2019","Year","All","White/Black/Asian/Mixed/Chinese/All","E10000012","ONS geography code","Essex","Girls","Boys/Girls/All","80","8286","","Local Authority"
"Percentage achieving at least the expected standard in all ELGs","2019","Year","All","White/Black/Asian/Mixed/Chinese/All","E10000012","ONS geography code","Essex","Boys","Boys/Girls/All","67","8611","","Local Authority"
"Percentage achieving at least the expected standard in all ELGs","2019","Year","All","White/Black/Asian/Mixed/Chinese/All","E10000012","ONS geography code","Essex","All","Boys/Girls/All","73","16897","","Local Authority"
"Percentage achieving at least the expected standard in all ELGs","2019","Year","Asian","White/Black/Asian/Mixed/Chinese/All","E10000012","ONS geography code","Essex","Girls","Boys/Girls/All","82","215","","Local Authority"
"Percentage achieving at least the expected standard in all ELGs","2019","Year","Asian","White/Black/Asian/Mixed/Chinese/All","E10000012","ONS geography code","Essex","Boys","Boys/Girls/All","65","237","","Local Authority"
"Percentage achieving at least the expected standard in all ELGs","2019","Year","Asian","White/Black/Asian/Mixed/Chinese/All","E10000012","ONS geography code","Essex","All","Boys/Girls/All","73","452","","Local Authority"
"Percentage achieving at least the expected standard in all ELGs","2019","Year","Black","White/Black/Asian/Mixed/Chinese/All","E10000012","ONS geography code","Essex","Boys","Boys/Girls/All","60","231","","Local Authority"
"Percentage achieving at least the expected standard in all ELGs","2019","Year","Black","White/Black/Asian/Mixed/Chinese/All","E10000012","ONS geography code","Essex","Girls","Boys/Girls/All","73","232","","Local Authority"
"Percentage achieving at least the expected standard in all ELGs","2019","Year","Black","White/Black/Asian/Mixed/Chinese/All","E10000012","ONS geography code","Essex","All","Boys/Girls/All","67","463","","Local Authority"
"Percentage achieving at least the expected standard in all ELGs","2019","Year","Chinese","White/Black/Asian/Mixed/Chinese/All","E10000012","ONS geography code","Essex","Girls","Boys/Girls/All","76","29","","Local Authority"
"Percentage achieving at least the expected standard in all ELGs","2019","Year","Chinese","White/Black/Asian/Mixed/Chinese/All","E10000012","ONS geography code","Essex","Boys","Boys/Girls/All","84","31","","Local Authority"
"Percentage achieving at least the expected standard in all ELGs","2019","Year","Chinese","White/Black/Asian/Mixed/Chinese/All","E10000012","ONS geography code","Essex","All","Boys/Girls/All","80","60","","Local Authority"
"Percentage achieving at least the expected standard in all ELGs","2019","Year","Mixed","White/Black/Asian/Mixed/Chinese/All","E10000012","ONS geography code","Essex","Girls","Boys/Girls/All","80","444","","Local Authority"
"Percentage achieving at least the expected standard in all ELGs","2019","Year","Mixed","White/Black/Asian/Mixed/Chinese/All","E10000012","ONS geography code","Essex","Boys","Boys/Girls/All","67","470","","Local Authority"
"Percentage achieving at least the expected standard in all ELGs","2019","Year","Mixed","White/Black/Asian/Mixed/Chinese/All","E10000012","ONS geography code","Essex","All","Boys/Girls/All","74","914","","Local Authority"
"Percentage achieving at least the expected standard in all ELGs","2019","Year","White","White/Black/Asian/Mixed/Chinese/All","E10000012","ONS geography code","Essex","Girls","Boys/Girls/All","80","7006","","Local Authority"
"Percentage achieving at least the expected standard in all ELGs","2019","Year","White","White/Black/Asian/Mixed/Chinese/All","E10000012","ONS geography code","Essex","Boys","Boys/Girls/All","68","7266","","Local Authority"
"Percentage achieving at least the expected standard in all ELGs","2019","Year","White","White/Black/Asian/Mixed/Chinese/All","E10000012","ONS geography code","Essex","All","Boys/Girls/All","74","14272","","Local Authority"
"Percentage achieving at least the expected standard in all ELGs","2019","Year","All","White/Black/Asian/Mixed/Chinese/All","E08000037","ONS geography code","Gateshead","Boys","Boys/Girls/All","66","1039","","Local Authority"
"Percentage achieving at least the expected standard in all ELGs","2019","Year","All","White/Black/Asian/Mixed/Chinese/All","E08000037","ONS geography code","Gateshead","Girls","Boys/Girls/All","79","1070","","Local Authority"
"Percentage achieving at least the expected standard in all ELGs","2019","Year","All","White/Black/Asian/Mixed/Chinese/All","E08000037","ONS geography code","Gateshead","All","Boys/Girls/All","72","2109","","Local Authority"
"Percentage achieving at least the expected standard in all ELGs","2019","Year","Asian","White/Black/Asian/Mixed/Chinese/All","E08000037","ONS geography code","Gateshead","Girls","Boys/Girls/All","72","18","","Local Authority"
"Percentage achieving at least the expected standard in all ELGs","2019","Year","Asian","White/Black/Asian/Mixed/Chinese/All","E08000037","ONS geography code","Gateshead","Boys","Boys/Girls/All","75","20","","Local Authority"
"Percentage achieving at least the expected standard in all ELGs","2019","Year","Asian","White/Black/Asian/Mixed/Chinese/All","E08000037","ONS geography code","Gateshead","All","Boys/Girls/All","74","38","","Local Authority"
"Percentage achieving at least the expected standard in all ELGs","2019","Year","Black","White/Black/Asian/Mixed/Chinese/All","E08000037","ONS geography code","Gateshead","Girls","Boys/Girls/All","62","13","","Local Authority"
"Percentage achieving at least the expected standard in all ELGs","2019","Year","Black","White/Black/Asian/Mixed/Chinese/All","E08000037","ONS geography code","Gateshead","Boys","Boys/Girls/All","58","19","","Local Authority"
"Percentage achieving at least the expected standard in all ELGs","2019","Year","Black","White/Black/Asian/Mixed/Chinese/All","E08000037","ONS geography code","Gateshead","All","Boys/Girls/All","59","32","","Local Authority"
"Percentage achieving at least the expected standard in all ELGs","2019","Year","Chinese","White/Black/Asian/Mixed/Chinese/All","E08000037","ONS geography code","Gateshead","Boys","Boys/Girls/All","70","10","","Local Authority"
"Percentage achieving at least the expected standard in all ELGs","2019","Year","Chinese","White/Black/Asian/Mixed/Chinese/All","E08000037","ONS geography code","Gateshead","Girls","Boys/Girls/All","69","16","","Local Authority"
"Percentage achieving at least the expected standard in all ELGs","2019","Year","Chinese","White/Black/Asian/Mixed/Chinese/All","E08000037","ONS geography code","Gateshead","All","Boys/Girls/All","69","26","","Local Authority"
"Percentage achieving at least the expected standard in all ELGs","2019","Year","Mixed","White/Black/Asian/Mixed/Chinese/All","E08000037","ONS geography code","Gateshead","Girls","Boys/Girls/All","72","29","","Local Authority"
"Percentage achieving at least the expected standard in all ELGs","2019","Year","Mixed","White/Black/Asian/Mixed/Chinese/All","E08000037","ONS geography code","Gateshead","Boys","Boys/Girls/All","77","35","","Local Authority"
"Percentage achieving at least the expected standard in all ELGs","2019","Year","Mixed","White/Black/Asian/Mixed/Chinese/All","E08000037","ONS geography code","Gateshead","All","Boys/Girls/All","75","64","","Local Authority"
"Percentage achieving at least the expected standard in all ELGs","2019","Year","White","White/Black/Asian/Mixed/Chinese/All","E08000037","ONS geography code","Gateshead","Boys","Boys/Girls/All","66","899","","Local Authority"
"Percentage achieving at least the expected standard in all ELGs","2019","Year","White","White/Black/Asian/Mixed/Chinese/All","E08000037","ONS geography code","Gateshead","Girls","Boys/Girls/All","80","937","","Local Authority"
"Percentage achieving at least the expected standard in all ELGs","2019","Year","White","White/Black/Asian/Mixed/Chinese/All","E08000037","ONS geography code","Gateshead","All","Boys/Girls/All","73","1836","","Local Authority"
"Percentage achieving at least the expected standard in all ELGs","2019","Year","All","White/Black/Asian/Mixed/Chinese/All","E10000013","ONS geography code","Gloucestershire","Girls","Boys/Girls/All","78","3353","","Local Authority"
"Percentage achieving at least the expected standard in all ELGs","2019","Year","All","White/Black/Asian/Mixed/Chinese/All","E10000013","ONS geography code","Gloucestershire","Boys","Boys/Girls/All","64","3420","","Local Authority"
"Percentage achieving at least the expected standard in all ELGs","2019","Year","All","White/Black/Asian/Mixed/Chinese/All","E10000013","ONS geography code","Gloucestershire","All","Boys/Girls/All","71","6773","","Local Authority"
"Percentage achieving at least the expected standard in all ELGs","2019","Year","Asian","White/Black/Asian/Mixed/Chinese/All","E10000013","ONS geography code","Gloucestershire","Girls","Boys/Girls/All","67","76","","Local Authority"
"Percentage achieving at least the expected standard in all ELGs","2019","Year","Asian","White/Black/Asian/Mixed/Chinese/All","E10000013","ONS geography code","Gloucestershire","Boys","Boys/Girls/All","48","95","","Local Authority"
"Percentage achieving at least the expected standard in all ELGs","2019","Year","Asian","White/Black/Asian/Mixed/Chinese/All","E10000013","ONS geography code","Gloucestershire","All","Boys/Girls/All","57","171","","Local Authority"
"Percentage achieving at least the expected standard in all ELGs","2019","Year","Black","White/Black/Asian/Mixed/Chinese/All","E10000013","ONS geography code","Gloucestershire","Girls","Boys/Girls/All","56","48","","Local Authority"
"Percentage achieving at least the expected standard in all ELGs","2019","Year","Black","White/Black/Asian/Mixed/Chinese/All","E10000013","ONS geography code","Gloucestershire","Boys","Boys/Girls/All","56","50","","Local Authority"
"Percentage achieving at least the expected standard in all ELGs","2019","Year","Black","White/Black/Asian/Mixed/Chinese/All","E10000013","ONS geography code","Gloucestershire","All","Boys/Girls/All","56","98","","Local Authority"
"Percentage achieving at least the expected standard in all ELGs","2019","Year","Chinese","White/Black/Asian/Mixed/Chinese/All","E10000013","ONS geography code","Gloucestershire","Girls","Boys/Girls/All","75","8","","Local Authority"
"Percentage achieving at least the expected standard in all ELGs","2019","Year","Chinese","White/Black/Asian/Mixed/Chinese/All","E10000013","ONS geography code","Gloucestershire","Boys","Boys/Girls/All","56","9","","Local Authority"
"Percentage achieving at least the expected standard in all ELGs","2019","Year","Chinese","White/Black/Asian/Mixed/Chinese/All","E10000013","ONS geography code","Gloucestershire","All","Boys/Girls/All","65","17","","Local Authority"
"Percentage achieving at least the expected standard in all ELGs","2019","Year","Mixed","White/Black/Asian/Mixed/Chinese/All","E10000013","ONS geography code","Gloucestershire","Girls","Boys/Girls/All","76","152","","Local Authority"
"Percentage achieving at least the expected standard in all ELGs","2019","Year","Mixed","White/Black/Asian/Mixed/Chinese/All","E10000013","ONS geography code","Gloucestershire","Boys","Boys/Girls/All","67","184","","Local Authority"
"Percentage achieving at least the expected standard in all ELGs","2019","Year","Mixed","White/Black/Asian/Mixed/Chinese/All","E10000013","ONS geography code","Gloucestershire","All","Boys/Girls/All","71","336","","Local Authority"
"Percentage achieving at least the expected standard in all ELGs","2019","Year","White","White/Black/Asian/Mixed/Chinese/All","E10000013","ONS geography code","Gloucestershire","Girls","Boys/Girls/All","79","2911","","Local Authority"
"Percentage achieving at least the expected standard in all ELGs","2019","Year","White","White/Black/Asian/Mixed/Chinese/All","E10000013","ONS geography code","Gloucestershire","Boys","Boys/Girls/All","65","2946","","Local Authority"
"Percentage achieving at least the expected standard in all ELGs","2019","Year","White","White/Black/Asian/Mixed/Chinese/All","E10000013","ONS geography code","Gloucestershire","All","Boys/Girls/All","72","5857","","Local Authority"
"Percentage achieving at least the expected standard in all ELGs","2019","Year","All","White/Black/Asian/Mixed/Chinese/All","E09000011","ONS geography code","Greenwich","Girls","Boys/Girls/All","84","1774","","Local Authority"
"Percentage achieving at least the expected standard in all ELGs","2019","Year","All","White/Black/Asian/Mixed/Chinese/All","E09000011","ONS geography code","Greenwich","Boys","Boys/Girls/All","72","1835","","Local Authority"
"Percentage achieving at least the expected standard in all ELGs","2019","Year","All","White/Black/Asian/Mixed/Chinese/All","E09000011","ONS geography code","Greenwich","All","Boys/Girls/All","78","3609","","Local Authority"
"Percentage achieving at least the expected standard in all ELGs","2019","Year","Asian","White/Black/Asian/Mixed/Chinese/All","E09000011","ONS geography code","Greenwich","Girls","Boys/Girls/All","88","147","","Local Authority"
"Percentage achieving at least the expected standard in all ELGs","2019","Year","Asian","White/Black/Asian/Mixed/Chinese/All","E09000011","ONS geography code","Greenwich","Boys","Boys/Girls/All","68","195","","Local Authority"
"Percentage achieving at least the expected standard in all ELGs","2019","Year","Asian","White/Black/Asian/Mixed/Chinese/All","E09000011","ONS geography code","Greenwich","All","Boys/Girls/All","77","342","","Local Authority"
"Percentage achieving at least the expected standard in all ELGs","2019","Year","Black","White/Black/Asian/Mixed/Chinese/All","E09000011","ONS geography code","Greenwich","Boys","Boys/Girls/All","69","501","","Local Authority"
"Percentage achieving at least the expected standard in all ELGs","2019","Year","Black","White/Black/Asian/Mixed/Chinese/All","E09000011","ONS geography code","Greenwich","Girls","Boys/Girls/All","83","524","","Local Authority"
"Percentage achieving at least the expected standard in all ELGs","2019","Year","Black","White/Black/Asian/Mixed/Chinese/All","E09000011","ONS geography code","Greenwich","All","Boys/Girls/All","76","1025","","Local Authority"
"Percentage achieving at least the expected standard in all ELGs","2019","Year","Chinese","White/Black/Asian/Mixed/Chinese/All","E09000011","ONS geography code","Greenwich","Boys","Boys/Girls/All","86","35","","Local Authority"
"Percentage achieving at least the expected standard in all ELGs","2019","Year","Chinese","White/Black/Asian/Mixed/Chinese/All","E09000011","ONS geography code","Greenwich","Girls","Boys/Girls/All","90","39","","Local Authority"
"Percentage achieving at least the expected standard in all ELGs","2019","Year","Chinese","White/Black/Asian/Mixed/Chinese/All","E09000011","ONS geography code","Greenwich","All","Boys/Girls/All","88","74","","Local Authority"
"Percentage achieving at least the expected standard in all ELGs","2019","Year","Mixed","White/Black/Asian/Mixed/Chinese/All","E09000011","ONS geography code","Greenwich","Girls","Boys/Girls/All","88","204","","Local Authority"
"Percentage achieving at least the expected standard in all ELGs","2019","Year","Mixed","White/Black/Asian/Mixed/Chinese/All","E09000011","ONS geography code","Greenwich","Boys","Boys/Girls/All","76","237","","Local Authority"
"Percentage achieving at least the expected standard in all ELGs","2019","Year","Mixed","White/Black/Asian/Mixed/Chinese/All","E09000011","ONS geography code","Greenwich","All","Boys/Girls/All","82","441","","Local Authority"
"Percentage achieving at least the expected standard in all ELGs","2019","Year","White","White/Black/Asian/Mixed/Chinese/All","E09000011","ONS geography code","Greenwich","Girls","Boys/Girls/All","83","745","","Local Authority"
"Percentage achieving at least the expected standard in all ELGs","2019","Year","White","White/Black/Asian/Mixed/Chinese/All","E09000011","ONS geography code","Greenwich","Boys","Boys/Girls/All","73","764","","Local Authority"
"Percentage achieving at least the expected standard in all ELGs","2019","Year","White","White/Black/Asian/Mixed/Chinese/All","E09000011","ONS geography code","Greenwich","All","Boys/Girls/All","78","1509","","Local Authority"
"Percentage achieving at least the expected standard in all ELGs","2019","Year","All","White/Black/Asian/Mixed/Chinese/All","E09000012","ONS geography code","Hackney","Girls","Boys/Girls/All","76","1413","","Local Authority"
"Percentage achieving at least the expected standard in all ELGs","2019","Year","All","White/Black/Asian/Mixed/Chinese/All","E09000012","ONS geography code","Hackney","Boys","Boys/Girls/All","61","1512","","Local Authority"
"Percentage achieving at least the expected standard in all ELGs","2019","Year","All","White/Black/Asian/Mixed/Chinese/All","E09000012","ONS geography code","Hackney","All","Boys/Girls/All","68","2925","","Local Authority"
"Percentage achieving at least the expected standard in all ELGs","2019","Year","Asian","White/Black/Asian/Mixed/Chinese/All","E09000012","ONS geography code","Hackney","Boys","Boys/Girls/All","74","137","","Local Authority"
"Percentage achieving at least the expected standard in all ELGs","2019","Year","Asian","White/Black/Asian/Mixed/Chinese/All","E09000012","ONS geography code","Hackney","Girls","Boys/Girls/All","86","162","","Local Authority"
"Percentage achieving at least the expected standard in all ELGs","2019","Year","Asian","White/Black/Asian/Mixed/Chinese/All","E09000012","ONS geography code","Hackney","All","Boys/Girls/All","81","299","","Local Authority"
"Percentage achieving at least the expected standard in all ELGs","2019","Year","Black","White/Black/Asian/Mixed/Chinese/All","E09000012","ONS geography code","Hackney","Girls","Boys/Girls/All","80","353","","Local Authority"
"Percentage achieving at least the expected standard in all ELGs","2019","Year","Black","White/Black/Asian/Mixed/Chinese/All","E09000012","ONS geography code","Hackney","Boys","Boys/Girls/All","62","389","","Local Authority"
"Percentage achieving at least the expected standard in all ELGs","2019","Year","Black","White/Black/Asian/Mixed/Chinese/All","E09000012","ONS geography code","Hackney","All","Boys/Girls/All","71","742","","Local Authority"
"Percentage achieving at least the expected standard in all ELGs","2019","Year","Chinese","White/Black/Asian/Mixed/Chinese/All","E09000012","ONS geography code","Hackney","Boys","Boys/Girls/All","86","7","","Local Authority"
"Percentage achieving at least the expected standard in all ELGs","2019","Year","Chinese","White/Black/Asian/Mixed/Chinese/All","E09000012","ONS geography code","Hackney","Girls","Boys/Girls/All","100","9","","Local Authority"
"Percentage achieving at least the expected standard in all ELGs","2019","Year","Chinese","White/Black/Asian/Mixed/Chinese/All","E09000012","ONS geography code","Hackney","All","Boys/Girls/All","94","16","","Local Authority"
"Percentage achieving at least the expected standard in all ELGs","2019","Year","Mixed","White/Black/Asian/Mixed/Chinese/All","E09000012","ONS geography code","Hackney","Girls","Boys/Girls/All","83","159","","Local Authority"
"Percentage achieving at least the expected standard in all ELGs","2019","Year","Mixed","White/Black/Asian/Mixed/Chinese/All","E09000012","ONS geography code","Hackney","Boys","Boys/Girls/All","70","187","","Local Authority"
"Percentage achieving at least the expected standard in all ELGs","2019","Year","Mixed","White/Black/Asian/Mixed/Chinese/All","E09000012","ONS geography code","Hackney","All","Boys/Girls/All","76","346","","Local Authority"
"Percentage achieving at least the expected standard in all ELGs","2019","Year","White","White/Black/Asian/Mixed/Chinese/All","E09000012","ONS geography code","Hackney","Girls","Boys/Girls/All","82","465","","Local Authority"
"Percentage achieving at least the expected standard in all ELGs","2019","Year","White","White/Black/Asian/Mixed/Chinese/All","E09000012","ONS geography code","Hackney","Boys","Boys/Girls/All","75","469","","Local Authority"
"Percentage achieving at least the expected standard in all ELGs","2019","Year","White","White/Black/Asian/Mixed/Chinese/All","E09000012","ONS geography code","Hackney","All","Boys/Girls/All","79","934","","Local Authority"
"Percentage achieving at least the expected standard in all ELGs","2019","Year","All","White/Black/Asian/Mixed/Chinese/All","E06000006","ONS geography code","Halton","Girls","Boys/Girls/All","75","692","","Local Authority"
"Percentage achieving at least the expected standard in all ELGs","2019","Year","All","White/Black/Asian/Mixed/Chinese/All","E06000006","ONS geography code","Halton","Boys","Boys/Girls/All","56","764","","Local Authority"
"Percentage achieving at least the expected standard in all ELGs","2019","Year","All","White/Black/Asian/Mixed/Chinese/All","E06000006","ONS geography code","Halton","All","Boys/Girls/All","65","1456","","Local Authority"
"Percentage achieving at least the expected standard in all ELGs","2019","Year","Asian","White/Black/Asian/Mixed/Chinese/All","E06000006","ONS geography code","Halton","Girls","Boys/Girls/All","?","2","","Local Authority"
"Percentage achieving at least the expected standard in all ELGs","2019","Year","Asian","White/Black/Asian/Mixed/Chinese/All","E06000006","ONS geography code","Halton","Boys","Boys/Girls/All","?","2","","Local Authority"
"Percentage achieving at least the expected standard in all ELGs","2019","Year","Asian","White/Black/Asian/Mixed/Chinese/All","E06000006","ONS geography code","Halton","All","Boys/Girls/All","?","4","","Local Authority"
"Percentage achieving at least the expected standard in all ELGs","2019","Year","Black","White/Black/Asian/Mixed/Chinese/All","E06000006","ONS geography code","Halton","Girls","Boys/Girls/All","?","1","","Local Authority"
"Percentage achieving at least the expected standard in all ELGs","2019","Year","Black","White/Black/Asian/Mixed/Chinese/All","E06000006","ONS geography code","Halton","Boys","Boys/Girls/All","?","1","","Local Authority"
"Percentage achieving at least the expected standard in all ELGs","2019","Year","Black","White/Black/Asian/Mixed/Chinese/All","E06000006","ONS geography code","Halton","All","Boys/Girls/All","?","2","","Local Authority"
"Percentage achieving at least the expected standard in all ELGs","2019","Year","Chinese","White/Black/Asian/Mixed/Chinese/All","E06000006","ONS geography code","Halton","All","Boys/Girls/All","N/A","0","","Local Authority"
"Percentage achieving at least the expected standard in all ELGs","2019","Year","Chinese","White/Black/Asian/Mixed/Chinese/All","E06000006","ONS geography code","Halton","Girls","Boys/Girls/All","N/A","0","","Local Authority"
"Percentage achieving at least the expected standard in all ELGs","2019","Year","Chinese","White/Black/Asian/Mixed/Chinese/All","E06000006","ONS geography code","Halton","Boys","Boys/Girls/All","N/A","0","","Local Authority"
"Percentage achieving at least the expected standard in all ELGs","2019","Year","Mixed","White/Black/Asian/Mixed/Chinese/All","E06000006","ONS geography code","Halton","Girls","Boys/Girls/All","85","20","","Local Authority"
"Percentage achieving at least the expected standard in all ELGs","2019","Year","Mixed","White/Black/Asian/Mixed/Chinese/All","E06000006","ONS geography code","Halton","Boys","Boys/Girls/All","52","21","","Local Authority"
"Percentage achieving at least the expected standard in all ELGs","2019","Year","Mixed","White/Black/Asian/Mixed/Chinese/All","E06000006","ONS geography code","Halton","All","Boys/Girls/All","68","41","","Local Authority"
"Percentage achieving at least the expected standard in all ELGs","2019","Year","White","White/Black/Asian/Mixed/Chinese/All","E06000006","ONS geography code","Halton","Girls","Boys/Girls/All","75","656","","Local Authority"
"Percentage achieving at least the expected standard in all ELGs","2019","Year","White","White/Black/Asian/Mixed/Chinese/All","E06000006","ONS geography code","Halton","Boys","Boys/Girls/All","57","727","","Local Authority"
"Percentage achieving at least the expected standard in all ELGs","2019","Year","White","White/Black/Asian/Mixed/Chinese/All","E06000006","ONS geography code","Halton","All","Boys/Girls/All","65","1383","","Local Authority"
"Percentage achieving at least the expected standard in all ELGs","2019","Year","All","White/Black/Asian/Mixed/Chinese/All","E09000013","ONS geography code","Hammersmith and Fulham","Boys","Boys/Girls/All","65","757","","Local Authority"
"Percentage achieving at least the expected standard in all ELGs","2019","Year","All","White/Black/Asian/Mixed/Chinese/All","E09000013","ONS geography code","Hammersmith and Fulham","Girls","Boys/Girls/All","80","759","","Local Authority"
"Percentage achieving at least the expected standard in all ELGs","2019","Year","All","White/Black/Asian/Mixed/Chinese/All","E09000013","ONS geography code","Hammersmith and Fulham","All","Boys/Girls/All","72","1516","","Local Authority"
"Percentage achieving at least the expected standard in all ELGs","2019","Year","Asian","White/Black/Asian/Mixed/Chinese/All","E09000013","ONS geography code","Hammersmith and Fulham","Boys","Boys/Girls/All","58","45","","Local Authority"
"Percentage achieving at least the expected standard in all ELGs","2019","Year","Asian","White/Black/Asian/Mixed/Chinese/All","E09000013","ONS geography code","Hammersmith and Fulham","Girls","Boys/Girls/All","86","58","","Local Authority"
"Percentage achieving at least the expected standard in all ELGs","2019","Year","Asian","White/Black/Asian/Mixed/Chinese/All","E09000013","ONS geography code","Hammersmith and Fulham","All","Boys/Girls/All","74","103","","Local Authority"
"Percentage achieving at least the expected standard in all ELGs","2019","Year","Black","White/Black/Asian/Mixed/Chinese/All","E09000013","ONS geography code","Hammersmith and Fulham","Girls","Boys/Girls/All","75","114","","Local Authority"
"Percentage achieving at least the expected standard in all ELGs","2019","Year","Black","White/Black/Asian/Mixed/Chinese/All","E09000013","ONS geography code","Hammersmith and Fulham","Boys","Boys/Girls/All","55","126","","Local Authority"
"Percentage achieving at least the expected standard in all ELGs","2019","Year","Black","White/Black/Asian/Mixed/Chinese/All","E09000013","ONS geography code","Hammersmith and Fulham","All","Boys/Girls/All","64","240","","Local Authority"
"Percentage achieving at least the expected standard in all ELGs","2019","Year","Chinese","White/Black/Asian/Mixed/Chinese/All","E09000013","ONS geography code","Hammersmith and Fulham","Boys","Boys/Girls/All","?","4","","Local Authority"
"Percentage achieving at least the expected standard in all ELGs","2019","Year","Chinese","White/Black/Asian/Mixed/Chinese/All","E09000013","ONS geography code","Hammersmith and Fulham","Girls","Boys/Girls/All","100","5","","Local Authority"
"Percentage achieving at least the expected standard in all ELGs","2019","Year","Chinese","White/Black/Asian/Mixed/Chinese/All","E09000013","ONS geography code","Hammersmith and Fulham","All","Boys/Girls/All","78","9","","Local Authority"
"Percentage achieving at least the expected standard in all ELGs","2019","Year","Mixed","White/Black/Asian/Mixed/Chinese/All","E09000013","ONS geography code","Hammersmith and Fulham","Girls","Boys/Girls/All","70","96","","Local Authority"
"Percentage achieving at least the expected standard in all ELGs","2019","Year","Mixed","White/Black/Asian/Mixed/Chinese/All","E09000013","ONS geography code","Hammersmith and Fulham","Boys","Boys/Girls/All","66","100","","Local Authority"
"Percentage achieving at least the expected standard in all ELGs","2019","Year","Mixed","White/Black/Asian/Mixed/Chinese/All","E09000013","ONS geography code","Hammersmith and Fulham","All","Boys/Girls/All","68","196","","Local Authority"
"Percentage achieving at least the expected standard in all ELGs","2019","Year","White","White/Black/Asian/Mixed/Chinese/All","E09000013","ONS geography code","Hammersmith and Fulham","Boys","Boys/Girls/All","72","310","","Local Authority"
"Percentage achieving at least the expected standard in all ELGs","2019","Year","White","White/Black/Asian/Mixed/Chinese/All","E09000013","ONS geography code","Hammersmith and Fulham","Girls","Boys/Girls/All","83","315","","Local Authority"
"Percentage achieving at least the expected standard in all ELGs","2019","Year","White","White/Black/Asian/Mixed/Chinese/All","E09000013","ONS geography code","Hammersmith and Fulham","All","Boys/Girls/All","77","625","","Local Authority"
"Percentage achieving at least the expected standard in all ELGs","2019","Year","All","White/Black/Asian/Mixed/Chinese/All","E10000014","ONS geography code","Hampshire","Girls","Boys/Girls/All","83","7421","","Local Authority"
"Percentage achieving at least the expected standard in all ELGs","2019","Year","All","White/Black/Asian/Mixed/Chinese/All","E10000014","ONS geography code","Hampshire","Boys","Boys/Girls/All","70","7759","","Local Authority"
"Percentage achieving at least the expected standard in all ELGs","2019","Year","All","White/Black/Asian/Mixed/Chinese/All","E10000014","ONS geography code","Hampshire","All","Boys/Girls/All","76","15180","","Local Authority"
"Percentage achieving at least the expected standard in all ELGs","2019","Year","Asian","White/Black/Asian/Mixed/Chinese/All","E10000014","ONS geography code","Hampshire","Boys","Boys/Girls/All","64","255","","Local Authority"
"Percentage achieving at least the expected standard in all ELGs","2019","Year","Asian","White/Black/Asian/Mixed/Chinese/All","E10000014","ONS geography code","Hampshire","Girls","Boys/Girls/All","85","270","","Local Authority"
"Percentage achieving at least the expected standard in all ELGs","2019","Year","Asian","White/Black/Asian/Mixed/Chinese/All","E10000014","ONS geography code","Hampshire","All","Boys/Girls/All","75","525","","Local Authority"
"Percentage achieving at least the expected standard in all ELGs","2019","Year","Black","White/Black/Asian/Mixed/Chinese/All","E10000014","ONS geography code","Hampshire","Boys","Boys/Girls/All","65","96","","Local Authority"
"Percentage achieving at least the expected standard in all ELGs","2019","Year","Black","White/Black/Asian/Mixed/Chinese/All","E10000014","ONS geography code","Hampshire","Girls","Boys/Girls/All","79","108","","Local Authority"
"Percentage achieving at least the expected standard in all ELGs","2019","Year","Black","White/Black/Asian/Mixed/Chinese/All","E10000014","ONS geography code","Hampshire","All","Boys/Girls/All","72","204","","Local Authority"
"Percentage achieving at least the expected standard in all ELGs","2019","Year","Chinese","White/Black/Asian/Mixed/Chinese/All","E10000014","ONS geography code","Hampshire","Boys","Boys/Girls/All","79","29","","Local Authority"
"Percentage achieving at least the expected standard in all ELGs","2019","Year","Chinese","White/Black/Asian/Mixed/Chinese/All","E10000014","ONS geography code","Hampshire","Girls","Boys/Girls/All","74","31","","Local Authority"
"Percentage achieving at least the expected standard in all ELGs","2019","Year","Chinese","White/Black/Asian/Mixed/Chinese/All","E10000014","ONS geography code","Hampshire","All","Boys/Girls/All","77","60","","Local Authority"
"Percentage achieving at least the expected standard in all ELGs","2019","Year","Mixed","White/Black/Asian/Mixed/Chinese/All","E10000014","ONS geography code","Hampshire","Boys","Boys/Girls/All","67","314","","Local Authority"
"Percentage achieving at least the expected standard in all ELGs","2019","Year","Mixed","White/Black/Asian/Mixed/Chinese/All","E10000014","ONS geography code","Hampshire","Girls","Boys/Girls/All","80","316","","Local Authority"
"Percentage achieving at least the expected standard in all ELGs","2019","Year","Mixed","White/Black/Asian/Mixed/Chinese/All","E10000014","ONS geography code","Hampshire","All","Boys/Girls/All","73","630","","Local Authority"
"Percentage achieving at least the expected standard in all ELGs","2019","Year","White","White/Black/Asian/Mixed/Chinese/All","E10000014","ONS geography code","Hampshire","Girls","Boys/Girls/All","83","6471","","Local Authority"
"Percentage achieving at least the expected standard in all ELGs","2019","Year","White","White/Black/Asian/Mixed/Chinese/All","E10000014","ONS geography code","Hampshire","Boys","Boys/Girls/All","71","6806","","Local Authority"
"Percentage achieving at least the expected standard in all ELGs","2019","Year","White","White/Black/Asian/Mixed/Chinese/All","E10000014","ONS geography code","Hampshire","All","Boys/Girls/All","77","13277","","Local Authority"
"Percentage achieving at least the expected standard in all ELGs","2019","Year","All","White/Black/Asian/Mixed/Chinese/All","E09000014","ONS geography code","Haringey","Girls","Boys/Girls/All","81","1484","","Local Authority"
"Percentage achieving at least the expected standard in all ELGs","2019","Year","All","White/Black/Asian/Mixed/Chinese/All","E09000014","ONS geography code","Haringey","Boys","Boys/Girls/All","67","1530","","Local Authority"
"Percentage achieving at least the expected standard in all ELGs","2019","Year","All","White/Black/Asian/Mixed/Chinese/All","E09000014","ONS geography code","Haringey","All","Boys/Girls/All","74","3014","","Local Authority"
"Percentage achieving at least the expected standard in all ELGs","2019","Year","Asian","White/Black/Asian/Mixed/Chinese/All","E09000014","ONS geography code","Haringey","Boys","Boys/Girls/All","66","91","","Local Authority"
"Percentage achieving at least the expected standard in all ELGs","2019","Year","Asian","White/Black/Asian/Mixed/Chinese/All","E09000014","ONS geography code","Haringey","Girls","Boys/Girls/All","86","100","","Local Authority"
"Percentage achieving at least the expected standard in all ELGs","2019","Year","Asian","White/Black/Asian/Mixed/Chinese/All","E09000014","ONS geography code","Haringey","All","Boys/Girls/All","76","191","","Local Authority"
"Percentage achieving at least the expected standard in all ELGs","2019","Year","Black","White/Black/Asian/Mixed/Chinese/All","E09000014","ONS geography code","Haringey","Boys","Boys/Girls/All","60","300","","Local Authority"
"Percentage achieving at least the expected standard in all ELGs","2019","Year","Black","White/Black/Asian/Mixed/Chinese/All","E09000014","ONS geography code","Haringey","Girls","Boys/Girls/All","78","307","","Local Authority"
"Percentage achieving at least the expected standard in all ELGs","2019","Year","Black","White/Black/Asian/Mixed/Chinese/All","E09000014","ONS geography code","Haringey","All","Boys/Girls/All","69","607","","Local Authority"
"Percentage achieving at least the expected standard in all ELGs","2019","Year","Chinese","White/Black/Asian/Mixed/Chinese/All","E09000014","ONS geography code","Haringey","Girls","Boys/Girls/All","93","14","","Local Authority"
"Percentage achieving at least the expected standard in all ELGs","2019","Year","Chinese","White/Black/Asian/Mixed/Chinese/All","E09000014","ONS geography code","Haringey","Boys","Boys/Girls/All","60","15","","Local Authority"
"Percentage achieving at least the expected standard in all ELGs","2019","Year","Chinese","White/Black/Asian/Mixed/Chinese/All","E09000014","ONS geography code","Haringey","All","Boys/Girls/All","76","29","","Local Authority"
"Percentage achieving at least the expected standard in all ELGs","2019","Year","Mixed","White/Black/Asian/Mixed/Chinese/All","E09000014","ONS geography code","Haringey","Girls","Boys/Girls/All","81","168","","Local Authority"
"Percentage achieving at least the expected standard in all ELGs","2019","Year","Mixed","White/Black/Asian/Mixed/Chinese/All","E09000014","ONS geography code","Haringey","Boys","Boys/Girls/All","74","177","","Local Authority"
"Percentage achieving at least the expected standard in all ELGs","2019","Year","Mixed","White/Black/Asian/Mixed/Chinese/All","E09000014","ONS geography code","Haringey","All","Boys/Girls/All","77","345","","Local Authority"
"Percentage achieving at least the expected standard in all ELGs","2019","Year","White","White/Black/Asian/Mixed/Chinese/All","E09000014","ONS geography code","Haringey","Girls","Boys/Girls/All","83","733","","Local Authority"
"Percentage achieving at least the expected standard in all ELGs","2019","Year","White","White/Black/Asian/Mixed/Chinese/All","E09000014","ONS geography code","Haringey","Boys","Boys/Girls/All","71","763","","Local Authority"
"Percentage achieving at least the expected standard in all ELGs","2019","Year","White","White/Black/Asian/Mixed/Chinese/All","E09000014","ONS geography code","Haringey","All","Boys/Girls/All","77","1496","","Local Authority"
"Percentage achieving at least the expected standard in all ELGs","2019","Year","All","White/Black/Asian/Mixed/Chinese/All","E09000015","ONS geography code","Harrow","Girls","Boys/Girls/All","80","1518","","Local Authority"
"Percentage achieving at least the expected standard in all ELGs","2019","Year","All","White/Black/Asian/Mixed/Chinese/All","E09000015","ONS geography code","Harrow","Boys","Boys/Girls/All","68","1571","","Local Authority"
"Percentage achieving at least the expected standard in all ELGs","2019","Year","All","White/Black/Asian/Mixed/Chinese/All","E09000015","ONS geography code","Harrow","All","Boys/Girls/All","74","3089","","Local Authority"
"Percentage achieving at least the expected standard in all ELGs","2019","Year","Asian","White/Black/Asian/Mixed/Chinese/All","E09000015","ONS geography code","Harrow","Girls","Boys/Girls/All","83","766","","Local Authority"
"Percentage achieving at least the expected standard in all ELGs","2019","Year","Asian","White/Black/Asian/Mixed/Chinese/All","E09000015","ONS geography code","Harrow","Boys","Boys/Girls/All","72","772","","Local Authority"
"Percentage achieving at least the expected standard in all ELGs","2019","Year","Asian","White/Black/Asian/Mixed/Chinese/All","E09000015","ONS geography code","Harrow","All","Boys/Girls/All","78","1538","","Local Authority"
"Percentage achieving at least the expected standard in all ELGs","2019","Year","Black","White/Black/Asian/Mixed/Chinese/All","E09000015","ONS geography code","Harrow","Girls","Boys/Girls/All","74","92","","Local Authority"
"Percentage achieving at least the expected standard in all ELGs","2019","Year","Black","White/Black/Asian/Mixed/Chinese/All","E09000015","ONS geography code","Harrow","Boys","Boys/Girls/All","54","96","","Local Authority"
"Percentage achieving at least the expected standard in all ELGs","2019","Year","Black","White/Black/Asian/Mixed/Chinese/All","E09000015","ONS geography code","Harrow","All","Boys/Girls/All","64","188","","Local Authority"
"Percentage achieving at least the expected standard in all ELGs","2019","Year","Chinese","White/Black/Asian/Mixed/Chinese/All","E09000015","ONS geography code","Harrow","Boys","Boys/Girls/All","?","3","","Local Authority"
"Percentage achieving at least the expected standard in all ELGs","2019","Year","Chinese","White/Black/Asian/Mixed/Chinese/All","E09000015","ONS geography code","Harrow","Girls","Boys/Girls/All","69","13","","Local Authority"
"Percentage achieving at least the expected standard in all ELGs","2019","Year","Chinese","White/Black/Asian/Mixed/Chinese/All","E09000015","ONS geography code","Harrow","All","Boys/Girls/All","75","16","","Local Authority"
"Percentage achieving at least the expected standard in all ELGs","2019","Year","Mixed","White/Black/Asian/Mixed/Chinese/All","E09000015","ONS geography code","Harrow","Girls","Boys/Girls/All","83","127","","Local Authority"
"Percentage achieving at least the expected standard in all ELGs","2019","Year","Mixed","White/Black/Asian/Mixed/Chinese/All","E09000015","ONS geography code","Harrow","Boys","Boys/Girls/All","71","128","","Local Authority"
"Percentage achieving at least the expected standard in all ELGs","2019","Year","Mixed","White/Black/Asian/Mixed/Chinese/All","E09000015","ONS geography code","Harrow","All","Boys/Girls/All","77","255","","Local Authority"
"Percentage achieving at least the expected standard in all ELGs","2019","Year","White","White/Black/Asian/Mixed/Chinese/All","E09000015","ONS geography code","Harrow","Girls","Boys/Girls/All","79","415","","Local Authority"
"Percentage achieving at least the expected standard in all ELGs","2019","Year","White","White/Black/Asian/Mixed/Chinese/All","E09000015","ONS geography code","Harrow","Boys","Boys/Girls/All","67","449","","Local Authority"
"Percentage achieving at least the expected standard in all ELGs","2019","Year","White","White/Black/Asian/Mixed/Chinese/All","E09000015","ONS geography code","Harrow","All","Boys/Girls/All","73","864","","Local Authority"
"Percentage achieving at least the expected standard in all ELGs","2019","Year","All","White/Black/Asian/Mixed/Chinese/All","E06000001","ONS geography code","Hartlepool","Girls","Boys/Girls/All","79","530","","Local Authority"
"Percentage achieving at least the expected standard in all ELGs","2019","Year","All","White/Black/Asian/Mixed/Chinese/All","E06000001","ONS geography code","Hartlepool","Boys","Boys/Girls/All","64","550","","Local Authority"
"Percentage achieving at least the expected standard in all ELGs","2019","Year","All","White/Black/Asian/Mixed/Chinese/All","E06000001","ONS geography code","Hartlepool","All","Boys/Girls/All","71","1080","","Local Authority"
"Percentage achieving at least the expected standard in all ELGs","2019","Year","Asian","White/Black/Asian/Mixed/Chinese/All","E06000001","ONS geography code","Hartlepool","Girls","Boys/Girls/All","73","11","","Local Authority"
"Percentage achieving at least the expected standard in all ELGs","2019","Year","Asian","White/Black/Asian/Mixed/Chinese/All","E06000001","ONS geography code","Hartlepool","Boys","Boys/Girls/All","60","15","","Local Authority"
"Percentage achieving at least the expected standard in all ELGs","2019","Year","Asian","White/Black/Asian/Mixed/Chinese/All","E06000001","ONS geography code","Hartlepool","All","Boys/Girls/All","65","26","","Local Authority"
"Percentage achieving at least the expected standard in all ELGs","2019","Year","Black","White/Black/Asian/Mixed/Chinese/All","E06000001","ONS geography code","Hartlepool","Boys","Boys/Girls/All","?","3","","Local Authority"
"Percentage achieving at least the expected standard in all ELGs","2019","Year","Black","White/Black/Asian/Mixed/Chinese/All","E06000001","ONS geography code","Hartlepool","Girls","Boys/Girls/All","?","4","","Local Authority"
"Percentage achieving at least the expected standard in all ELGs","2019","Year","Black","White/Black/Asian/Mixed/Chinese/All","E06000001","ONS geography code","Hartlepool","All","Boys/Girls/All","57","7","","Local Authority"
"Percentage achieving at least the expected standard in all ELGs","2019","Year","Chinese","White/Black/Asian/Mixed/Chinese/All","E06000001","ONS geography code","Hartlepool","Boys","Boys/Girls/All","N/A","0","","Local Authority"
"Percentage achieving at least the expected standard in all ELGs","2019","Year","Chinese","White/Black/Asian/Mixed/Chinese/All","E06000001","ONS geography code","Hartlepool","All","Boys/Girls/All","?","1","","Local Authority"
"Percentage achieving at least the expected standard in all ELGs","2019","Year","Chinese","White/Black/Asian/Mixed/Chinese/All","E06000001","ONS geography code","Hartlepool","Girls","Boys/Girls/All","?","1","","Local Authority"
"Percentage achieving at least the expected standard in all ELGs","2019","Year","Mixed","White/Black/Asian/Mixed/Chinese/All","E06000001","ONS geography code","Hartlepool","Girls","Boys/Girls/All","100","9","","Local Authority"
"Percentage achieving at least the expected standard in all ELGs","2019","Year","Mixed","White/Black/Asian/Mixed/Chinese/All","E06000001","ONS geography code","Hartlepool","Boys","Boys/Girls/All","64","14","","Local Authority"
"Percentage achieving at least the expected standard in all ELGs","2019","Year","Mixed","White/Black/Asian/Mixed/Chinese/All","E06000001","ONS geography code","Hartlepool","All","Boys/Girls/All","78","23","","Local Authority"
"Percentage achieving at least the expected standard in all ELGs","2019","Year","White","White/Black/Asian/Mixed/Chinese/All","E06000001","ONS geography code","Hartlepool","Girls","Boys/Girls/All","79","504","","Local Authority"
"Percentage achieving at least the expected standard in all ELGs","2019","Year","White","White/Black/Asian/Mixed/Chinese/All","E06000001","ONS geography code","Hartlepool","Boys","Boys/Girls/All","64","511","","Local Authority"
"Percentage achieving at least the expected standard in all ELGs","2019","Year","White","White/Black/Asian/Mixed/Chinese/All","E06000001","ONS geography code","Hartlepool","All","Boys/Girls/All","72","1015","","Local Authority"
"Percentage achieving at least the expected standard in all ELGs","2019","Year","All","White/Black/Asian/Mixed/Chinese/All","E09000016","ONS geography code","Havering","Girls","Boys/Girls/All","78","1554","","Local Authority"
"Percentage achieving at least the expected standard in all ELGs","2019","Year","All","White/Black/Asian/Mixed/Chinese/All","E09000016","ONS geography code","Havering","Boys","Boys/Girls/All","64","1638","","Local Authority"
"Percentage achieving at least the expected standard in all ELGs","2019","Year","All","White/Black/Asian/Mixed/Chinese/All","E09000016","ONS geography code","Havering","All","Boys/Girls/All","71","3192","","Local Authority"
"Percentage achieving at least the expected standard in all ELGs","2019","Year","Asian","White/Black/Asian/Mixed/Chinese/All","E09000016","ONS geography code","Havering","Girls","Boys/Girls/All","83","152","","Local Authority"
"Percentage achieving at least the expected standard in all ELGs","2019","Year","Asian","White/Black/Asian/Mixed/Chinese/All","E09000016","ONS geography code","Havering","Boys","Boys/Girls/All","65","186","","Local Authority"
"Percentage achieving at least the expected standard in all ELGs","2019","Year","Asian","White/Black/Asian/Mixed/Chinese/All","E09000016","ONS geography code","Havering","All","Boys/Girls/All","73","338","","Local Authority"
"Percentage achieving at least the expected standard in all ELGs","2019","Year","Black","White/Black/Asian/Mixed/Chinese/All","E09000016","ONS geography code","Havering","Boys","Boys/Girls/All","59","123","","Local Authority"
"Percentage achieving at least the expected standard in all ELGs","2019","Year","Black","White/Black/Asian/Mixed/Chinese/All","E09000016","ONS geography code","Havering","Girls","Boys/Girls/All","77","159","","Local Authority"
"Percentage achieving at least the expected standard in all ELGs","2019","Year","Black","White/Black/Asian/Mixed/Chinese/All","E09000016","ONS geography code","Havering","All","Boys/Girls/All","69","282","","Local Authority"
"Percentage achieving at least the expected standard in all ELGs","2019","Year","Chinese","White/Black/Asian/Mixed/Chinese/All","E09000016","ONS geography code","Havering","Boys","Boys/Girls/All","86","7","","Local Authority"
"Percentage achieving at least the expected standard in all ELGs","2019","Year","Chinese","White/Black/Asian/Mixed/Chinese/All","E09000016","ONS geography code","Havering","Girls","Boys/Girls/All","70","10","","Local Authority"
"Percentage achieving at least the expected standard in all ELGs","2019","Year","Chinese","White/Black/Asian/Mixed/Chinese/All","E09000016","ONS geography code","Havering","All","Boys/Girls/All","76","17","","Local Authority"
"Percentage achieving at least the expected standard in all ELGs","2019","Year","Mixed","White/Black/Asian/Mixed/Chinese/All","E09000016","ONS geography code","Havering","Boys","Boys/Girls/All","72","127","","Local Authority"
"Percentage achieving at least the expected standard in all ELGs","2019","Year","Mixed","White/Black/Asian/Mixed/Chinese/All","E09000016","ONS geography code","Havering","Girls","Boys/Girls/All","80","134","","Local Authority"
"Percentage achieving at least the expected standard in all ELGs","2019","Year","Mixed","White/Black/Asian/Mixed/Chinese/All","E09000016","ONS geography code","Havering","All","Boys/Girls/All","76","261","","Local Authority"
"Percentage achieving at least the expected standard in all ELGs","2019","Year","White","White/Black/Asian/Mixed/Chinese/All","E09000016","ONS geography code","Havering","Girls","Boys/Girls/All","78","1027","","Local Authority"
"Percentage achieving at least the expected standard in all ELGs","2019","Year","White","White/Black/Asian/Mixed/Chinese/All","E09000016","ONS geography code","Havering","Boys","Boys/Girls/All","64","1099","","Local Authority"
"Percentage achieving at least the expected standard in all ELGs","2019","Year","White","White/Black/Asian/Mixed/Chinese/All","E09000016","ONS geography code","Havering","All","Boys/Girls/All","71","2126","","Local Authority"
"Percentage achieving at least the expected standard in all ELGs","2019","Year","All","White/Black/Asian/Mixed/Chinese/All","E06000019","ONS geography code","Herefordshire","Girls","Boys/Girls/All","80","870","","Local Authority"
"Percentage achieving at least the expected standard in all ELGs","2019","Year","All","White/Black/Asian/Mixed/Chinese/All","E06000019","ONS geography code","Herefordshire","Boys","Boys/Girls/All","71","980","","Local Authority"
"Percentage achieving at least the expected standard in all ELGs","2019","Year","All","White/Black/Asian/Mixed/Chinese/All","E06000019","ONS geography code","Herefordshire","All","Boys/Girls/All","75","1850","","Local Authority"
"Percentage achieving at least the expected standard in all ELGs","2019","Year","Asian","White/Black/Asian/Mixed/Chinese/All","E06000019","ONS geography code","Herefordshire","Boys","Boys/Girls/All","57","7","","Local Authority"
"Percentage achieving at least the expected standard in all ELGs","2019","Year","Asian","White/Black/Asian/Mixed/Chinese/All","E06000019","ONS geography code","Herefordshire","Girls","Boys/Girls/All","77","13","","Local Authority"
"Percentage achieving at least the expected standard in all ELGs","2019","Year","Asian","White/Black/Asian/Mixed/Chinese/All","E06000019","ONS geography code","Herefordshire","All","Boys/Girls/All","70","20","","Local Authority"
"Percentage achieving at least the expected standard in all ELGs","2019","Year","Black","White/Black/Asian/Mixed/Chinese/All","E06000019","ONS geography code","Herefordshire","Girls","Boys/Girls/All","N/A","0","","Local Authority"
"Percentage achieving at least the expected standard in all ELGs","2019","Year","Black","White/Black/Asian/Mixed/Chinese/All","E06000019","ONS geography code","Herefordshire","All","Boys/Girls/All","?","1","","Local Authority"
"Percentage achieving at least the expected standard in all ELGs","2019","Year","Black","White/Black/Asian/Mixed/Chinese/All","E06000019","ONS geography code","Herefordshire","Boys","Boys/Girls/All","?","1","","Local Authority"
"Percentage achieving at least the expected standard in all ELGs","2019","Year","Chinese","White/Black/Asian/Mixed/Chinese/All","E06000019","ONS geography code","Herefordshire","Girls","Boys/Girls/All","N/A","0","","Local Authority"
"Percentage achieving at least the expected standard in all ELGs","2019","Year","Chinese","White/Black/Asian/Mixed/Chinese/All","E06000019","ONS geography code","Herefordshire","All","Boys/Girls/All","?","1","","Local Authority"
"Percentage achieving at least the expected standard in all ELGs","2019","Year","Chinese","White/Black/Asian/Mixed/Chinese/All","E06000019","ONS geography code","Herefordshire","Boys","Boys/Girls/All","?","1","","Local Authority"
"Percentage achieving at least the expected standard in all ELGs","2019","Year","Mixed","White/Black/Asian/Mixed/Chinese/All","E06000019","ONS geography code","Herefordshire","Boys","Boys/Girls/All","77","31","","Local Authority"
"Percentage achieving at least the expected standard in all ELGs","2019","Year","Mixed","White/Black/Asian/Mixed/Chinese/All","E06000019","ONS geography code","Herefordshire","Girls","Boys/Girls/All","89","35","","Local Authority"
"Percentage achieving at least the expected standard in all ELGs","2019","Year","Mixed","White/Black/Asian/Mixed/Chinese/All","E06000019","ONS geography code","Herefordshire","All","Boys/Girls/All","83","66","","Local Authority"
"Percentage achieving at least the expected standard in all ELGs","2019","Year","White","White/Black/Asian/Mixed/Chinese/All","E06000019","ONS geography code","Herefordshire","Girls","Boys/Girls/All","81","789","","Local Authority"
"Percentage achieving at least the expected standard in all ELGs","2019","Year","White","White/Black/Asian/Mixed/Chinese/All","E06000019","ONS geography code","Herefordshire","Boys","Boys/Girls/All","72","910","","Local Authority"
"Percentage achieving at least the expected standard in all ELGs","2019","Year","White","White/Black/Asian/Mixed/Chinese/All","E06000019","ONS geography code","Herefordshire","All","Boys/Girls/All","76","1699","","Local Authority"
"Percentage achieving at least the expected standard in all ELGs","2019","Year","All","White/Black/Asian/Mixed/Chinese/All","E10000015","ONS geography code","Hertfordshire","Girls","Boys/Girls/All","78","6975","","Local Authority"
"Percentage achieving at least the expected standard in all ELGs","2019","Year","All","White/Black/Asian/Mixed/Chinese/All","E10000015","ONS geography code","Hertfordshire","Boys","Boys/Girls/All","66","7215","","Local Authority"
"Percentage achieving at least the expected standard in all ELGs","2019","Year","All","White/Black/Asian/Mixed/Chinese/All","E10000015","ONS geography code","Hertfordshire","All","Boys/Girls/All","72","14190","","Local Authority"
"Percentage achieving at least the expected standard in all ELGs","2019","Year","Asian","White/Black/Asian/Mixed/Chinese/All","E10000015","ONS geography code","Hertfordshire","Girls","Boys/Girls/All","73","558","","Local Authority"
"Percentage achieving at least the expected standard in all ELGs","2019","Year","Asian","White/Black/Asian/Mixed/Chinese/All","E10000015","ONS geography code","Hertfordshire","Boys","Boys/Girls/All","64","575","","Local Authority"
"Percentage achieving at least the expected standard in all ELGs","2019","Year","Asian","White/Black/Asian/Mixed/Chinese/All","E10000015","ONS geography code","Hertfordshire","All","Boys/Girls/All","69","1133","","Local Authority"
"Percentage achieving at least the expected standard in all ELGs","2019","Year","Black","White/Black/Asian/Mixed/Chinese/All","E10000015","ONS geography code","Hertfordshire","Girls","Boys/Girls/All","73","254","","Local Authority"
"Percentage achieving at least the expected standard in all ELGs","2019","Year","Black","White/Black/Asian/Mixed/Chinese/All","E10000015","ONS geography code","Hertfordshire","Boys","Boys/Girls/All","55","254","","Local Authority"
"Percentage achieving at least the expected standard in all ELGs","2019","Year","Black","White/Black/Asian/Mixed/Chinese/All","E10000015","ONS geography code","Hertfordshire","All","Boys/Girls/All","64","508","","Local Authority"
"Percentage achieving at least the expected standard in all ELGs","2019","Year","Chinese","White/Black/Asian/Mixed/Chinese/All","E10000015","ONS geography code","Hertfordshire","Girls","Boys/Girls/All","76","29","","Local Authority"
"Percentage achieving at least the expected standard in all ELGs","2019","Year","Chinese","White/Black/Asian/Mixed/Chinese/All","E10000015","ONS geography code","Hertfordshire","Boys","Boys/Girls/All","79","38","","Local Authority"
"Percentage achieving at least the expected standard in all ELGs","2019","Year","Chinese","White/Black/Asian/Mixed/Chinese/All","E10000015","ONS geography code","Hertfordshire","All","Boys/Girls/All","78","67","","Local Authority"
"Percentage achieving at least the expected standard in all ELGs","2019","Year","Mixed","White/Black/Asian/Mixed/Chinese/All","E10000015","ONS geography code","Hertfordshire","Girls","Boys/Girls/All","79","594","","Local Authority"
"Percentage achieving at least the expected standard in all ELGs","2019","Year","Mixed","White/Black/Asian/Mixed/Chinese/All","E10000015","ONS geography code","Hertfordshire","Boys","Boys/Girls/All","64","607","","Local Authority"
"Percentage achieving at least the expected standard in all ELGs","2019","Year","Mixed","White/Black/Asian/Mixed/Chinese/All","E10000015","ONS geography code","Hertfordshire","All","Boys/Girls/All","71","1201","","Local Authority"
"Percentage achieving at least the expected standard in all ELGs","2019","Year","White","White/Black/Asian/Mixed/Chinese/All","E10000015","ONS geography code","Hertfordshire","Girls","Boys/Girls/All","80","5284","","Local Authority"
"Percentage achieving at least the expected standard in all ELGs","2019","Year","White","White/Black/Asian/Mixed/Chinese/All","E10000015","ONS geography code","Hertfordshire","Boys","Boys/Girls/All","67","5525","","Local Authority"
"Percentage achieving at least the expected standard in all ELGs","2019","Year","White","White/Black/Asian/Mixed/Chinese/All","E10000015","ONS geography code","Hertfordshire","All","Boys/Girls/All","73","10809","","Local Authority"
"Percentage achieving at least the expected standard in all ELGs","2019","Year","All","White/Black/Asian/Mixed/Chinese/All","E09000017","ONS geography code","Hillingdon","Girls","Boys/Girls/All","80","1959","","Local Authority"
"Percentage achieving at least the expected standard in all ELGs","2019","Year","All","White/Black/Asian/Mixed/Chinese/All","E09000017","ONS geography code","Hillingdon","Boys","Boys/Girls/All","68","2077","","Local Authority"
"Percentage achieving at least the expected standard in all ELGs","2019","Year","All","White/Black/Asian/Mixed/Chinese/All","E09000017","ONS geography code","Hillingdon","All","Boys/Girls/All","74","4036","","Local Authority"
"Percentage achieving at least the expected standard in all ELGs","2019","Year","Asian","White/Black/Asian/Mixed/Chinese/All","E09000017","ONS geography code","Hillingdon","Boys","Boys/Girls/All","72","636","","Local Authority"
"Percentage achieving at least the expected standard in all ELGs","2019","Year","Asian","White/Black/Asian/Mixed/Chinese/All","E09000017","ONS geography code","Hillingdon","Girls","Boys/Girls/All","85","637","","Local Authority"
"Percentage achieving at least the expected standard in all ELGs","2019","Year","Asian","White/Black/Asian/Mixed/Chinese/All","E09000017","ONS geography code","Hillingdon","All","Boys/Girls/All","78","1273","","Local Authority"
"Percentage achieving at least the expected standard in all ELGs","2019","Year","Black","White/Black/Asian/Mixed/Chinese/All","E09000017","ONS geography code","Hillingdon","Girls","Boys/Girls/All","80","161","","Local Authority"
"Percentage achieving at least the expected standard in all ELGs","2019","Year","Black","White/Black/Asian/Mixed/Chinese/All","E09000017","ONS geography code","Hillingdon","Boys","Boys/Girls/All","67","174","","Local Authority"
"Percentage achieving at least the expected standard in all ELGs","2019","Year","Black","White/Black/Asian/Mixed/Chinese/All","E09000017","ONS geography code","Hillingdon","All","Boys/Girls/All","73","335","","Local Authority"
"Percentage achieving at least the expected standard in all ELGs","2019","Year","Chinese","White/Black/Asian/Mixed/Chinese/All","E09000017","ONS geography code","Hillingdon","Boys","Boys/Girls/All","100","5","","Local Authority"
"Percentage achieving at least the expected standard in all ELGs","2019","Year","Chinese","White/Black/Asian/Mixed/Chinese/All","E09000017","ONS geography code","Hillingdon","Girls","Boys/Girls/All","75","8","","Local Authority"
"Percentage achieving at least the expected standard in all ELGs","2019","Year","Chinese","White/Black/Asian/Mixed/Chinese/All","E09000017","ONS geography code","Hillingdon","All","Boys/Girls/All","85","13","","Local Authority"
"Percentage achieving at least the expected standard in all ELGs","2019","Year","Mixed","White/Black/Asian/Mixed/Chinese/All","E09000017","ONS geography code","Hillingdon","Girls","Boys/Girls/All","83","240","","Local Authority"
"Percentage achieving at least the expected standard in all ELGs","2019","Year","Mixed","White/Black/Asian/Mixed/Chinese/All","E09000017","ONS geography code","Hillingdon","Boys","Boys/Girls/All","74","242","","Local Authority"
"Percentage achieving at least the expected standard in all ELGs","2019","Year","Mixed","White/Black/Asian/Mixed/Chinese/All","E09000017","ONS geography code","Hillingdon","All","Boys/Girls/All","78","482","","Local Authority"
"Percentage achieving at least the expected standard in all ELGs","2019","Year","White","White/Black/Asian/Mixed/Chinese/All","E09000017","ONS geography code","Hillingdon","Girls","Boys/Girls/All","78","686","","Local Authority"
"Percentage achieving at least the expected standard in all ELGs","2019","Year","White","White/Black/Asian/Mixed/Chinese/All","E09000017","ONS geography code","Hillingdon","Boys","Boys/Girls/All","65","762","","Local Authority"
"Percentage achieving at least the expected standard in all ELGs","2019","Year","White","White/Black/Asian/Mixed/Chinese/All","E09000017","ONS geography code","Hillingdon","All","Boys/Girls/All","71","1448","","Local Authority"
"Percentage achieving at least the expected standard in all ELGs","2019","Year","All","White/Black/Asian/Mixed/Chinese/All","E09000018","ONS geography code","Hounslow","Girls","Boys/Girls/All","78","1618","","Local Authority"
"Percentage achieving at least the expected standard in all ELGs","2019","Year","All","White/Black/Asian/Mixed/Chinese/All","E09000018","ONS geography code","Hounslow","Boys","Boys/Girls/All","67","1767","","Local Authority"
"Percentage achieving at least the expected standard in all ELGs","2019","Year","All","White/Black/Asian/Mixed/Chinese/All","E09000018","ONS geography code","Hounslow","All","Boys/Girls/All","72","3385","","Local Authority"
"Percentage achieving at least the expected standard in all ELGs","2019","Year","Asian","White/Black/Asian/Mixed/Chinese/All","E09000018","ONS geography code","Hounslow","Girls","Boys/Girls/All","84","619","","Local Authority"
"Percentage achieving at least the expected standard in all ELGs","2019","Year","Asian","White/Black/Asian/Mixed/Chinese/All","E09000018","ONS geography code","Hounslow","Boys","Boys/Girls/All","69","633","","Local Authority"
"Percentage achieving at least the expected standard in all ELGs","2019","Year","Asian","White/Black/Asian/Mixed/Chinese/All","E09000018","ONS geography code","Hounslow","All","Boys/Girls/All","76","1252","","Local Authority"
"Percentage achieving at least the expected standard in all ELGs","2019","Year","Black","White/Black/Asian/Mixed/Chinese/All","E09000018","ONS geography code","Hounslow","Girls","Boys/Girls/All","72","123","","Local Authority"
"Percentage achieving at least the expected standard in all ELGs","2019","Year","Black","White/Black/Asian/Mixed/Chinese/All","E09000018","ONS geography code","Hounslow","Boys","Boys/Girls/All","66","145","","Local Authority"
"Percentage achieving at least the expected standard in all ELGs","2019","Year","Black","White/Black/Asian/Mixed/Chinese/All","E09000018","ONS geography code","Hounslow","All","Boys/Girls/All","69","268","","Local Authority"
"Percentage achieving at least the expected standard in all ELGs","2019","Year","Chinese","White/Black/Asian/Mixed/Chinese/All","E09000018","ONS geography code","Hounslow","Girls","Boys/Girls/All","75","8","","Local Authority"
"Percentage achieving at least the expected standard in all ELGs","2019","Year","Chinese","White/Black/Asian/Mixed/Chinese/All","E09000018","ONS geography code","Hounslow","Boys","Boys/Girls/All","88","8","","Local Authority"
"Percentage achieving at least the expected standard in all ELGs","2019","Year","Chinese","White/Black/Asian/Mixed/Chinese/All","E09000018","ONS geography code","Hounslow","All","Boys/Girls/All","81","16","","Local Authority"
"Percentage achieving at least the expected standard in all ELGs","2019","Year","Mixed","White/Black/Asian/Mixed/Chinese/All","E09000018","ONS geography code","Hounslow","Boys","Boys/Girls/All","73","160","","Local Authority"
"Percentage achieving at least the expected standard in all ELGs","2019","Year","Mixed","White/Black/Asian/Mixed/Chinese/All","E09000018","ONS geography code","Hounslow","Girls","Boys/Girls/All","80","163","","Local Authority"
"Percentage achieving at least the expected standard in all ELGs","2019","Year","Mixed","White/Black/Asian/Mixed/Chinese/All","E09000018","ONS geography code","Hounslow","All","Boys/Girls/All","76","323","","Local Authority"
"Percentage achieving at least the expected standard in all ELGs","2019","Year","White","White/Black/Asian/Mixed/Chinese/All","E09000018","ONS geography code","Hounslow","Girls","Boys/Girls/All","76","495","","Local Authority"
"Percentage achieving at least the expected standard in all ELGs","2019","Year","White","White/Black/Asian/Mixed/Chinese/All","E09000018","ONS geography code","Hounslow","Boys","Boys/Girls/All","65","596","","Local Authority"
"Percentage achieving at least the expected standard in all ELGs","2019","Year","White","White/Black/Asian/Mixed/Chinese/All","E09000018","ONS geography code","Hounslow","All","Boys/Girls/All","70","1091","","Local Authority"
"Percentage achieving at least the expected standard in all ELGs","2019","Year","All","White/Black/Asian/Mixed/Chinese/All","E13000001","ONS geography code","Inner London","Girls","Boys/Girls/All","79","16941","","Regional"
"Percentage achieving at least the expected standard in all ELGs","2019","Year","All","White/Black/Asian/Mixed/Chinese/All","E13000001","ONS geography code","Inner London","Boys","Boys/Girls/All","65","17676","","Regional"
"Percentage achieving at least the expected standard in all ELGs","2019","Year","All","White/Black/Asian/Mixed/Chinese/All","E13000001","ONS geography code","Inner London","All","Boys/Girls/All","72","34617","","Regional"
"Percentage achieving at least the expected standard in all ELGs","2019","Year","Asian","White/Black/Asian/Mixed/Chinese/All","E13000001","ONS geography code","Inner London","Girls","Boys/Girls/All","80","3147","","Regional"
"Percentage achieving at least the expected standard in all ELGs","2019","Year","Asian","White/Black/Asian/Mixed/Chinese/All","E13000001","ONS geography code","Inner London","Boys","Boys/Girls/All","66","3339","","Regional"
"Percentage achieving at least the expected standard in all ELGs","2019","Year","Asian","White/Black/Asian/Mixed/Chinese/All","E13000001","ONS geography code","Inner London","All","Boys/Girls/All","73","6486","","Regional"
"Percentage achieving at least the expected standard in all ELGs","2019","Year","Black","White/Black/Asian/Mixed/Chinese/All","E13000001","ONS geography code","Inner London","Girls","Boys/Girls/All","77","3504","","Regional"
"Percentage achieving at least the expected standard in all ELGs","2019","Year","Black","White/Black/Asian/Mixed/Chinese/All","E13000001","ONS geography code","Inner London","Boys","Boys/Girls/All","61","3653","","Regional"
"Percentage achieving at least the expected standard in all ELGs","2019","Year","Black","White/Black/Asian/Mixed/Chinese/All","E13000001","ONS geography code","Inner London","All","Boys/Girls/All","69","7157","","Regional"
"Percentage achieving at least the expected standard in all ELGs","2019","Year","Chinese","White/Black/Asian/Mixed/Chinese/All","E13000001","ONS geography code","Inner London","Girls","Boys/Girls/All","87","144","","Regional"
"Percentage achieving at least the expected standard in all ELGs","2019","Year","Chinese","White/Black/Asian/Mixed/Chinese/All","E13000001","ONS geography code","Inner London","Boys","Boys/Girls/All","72","151","","Regional"
"Percentage achieving at least the expected standard in all ELGs","2019","Year","Chinese","White/Black/Asian/Mixed/Chinese/All","E13000001","ONS geography code","Inner London","All","Boys/Girls/All","79","295","","Regional"
"Percentage achieving at least the expected standard in all ELGs","2019","Year","Mixed","White/Black/Asian/Mixed/Chinese/All","E13000001","ONS geography code","Inner London","Girls","Boys/Girls/All","81","2162","","Regional"
"Percentage achieving at least the expected standard in all ELGs","2019","Year","Mixed","White/Black/Asian/Mixed/Chinese/All","E13000001","ONS geography code","Inner London","Boys","Boys/Girls/All","68","2253","","Regional"
"Percentage achieving at least the expected standard in all ELGs","2019","Year","Mixed","White/Black/Asian/Mixed/Chinese/All","E13000001","ONS geography code","Inner London","All","Boys/Girls/All","74","4415","","Regional"
"Percentage achieving at least the expected standard in all ELGs","2019","Year","White","White/Black/Asian/Mixed/Chinese/All","E13000001","ONS geography code","Inner London","Girls","Boys/Girls/All","83","5683","","Regional"
"Percentage achieving at least the expected standard in all ELGs","2019","Year","White","White/Black/Asian/Mixed/Chinese/All","E13000001","ONS geography code","Inner London","Boys","Boys/Girls/All","71","5882","","Regional"
"Percentage achieving at least the expected standard in all ELGs","2019","Year","White","White/Black/Asian/Mixed/Chinese/All","E13000001","ONS geography code","Inner London","All","Boys/Girls/All","77","11565","","Regional"
"Percentage achieving at least the expected standard in all ELGs","2019","Year","All","White/Black/Asian/Mixed/Chinese/All","E06000046","ONS geography code","Isle of Wight","Girls","Boys/Girls/All","76","659","","Local Authority"
"Percentage achieving at least the expected standard in all ELGs","2019","Year","All","White/Black/Asian/Mixed/Chinese/All","E06000046","ONS geography code","Isle of Wight","Boys","Boys/Girls/All","64","669","","Local Authority"
"Percentage achieving at least the expected standard in all ELGs","2019","Year","All","White/Black/Asian/Mixed/Chinese/All","E06000046","ONS geography code","Isle of Wight","All","Boys/Girls/All","70","1328","","Local Authority"
"Percentage achieving at least the expected standard in all ELGs","2019","Year","Asian","White/Black/Asian/Mixed/Chinese/All","E06000046","ONS geography code","Isle of Wight","Girls","Boys/Girls/All","?","4","","Local Authority"
"Percentage achieving at least the expected standard in all ELGs","2019","Year","Asian","White/Black/Asian/Mixed/Chinese/All","E06000046","ONS geography code","Isle of Wight","Boys","Boys/Girls/All","33","6","","Local Authority"
"Percentage achieving at least the expected standard in all ELGs","2019","Year","Asian","White/Black/Asian/Mixed/Chinese/All","E06000046","ONS geography code","Isle of Wight","All","Boys/Girls/All","50","10","","Local Authority"
"Percentage achieving at least the expected standard in all ELGs","2019","Year","Black","White/Black/Asian/Mixed/Chinese/All","E06000046","ONS geography code","Isle of Wight","Girls","Boys/Girls/All","?","1","","Local Authority"
"Percentage achieving at least the expected standard in all ELGs","2019","Year","Black","White/Black/Asian/Mixed/Chinese/All","E06000046","ONS geography code","Isle of Wight","Boys","Boys/Girls/All","?","2","","Local Authority"
"Percentage achieving at least the expected standard in all ELGs","2019","Year","Black","White/Black/Asian/Mixed/Chinese/All","E06000046","ONS geography code","Isle of Wight","All","Boys/Girls/All","?","3","","Local Authority"
"Percentage achieving at least the expected standard in all ELGs","2019","Year","Chinese","White/Black/Asian/Mixed/Chinese/All","E06000046","ONS geography code","Isle of Wight","Boys","Boys/Girls/All","?","1","","Local Authority"
"Percentage achieving at least the expected standard in all ELGs","2019","Year","Chinese","White/Black/Asian/Mixed/Chinese/All","E06000046","ONS geography code","Isle of Wight","Girls","Boys/Girls/All","?","2","","Local Authority"
"Percentage achieving at least the expected standard in all ELGs","2019","Year","Chinese","White/Black/Asian/Mixed/Chinese/All","E06000046","ONS geography code","Isle of Wight","All","Boys/Girls/All","?","3","","Local Authority"
"Percentage achieving at least the expected standard in all ELGs","2019","Year","Mixed","White/Black/Asian/Mixed/Chinese/All","E06000046","ONS geography code","Isle of Wight","Girls","Boys/Girls/All","100","12","","Local Authority"
"Percentage achieving at least the expected standard in all ELGs","2019","Year","Mixed","White/Black/Asian/Mixed/Chinese/All","E06000046","ONS geography code","Isle of Wight","Boys","Boys/Girls/All","61","18","","Local Authority"
"Percentage achieving at least the expected standard in all ELGs","2019","Year","Mixed","White/Black/Asian/Mixed/Chinese/All","E06000046","ONS geography code","Isle of Wight","All","Boys/Girls/All","77","30","","Local Authority"
"Percentage achieving at least the expected standard in all ELGs","2019","Year","White","White/Black/Asian/Mixed/Chinese/All","E06000046","ONS geography code","Isle of Wight","Boys","Boys/Girls/All","64","627","","Local Authority"
"Percentage achieving at least the expected standard in all ELGs","2019","Year","White","White/Black/Asian/Mixed/Chinese/All","E06000046","ONS geography code","Isle of Wight","Girls","Boys/Girls/All","76","629","","Local Authority"
"Percentage achieving at least the expected standard in all ELGs","2019","Year","White","White/Black/Asian/Mixed/Chinese/All","E06000046","ONS geography code","Isle of Wight","All","Boys/Girls/All","70","1256","","Local Authority"
"Percentage achieving at least the expected standard in all ELGs","2019","Year","All","White/Black/Asian/Mixed/Chinese/All","E06000053","ONS geography code","Isles of Scilly","Boys","Boys/Girls/All","85","13","","Local Authority"
"Percentage achieving at least the expected standard in all ELGs","2019","Year","All","White/Black/Asian/Mixed/Chinese/All","E06000053","ONS geography code","Isles of Scilly","Girls","Boys/Girls/All","73","15","","Local Authority"
"Percentage achieving at least the expected standard in all ELGs","2019","Year","All","White/Black/Asian/Mixed/Chinese/All","E06000053","ONS geography code","Isles of Scilly","All","Boys/Girls/All","79","28","","Local Authority"
"Percentage achieving at least the expected standard in all ELGs","2019","Year","Asian","White/Black/Asian/Mixed/Chinese/All","E06000053","ONS geography code","Isles of Scilly","All","Boys/Girls/All","N/A","0","","Local Authority"
"Percentage achieving at least the expected standard in all ELGs","2019","Year","Asian","White/Black/Asian/Mixed/Chinese/All","E06000053","ONS geography code","Isles of Scilly","Girls","Boys/Girls/All","N/A","0","","Local Authority"
"Percentage achieving at least the expected standard in all ELGs","2019","Year","Asian","White/Black/Asian/Mixed/Chinese/All","E06000053","ONS geography code","Isles of Scilly","Boys","Boys/Girls/All","N/A","0","","Local Authority"
"Percentage achieving at least the expected standard in all ELGs","2019","Year","Black","White/Black/Asian/Mixed/Chinese/All","E06000053","ONS geography code","Isles of Scilly","All","Boys/Girls/All","N/A","0","","Local Authority"
"Percentage achieving at least the expected standard in all ELGs","2019","Year","Black","White/Black/Asian/Mixed/Chinese/All","E06000053","ONS geography code","Isles of Scilly","Girls","Boys/Girls/All","N/A","0","","Local Authority"
"Percentage achieving at least the expected standard in all ELGs","2019","Year","Black","White/Black/Asian/Mixed/Chinese/All","E06000053","ONS geography code","Isles of Scilly","Boys","Boys/Girls/All","N/A","0","","Local Authority"
"Percentage achieving at least the expected standard in all ELGs","2019","Year","Chinese","White/Black/Asian/Mixed/Chinese/All","E06000053","ONS geography code","Isles of Scilly","All","Boys/Girls/All","N/A","0","","Local Authority"
"Percentage achieving at least the expected standard in all ELGs","2019","Year","Chinese","White/Black/Asian/Mixed/Chinese/All","E06000053","ONS geography code","Isles of Scilly","Girls","Boys/Girls/All","N/A","0","","Local Authority"
"Percentage achieving at least the expected standard in all ELGs","2019","Year","Chinese","White/Black/Asian/Mixed/Chinese/All","E06000053","ONS geography code","Isles of Scilly","Boys","Boys/Girls/All","N/A","0","","Local Authority"
"Percentage achieving at least the expected standard in all ELGs","2019","Year","Mixed","White/Black/Asian/Mixed/Chinese/All","E06000053","ONS geography code","Isles of Scilly","Girls","Boys/Girls/All","N/A","0","","Local Authority"
"Percentage achieving at least the expected standard in all ELGs","2019","Year","Mixed","White/Black/Asian/Mixed/Chinese/All","E06000053","ONS geography code","Isles of Scilly","All","Boys/Girls/All","?","1","","Local Authority"
"Percentage achieving at least the expected standard in all ELGs","2019","Year","Mixed","White/Black/Asian/Mixed/Chinese/All","E06000053","ONS geography code","Isles of Scilly","Boys","Boys/Girls/All","?","1","","Local Authority"
"Percentage achieving at least the expected standard in all ELGs","2019","Year","White","White/Black/Asian/Mixed/Chinese/All","E06000053","ONS geography code","Isles of Scilly","Boys","Boys/Girls/All","92","12","","Local Authority"
"Percentage achieving at least the expected standard in all ELGs","2019","Year","White","White/Black/Asian/Mixed/Chinese/All","E06000053","ONS geography code","Isles of Scilly","Girls","Boys/Girls/All","73","15","","Local Authority"
"Percentage achieving at least the expected standard in all ELGs","2019","Year","White","White/Black/Asian/Mixed/Chinese/All","E06000053","ONS geography code","Isles of Scilly","All","Boys/Girls/All","81","27","","Local Authority"
"Percentage achieving at least the expected standard in all ELGs","2019","Year","All","White/Black/Asian/Mixed/Chinese/All","E09000019","ONS geography code","Islington","Girls","Boys/Girls/All","76","938","","Local Authority"
"Percentage achieving at least the expected standard in all ELGs","2019","Year","All","White/Black/Asian/Mixed/Chinese/All","E09000019","ONS geography code","Islington","Boys","Boys/Girls/All","61","995","","Local Authority"
"Percentage achieving at least the expected standard in all ELGs","2019","Year","All","White/Black/Asian/Mixed/Chinese/All","E09000019","ONS geography code","Islington","All","Boys/Girls/All","68","1933","","Local Authority"
"Percentage achieving at least the expected standard in all ELGs","2019","Year","Asian","White/Black/Asian/Mixed/Chinese/All","E09000019","ONS geography code","Islington","Girls","Boys/Girls/All","80","65","","Local Authority"
"Percentage achieving at least the expected standard in all ELGs","2019","Year","Asian","White/Black/Asian/Mixed/Chinese/All","E09000019","ONS geography code","Islington","Boys","Boys/Girls/All","52","65","","Local Authority"
"Percentage achieving at least the expected standard in all ELGs","2019","Year","Asian","White/Black/Asian/Mixed/Chinese/All","E09000019","ONS geography code","Islington","All","Boys/Girls/All","66","130","","Local Authority"
"Percentage achieving at least the expected standard in all ELGs","2019","Year","Black","White/Black/Asian/Mixed/Chinese/All","E09000019","ONS geography code","Islington","Girls","Boys/Girls/All","68","181","","Local Authority"
"Percentage achieving at least the expected standard in all ELGs","2019","Year","Black","White/Black/Asian/Mixed/Chinese/All","E09000019","ONS geography code","Islington","Boys","Boys/Girls/All","54","191","","Local Authority"
"Percentage achieving at least the expected standard in all ELGs","2019","Year","Black","White/Black/Asian/Mixed/Chinese/All","E09000019","ONS geography code","Islington","All","Boys/Girls/All","61","372","","Local Authority"
"Percentage achieving at least the expected standard in all ELGs","2019","Year","Chinese","White/Black/Asian/Mixed/Chinese/All","E09000019","ONS geography code","Islington","Girls","Boys/Girls/All","80","5","","Local Authority"
"Percentage achieving at least the expected standard in all ELGs","2019","Year","Chinese","White/Black/Asian/Mixed/Chinese/All","E09000019","ONS geography code","Islington","Boys","Boys/Girls/All","71","7","","Local Authority"
"Percentage achieving at least the expected standard in all ELGs","2019","Year","Chinese","White/Black/Asian/Mixed/Chinese/All","E09000019","ONS geography code","Islington","All","Boys/Girls/All","75","12","","Local Authority"
"Percentage achieving at least the expected standard in all ELGs","2019","Year","Mixed","White/Black/Asian/Mixed/Chinese/All","E09000019","ONS geography code","Islington","Girls","Boys/Girls/All","82","175","","Local Authority"
"Percentage achieving at least the expected standard in all ELGs","2019","Year","Mixed","White/Black/Asian/Mixed/Chinese/All","E09000019","ONS geography code","Islington","Boys","Boys/Girls/All","69","179","","Local Authority"
"Percentage achieving at least the expected standard in all ELGs","2019","Year","Mixed","White/Black/Asian/Mixed/Chinese/All","E09000019","ONS geography code","Islington","All","Boys/Girls/All","75","354","","Local Authority"
"Percentage achieving at least the expected standard in all ELGs","2019","Year","White","White/Black/Asian/Mixed/Chinese/All","E09000019","ONS geography code","Islington","Girls","Boys/Girls/All","78","412","","Local Authority"
"Percentage achieving at least the expected standard in all ELGs","2019","Year","White","White/Black/Asian/Mixed/Chinese/All","E09000019","ONS geography code","Islington","Boys","Boys/Girls/All","61","456","","Local Authority"
"Percentage achieving at least the expected standard in all ELGs","2019","Year","White","White/Black/Asian/Mixed/Chinese/All","E09000019","ONS geography code","Islington","All","Boys/Girls/All","69","868","","Local Authority"
"Percentage achieving at least the expected standard in all ELGs","2019","Year","All","White/Black/Asian/Mixed/Chinese/All","E09000020","ONS geography code","Kensington and Chelsea","Girls","Boys/Girls/All","76","496","","Local Authority"
"Percentage achieving at least the expected standard in all ELGs","2019","Year","All","White/Black/Asian/Mixed/Chinese/All","E09000020","ONS geography code","Kensington and Chelsea","Boys","Boys/Girls/All","61","565","","Local Authority"
"Percentage achieving at least the expected standard in all ELGs","2019","Year","All","White/Black/Asian/Mixed/Chinese/All","E09000020","ONS geography code","Kensington and Chelsea","All","Boys/Girls/All","68","1061","","Local Authority"
"Percentage achieving at least the expected standard in all ELGs","2019","Year","Asian","White/Black/Asian/Mixed/Chinese/All","E09000020","ONS geography code","Kensington and Chelsea","Girls","Boys/Girls/All","60","10","","Local Authority"
"Percentage achieving at least the expected standard in all ELGs","2019","Year","Asian","White/Black/Asian/Mixed/Chinese/All","E09000020","ONS geography code","Kensington and Chelsea","Boys","Boys/Girls/All","60","25","","Local Authority"
"Percentage achieving at least the expected standard in all ELGs","2019","Year","Asian","White/Black/Asian/Mixed/Chinese/All","E09000020","ONS geography code","Kensington and Chelsea","All","Boys/Girls/All","60","35","","Local Authority"
"Percentage achieving at least the expected standard in all ELGs","2019","Year","Black","White/Black/Asian/Mixed/Chinese/All","E09000020","ONS geography code","Kensington and Chelsea","Girls","Boys/Girls/All","71","63","","Local Authority"
"Percentage achieving at least the expected standard in all ELGs","2019","Year","Black","White/Black/Asian/Mixed/Chinese/All","E09000020","ONS geography code","Kensington and Chelsea","Boys","Boys/Girls/All","53","74","","Local Authority"
"Percentage achieving at least the expected standard in all ELGs","2019","Year","Black","White/Black/Asian/Mixed/Chinese/All","E09000020","ONS geography code","Kensington and Chelsea","All","Boys/Girls/All","61","137","","Local Authority"
"Percentage achieving at least the expected standard in all ELGs","2019","Year","Chinese","White/Black/Asian/Mixed/Chinese/All","E09000020","ONS geography code","Kensington and Chelsea","Boys","Boys/Girls/All","N/A","0","","Local Authority"
"Percentage achieving at least the expected standard in all ELGs","2019","Year","Chinese","White/Black/Asian/Mixed/Chinese/All","E09000020","ONS geography code","Kensington and Chelsea","All","Boys/Girls/All","100","6","","Local Authority"
"Percentage achieving at least the expected standard in all ELGs","2019","Year","Chinese","White/Black/Asian/Mixed/Chinese/All","E09000020","ONS geography code","Kensington and Chelsea","Girls","Boys/Girls/All","100","6","","Local Authority"
"Percentage achieving at least the expected standard in all ELGs","2019","Year","Mixed","White/Black/Asian/Mixed/Chinese/All","E09000020","ONS geography code","Kensington and Chelsea","Girls","Boys/Girls/All","84","74","","Local Authority"
"Percentage achieving at least the expected standard in all ELGs","2019","Year","Mixed","White/Black/Asian/Mixed/Chinese/All","E09000020","ONS geography code","Kensington and Chelsea","Boys","Boys/Girls/All","67","115","","Local Authority"
"Percentage achieving at least the expected standard in all ELGs","2019","Year","Mixed","White/Black/Asian/Mixed/Chinese/All","E09000020","ONS geography code","Kensington and Chelsea","All","Boys/Girls/All","74","189","","Local Authority"
"Percentage achieving at least the expected standard in all ELGs","2019","Year","White","White/Black/Asian/Mixed/Chinese/All","E09000020","ONS geography code","Kensington and Chelsea","Girls","Boys/Girls/All","81","201","","Local Authority"
"Percentage achieving at least the expected standard in all ELGs","2019","Year","White","White/Black/Asian/Mixed/Chinese/All","E09000020","ONS geography code","Kensington and Chelsea","Boys","Boys/Girls/All","69","212","","Local Authority"
"Percentage achieving at least the expected standard in all ELGs","2019","Year","White","White/Black/Asian/Mixed/Chinese/All","E09000020","ONS geography code","Kensington and Chelsea","All","Boys/Girls/All","75","413","","Local Authority"
"Percentage achieving at least the expected standard in all ELGs","2019","Year","All","White/Black/Asian/Mixed/Chinese/All","E10000016","ONS geography code","Kent","Girls","Boys/Girls/All","80","8765","","Local Authority"
"Percentage achieving at least the expected standard in all ELGs","2019","Year","All","White/Black/Asian/Mixed/Chinese/All","E10000016","ONS geography code","Kent","Boys","Boys/Girls/All","67","9165","","Local Authority"
"Percentage achieving at least the expected standard in all ELGs","2019","Year","All","White/Black/Asian/Mixed/Chinese/All","E10000016","ONS geography code","Kent","All","Boys/Girls/All","73","17930","","Local Authority"
"Percentage achieving at least the expected standard in all ELGs","2019","Year","Asian","White/Black/Asian/Mixed/Chinese/All","E10000016","ONS geography code","Kent","Girls","Boys/Girls/All","88","304","","Local Authority"
"Percentage achieving at least the expected standard in all ELGs","2019","Year","Asian","White/Black/Asian/Mixed/Chinese/All","E10000016","ONS geography code","Kent","Boys","Boys/Girls/All","67","326","","Local Authority"
"Percentage achieving at least the expected standard in all ELGs","2019","Year","Asian","White/Black/Asian/Mixed/Chinese/All","E10000016","ONS geography code","Kent","All","Boys/Girls/All","77","630","","Local Authority"
"Percentage achieving at least the expected standard in all ELGs","2019","Year","Black","White/Black/Asian/Mixed/Chinese/All","E10000016","ONS geography code","Kent","Girls","Boys/Girls/All","83","210","","Local Authority"
"Percentage achieving at least the expected standard in all ELGs","2019","Year","Black","White/Black/Asian/Mixed/Chinese/All","E10000016","ONS geography code","Kent","Boys","Boys/Girls/All","64","242","","Local Authority"
"Percentage achieving at least the expected standard in all ELGs","2019","Year","Black","White/Black/Asian/Mixed/Chinese/All","E10000016","ONS geography code","Kent","All","Boys/Girls/All","73","452","","Local Authority"
"Percentage achieving at least the expected standard in all ELGs","2019","Year","Chinese","White/Black/Asian/Mixed/Chinese/All","E10000016","ONS geography code","Kent","Girls","Boys/Girls/All","93","14","","Local Authority"
"Percentage achieving at least the expected standard in all ELGs","2019","Year","Chinese","White/Black/Asian/Mixed/Chinese/All","E10000016","ONS geography code","Kent","Boys","Boys/Girls/All","62","34","","Local Authority"
"Percentage achieving at least the expected standard in all ELGs","2019","Year","Chinese","White/Black/Asian/Mixed/Chinese/All","E10000016","ONS geography code","Kent","All","Boys/Girls/All","71","48","","Local Authority"
"Percentage achieving at least the expected standard in all ELGs","2019","Year","Mixed","White/Black/Asian/Mixed/Chinese/All","E10000016","ONS geography code","Kent","Girls","Boys/Girls/All","84","497","","Local Authority"
"Percentage achieving at least the expected standard in all ELGs","2019","Year","Mixed","White/Black/Asian/Mixed/Chinese/All","E10000016","ONS geography code","Kent","Boys","Boys/Girls/All","69","502","","Local Authority"
"Percentage achieving at least the expected standard in all ELGs","2019","Year","Mixed","White/Black/Asian/Mixed/Chinese/All","E10000016","ONS geography code","Kent","All","Boys/Girls/All","76","999","","Local Authority"
"Percentage achieving at least the expected standard in all ELGs","2019","Year","White","White/Black/Asian/Mixed/Chinese/All","E10000016","ONS geography code","Kent","Girls","Boys/Girls/All","80","7408","","Local Authority"
"Percentage achieving at least the expected standard in all ELGs","2019","Year","White","White/Black/Asian/Mixed/Chinese/All","E10000016","ONS geography code","Kent","Boys","Boys/Girls/All","68","7709","","Local Authority"
"Percentage achieving at least the expected standard in all ELGs","2019","Year","White","White/Black/Asian/Mixed/Chinese/All","E10000016","ONS geography code","Kent","All","Boys/Girls/All","74","15117","","Local Authority"
"Percentage achieving at least the expected standard in all ELGs","2019","Year","All","White/Black/Asian/Mixed/Chinese/All","E06000010","ONS geography code","Kingston Upon Hull City of","Girls","Boys/Girls/All","71","1603","","Local Authority"
"Percentage achieving at least the expected standard in all ELGs","2019","Year","All","White/Black/Asian/Mixed/Chinese/All","E06000010","ONS geography code","Kingston Upon Hull City of","Boys","Boys/Girls/All","56","1683","","Local Authority"
"Percentage achieving at least the expected standard in all ELGs","2019","Year","All","White/Black/Asian/Mixed/Chinese/All","E06000010","ONS geography code","Kingston Upon Hull City of","All","Boys/Girls/All","63","3286","","Local Authority"
"Percentage achieving at least the expected standard in all ELGs","2019","Year","Asian","White/Black/Asian/Mixed/Chinese/All","E06000010","ONS geography code","Kingston Upon Hull City of","Girls","Boys/Girls/All","76","25","","Local Authority"
"Percentage achieving at least the expected standard in all ELGs","2019","Year","Asian","White/Black/Asian/Mixed/Chinese/All","E06000010","ONS geography code","Kingston Upon Hull City of","Boys","Boys/Girls/All","71","34","","Local Authority"
"Percentage achieving at least the expected standard in all ELGs","2019","Year","Asian","White/Black/Asian/Mixed/Chinese/All","E06000010","ONS geography code","Kingston Upon Hull City of","All","Boys/Girls/All","73","59","","Local Authority"
"Percentage achieving at least the expected standard in all ELGs","2019","Year","Black","White/Black/Asian/Mixed/Chinese/All","E06000010","ONS geography code","Kingston Upon Hull City of","Girls","Boys/Girls/All","74","27","","Local Authority"
"Percentage achieving at least the expected standard in all ELGs","2019","Year","Black","White/Black/Asian/Mixed/Chinese/All","E06000010","ONS geography code","Kingston Upon Hull City of","Boys","Boys/Girls/All","53","34","","Local Authority"
"Percentage achieving at least the expected standard in all ELGs","2019","Year","Black","White/Black/Asian/Mixed/Chinese/All","E06000010","ONS geography code","Kingston Upon Hull City of","All","Boys/Girls/All","62","61","","Local Authority"
"Percentage achieving at least the expected standard in all ELGs","2019","Year","Chinese","White/Black/Asian/Mixed/Chinese/All","E06000010","ONS geography code","Kingston Upon Hull City of","Boys","Boys/Girls/All","N/A","0","","Local Authority"
"Percentage achieving at least the expected standard in all ELGs","2019","Year","Chinese","White/Black/Asian/Mixed/Chinese/All","E06000010","ONS geography code","Kingston Upon Hull City of","All","Boys/Girls/All","?","3","","Local Authority"
"Percentage achieving at least the expected standard in all ELGs","2019","Year","Chinese","White/Black/Asian/Mixed/Chinese/All","E06000010","ONS geography code","Kingston Upon Hull City of","Girls","Boys/Girls/All","?","3","","Local Authority"
"Percentage achieving at least the expected standard in all ELGs","2019","Year","Mixed","White/Black/Asian/Mixed/Chinese/All","E06000010","ONS geography code","Kingston Upon Hull City of","Boys","Boys/Girls/All","58","66","","Local Authority"
"Percentage achieving at least the expected standard in all ELGs","2019","Year","Mixed","White/Black/Asian/Mixed/Chinese/All","E06000010","ONS geography code","Kingston Upon Hull City of","Girls","Boys/Girls/All","75","76","","Local Authority"
"Percentage achieving at least the expected standard in all ELGs","2019","Year","Mixed","White/Black/Asian/Mixed/Chinese/All","E06000010","ONS geography code","Kingston Upon Hull City of","All","Boys/Girls/All","67","142","","Local Authority"
"Percentage achieving at least the expected standard in all ELGs","2019","Year","White","White/Black/Asian/Mixed/Chinese/All","E06000010","ONS geography code","Kingston Upon Hull City of","Girls","Boys/Girls/All","72","1384","","Local Authority"
"Percentage achieving at least the expected standard in all ELGs","2019","Year","White","White/Black/Asian/Mixed/Chinese/All","E06000010","ONS geography code","Kingston Upon Hull City of","Boys","Boys/Girls/All","57","1443","","Local Authority"
"Percentage achieving at least the expected standard in all ELGs","2019","Year","White","White/Black/Asian/Mixed/Chinese/All","E06000010","ONS geography code","Kingston Upon Hull City of","All","Boys/Girls/All","64","2827","","Local Authority"
"Percentage achieving at least the expected standard in all ELGs","2019","Year","All","White/Black/Asian/Mixed/Chinese/All","E09000021","ONS geography code","Kingston upon Thames","Girls","Boys/Girls/All","83","969","","Local Authority"
"Percentage achieving at least the expected standard in all ELGs","2019","Year","All","White/Black/Asian/Mixed/Chinese/All","E09000021","ONS geography code","Kingston upon Thames","Boys","Boys/Girls/All","68","1016","","Local Authority"
"Percentage achieving at least the expected standard in all ELGs","2019","Year","All","White/Black/Asian/Mixed/Chinese/All","E09000021","ONS geography code","Kingston upon Thames","All","Boys/Girls/All","75","1985","","Local Authority"
"Percentage achieving at least the expected standard in all ELGs","2019","Year","Asian","White/Black/Asian/Mixed/Chinese/All","E09000021","ONS geography code","Kingston upon Thames","Girls","Boys/Girls/All","80","117","","Local Authority"
"Percentage achieving at least the expected standard in all ELGs","2019","Year","Asian","White/Black/Asian/Mixed/Chinese/All","E09000021","ONS geography code","Kingston upon Thames","Boys","Boys/Girls/All","61","141","","Local Authority"
"Percentage achieving at least the expected standard in all ELGs","2019","Year","Asian","White/Black/Asian/Mixed/Chinese/All","E09000021","ONS geography code","Kingston upon Thames","All","Boys/Girls/All","70","258","","Local Authority"
"Percentage achieving at least the expected standard in all ELGs","2019","Year","Black","White/Black/Asian/Mixed/Chinese/All","E09000021","ONS geography code","Kingston upon Thames","Girls","Boys/Girls/All","89","19","","Local Authority"
"Percentage achieving at least the expected standard in all ELGs","2019","Year","Black","White/Black/Asian/Mixed/Chinese/All","E09000021","ONS geography code","Kingston upon Thames","Boys","Boys/Girls/All","63","24","","Local Authority"
"Percentage achieving at least the expected standard in all ELGs","2019","Year","Black","White/Black/Asian/Mixed/Chinese/All","E09000021","ONS geography code","Kingston upon Thames","All","Boys/Girls/All","74","43","","Local Authority"
"Percentage achieving at least the expected standard in all ELGs","2019","Year","Chinese","White/Black/Asian/Mixed/Chinese/All","E09000021","ONS geography code","Kingston upon Thames","Girls","Boys/Girls/All","84","19","","Local Authority"
"Percentage achieving at least the expected standard in all ELGs","2019","Year","Chinese","White/Black/Asian/Mixed/Chinese/All","E09000021","ONS geography code","Kingston upon Thames","Boys","Boys/Girls/All","83","23","","Local Authority"
"Percentage achieving at least the expected standard in all ELGs","2019","Year","Chinese","White/Black/Asian/Mixed/Chinese/All","E09000021","ONS geography code","Kingston upon Thames","All","Boys/Girls/All","83","42","","Local Authority"
"Percentage achieving at least the expected standard in all ELGs","2019","Year","Mixed","White/Black/Asian/Mixed/Chinese/All","E09000021","ONS geography code","Kingston upon Thames","Girls","Boys/Girls/All","84","114","","Local Authority"
"Percentage achieving at least the expected standard in all ELGs","2019","Year","Mixed","White/Black/Asian/Mixed/Chinese/All","E09000021","ONS geography code","Kingston upon Thames","Boys","Boys/Girls/All","64","125","","Local Authority"
"Percentage achieving at least the expected standard in all ELGs","2019","Year","Mixed","White/Black/Asian/Mixed/Chinese/All","E09000021","ONS geography code","Kingston upon Thames","All","Boys/Girls/All","74","239","","Local Authority"
"Percentage achieving at least the expected standard in all ELGs","2019","Year","White","White/Black/Asian/Mixed/Chinese/All","E09000021","ONS geography code","Kingston upon Thames","Boys","Boys/Girls/All","73","609","","Local Authority"
"Percentage achieving at least the expected standard in all ELGs","2019","Year","White","White/Black/Asian/Mixed/Chinese/All","E09000021","ONS geography code","Kingston upon Thames","Girls","Boys/Girls/All","83","624","","Local Authority"
"Percentage achieving at least the expected standard in all ELGs","2019","Year","White","White/Black/Asian/Mixed/Chinese/All","E09000021","ONS geography code","Kingston upon Thames","All","Boys/Girls/All","78","1233","","Local Authority"
"Percentage achieving at least the expected standard in all ELGs","2019","Year","All","White/Black/Asian/Mixed/Chinese/All","E08000034","ONS geography code","Kirklees","Girls","Boys/Girls/All","76","2521","","Local Authority"
"Percentage achieving at least the expected standard in all ELGs","2019","Year","All","White/Black/Asian/Mixed/Chinese/All","E08000034","ONS geography code","Kirklees","Boys","Boys/Girls/All","62","2756","","Local Authority"
"Percentage achieving at least the expected standard in all ELGs","2019","Year","All","White/Black/Asian/Mixed/Chinese/All","E08000034","ONS geography code","Kirklees","All","Boys/Girls/All","69","5277","","Local Authority"
"Percentage achieving at least the expected standard in all ELGs","2019","Year","Asian","White/Black/Asian/Mixed/Chinese/All","E08000034","ONS geography code","Kirklees","Girls","Boys/Girls/All","72","661","","Local Authority"
"Percentage achieving at least the expected standard in all ELGs","2019","Year","Asian","White/Black/Asian/Mixed/Chinese/All","E08000034","ONS geography code","Kirklees","Boys","Boys/Girls/All","58","768","","Local Authority"
"Percentage achieving at least the expected standard in all ELGs","2019","Year","Asian","White/Black/Asian/Mixed/Chinese/All","E08000034","ONS geography code","Kirklees","All","Boys/Girls/All","64","1429","","Local Authority"
"Percentage achieving at least the expected standard in all ELGs","2019","Year","Black","White/Black/Asian/Mixed/Chinese/All","E08000034","ONS geography code","Kirklees","Boys","Boys/Girls/All","57","37","","Local Authority"
"Percentage achieving at least the expected standard in all ELGs","2019","Year","Black","White/Black/Asian/Mixed/Chinese/All","E08000034","ONS geography code","Kirklees","Girls","Boys/Girls/All","66","38","","Local Authority"
"Percentage achieving at least the expected standard in all ELGs","2019","Year","Black","White/Black/Asian/Mixed/Chinese/All","E08000034","ONS geography code","Kirklees","All","Boys/Girls/All","61","75","","Local Authority"
"Percentage achieving at least the expected standard in all ELGs","2019","Year","Chinese","White/Black/Asian/Mixed/Chinese/All","E08000034","ONS geography code","Kirklees","Girls","Boys/Girls/All","?","3","","Local Authority"
"Percentage achieving at least the expected standard in all ELGs","2019","Year","Chinese","White/Black/Asian/Mixed/Chinese/All","E08000034","ONS geography code","Kirklees","Boys","Boys/Girls/All","67","9","","Local Authority"
"Percentage achieving at least the expected standard in all ELGs","2019","Year","Chinese","White/Black/Asian/Mixed/Chinese/All","E08000034","ONS geography code","Kirklees","All","Boys/Girls/All","67","12","","Local Authority"
"Percentage achieving at least the expected standard in all ELGs","2019","Year","Mixed","White/Black/Asian/Mixed/Chinese/All","E08000034","ONS geography code","Kirklees","Girls","Boys/Girls/All","72","167","","Local Authority"
"Percentage achieving at least the expected standard in all ELGs","2019","Year","Mixed","White/Black/Asian/Mixed/Chinese/All","E08000034","ONS geography code","Kirklees","Boys","Boys/Girls/All","63","200","","Local Authority"
"Percentage achieving at least the expected standard in all ELGs","2019","Year","Mixed","White/Black/Asian/Mixed/Chinese/All","E08000034","ONS geography code","Kirklees","All","Boys/Girls/All","67","367","","Local Authority"
"Percentage achieving at least the expected standard in all ELGs","2019","Year","White","White/Black/Asian/Mixed/Chinese/All","E08000034","ONS geography code","Kirklees","Girls","Boys/Girls/All","79","1540","","Local Authority"
"Percentage achieving at least the expected standard in all ELGs","2019","Year","White","White/Black/Asian/Mixed/Chinese/All","E08000034","ONS geography code","Kirklees","Boys","Boys/Girls/All","65","1619","","Local Authority"
"Percentage achieving at least the expected standard in all ELGs","2019","Year","White","White/Black/Asian/Mixed/Chinese/All","E08000034","ONS geography code","Kirklees","All","Boys/Girls/All","72","3159","","Local Authority"
"Percentage achieving at least the expected standard in all ELGs","2019","Year","All","White/Black/Asian/Mixed/Chinese/All","E08000011","ONS geography code","Knowsley","Girls","Boys/Girls/All","74","888","","Local Authority"
"Percentage achieving at least the expected standard in all ELGs","2019","Year","All","White/Black/Asian/Mixed/Chinese/All","E08000011","ONS geography code","Knowsley","Boys","Boys/Girls/All","58","916","","Local Authority"
"Percentage achieving at least the expected standard in all ELGs","2019","Year","All","White/Black/Asian/Mixed/Chinese/All","E08000011","ONS geography code","Knowsley","All","Boys/Girls/All","66","1804","","Local Authority"
"Percentage achieving at least the expected standard in all ELGs","2019","Year","Asian","White/Black/Asian/Mixed/Chinese/All","E08000011","ONS geography code","Knowsley","Girls","Boys/Girls/All","100","7","","Local Authority"
"Percentage achieving at least the expected standard in all ELGs","2019","Year","Asian","White/Black/Asian/Mixed/Chinese/All","E08000011","ONS geography code","Knowsley","Boys","Boys/Girls/All","82","11","","Local Authority"
"Percentage achieving at least the expected standard in all ELGs","2019","Year","Asian","White/Black/Asian/Mixed/Chinese/All","E08000011","ONS geography code","Knowsley","All","Boys/Girls/All","89","18","","Local Authority"
"Percentage achieving at least the expected standard in all ELGs","2019","Year","Black","White/Black/Asian/Mixed/Chinese/All","E08000011","ONS geography code","Knowsley","Boys","Boys/Girls/All","33","6","","Local Authority"
"Percentage achieving at least the expected standard in all ELGs","2019","Year","Black","White/Black/Asian/Mixed/Chinese/All","E08000011","ONS geography code","Knowsley","Girls","Boys/Girls/All","50","8","","Local Authority"
"Percentage achieving at least the expected standard in all ELGs","2019","Year","Black","White/Black/Asian/Mixed/Chinese/All","E08000011","ONS geography code","Knowsley","All","Boys/Girls/All","43","14","","Local Authority"
"Percentage achieving at least the expected standard in all ELGs","2019","Year","Chinese","White/Black/Asian/Mixed/Chinese/All","E08000011","ONS geography code","Knowsley","Boys","Boys/Girls/All","N/A","0","","Local Authority"
"Percentage achieving at least the expected standard in all ELGs","2019","Year","Chinese","White/Black/Asian/Mixed/Chinese/All","E08000011","ONS geography code","Knowsley","All","Boys/Girls/All","?","3","","Local Authority"
"Percentage achieving at least the expected standard in all ELGs","2019","Year","Chinese","White/Black/Asian/Mixed/Chinese/All","E08000011","ONS geography code","Knowsley","Girls","Boys/Girls/All","?","3","","Local Authority"
"Percentage achieving at least the expected standard in all ELGs","2019","Year","Mixed","White/Black/Asian/Mixed/Chinese/All","E08000011","ONS geography code","Knowsley","Boys","Boys/Girls/All","58","19","","Local Authority"
"Percentage achieving at least the expected standard in all ELGs","2019","Year","Mixed","White/Black/Asian/Mixed/Chinese/All","E08000011","ONS geography code","Knowsley","Girls","Boys/Girls/All","64","28","","Local Authority"
"Percentage achieving at least the expected standard in all ELGs","2019","Year","Mixed","White/Black/Asian/Mixed/Chinese/All","E08000011","ONS geography code","Knowsley","All","Boys/Girls/All","62","47","","Local Authority"
"Percentage achieving at least the expected standard in all ELGs","2019","Year","White","White/Black/Asian/Mixed/Chinese/All","E08000011","ONS geography code","Knowsley","Girls","Boys/Girls/All","75","824","","Local Authority"
"Percentage achieving at least the expected standard in all ELGs","2019","Year","White","White/Black/Asian/Mixed/Chinese/All","E08000011","ONS geography code","Knowsley","Boys","Boys/Girls/All","58","864","","Local Authority"
"Percentage achieving at least the expected standard in all ELGs","2019","Year","White","White/Black/Asian/Mixed/Chinese/All","E08000011","ONS geography code","Knowsley","All","Boys/Girls/All","66","1688","","Local Authority"
"Percentage achieving at least the expected standard in all ELGs","2019","Year","All","White/Black/Asian/Mixed/Chinese/All","E09000022","ONS geography code","Lambeth","Girls","Boys/Girls/All","76","1538","","Local Authority"
"Percentage achieving at least the expected standard in all ELGs","2019","Year","All","White/Black/Asian/Mixed/Chinese/All","E09000022","ONS geography code","Lambeth","Boys","Boys/Girls/All","65","1567","","Local Authority"
"Percentage achieving at least the expected standard in all ELGs","2019","Year","All","White/Black/Asian/Mixed/Chinese/All","E09000022","ONS geography code","Lambeth","All","Boys/Girls/All","70","3105","","Local Authority"
"Percentage achieving at least the expected standard in all ELGs","2019","Year","Asian","White/Black/Asian/Mixed/Chinese/All","E09000022","ONS geography code","Lambeth","Girls","Boys/Girls/All","59","74","","Local Authority"
"Percentage achieving at least the expected standard in all ELGs","2019","Year","Asian","White/Black/Asian/Mixed/Chinese/All","E09000022","ONS geography code","Lambeth","Boys","Boys/Girls/All","61","80","","Local Authority"
"Percentage achieving at least the expected standard in all ELGs","2019","Year","Asian","White/Black/Asian/Mixed/Chinese/All","E09000022","ONS geography code","Lambeth","All","Boys/Girls/All","60","154","","Local Authority"
"Percentage achieving at least the expected standard in all ELGs","2019","Year","Black","White/Black/Asian/Mixed/Chinese/All","E09000022","ONS geography code","Lambeth","Boys","Boys/Girls/All","58","491","","Local Authority"
"Percentage achieving at least the expected standard in all ELGs","2019","Year","Black","White/Black/Asian/Mixed/Chinese/All","E09000022","ONS geography code","Lambeth","Girls","Boys/Girls/All","73","514","","Local Authority"
"Percentage achieving at least the expected standard in all ELGs","2019","Year","Black","White/Black/Asian/Mixed/Chinese/All","E09000022","ONS geography code","Lambeth","All","Boys/Girls/All","66","1005","","Local Authority"
"Percentage achieving at least the expected standard in all ELGs","2019","Year","Chinese","White/Black/Asian/Mixed/Chinese/All","E09000022","ONS geography code","Lambeth","Boys","Boys/Girls/All","60","5","","Local Authority"
"Percentage achieving at least the expected standard in all ELGs","2019","Year","Chinese","White/Black/Asian/Mixed/Chinese/All","E09000022","ONS geography code","Lambeth","Girls","Boys/Girls/All","100","6","","Local Authority"
"Percentage achieving at least the expected standard in all ELGs","2019","Year","Chinese","White/Black/Asian/Mixed/Chinese/All","E09000022","ONS geography code","Lambeth","All","Boys/Girls/All","82","11","","Local Authority"
"Percentage achieving at least the expected standard in all ELGs","2019","Year","Mixed","White/Black/Asian/Mixed/Chinese/All","E09000022","ONS geography code","Lambeth","Girls","Boys/Girls/All","78","250","","Local Authority"
"Percentage achieving at least the expected standard in all ELGs","2019","Year","Mixed","White/Black/Asian/Mixed/Chinese/All","E09000022","ONS geography code","Lambeth","Boys","Boys/Girls/All","60","257","","Local Authority"
"Percentage achieving at least the expected standard in all ELGs","2019","Year","Mixed","White/Black/Asian/Mixed/Chinese/All","E09000022","ONS geography code","Lambeth","All","Boys/Girls/All","69","507","","Local Authority"
"Percentage achieving at least the expected standard in all ELGs","2019","Year","White","White/Black/Asian/Mixed/Chinese/All","E09000022","ONS geography code","Lambeth","Girls","Boys/Girls/All","82","527","","Local Authority"
"Percentage achieving at least the expected standard in all ELGs","2019","Year","White","White/Black/Asian/Mixed/Chinese/All","E09000022","ONS geography code","Lambeth","Boys","Boys/Girls/All","72","590","","Local Authority"
"Percentage achieving at least the expected standard in all ELGs","2019","Year","White","White/Black/Asian/Mixed/Chinese/All","E09000022","ONS geography code","Lambeth","All","Boys/Girls/All","77","1117","","Local Authority"
"Percentage achieving at least the expected standard in all ELGs","2019","Year","All","White/Black/Asian/Mixed/Chinese/All","E10000017","ONS geography code","Lancashire","Girls","Boys/Girls/All","74","6739","","Local Authority"
"Percentage achieving at least the expected standard in all ELGs","2019","Year","All","White/Black/Asian/Mixed/Chinese/All","E10000017","ONS geography code","Lancashire","Boys","Boys/Girls/All","60","7022","","Local Authority"
"Percentage achieving at least the expected standard in all ELGs","2019","Year","All","White/Black/Asian/Mixed/Chinese/All","E10000017","ONS geography code","Lancashire","All","Boys/Girls/All","67","13761","","Local Authority"
"Percentage achieving at least the expected standard in all ELGs","2019","Year","Asian","White/Black/Asian/Mixed/Chinese/All","E10000017","ONS geography code","Lancashire","Boys","Boys/Girls/All","49","762","","Local Authority"
"Percentage achieving at least the expected standard in all ELGs","2019","Year","Asian","White/Black/Asian/Mixed/Chinese/All","E10000017","ONS geography code","Lancashire","Girls","Boys/Girls/All","64","770","","Local Authority"
"Percentage achieving at least the expected standard in all ELGs","2019","Year","Asian","White/Black/Asian/Mixed/Chinese/All","E10000017","ONS geography code","Lancashire","All","Boys/Girls/All","57","1532","","Local Authority"
"Percentage achieving at least the expected standard in all ELGs","2019","Year","Black","White/Black/Asian/Mixed/Chinese/All","E10000017","ONS geography code","Lancashire","Girls","Boys/Girls/All","69","29","","Local Authority"
"Percentage achieving at least the expected standard in all ELGs","2019","Year","Black","White/Black/Asian/Mixed/Chinese/All","E10000017","ONS geography code","Lancashire","Boys","Boys/Girls/All","57","37","","Local Authority"
"Percentage achieving at least the expected standard in all ELGs","2019","Year","Black","White/Black/Asian/Mixed/Chinese/All","E10000017","ONS geography code","Lancashire","All","Boys/Girls/All","62","66","","Local Authority"
"Percentage achieving at least the expected standard in all ELGs","2019","Year","Chinese","White/Black/Asian/Mixed/Chinese/All","E10000017","ONS geography code","Lancashire","Boys","Boys/Girls/All","75","12","","Local Authority"
"Percentage achieving at least the expected standard in all ELGs","2019","Year","Chinese","White/Black/Asian/Mixed/Chinese/All","E10000017","ONS geography code","Lancashire","Girls","Boys/Girls/All","64","14","","Local Authority"
"Percentage achieving at least the expected standard in all ELGs","2019","Year","Chinese","White/Black/Asian/Mixed/Chinese/All","E10000017","ONS geography code","Lancashire","All","Boys/Girls/All","69","26","","Local Authority"
"Percentage achieving at least the expected standard in all ELGs","2019","Year","Mixed","White/Black/Asian/Mixed/Chinese/All","E10000017","ONS geography code","Lancashire","Girls","Boys/Girls/All","77","213","","Local Authority"
"Percentage achieving at least the expected standard in all ELGs","2019","Year","Mixed","White/Black/Asian/Mixed/Chinese/All","E10000017","ONS geography code","Lancashire","Boys","Boys/Girls/All","62","246","","Local Authority"
"Percentage achieving at least the expected standard in all ELGs","2019","Year","Mixed","White/Black/Asian/Mixed/Chinese/All","E10000017","ONS geography code","Lancashire","All","Boys/Girls/All","69","459","","Local Authority"
"Percentage achieving at least the expected standard in all ELGs","2019","Year","White","White/Black/Asian/Mixed/Chinese/All","E10000017","ONS geography code","Lancashire","Girls","Boys/Girls/All","76","5552","","Local Authority"
"Percentage achieving at least the expected standard in all ELGs","2019","Year","White","White/Black/Asian/Mixed/Chinese/All","E10000017","ONS geography code","Lancashire","Boys","Boys/Girls/All","62","5771","","Local Authority"
"Percentage achieving at least the expected standard in all ELGs","2019","Year","White","White/Black/Asian/Mixed/Chinese/All","E10000017","ONS geography code","Lancashire","All","Boys/Girls/All","69","11323","","Local Authority"
"Percentage achieving at least the expected standard in all ELGs","2019","Year","All","White/Black/Asian/Mixed/Chinese/All","E08000035","ONS geography code","Leeds","Girls","Boys/Girls/All","73","4824","","Local Authority"
"Percentage achieving at least the expected standard in all ELGs","2019","Year","All","White/Black/Asian/Mixed/Chinese/All","E08000035","ONS geography code","Leeds","Boys","Boys/Girls/All","59","4960","","Local Authority"
"Percentage achieving at least the expected standard in all ELGs","2019","Year","All","White/Black/Asian/Mixed/Chinese/All","E08000035","ONS geography code","Leeds","All","Boys/Girls/All","66","9784","","Local Authority"
"Percentage achieving at least the expected standard in all ELGs","2019","Year","Asian","White/Black/Asian/Mixed/Chinese/All","E08000035","ONS geography code","Leeds","Girls","Boys/Girls/All","69","547","","Local Authority"
"Percentage achieving at least the expected standard in all ELGs","2019","Year","Asian","White/Black/Asian/Mixed/Chinese/All","E08000035","ONS geography code","Leeds","Boys","Boys/Girls/All","54","558","","Local Authority"
"Percentage achieving at least the expected standard in all ELGs","2019","Year","Asian","White/Black/Asian/Mixed/Chinese/All","E08000035","ONS geography code","Leeds","All","Boys/Girls/All","62","1105","","Local Authority"
"Percentage achieving at least the expected standard in all ELGs","2019","Year","Black","White/Black/Asian/Mixed/Chinese/All","E08000035","ONS geography code","Leeds","Girls","Boys/Girls/All","64","338","","Local Authority"
"Percentage achieving at least the expected standard in all ELGs","2019","Year","Black","White/Black/Asian/Mixed/Chinese/All","E08000035","ONS geography code","Leeds","Boys","Boys/Girls/All","54","368","","Local Authority"
"Percentage achieving at least the expected standard in all ELGs","2019","Year","Black","White/Black/Asian/Mixed/Chinese/All","E08000035","ONS geography code","Leeds","All","Boys/Girls/All","59","706","","Local Authority"
"Percentage achieving at least the expected standard in all ELGs","2019","Year","Chinese","White/Black/Asian/Mixed/Chinese/All","E08000035","ONS geography code","Leeds","Girls","Boys/Girls/All","100","15","","Local Authority"
"Percentage achieving at least the expected standard in all ELGs","2019","Year","Chinese","White/Black/Asian/Mixed/Chinese/All","E08000035","ONS geography code","Leeds","Boys","Boys/Girls/All","71","24","","Local Authority"
"Percentage achieving at least the expected standard in all ELGs","2019","Year","Chinese","White/Black/Asian/Mixed/Chinese/All","E08000035","ONS geography code","Leeds","All","Boys/Girls/All","82","39","","Local Authority"
"Percentage achieving at least the expected standard in all ELGs","2019","Year","Mixed","White/Black/Asian/Mixed/Chinese/All","E08000035","ONS geography code","Leeds","Boys","Boys/Girls/All","58","344","","Local Authority"
"Percentage achieving at least the expected standard in all ELGs","2019","Year","Mixed","White/Black/Asian/Mixed/Chinese/All","E08000035","ONS geography code","Leeds","Girls","Boys/Girls/All","73","375","","Local Authority"
"Percentage achieving at least the expected standard in all ELGs","2019","Year","Mixed","White/Black/Asian/Mixed/Chinese/All","E08000035","ONS geography code","Leeds","All","Boys/Girls/All","66","719","","Local Authority"
"Percentage achieving at least the expected standard in all ELGs","2019","Year","White","White/Black/Asian/Mixed/Chinese/All","E08000035","ONS geography code","Leeds","Girls","Boys/Girls/All","75","3334","","Local Authority"
"Percentage achieving at least the expected standard in all ELGs","2019","Year","White","White/Black/Asian/Mixed/Chinese/All","E08000035","ONS geography code","Leeds","Boys","Boys/Girls/All","61","3436","","Local Authority"
"Percentage achieving at least the expected standard in all ELGs","2019","Year","White","White/Black/Asian/Mixed/Chinese/All","E08000035","ONS geography code","Leeds","All","Boys/Girls/All","68","6770","","Local Authority"
"Percentage achieving at least the expected standard in all ELGs","2019","Year","All","White/Black/Asian/Mixed/Chinese/All","E06000016","ONS geography code","Leicester","Girls","Boys/Girls/All","72","2253","","Local Authority"
"Percentage achieving at least the expected standard in all ELGs","2019","Year","All","White/Black/Asian/Mixed/Chinese/All","E06000016","ONS geography code","Leicester","Boys","Boys/Girls/All","60","2449","","Local Authority"
"Percentage achieving at least the expected standard in all ELGs","2019","Year","All","White/Black/Asian/Mixed/Chinese/All","E06000016","ONS geography code","Leicester","All","Boys/Girls/All","66","4702","","Local Authority"
"Percentage achieving at least the expected standard in all ELGs","2019","Year","Asian","White/Black/Asian/Mixed/Chinese/All","E06000016","ONS geography code","Leicester","Girls","Boys/Girls/All","79","907","","Local Authority"
"Percentage achieving at least the expected standard in all ELGs","2019","Year","Asian","White/Black/Asian/Mixed/Chinese/All","E06000016","ONS geography code","Leicester","Boys","Boys/Girls/All","64","1007","","Local Authority"
"Percentage achieving at least the expected standard in all ELGs","2019","Year","Asian","White/Black/Asian/Mixed/Chinese/All","E06000016","ONS geography code","Leicester","All","Boys/Girls/All","71","1914","","Local Authority"
"Percentage achieving at least the expected standard in all ELGs","2019","Year","Black","White/Black/Asian/Mixed/Chinese/All","E06000016","ONS geography code","Leicester","Girls","Boys/Girls/All","66","163","","Local Authority"
"Percentage achieving at least the expected standard in all ELGs","2019","Year","Black","White/Black/Asian/Mixed/Chinese/All","E06000016","ONS geography code","Leicester","Boys","Boys/Girls/All","57","220","","Local Authority"
"Percentage achieving at least the expected standard in all ELGs","2019","Year","Black","White/Black/Asian/Mixed/Chinese/All","E06000016","ONS geography code","Leicester","All","Boys/Girls/All","61","383","","Local Authority"
"Percentage achieving at least the expected standard in all ELGs","2019","Year","Chinese","White/Black/Asian/Mixed/Chinese/All","E06000016","ONS geography code","Leicester","Boys","Boys/Girls/All","67","12","","Local Authority"
"Percentage achieving at least the expected standard in all ELGs","2019","Year","Chinese","White/Black/Asian/Mixed/Chinese/All","E06000016","ONS geography code","Leicester","Girls","Boys/Girls/All","62","13","","Local Authority"
"Percentage achieving at least the expected standard in all ELGs","2019","Year","Chinese","White/Black/Asian/Mixed/Chinese/All","E06000016","ONS geography code","Leicester","All","Boys/Girls/All","64","25","","Local Authority"
"Percentage achieving at least the expected standard in all ELGs","2019","Year","Mixed","White/Black/Asian/Mixed/Chinese/All","E06000016","ONS geography code","Leicester","Boys","Boys/Girls/All","61","177","","Local Authority"
"Percentage achieving at least the expected standard in all ELGs","2019","Year","Mixed","White/Black/Asian/Mixed/Chinese/All","E06000016","ONS geography code","Leicester","Girls","Boys/Girls/All","74","198","","Local Authority"
"Percentage achieving at least the expected standard in all ELGs","2019","Year","Mixed","White/Black/Asian/Mixed/Chinese/All","E06000016","ONS geography code","Leicester","All","Boys/Girls/All","68","375","","Local Authority"
"Percentage achieving at least the expected standard in all ELGs","2019","Year","White","White/Black/Asian/Mixed/Chinese/All","E06000016","ONS geography code","Leicester","Girls","Boys/Girls/All","69","771","","Local Authority"
"Percentage achieving at least the expected standard in all ELGs","2019","Year","White","White/Black/Asian/Mixed/Chinese/All","E06000016","ONS geography code","Leicester","Boys","Boys/Girls/All","57","851","","Local Authority"
"Percentage achieving at least the expected standard in all ELGs","2019","Year","White","White/Black/Asian/Mixed/Chinese/All","E06000016","ONS geography code","Leicester","All","Boys/Girls/All","63","1622","","Local Authority"
"Percentage achieving at least the expected standard in all ELGs","2019","Year","All","White/Black/Asian/Mixed/Chinese/All","E10000018","ONS geography code","Leicestershire","Girls","Boys/Girls/All","78","3806","","Local Authority"
"Percentage achieving at least the expected standard in all ELGs","2019","Year","All","White/Black/Asian/Mixed/Chinese/All","E10000018","ONS geography code","Leicestershire","Boys","Boys/Girls/All","64","3875","","Local Authority"
"Percentage achieving at least the expected standard in all ELGs","2019","Year","All","White/Black/Asian/Mixed/Chinese/All","E10000018","ONS geography code","Leicestershire","All","Boys/Girls/All","71","7681","","Local Authority"
"Percentage achieving at least the expected standard in all ELGs","2019","Year","Asian","White/Black/Asian/Mixed/Chinese/All","E10000018","ONS geography code","Leicestershire","Boys","Boys/Girls/All","62","291","","Local Authority"
"Percentage achieving at least the expected standard in all ELGs","2019","Year","Asian","White/Black/Asian/Mixed/Chinese/All","E10000018","ONS geography code","Leicestershire","Girls","Boys/Girls/All","81","321","","Local Authority"
"Percentage achieving at least the expected standard in all ELGs","2019","Year","Asian","White/Black/Asian/Mixed/Chinese/All","E10000018","ONS geography code","Leicestershire","All","Boys/Girls/All","72","612","","Local Authority"
"Percentage achieving at least the expected standard in all ELGs","2019","Year","Black","White/Black/Asian/Mixed/Chinese/All","E10000018","ONS geography code","Leicestershire","Girls","Boys/Girls/All","88","33","","Local Authority"
"Percentage achieving at least the expected standard in all ELGs","2019","Year","Black","White/Black/Asian/Mixed/Chinese/All","E10000018","ONS geography code","Leicestershire","Boys","Boys/Girls/All","49","47","","Local Authority"
"Percentage achieving at least the expected standard in all ELGs","2019","Year","Black","White/Black/Asian/Mixed/Chinese/All","E10000018","ONS geography code","Leicestershire","All","Boys/Girls/All","65","80","","Local Authority"
"Percentage achieving at least the expected standard in all ELGs","2019","Year","Chinese","White/Black/Asian/Mixed/Chinese/All","E10000018","ONS geography code","Leicestershire","Girls","Boys/Girls/All","91","11","","Local Authority"
"Percentage achieving at least the expected standard in all ELGs","2019","Year","Chinese","White/Black/Asian/Mixed/Chinese/All","E10000018","ONS geography code","Leicestershire","Boys","Boys/Girls/All","72","18","","Local Authority"
"Percentage achieving at least the expected standard in all ELGs","2019","Year","Chinese","White/Black/Asian/Mixed/Chinese/All","E10000018","ONS geography code","Leicestershire","All","Boys/Girls/All","79","29","","Local Authority"
"Percentage achieving at least the expected standard in all ELGs","2019","Year","Mixed","White/Black/Asian/Mixed/Chinese/All","E10000018","ONS geography code","Leicestershire","Boys","Boys/Girls/All","62","222","","Local Authority"
"Percentage achieving at least the expected standard in all ELGs","2019","Year","Mixed","White/Black/Asian/Mixed/Chinese/All","E10000018","ONS geography code","Leicestershire","Girls","Boys/Girls/All","78","226","","Local Authority"
"Percentage achieving at least the expected standard in all ELGs","2019","Year","Mixed","White/Black/Asian/Mixed/Chinese/All","E10000018","ONS geography code","Leicestershire","All","Boys/Girls/All","70","448","","Local Authority"
"Percentage achieving at least the expected standard in all ELGs","2019","Year","White","White/Black/Asian/Mixed/Chinese/All","E10000018","ONS geography code","Leicestershire","Girls","Boys/Girls/All","78","3128","","Local Authority"
"Percentage achieving at least the expected standard in all ELGs","2019","Year","White","White/Black/Asian/Mixed/Chinese/All","E10000018","ONS geography code","Leicestershire","Boys","Boys/Girls/All","65","3172","","Local Authority"
"Percentage achieving at least the expected standard in all ELGs","2019","Year","White","White/Black/Asian/Mixed/Chinese/All","E10000018","ONS geography code","Leicestershire","All","Boys/Girls/All","71","6300","","Local Authority"
"Percentage achieving at least the expected standard in all ELGs","2019","Year","All","White/Black/Asian/Mixed/Chinese/All","E09000023","ONS geography code","Lewisham","Girls","Boys/Girls/All","82","1740","","Local Authority"
"Percentage achieving at least the expected standard in all ELGs","2019","Year","All","White/Black/Asian/Mixed/Chinese/All","E09000023","ONS geography code","Lewisham","Boys","Boys/Girls/All","70","1810","","Local Authority"
"Percentage achieving at least the expected standard in all ELGs","2019","Year","All","White/Black/Asian/Mixed/Chinese/All","E09000023","ONS geography code","Lewisham","All","Boys/Girls/All","76","3550","","Local Authority"
"Percentage achieving at least the expected standard in all ELGs","2019","Year","Asian","White/Black/Asian/Mixed/Chinese/All","E09000023","ONS geography code","Lewisham","Girls","Boys/Girls/All","83","87","","Local Authority"
"Percentage achieving at least the expected standard in all ELGs","2019","Year","Asian","White/Black/Asian/Mixed/Chinese/All","E09000023","ONS geography code","Lewisham","Boys","Boys/Girls/All","67","101","","Local Authority"
"Percentage achieving at least the expected standard in all ELGs","2019","Year","Asian","White/Black/Asian/Mixed/Chinese/All","E09000023","ONS geography code","Lewisham","All","Boys/Girls/All","74","188","","Local Authority"
"Percentage achieving at least the expected standard in all ELGs","2019","Year","Black","White/Black/Asian/Mixed/Chinese/All","E09000023","ONS geography code","Lewisham","Girls","Boys/Girls/All","78","500","","Local Authority"
"Percentage achieving at least the expected standard in all ELGs","2019","Year","Black","White/Black/Asian/Mixed/Chinese/All","E09000023","ONS geography code","Lewisham","Boys","Boys/Girls/All","63","519","","Local Authority"
"Percentage achieving at least the expected standard in all ELGs","2019","Year","Black","White/Black/Asian/Mixed/Chinese/All","E09000023","ONS geography code","Lewisham","All","Boys/Girls/All","70","1019","","Local Authority"
"Percentage achieving at least the expected standard in all ELGs","2019","Year","Chinese","White/Black/Asian/Mixed/Chinese/All","E09000023","ONS geography code","Lewisham","Girls","Boys/Girls/All","87","15","","Local Authority"
"Percentage achieving at least the expected standard in all ELGs","2019","Year","Chinese","White/Black/Asian/Mixed/Chinese/All","E09000023","ONS geography code","Lewisham","Boys","Boys/Girls/All","71","35","","Local Authority"
"Percentage achieving at least the expected standard in all ELGs","2019","Year","Chinese","White/Black/Asian/Mixed/Chinese/All","E09000023","ONS geography code","Lewisham","All","Boys/Girls/All","76","50","","Local Authority"
"Percentage achieving at least the expected standard in all ELGs","2019","Year","Mixed","White/Black/Asian/Mixed/Chinese/All","E09000023","ONS geography code","Lewisham","Girls","Boys/Girls/All","83","316","","Local Authority"
"Percentage achieving at least the expected standard in all ELGs","2019","Year","Mixed","White/Black/Asian/Mixed/Chinese/All","E09000023","ONS geography code","Lewisham","Boys","Boys/Girls/All","71","327","","Local Authority"
"Percentage achieving at least the expected standard in all ELGs","2019","Year","Mixed","White/Black/Asian/Mixed/Chinese/All","E09000023","ONS geography code","Lewisham","All","Boys/Girls/All","77","643","","Local Authority"
"Percentage achieving at least the expected standard in all ELGs","2019","Year","White","White/Black/Asian/Mixed/Chinese/All","E09000023","ONS geography code","Lewisham","Girls","Boys/Girls/All","86","665","","Local Authority"
"Percentage achieving at least the expected standard in all ELGs","2019","Year","White","White/Black/Asian/Mixed/Chinese/All","E09000023","ONS geography code","Lewisham","Boys","Boys/Girls/All","78","667","","Local Authority"
"Percentage achieving at least the expected standard in all ELGs","2019","Year","White","White/Black/Asian/Mixed/Chinese/All","E09000023","ONS geography code","Lewisham","All","Boys/Girls/All","82","1332","","Local Authority"
"Percentage achieving at least the expected standard in all ELGs","2019","Year","All","White/Black/Asian/Mixed/Chinese/All","E10000019","ONS geography code","Lincolnshire","Girls","Boys/Girls/All","76","3864","","Local Authority"
"Percentage achieving at least the expected standard in all ELGs","2019","Year","All","White/Black/Asian/Mixed/Chinese/All","E10000019","ONS geography code","Lincolnshire","Boys","Boys/Girls/All","62","4089","","Local Authority"
"Percentage achieving at least the expected standard in all ELGs","2019","Year","All","White/Black/Asian/Mixed/Chinese/All","E10000019","ONS geography code","Lincolnshire","All","Boys/Girls/All","69","7953","","Local Authority"
"Percentage achieving at least the expected standard in all ELGs","2019","Year","Asian","White/Black/Asian/Mixed/Chinese/All","E10000019","ONS geography code","Lincolnshire","Girls","Boys/Girls/All","80","30","","Local Authority"
"Percentage achieving at least the expected standard in all ELGs","2019","Year","Asian","White/Black/Asian/Mixed/Chinese/All","E10000019","ONS geography code","Lincolnshire","Boys","Boys/Girls/All","67","36","","Local Authority"
"Percentage achieving at least the expected standard in all ELGs","2019","Year","Asian","White/Black/Asian/Mixed/Chinese/All","E10000019","ONS geography code","Lincolnshire","All","Boys/Girls/All","73","66","","Local Authority"
"Percentage achieving at least the expected standard in all ELGs","2019","Year","Black","White/Black/Asian/Mixed/Chinese/All","E10000019","ONS geography code","Lincolnshire","Girls","Boys/Girls/All","75","12","","Local Authority"
"Percentage achieving at least the expected standard in all ELGs","2019","Year","Black","White/Black/Asian/Mixed/Chinese/All","E10000019","ONS geography code","Lincolnshire","Boys","Boys/Girls/All","60","15","","Local Authority"
"Percentage achieving at least the expected standard in all ELGs","2019","Year","Black","White/Black/Asian/Mixed/Chinese/All","E10000019","ONS geography code","Lincolnshire","All","Boys/Girls/All","67","27","","Local Authority"
"Percentage achieving at least the expected standard in all ELGs","2019","Year","Chinese","White/Black/Asian/Mixed/Chinese/All","E10000019","ONS geography code","Lincolnshire","Girls","Boys/Girls/All","?","3","","Local Authority"
"Percentage achieving at least the expected standard in all ELGs","2019","Year","Chinese","White/Black/Asian/Mixed/Chinese/All","E10000019","ONS geography code","Lincolnshire","Boys","Boys/Girls/All","?","4","","Local Authority"
"Percentage achieving at least the expected standard in all ELGs","2019","Year","Chinese","White/Black/Asian/Mixed/Chinese/All","E10000019","ONS geography code","Lincolnshire","All","Boys/Girls/All","86","7","","Local Authority"
"Percentage achieving at least the expected standard in all ELGs","2019","Year","Mixed","White/Black/Asian/Mixed/Chinese/All","E10000019","ONS geography code","Lincolnshire","Girls","Boys/Girls/All","72","96","","Local Authority"
"Percentage achieving at least the expected standard in all ELGs","2019","Year","Mixed","White/Black/Asian/Mixed/Chinese/All","E10000019","ONS geography code","Lincolnshire","Boys","Boys/Girls/All","66","113","","Local Authority"
"Percentage achieving at least the expected standard in all ELGs","2019","Year","Mixed","White/Black/Asian/Mixed/Chinese/All","E10000019","ONS geography code","Lincolnshire","All","Boys/Girls/All","69","209","","Local Authority"
"Percentage achieving at least the expected standard in all ELGs","2019","Year","White","White/Black/Asian/Mixed/Chinese/All","E10000019","ONS geography code","Lincolnshire","Girls","Boys/Girls/All","77","3580","","Local Authority"
"Percentage achieving at least the expected standard in all ELGs","2019","Year","White","White/Black/Asian/Mixed/Chinese/All","E10000019","ONS geography code","Lincolnshire","Boys","Boys/Girls/All","62","3742","","Local Authority"
"Percentage achieving at least the expected standard in all ELGs","2019","Year","White","White/Black/Asian/Mixed/Chinese/All","E10000019","ONS geography code","Lincolnshire","All","Boys/Girls/All","69","7322","","Local Authority"
"Percentage achieving at least the expected standard in all ELGs","2019","Year","All","White/Black/Asian/Mixed/Chinese/All","E08000012","ONS geography code","Liverpool","Girls","Boys/Girls/All","71","2645","","Local Authority"
"Percentage achieving at least the expected standard in all ELGs","2019","Year","All","White/Black/Asian/Mixed/Chinese/All","E08000012","ONS geography code","Liverpool","Boys","Boys/Girls/All","57","2782","","Local Authority"
"Percentage achieving at least the expected standard in all ELGs","2019","Year","All","White/Black/Asian/Mixed/Chinese/All","E08000012","ONS geography code","Liverpool","All","Boys/Girls/All","64","5427","","Local Authority"
"Percentage achieving at least the expected standard in all ELGs","2019","Year","Asian","White/Black/Asian/Mixed/Chinese/All","E08000012","ONS geography code","Liverpool","Girls","Boys/Girls/All","70","105","","Local Authority"
"Percentage achieving at least the expected standard in all ELGs","2019","Year","Asian","White/Black/Asian/Mixed/Chinese/All","E08000012","ONS geography code","Liverpool","Boys","Boys/Girls/All","52","107","","Local Authority"
"Percentage achieving at least the expected standard in all ELGs","2019","Year","Asian","White/Black/Asian/Mixed/Chinese/All","E08000012","ONS geography code","Liverpool","All","Boys/Girls/All","61","212","","Local Authority"
"Percentage achieving at least the expected standard in all ELGs","2019","Year","Black","White/Black/Asian/Mixed/Chinese/All","E08000012","ONS geography code","Liverpool","Girls","Boys/Girls/All","68","119","","Local Authority"
"Percentage achieving at least the expected standard in all ELGs","2019","Year","Black","White/Black/Asian/Mixed/Chinese/All","E08000012","ONS geography code","Liverpool","Boys","Boys/Girls/All","52","146","","Local Authority"
"Percentage achieving at least the expected standard in all ELGs","2019","Year","Black","White/Black/Asian/Mixed/Chinese/All","E08000012","ONS geography code","Liverpool","All","Boys/Girls/All","59","265","","Local Authority"
"Percentage achieving at least the expected standard in all ELGs","2019","Year","Chinese","White/Black/Asian/Mixed/Chinese/All","E08000012","ONS geography code","Liverpool","Girls","Boys/Girls/All","84","31","","Local Authority"
"Percentage achieving at least the expected standard in all ELGs","2019","Year","Chinese","White/Black/Asian/Mixed/Chinese/All","E08000012","ONS geography code","Liverpool","Boys","Boys/Girls/All","47","36","","Local Authority"
"Percentage achieving at least the expected standard in all ELGs","2019","Year","Chinese","White/Black/Asian/Mixed/Chinese/All","E08000012","ONS geography code","Liverpool","All","Boys/Girls/All","64","67","","Local Authority"
"Percentage achieving at least the expected standard in all ELGs","2019","Year","Mixed","White/Black/Asian/Mixed/Chinese/All","E08000012","ONS geography code","Liverpool","Boys","Boys/Girls/All","51","143","","Local Authority"
"Percentage achieving at least the expected standard in all ELGs","2019","Year","Mixed","White/Black/Asian/Mixed/Chinese/All","E08000012","ONS geography code","Liverpool","Girls","Boys/Girls/All","73","151","","Local Authority"
"Percentage achieving at least the expected standard in all ELGs","2019","Year","Mixed","White/Black/Asian/Mixed/Chinese/All","E08000012","ONS geography code","Liverpool","All","Boys/Girls/All","62","294","","Local Authority"
"Percentage achieving at least the expected standard in all ELGs","2019","Year","White","White/Black/Asian/Mixed/Chinese/All","E08000012","ONS geography code","Liverpool","Girls","Boys/Girls/All","72","2064","","Local Authority"
"Percentage achieving at least the expected standard in all ELGs","2019","Year","White","White/Black/Asian/Mixed/Chinese/All","E08000012","ONS geography code","Liverpool","Boys","Boys/Girls/All","59","2157","","Local Authority"
"Percentage achieving at least the expected standard in all ELGs","2019","Year","White","White/Black/Asian/Mixed/Chinese/All","E08000012","ONS geography code","Liverpool","All","Boys/Girls/All","65","4221","","Local Authority"
"Percentage achieving at least the expected standard in all ELGs","2019","Year","All","White/Black/Asian/Mixed/Chinese/All","E12000007","ONS geography code","London","Girls","Boys/Girls/All","80","49066","","Regional"
"Percentage achieving at least the expected standard in all ELGs","2019","Year","All","White/Black/Asian/Mixed/Chinese/All","E12000007","ONS geography code","London","Boys","Boys/Girls/All","67","51916","","Regional"
"Percentage achieving at least the expected standard in all ELGs","2019","Year","All","White/Black/Asian/Mixed/Chinese/All","E12000007","ONS geography code","London","All","Boys/Girls/All","73","100982","","Regional"
"Percentage achieving at least the expected standard in all ELGs","2019","Year","Asian","White/Black/Asian/Mixed/Chinese/All","E12000007","ONS geography code","London","Girls","Boys/Girls/All","82","10224","","Regional"
"Percentage achieving at least the expected standard in all ELGs","2019","Year","Asian","White/Black/Asian/Mixed/Chinese/All","E12000007","ONS geography code","London","Boys","Boys/Girls/All","69","10899","","Regional"
"Percentage achieving at least the expected standard in all ELGs","2019","Year","Asian","White/Black/Asian/Mixed/Chinese/All","E12000007","ONS geography code","London","All","Boys/Girls/All","75","21123","","Regional"
"Percentage achieving at least the expected standard in all ELGs","2019","Year","Black","White/Black/Asian/Mixed/Chinese/All","E12000007","ONS geography code","London","Girls","Boys/Girls/All","78","7736","","Regional"
"Percentage achieving at least the expected standard in all ELGs","2019","Year","Black","White/Black/Asian/Mixed/Chinese/All","E12000007","ONS geography code","London","Boys","Boys/Girls/All","62","7918","","Regional"
"Percentage achieving at least the expected standard in all ELGs","2019","Year","Black","White/Black/Asian/Mixed/Chinese/All","E12000007","ONS geography code","London","All","Boys/Girls/All","70","15654","","Regional"
"Percentage achieving at least the expected standard in all ELGs","2019","Year","Chinese","White/Black/Asian/Mixed/Chinese/All","E12000007","ONS geography code","London","Girls","Boys/Girls/All","87","458","","Regional"
"Percentage achieving at least the expected standard in all ELGs","2019","Year","Chinese","White/Black/Asian/Mixed/Chinese/All","E12000007","ONS geography code","London","Boys","Boys/Girls/All","78","469","","Regional"
"Percentage achieving at least the expected standard in all ELGs","2019","Year","Chinese","White/Black/Asian/Mixed/Chinese/All","E12000007","ONS geography code","London","All","Boys/Girls/All","82","927","","Regional"
"Percentage achieving at least the expected standard in all ELGs","2019","Year","Mixed","White/Black/Asian/Mixed/Chinese/All","E12000007","ONS geography code","London","Girls","Boys/Girls/All","82","5614","","Regional"
"Percentage achieving at least the expected standard in all ELGs","2019","Year","Mixed","White/Black/Asian/Mixed/Chinese/All","E12000007","ONS geography code","London","Boys","Boys/Girls/All","70","5943","","Regional"
"Percentage achieving at least the expected standard in all ELGs","2019","Year","Mixed","White/Black/Asian/Mixed/Chinese/All","E12000007","ONS geography code","London","All","Boys/Girls/All","76","11557","","Regional"
"Percentage achieving at least the expected standard in all ELGs","2019","Year","White","White/Black/Asian/Mixed/Chinese/All","E12000007","ONS geography code","London","Girls","Boys/Girls/All","81","19763","","Regional"
"Percentage achieving at least the expected standard in all ELGs","2019","Year","White","White/Black/Asian/Mixed/Chinese/All","E12000007","ONS geography code","London","Boys","Boys/Girls/All","69","21156","","Regional"
"Percentage achieving at least the expected standard in all ELGs","2019","Year","White","White/Black/Asian/Mixed/Chinese/All","E12000007","ONS geography code","London","All","Boys/Girls/All","75","40919","","Regional"
"Percentage achieving at least the expected standard in all ELGs","2019","Year","All","White/Black/Asian/Mixed/Chinese/All","E06000032","ONS geography code","Luton","Girls","Boys/Girls/All","75","1519","","Local Authority"
"Percentage achieving at least the expected standard in all ELGs","2019","Year","All","White/Black/Asian/Mixed/Chinese/All","E06000032","ONS geography code","Luton","Boys","Boys/Girls/All","60","1700","","Local Authority"
"Percentage achieving at least the expected standard in all ELGs","2019","Year","All","White/Black/Asian/Mixed/Chinese/All","E06000032","ONS geography code","Luton","All","Boys/Girls/All","67","3219","","Local Authority"
"Percentage achieving at least the expected standard in all ELGs","2019","Year","Asian","White/Black/Asian/Mixed/Chinese/All","E06000032","ONS geography code","Luton","Girls","Boys/Girls/All","76","680","","Local Authority"
"Percentage achieving at least the expected standard in all ELGs","2019","Year","Asian","White/Black/Asian/Mixed/Chinese/All","E06000032","ONS geography code","Luton","Boys","Boys/Girls/All","60","735","","Local Authority"
"Percentage achieving at least the expected standard in all ELGs","2019","Year","Asian","White/Black/Asian/Mixed/Chinese/All","E06000032","ONS geography code","Luton","All","Boys/Girls/All","68","1415","","Local Authority"
"Percentage achieving at least the expected standard in all ELGs","2019","Year","Black","White/Black/Asian/Mixed/Chinese/All","E06000032","ONS geography code","Luton","Girls","Boys/Girls/All","80","132","","Local Authority"
"Percentage achieving at least the expected standard in all ELGs","2019","Year","Black","White/Black/Asian/Mixed/Chinese/All","E06000032","ONS geography code","Luton","Boys","Boys/Girls/All","66","149","","Local Authority"
"Percentage achieving at least the expected standard in all ELGs","2019","Year","Black","White/Black/Asian/Mixed/Chinese/All","E06000032","ONS geography code","Luton","All","Boys/Girls/All","73","281","","Local Authority"
"Percentage achieving at least the expected standard in all ELGs","2019","Year","Chinese","White/Black/Asian/Mixed/Chinese/All","E06000032","ONS geography code","Luton","Girls","Boys/Girls/All","?","1","","Local Authority"
"Percentage achieving at least the expected standard in all ELGs","2019","Year","Chinese","White/Black/Asian/Mixed/Chinese/All","E06000032","ONS geography code","Luton","Boys","Boys/Girls/All","?","4","","Local Authority"
"Percentage achieving at least the expected standard in all ELGs","2019","Year","Chinese","White/Black/Asian/Mixed/Chinese/All","E06000032","ONS geography code","Luton","All","Boys/Girls/All","80","5","","Local Authority"
"Percentage achieving at least the expected standard in all ELGs","2019","Year","Mixed","White/Black/Asian/Mixed/Chinese/All","E06000032","ONS geography code","Luton","Girls","Boys/Girls/All","75","138","","Local Authority"
"Percentage achieving at least the expected standard in all ELGs","2019","Year","Mixed","White/Black/Asian/Mixed/Chinese/All","E06000032","ONS geography code","Luton","Boys","Boys/Girls/All","63","167","","Local Authority"
"Percentage achieving at least the expected standard in all ELGs","2019","Year","Mixed","White/Black/Asian/Mixed/Chinese/All","E06000032","ONS geography code","Luton","All","Boys/Girls/All","69","305","","Local Authority"
"Percentage achieving at least the expected standard in all ELGs","2019","Year","White","White/Black/Asian/Mixed/Chinese/All","E06000032","ONS geography code","Luton","Girls","Boys/Girls/All","74","476","","Local Authority"
"Percentage achieving at least the expected standard in all ELGs","2019","Year","White","White/Black/Asian/Mixed/Chinese/All","E06000032","ONS geography code","Luton","Boys","Boys/Girls/All","59","543","","Local Authority"
"Percentage achieving at least the expected standard in all ELGs","2019","Year","White","White/Black/Asian/Mixed/Chinese/All","E06000032","ONS geography code","Luton","All","Boys/Girls/All","66","1019","","Local Authority"
"Percentage achieving at least the expected standard in all ELGs","2019","Year","All","White/Black/Asian/Mixed/Chinese/All","E08000003","ONS geography code","Manchester","Girls","Boys/Girls/All","72","3423","","Local Authority"
"Percentage achieving at least the expected standard in all ELGs","2019","Year","All","White/Black/Asian/Mixed/Chinese/All","E08000003","ONS geography code","Manchester","Boys","Boys/Girls/All","57","3631","","Local Authority"
"Percentage achieving at least the expected standard in all ELGs","2019","Year","All","White/Black/Asian/Mixed/Chinese/All","E08000003","ONS geography code","Manchester","All","Boys/Girls/All","64","7054","","Local Authority"
"Percentage achieving at least the expected standard in all ELGs","2019","Year","Asian","White/Black/Asian/Mixed/Chinese/All","E08000003","ONS geography code","Manchester","Girls","Boys/Girls/All","71","789","","Local Authority"
"Percentage achieving at least the expected standard in all ELGs","2019","Year","Asian","White/Black/Asian/Mixed/Chinese/All","E08000003","ONS geography code","Manchester","Boys","Boys/Girls/All","58","838","","Local Authority"
"Percentage achieving at least the expected standard in all ELGs","2019","Year","Asian","White/Black/Asian/Mixed/Chinese/All","E08000003","ONS geography code","Manchester","All","Boys/Girls/All","64","1627","","Local Authority"
"Percentage achieving at least the expected standard in all ELGs","2019","Year","Black","White/Black/Asian/Mixed/Chinese/All","E08000003","ONS geography code","Manchester","Girls","Boys/Girls/All","74","535","","Local Authority"
"Percentage achieving at least the expected standard in all ELGs","2019","Year","Black","White/Black/Asian/Mixed/Chinese/All","E08000003","ONS geography code","Manchester","Boys","Boys/Girls/All","60","573","","Local Authority"
"Percentage achieving at least the expected standard in all ELGs","2019","Year","Black","White/Black/Asian/Mixed/Chinese/All","E08000003","ONS geography code","Manchester","All","Boys/Girls/All","67","1108","","Local Authority"
"Percentage achieving at least the expected standard in all ELGs","2019","Year","Chinese","White/Black/Asian/Mixed/Chinese/All","E08000003","ONS geography code","Manchester","Boys","Boys/Girls/All","60","42","","Local Authority"
"Percentage achieving at least the expected standard in all ELGs","2019","Year","Chinese","White/Black/Asian/Mixed/Chinese/All","E08000003","ONS geography code","Manchester","Girls","Boys/Girls/All","58","43","","Local Authority"
"Percentage achieving at least the expected standard in all ELGs","2019","Year","Chinese","White/Black/Asian/Mixed/Chinese/All","E08000003","ONS geography code","Manchester","All","Boys/Girls/All","59","85","","Local Authority"
"Percentage achieving at least the expected standard in all ELGs","2019","Year","Mixed","White/Black/Asian/Mixed/Chinese/All","E08000003","ONS geography code","Manchester","Girls","Boys/Girls/All","75","317","","Local Authority"
"Percentage achieving at least the expected standard in all ELGs","2019","Year","Mixed","White/Black/Asian/Mixed/Chinese/All","E08000003","ONS geography code","Manchester","Boys","Boys/Girls/All","59","331","","Local Authority"
"Percentage achieving at least the expected standard in all ELGs","2019","Year","Mixed","White/Black/Asian/Mixed/Chinese/All","E08000003","ONS geography code","Manchester","All","Boys/Girls/All","67","648","","Local Authority"
"Percentage achieving at least the expected standard in all ELGs","2019","Year","White","White/Black/Asian/Mixed/Chinese/All","E08000003","ONS geography code","Manchester","Girls","Boys/Girls/All","74","1344","","Local Authority"
"Percentage achieving at least the expected standard in all ELGs","2019","Year","White","White/Black/Asian/Mixed/Chinese/All","E08000003","ONS geography code","Manchester","Boys","Boys/Girls/All","58","1447","","Local Authority"
"Percentage achieving at least the expected standard in all ELGs","2019","Year","White","White/Black/Asian/Mixed/Chinese/All","E08000003","ONS geography code","Manchester","All","Boys/Girls/All","66","2791","","Local Authority"
"Percentage achieving at least the expected standard in all ELGs","2019","Year","All","White/Black/Asian/Mixed/Chinese/All","E06000035","ONS geography code","Medway","Girls","Boys/Girls/All","78","1686","","Local Authority"
"Percentage achieving at least the expected standard in all ELGs","2019","Year","All","White/Black/Asian/Mixed/Chinese/All","E06000035","ONS geography code","Medway","Boys","Boys/Girls/All","67","1800","","Local Authority"
"Percentage achieving at least the expected standard in all ELGs","2019","Year","All","White/Black/Asian/Mixed/Chinese/All","E06000035","ONS geography code","Medway","All","Boys/Girls/All","73","3486","","Local Authority"
"Percentage achieving at least the expected standard in all ELGs","2019","Year","Asian","White/Black/Asian/Mixed/Chinese/All","E06000035","ONS geography code","Medway","Boys","Boys/Girls/All","71","84","","Local Authority"
"Percentage achieving at least the expected standard in all ELGs","2019","Year","Asian","White/Black/Asian/Mixed/Chinese/All","E06000035","ONS geography code","Medway","Girls","Boys/Girls/All","69","98","","Local Authority"
"Percentage achieving at least the expected standard in all ELGs","2019","Year","Asian","White/Black/Asian/Mixed/Chinese/All","E06000035","ONS geography code","Medway","All","Boys/Girls/All","70","182","","Local Authority"
"Percentage achieving at least the expected standard in all ELGs","2019","Year","Black","White/Black/Asian/Mixed/Chinese/All","E06000035","ONS geography code","Medway","Girls","Boys/Girls/All","81","99","","Local Authority"
"Percentage achieving at least the expected standard in all ELGs","2019","Year","Black","White/Black/Asian/Mixed/Chinese/All","E06000035","ONS geography code","Medway","Boys","Boys/Girls/All","64","101","","Local Authority"
"Percentage achieving at least the expected standard in all ELGs","2019","Year","Black","White/Black/Asian/Mixed/Chinese/All","E06000035","ONS geography code","Medway","All","Boys/Girls/All","73","200","","Local Authority"
"Percentage achieving at least the expected standard in all ELGs","2019","Year","Chinese","White/Black/Asian/Mixed/Chinese/All","E06000035","ONS geography code","Medway","Girls","Boys/Girls/All","?","3","","Local Authority"
"Percentage achieving at least the expected standard in all ELGs","2019","Year","Chinese","White/Black/Asian/Mixed/Chinese/All","E06000035","ONS geography code","Medway","Boys","Boys/Girls/All","?","4","","Local Authority"
"Percentage achieving at least the expected standard in all ELGs","2019","Year","Chinese","White/Black/Asian/Mixed/Chinese/All","E06000035","ONS geography code","Medway","All","Boys/Girls/All","57","7","","Local Authority"
"Percentage achieving at least the expected standard in all ELGs","2019","Year","Mixed","White/Black/Asian/Mixed/Chinese/All","E06000035","ONS geography code","Medway","Girls","Boys/Girls/All","77","101","","Local Authority"
"Percentage achieving at least the expected standard in all ELGs","2019","Year","Mixed","White/Black/Asian/Mixed/Chinese/All","E06000035","ONS geography code","Medway","Boys","Boys/Girls/All","76","141","","Local Authority"
"Percentage achieving at least the expected standard in all ELGs","2019","Year","Mixed","White/Black/Asian/Mixed/Chinese/All","E06000035","ONS geography code","Medway","All","Boys/Girls/All","76","242","","Local Authority"
"Percentage achieving at least the expected standard in all ELGs","2019","Year","White","White/Black/Asian/Mixed/Chinese/All","E06000035","ONS geography code","Medway","Girls","Boys/Girls/All","79","1336","","Local Authority"
"Percentage achieving at least the expected standard in all ELGs","2019","Year","White","White/Black/Asian/Mixed/Chinese/All","E06000035","ONS geography code","Medway","Boys","Boys/Girls/All","67","1402","","Local Authority"
"Percentage achieving at least the expected standard in all ELGs","2019","Year","White","White/Black/Asian/Mixed/Chinese/All","E06000035","ONS geography code","Medway","All","Boys/Girls/All","73","2738","","Local Authority"
"Percentage achieving at least the expected standard in all ELGs","2019","Year","All","White/Black/Asian/Mixed/Chinese/All","E09000024","ONS geography code","Merton","Girls","Boys/Girls/All","81","1124","","Local Authority"
"Percentage achieving at least the expected standard in all ELGs","2019","Year","All","White/Black/Asian/Mixed/Chinese/All","E09000024","ONS geography code","Merton","Boys","Boys/Girls/All","69","1226","","Local Authority"
"Percentage achieving at least the expected standard in all ELGs","2019","Year","All","White/Black/Asian/Mixed/Chinese/All","E09000024","ONS geography code","Merton","All","Boys/Girls/All","75","2350","","Local Authority"
"Percentage achieving at least the expected standard in all ELGs","2019","Year","Asian","White/Black/Asian/Mixed/Chinese/All","E09000024","ONS geography code","Merton","Girls","Boys/Girls/All","80","191","","Local Authority"
"Percentage achieving at least the expected standard in all ELGs","2019","Year","Asian","White/Black/Asian/Mixed/Chinese/All","E09000024","ONS geography code","Merton","Boys","Boys/Girls/All","65","241","","Local Authority"
"Percentage achieving at least the expected standard in all ELGs","2019","Year","Asian","White/Black/Asian/Mixed/Chinese/All","E09000024","ONS geography code","Merton","All","Boys/Girls/All","72","432","","Local Authority"
"Percentage achieving at least the expected standard in all ELGs","2019","Year","Black","White/Black/Asian/Mixed/Chinese/All","E09000024","ONS geography code","Merton","Girls","Boys/Girls/All","77","114","","Local Authority"
"Percentage achieving at least the expected standard in all ELGs","2019","Year","Black","White/Black/Asian/Mixed/Chinese/All","E09000024","ONS geography code","Merton","Boys","Boys/Girls/All","68","120","","Local Authority"
"Percentage achieving at least the expected standard in all ELGs","2019","Year","Black","White/Black/Asian/Mixed/Chinese/All","E09000024","ONS geography code","Merton","All","Boys/Girls/All","72","234","","Local Authority"
"Percentage achieving at least the expected standard in all ELGs","2019","Year","Chinese","White/Black/Asian/Mixed/Chinese/All","E09000024","ONS geography code","Merton","Girls","Boys/Girls/All","92","13","","Local Authority"
"Percentage achieving at least the expected standard in all ELGs","2019","Year","Chinese","White/Black/Asian/Mixed/Chinese/All","E09000024","ONS geography code","Merton","Boys","Boys/Girls/All","83","18","","Local Authority"
"Percentage achieving at least the expected standard in all ELGs","2019","Year","Chinese","White/Black/Asian/Mixed/Chinese/All","E09000024","ONS geography code","Merton","All","Boys/Girls/All","87","31","","Local Authority"
"Percentage achieving at least the expected standard in all ELGs","2019","Year","Mixed","White/Black/Asian/Mixed/Chinese/All","E09000024","ONS geography code","Merton","Girls","Boys/Girls/All","89","134","","Local Authority"
"Percentage achieving at least the expected standard in all ELGs","2019","Year","Mixed","White/Black/Asian/Mixed/Chinese/All","E09000024","ONS geography code","Merton","Boys","Boys/Girls/All","67","135","","Local Authority"
"Percentage achieving at least the expected standard in all ELGs","2019","Year","Mixed","White/Black/Asian/Mixed/Chinese/All","E09000024","ONS geography code","Merton","All","Boys/Girls/All","78","269","","Local Authority"
"Percentage achieving at least the expected standard in all ELGs","2019","Year","White","White/Black/Asian/Mixed/Chinese/All","E09000024","ONS geography code","Merton","Girls","Boys/Girls/All","82","603","","Local Authority"
"Percentage achieving at least the expected standard in all ELGs","2019","Year","White","White/Black/Asian/Mixed/Chinese/All","E09000024","ONS geography code","Merton","Boys","Boys/Girls/All","72","621","","Local Authority"
"Percentage achieving at least the expected standard in all ELGs","2019","Year","White","White/Black/Asian/Mixed/Chinese/All","E09000024","ONS geography code","Merton","All","Boys/Girls/All","77","1224","","Local Authority"
"Percentage achieving at least the expected standard in all ELGs","2019","Year","All","White/Black/Asian/Mixed/Chinese/All","E06000002","ONS geography code","Middlesbrough","Girls","Boys/Girls/All","67","949","","Local Authority"
"Percentage achieving at least the expected standard in all ELGs","2019","Year","All","White/Black/Asian/Mixed/Chinese/All","E06000002","ONS geography code","Middlesbrough","Boys","Boys/Girls/All","56","999","","Local Authority"
"Percentage achieving at least the expected standard in all ELGs","2019","Year","All","White/Black/Asian/Mixed/Chinese/All","E06000002","ONS geography code","Middlesbrough","All","Boys/Girls/All","61","1948","","Local Authority"
"Percentage achieving at least the expected standard in all ELGs","2019","Year","Asian","White/Black/Asian/Mixed/Chinese/All","E06000002","ONS geography code","Middlesbrough","Girls","Boys/Girls/All","63","94","","Local Authority"
"Percentage achieving at least the expected standard in all ELGs","2019","Year","Asian","White/Black/Asian/Mixed/Chinese/All","E06000002","ONS geography code","Middlesbrough","Boys","Boys/Girls/All","61","97","","Local Authority"
"Percentage achieving at least the expected standard in all ELGs","2019","Year","Asian","White/Black/Asian/Mixed/Chinese/All","E06000002","ONS geography code","Middlesbrough","All","Boys/Girls/All","62","191","","Local Authority"
"Percentage achieving at least the expected standard in all ELGs","2019","Year","Black","White/Black/Asian/Mixed/Chinese/All","E06000002","ONS geography code","Middlesbrough","Boys","Boys/Girls/All","70","27","","Local Authority"
"Percentage achieving at least the expected standard in all ELGs","2019","Year","Black","White/Black/Asian/Mixed/Chinese/All","E06000002","ONS geography code","Middlesbrough","Girls","Boys/Girls/All","76","33","","Local Authority"
"Percentage achieving at least the expected standard in all ELGs","2019","Year","Black","White/Black/Asian/Mixed/Chinese/All","E06000002","ONS geography code","Middlesbrough","All","Boys/Girls/All","73","60","","Local Authority"
"Percentage achieving at least the expected standard in all ELGs","2019","Year","Chinese","White/Black/Asian/Mixed/Chinese/All","E06000002","ONS geography code","Middlesbrough","Girls","Boys/Girls/All","60","5","","Local Authority"
"Percentage achieving at least the expected standard in all ELGs","2019","Year","Chinese","White/Black/Asian/Mixed/Chinese/All","E06000002","ONS geography code","Middlesbrough","Boys","Boys/Girls/All","40","5","","Local Authority"
"Percentage achieving at least the expected standard in all ELGs","2019","Year","Chinese","White/Black/Asian/Mixed/Chinese/All","E06000002","ONS geography code","Middlesbrough","All","Boys/Girls/All","50","10","","Local Authority"
"Percentage achieving at least the expected standard in all ELGs","2019","Year","Mixed","White/Black/Asian/Mixed/Chinese/All","E06000002","ONS geography code","Middlesbrough","Girls","Boys/Girls/All","56","61","","Local Authority"
"Percentage achieving at least the expected standard in all ELGs","2019","Year","Mixed","White/Black/Asian/Mixed/Chinese/All","E06000002","ONS geography code","Middlesbrough","Boys","Boys/Girls/All","59","61","","Local Authority"
"Percentage achieving at least the expected standard in all ELGs","2019","Year","Mixed","White/Black/Asian/Mixed/Chinese/All","E06000002","ONS geography code","Middlesbrough","All","Boys/Girls/All","57","122","","Local Authority"
"Percentage achieving at least the expected standard in all ELGs","2019","Year","White","White/Black/Asian/Mixed/Chinese/All","E06000002","ONS geography code","Middlesbrough","Girls","Boys/Girls/All","70","715","","Local Authority"
"Percentage achieving at least the expected standard in all ELGs","2019","Year","White","White/Black/Asian/Mixed/Chinese/All","E06000002","ONS geography code","Middlesbrough","Boys","Boys/Girls/All","55","762","","Local Authority"
"Percentage achieving at least the expected standard in all ELGs","2019","Year","White","White/Black/Asian/Mixed/Chinese/All","E06000002","ONS geography code","Middlesbrough","All","Boys/Girls/All","62","1477","","Local Authority"
"Percentage achieving at least the expected standard in all ELGs","2019","Year","All","White/Black/Asian/Mixed/Chinese/All","E06000042","ONS geography code","Milton Keynes","Girls","Boys/Girls/All","80","1749","","Local Authority"
"Percentage achieving at least the expected standard in all ELGs","2019","Year","All","White/Black/Asian/Mixed/Chinese/All","E06000042","ONS geography code","Milton Keynes","Boys","Boys/Girls/All","66","1895","","Local Authority"
"Percentage achieving at least the expected standard in all ELGs","2019","Year","All","White/Black/Asian/Mixed/Chinese/All","E06000042","ONS geography code","Milton Keynes","All","Boys/Girls/All","73","3644","","Local Authority"
"Percentage achieving at least the expected standard in all ELGs","2019","Year","Asian","White/Black/Asian/Mixed/Chinese/All","E06000042","ONS geography code","Milton Keynes","Girls","Boys/Girls/All","84","264","","Local Authority"
"Percentage achieving at least the expected standard in all ELGs","2019","Year","Asian","White/Black/Asian/Mixed/Chinese/All","E06000042","ONS geography code","Milton Keynes","Boys","Boys/Girls/All","76","297","","Local Authority"
"Percentage achieving at least the expected standard in all ELGs","2019","Year","Asian","White/Black/Asian/Mixed/Chinese/All","E06000042","ONS geography code","Milton Keynes","All","Boys/Girls/All","80","561","","Local Authority"
"Percentage achieving at least the expected standard in all ELGs","2019","Year","Black","White/Black/Asian/Mixed/Chinese/All","E06000042","ONS geography code","Milton Keynes","Girls","Boys/Girls/All","75","198","","Local Authority"
"Percentage achieving at least the expected standard in all ELGs","2019","Year","Black","White/Black/Asian/Mixed/Chinese/All","E06000042","ONS geography code","Milton Keynes","Boys","Boys/Girls/All","57","214","","Local Authority"
"Percentage achieving at least the expected standard in all ELGs","2019","Year","Black","White/Black/Asian/Mixed/Chinese/All","E06000042","ONS geography code","Milton Keynes","All","Boys/Girls/All","66","412","","Local Authority"
"Percentage achieving at least the expected standard in all ELGs","2019","Year","Chinese","White/Black/Asian/Mixed/Chinese/All","E06000042","ONS geography code","Milton Keynes","Girls","Boys/Girls/All","100","11","","Local Authority"
"Percentage achieving at least the expected standard in all ELGs","2019","Year","Chinese","White/Black/Asian/Mixed/Chinese/All","E06000042","ONS geography code","Milton Keynes","Boys","Boys/Girls/All","71","14","","Local Authority"
"Percentage achieving at least the expected standard in all ELGs","2019","Year","Chinese","White/Black/Asian/Mixed/Chinese/All","E06000042","ONS geography code","Milton Keynes","All","Boys/Girls/All","84","25","","Local Authority"
"Percentage achieving at least the expected standard in all ELGs","2019","Year","Mixed","White/Black/Asian/Mixed/Chinese/All","E06000042","ONS geography code","Milton Keynes","Girls","Boys/Girls/All","86","148","","Local Authority"
"Percentage achieving at least the expected standard in all ELGs","2019","Year","Mixed","White/Black/Asian/Mixed/Chinese/All","E06000042","ONS geography code","Milton Keynes","Boys","Boys/Girls/All","67","149","","Local Authority"
"Percentage achieving at least the expected standard in all ELGs","2019","Year","Mixed","White/Black/Asian/Mixed/Chinese/All","E06000042","ONS geography code","Milton Keynes","All","Boys/Girls/All","77","297","","Local Authority"
"Percentage achieving at least the expected standard in all ELGs","2019","Year","White","White/Black/Asian/Mixed/Chinese/All","E06000042","ONS geography code","Milton Keynes","Girls","Boys/Girls/All","79","1032","","Local Authority"
"Percentage achieving at least the expected standard in all ELGs","2019","Year","White","White/Black/Asian/Mixed/Chinese/All","E06000042","ONS geography code","Milton Keynes","Boys","Boys/Girls/All","66","1126","","Local Authority"
"Percentage achieving at least the expected standard in all ELGs","2019","Year","White","White/Black/Asian/Mixed/Chinese/All","E06000042","ONS geography code","Milton Keynes","All","Boys/Girls/All","72","2158","","Local Authority"
"Percentage achieving at least the expected standard in all ELGs","2019","Year","All","White/Black/Asian/Mixed/Chinese/All","E08000021","ONS geography code","Newcastle upon Tyne","Girls","Boys/Girls/All","76","1563","","Local Authority"
"Percentage achieving at least the expected standard in all ELGs","2019","Year","All","White/Black/Asian/Mixed/Chinese/All","E08000021","ONS geography code","Newcastle upon Tyne","Boys","Boys/Girls/All","64","1630","","Local Authority"
"Percentage achieving at least the expected standard in all ELGs","2019","Year","All","White/Black/Asian/Mixed/Chinese/All","E08000021","ONS geography code","Newcastle upon Tyne","All","Boys/Girls/All","70","3193","","Local Authority"
"Percentage achieving at least the expected standard in all ELGs","2019","Year","Asian","White/Black/Asian/Mixed/Chinese/All","E08000021","ONS geography code","Newcastle upon Tyne","Girls","Boys/Girls/All","71","197","","Local Authority"
"Percentage achieving at least the expected standard in all ELGs","2019","Year","Asian","White/Black/Asian/Mixed/Chinese/All","E08000021","ONS geography code","Newcastle upon Tyne","Boys","Boys/Girls/All","62","209","","Local Authority"
"Percentage achieving at least the expected standard in all ELGs","2019","Year","Asian","White/Black/Asian/Mixed/Chinese/All","E08000021","ONS geography code","Newcastle upon Tyne","All","Boys/Girls/All","66","406","","Local Authority"
"Percentage achieving at least the expected standard in all ELGs","2019","Year","Black","White/Black/Asian/Mixed/Chinese/All","E08000021","ONS geography code","Newcastle upon Tyne","Boys","Boys/Girls/All","51","69","","Local Authority"
"Percentage achieving at least the expected standard in all ELGs","2019","Year","Black","White/Black/Asian/Mixed/Chinese/All","E08000021","ONS geography code","Newcastle upon Tyne","Girls","Boys/Girls/All","70","70","","Local Authority"
"Percentage achieving at least the expected standard in all ELGs","2019","Year","Black","White/Black/Asian/Mixed/Chinese/All","E08000021","ONS geography code","Newcastle upon Tyne","All","Boys/Girls/All","60","139","","Local Authority"
"Percentage achieving at least the expected standard in all ELGs","2019","Year","Chinese","White/Black/Asian/Mixed/Chinese/All","E08000021","ONS geography code","Newcastle upon Tyne","Girls","Boys/Girls/All","81","16","","Local Authority"
"Percentage achieving at least the expected standard in all ELGs","2019","Year","Chinese","White/Black/Asian/Mixed/Chinese/All","E08000021","ONS geography code","Newcastle upon Tyne","Boys","Boys/Girls/All","92","25","","Local Authority"
"Percentage achieving at least the expected standard in all ELGs","2019","Year","Chinese","White/Black/Asian/Mixed/Chinese/All","E08000021","ONS geography code","Newcastle upon Tyne","All","Boys/Girls/All","88","41","","Local Authority"
"Percentage achieving at least the expected standard in all ELGs","2019","Year","Mixed","White/Black/Asian/Mixed/Chinese/All","E08000021","ONS geography code","Newcastle upon Tyne","Girls","Boys/Girls/All","76","75","","Local Authority"
"Percentage achieving at least the expected standard in all ELGs","2019","Year","Mixed","White/Black/Asian/Mixed/Chinese/All","E08000021","ONS geography code","Newcastle upon Tyne","Boys","Boys/Girls/All","73","103","","Local Authority"
"Percentage achieving at least the expected standard in all ELGs","2019","Year","Mixed","White/Black/Asian/Mixed/Chinese/All","E08000021","ONS geography code","Newcastle upon Tyne","All","Boys/Girls/All","74","178","","Local Authority"
"Percentage achieving at least the expected standard in all ELGs","2019","Year","White","White/Black/Asian/Mixed/Chinese/All","E08000021","ONS geography code","Newcastle upon Tyne","Girls","Boys/Girls/All","78","1091","","Local Authority"
"Percentage achieving at least the expected standard in all ELGs","2019","Year","White","White/Black/Asian/Mixed/Chinese/All","E08000021","ONS geography code","Newcastle upon Tyne","Boys","Boys/Girls/All","65","1096","","Local Authority"
"Percentage achieving at least the expected standard in all ELGs","2019","Year","White","White/Black/Asian/Mixed/Chinese/All","E08000021","ONS geography code","Newcastle upon Tyne","All","Boys/Girls/All","72","2187","","Local Authority"
"Percentage achieving at least the expected standard in all ELGs","2019","Year","All","White/Black/Asian/Mixed/Chinese/All","E09000025","ONS geography code","Newham","Girls","Boys/Girls/All","81","2290","","Local Authority"
"Percentage achieving at least the expected standard in all ELGs","2019","Year","All","White/Black/Asian/Mixed/Chinese/All","E09000025","ONS geography code","Newham","Boys","Boys/Girls/All","68","2433","","Local Authority"
"Percentage achieving at least the expected standard in all ELGs","2019","Year","All","White/Black/Asian/Mixed/Chinese/All","E09000025","ONS geography code","Newham","All","Boys/Girls/All","74","4723","","Local Authority"
"Percentage achieving at least the expected standard in all ELGs","2019","Year","Asian","White/Black/Asian/Mixed/Chinese/All","E09000025","ONS geography code","Newham","Girls","Boys/Girls/All","82","1094","","Local Authority"
"Percentage achieving at least the expected standard in all ELGs","2019","Year","Asian","White/Black/Asian/Mixed/Chinese/All","E09000025","ONS geography code","Newham","Boys","Boys/Girls/All","71","1161","","Local Authority"
"Percentage achieving at least the expected standard in all ELGs","2019","Year","Asian","White/Black/Asian/Mixed/Chinese/All","E09000025","ONS geography code","Newham","All","Boys/Girls/All","77","2255","","Local Authority"
"Percentage achieving at least the expected standard in all ELGs","2019","Year","Black","White/Black/Asian/Mixed/Chinese/All","E09000025","ONS geography code","Newham","Girls","Boys/Girls/All","82","389","","Local Authority"
"Percentage achieving at least the expected standard in all ELGs","2019","Year","Black","White/Black/Asian/Mixed/Chinese/All","E09000025","ONS geography code","Newham","Boys","Boys/Girls/All","62","399","","Local Authority"
"Percentage achieving at least the expected standard in all ELGs","2019","Year","Black","White/Black/Asian/Mixed/Chinese/All","E09000025","ONS geography code","Newham","All","Boys/Girls/All","72","788","","Local Authority"
"Percentage achieving at least the expected standard in all ELGs","2019","Year","Chinese","White/Black/Asian/Mixed/Chinese/All","E09000025","ONS geography code","Newham","Girls","Boys/Girls/All","80","15","","Local Authority"
"Percentage achieving at least the expected standard in all ELGs","2019","Year","Chinese","White/Black/Asian/Mixed/Chinese/All","E09000025","ONS geography code","Newham","Boys","Boys/Girls/All","89","18","","Local Authority"
"Percentage achieving at least the expected standard in all ELGs","2019","Year","Chinese","White/Black/Asian/Mixed/Chinese/All","E09000025","ONS geography code","Newham","All","Boys/Girls/All","85","33","","Local Authority"
"Percentage achieving at least the expected standard in all ELGs","2019","Year","Mixed","White/Black/Asian/Mixed/Chinese/All","E09000025","ONS geography code","Newham","Boys","Boys/Girls/All","71","198","","Local Authority"
"Percentage achieving at least the expected standard in all ELGs","2019","Year","Mixed","White/Black/Asian/Mixed/Chinese/All","E09000025","ONS geography code","Newham","Girls","Boys/Girls/All","87","202","","Local Authority"
"Percentage achieving at least the expected standard in all ELGs","2019","Year","Mixed","White/Black/Asian/Mixed/Chinese/All","E09000025","ONS geography code","Newham","All","Boys/Girls/All","79","400","","Local Authority"
"Percentage achieving at least the expected standard in all ELGs","2019","Year","White","White/Black/Asian/Mixed/Chinese/All","E09000025","ONS geography code","Newham","Girls","Boys/Girls/All","83","408","","Local Authority"
"Percentage achieving at least the expected standard in all ELGs","2019","Year","White","White/Black/Asian/Mixed/Chinese/All","E09000025","ONS geography code","Newham","Boys","Boys/Girls/All","65","470","","Local Authority"
"Percentage achieving at least the expected standard in all ELGs","2019","Year","White","White/Black/Asian/Mixed/Chinese/All","E09000025","ONS geography code","Newham","All","Boys/Girls/All","73","878","","Local Authority"
"Percentage achieving at least the expected standard in all ELGs","2019","Year","All","White/Black/Asian/Mixed/Chinese/All","E10000020","ONS geography code","Norfolk","Girls","Boys/Girls/All","79","4342","","Local Authority"
"Percentage achieving at least the expected standard in all ELGs","2019","Year","All","White/Black/Asian/Mixed/Chinese/All","E10000020","ONS geography code","Norfolk","Boys","Boys/Girls/All","65","4643","","Local Authority"
"Percentage achieving at least the expected standard in all ELGs","2019","Year","All","White/Black/Asian/Mixed/Chinese/All","E10000020","ONS geography code","Norfolk","All","Boys/Girls/All","72","8985","","Local Authority"
"Percentage achieving at least the expected standard in all ELGs","2019","Year","Asian","White/Black/Asian/Mixed/Chinese/All","E10000020","ONS geography code","Norfolk","Girls","Boys/Girls/All","71","65","","Local Authority"
"Percentage achieving at least the expected standard in all ELGs","2019","Year","Asian","White/Black/Asian/Mixed/Chinese/All","E10000020","ONS geography code","Norfolk","Boys","Boys/Girls/All","62","71","","Local Authority"
"Percentage achieving at least the expected standard in all ELGs","2019","Year","Asian","White/Black/Asian/Mixed/Chinese/All","E10000020","ONS geography code","Norfolk","All","Boys/Girls/All","66","136","","Local Authority"
"Percentage achieving at least the expected standard in all ELGs","2019","Year","Black","White/Black/Asian/Mixed/Chinese/All","E10000020","ONS geography code","Norfolk","Girls","Boys/Girls/All","90","39","","Local Authority"
"Percentage achieving at least the expected standard in all ELGs","2019","Year","Black","White/Black/Asian/Mixed/Chinese/All","E10000020","ONS geography code","Norfolk","Boys","Boys/Girls/All","63","41","","Local Authority"
"Percentage achieving at least the expected standard in all ELGs","2019","Year","Black","White/Black/Asian/Mixed/Chinese/All","E10000020","ONS geography code","Norfolk","All","Boys/Girls/All","76","80","","Local Authority"
"Percentage achieving at least the expected standard in all ELGs","2019","Year","Chinese","White/Black/Asian/Mixed/Chinese/All","E10000020","ONS geography code","Norfolk","Girls","Boys/Girls/All","100","14","","Local Authority"
"Percentage achieving at least the expected standard in all ELGs","2019","Year","Chinese","White/Black/Asian/Mixed/Chinese/All","E10000020","ONS geography code","Norfolk","Boys","Boys/Girls/All","79","14","","Local Authority"
"Percentage achieving at least the expected standard in all ELGs","2019","Year","Chinese","White/Black/Asian/Mixed/Chinese/All","E10000020","ONS geography code","Norfolk","All","Boys/Girls/All","89","28","","Local Authority"
"Percentage achieving at least the expected standard in all ELGs","2019","Year","Mixed","White/Black/Asian/Mixed/Chinese/All","E10000020","ONS geography code","Norfolk","Girls","Boys/Girls/All","82","150","","Local Authority"
"Percentage achieving at least the expected standard in all ELGs","2019","Year","Mixed","White/Black/Asian/Mixed/Chinese/All","E10000020","ONS geography code","Norfolk","Boys","Boys/Girls/All","75","172","","Local Authority"
"Percentage achieving at least the expected standard in all ELGs","2019","Year","Mixed","White/Black/Asian/Mixed/Chinese/All","E10000020","ONS geography code","Norfolk","All","Boys/Girls/All","78","322","","Local Authority"
"Percentage achieving at least the expected standard in all ELGs","2019","Year","White","White/Black/Asian/Mixed/Chinese/All","E10000020","ONS geography code","Norfolk","Girls","Boys/Girls/All","79","3869","","Local Authority"
"Percentage achieving at least the expected standard in all ELGs","2019","Year","White","White/Black/Asian/Mixed/Chinese/All","E10000020","ONS geography code","Norfolk","Boys","Boys/Girls/All","65","4114","","Local Authority"
"Percentage achieving at least the expected standard in all ELGs","2019","Year","White","White/Black/Asian/Mixed/Chinese/All","E10000020","ONS geography code","Norfolk","All","Boys/Girls/All","72","7983","","Local Authority"
"Percentage achieving at least the expected standard in all ELGs","2019","Year","All","White/Black/Asian/Mixed/Chinese/All","E12000001","ONS geography code","North East","Girls","Boys/Girls/All","78","14053","","Regional"
"Percentage achieving at least the expected standard in all ELGs","2019","Year","All","White/Black/Asian/Mixed/Chinese/All","E12000001","ONS geography code","North East","Boys","Boys/Girls/All","65","14971","","Regional"
"Percentage achieving at least the expected standard in all ELGs","2019","Year","All","White/Black/Asian/Mixed/Chinese/All","E12000001","ONS geography code","North East","All","Boys/Girls/All","71","29024","","Regional"
"Percentage achieving at least the expected standard in all ELGs","2019","Year","Asian","White/Black/Asian/Mixed/Chinese/All","E12000001","ONS geography code","North East","Girls","Boys/Girls/All","72","534","","Regional"
"Percentage achieving at least the expected standard in all ELGs","2019","Year","Asian","White/Black/Asian/Mixed/Chinese/All","E12000001","ONS geography code","North East","Boys","Boys/Girls/All","60","600","","Regional"
"Percentage achieving at least the expected standard in all ELGs","2019","Year","Asian","White/Black/Asian/Mixed/Chinese/All","E12000001","ONS geography code","North East","All","Boys/Girls/All","65","1134","","Regional"
"Percentage achieving at least the expected standard in all ELGs","2019","Year","Black","White/Black/Asian/Mixed/Chinese/All","E12000001","ONS geography code","North East","Girls","Boys/Girls/All","74","164","","Regional"
"Percentage achieving at least the expected standard in all ELGs","2019","Year","Black","White/Black/Asian/Mixed/Chinese/All","E12000001","ONS geography code","North East","Boys","Boys/Girls/All","56","181","","Regional"
"Percentage achieving at least the expected standard in all ELGs","2019","Year","Black","White/Black/Asian/Mixed/Chinese/All","E12000001","ONS geography code","North East","All","Boys/Girls/All","65","345","","Regional"
"Percentage achieving at least the expected standard in all ELGs","2019","Year","Chinese","White/Black/Asian/Mixed/Chinese/All","E12000001","ONS geography code","North East","Girls","Boys/Girls/All","67","58","","Regional"
"Percentage achieving at least the expected standard in all ELGs","2019","Year","Chinese","White/Black/Asian/Mixed/Chinese/All","E12000001","ONS geography code","North East","Boys","Boys/Girls/All","81","70","","Regional"
"Percentage achieving at least the expected standard in all ELGs","2019","Year","Chinese","White/Black/Asian/Mixed/Chinese/All","E12000001","ONS geography code","North East","All","Boys/Girls/All","75","128","","Regional"
"Percentage achieving at least the expected standard in all ELGs","2019","Year","Mixed","White/Black/Asian/Mixed/Chinese/All","E12000001","ONS geography code","North East","Girls","Boys/Girls/All","72","398","","Regional"
"Percentage achieving at least the expected standard in all ELGs","2019","Year","Mixed","White/Black/Asian/Mixed/Chinese/All","E12000001","ONS geography code","North East","Boys","Boys/Girls/All","68","471","","Regional"
"Percentage achieving at least the expected standard in all ELGs","2019","Year","Mixed","White/Black/Asian/Mixed/Chinese/All","E12000001","ONS geography code","North East","All","Boys/Girls/All","69","869","","Regional"
"Percentage achieving at least the expected standard in all ELGs","2019","Year","White","White/Black/Asian/Mixed/Chinese/All","E12000001","ONS geography code","North East","Girls","Boys/Girls/All","79","12493","","Regional"
"Percentage achieving at least the expected standard in all ELGs","2019","Year","White","White/Black/Asian/Mixed/Chinese/All","E12000001","ONS geography code","North East","Boys","Boys/Girls/All","65","13198","","Regional"
"Percentage achieving at least the expected standard in all ELGs","2019","Year","White","White/Black/Asian/Mixed/Chinese/All","E12000001","ONS geography code","North East","All","Boys/Girls/All","72","25691","","Regional"
"Percentage achieving at least the expected standard in all ELGs","2019","Year","All","White/Black/Asian/Mixed/Chinese/All","E06000012","ONS geography code","North East Lincolnshire","Girls","Boys/Girls/All","78","935","","Local Authority"
"Percentage achieving at least the expected standard in all ELGs","2019","Year","All","White/Black/Asian/Mixed/Chinese/All","E06000012","ONS geography code","North East Lincolnshire","Boys","Boys/Girls/All","63","962","","Local Authority"
"Percentage achieving at least the expected standard in all ELGs","2019","Year","All","White/Black/Asian/Mixed/Chinese/All","E06000012","ONS geography code","North East Lincolnshire","All","Boys/Girls/All","70","1897","","Local Authority"
"Percentage achieving at least the expected standard in all ELGs","2019","Year","Asian","White/Black/Asian/Mixed/Chinese/All","E06000012","ONS geography code","North East Lincolnshire","Boys","Boys/Girls/All","20","5","","Local Authority"
"Percentage achieving at least the expected standard in all ELGs","2019","Year","Asian","White/Black/Asian/Mixed/Chinese/All","E06000012","ONS geography code","North East Lincolnshire","Girls","Boys/Girls/All","100","9","","Local Authority"
"Percentage achieving at least the expected standard in all ELGs","2019","Year","Asian","White/Black/Asian/Mixed/Chinese/All","E06000012","ONS geography code","North East Lincolnshire","All","Boys/Girls/All","71","14","","Local Authority"
"Percentage achieving at least the expected standard in all ELGs","2019","Year","Black","White/Black/Asian/Mixed/Chinese/All","E06000012","ONS geography code","North East Lincolnshire","Boys","Boys/Girls/All","?","2","","Local Authority"
"Percentage achieving at least the expected standard in all ELGs","2019","Year","Black","White/Black/Asian/Mixed/Chinese/All","E06000012","ONS geography code","North East Lincolnshire","Girls","Boys/Girls/All","?","3","","Local Authority"
"Percentage achieving at least the expected standard in all ELGs","2019","Year","Black","White/Black/Asian/Mixed/Chinese/All","E06000012","ONS geography code","North East Lincolnshire","All","Boys/Girls/All","60","5","","Local Authority"
"Percentage achieving at least the expected standard in all ELGs","2019","Year","Chinese","White/Black/Asian/Mixed/Chinese/All","E06000012","ONS geography code","North East Lincolnshire","Girls","Boys/Girls/All","?","1","","Local Authority"
"Percentage achieving at least the expected standard in all ELGs","2019","Year","Chinese","White/Black/Asian/Mixed/Chinese/All","E06000012","ONS geography code","North East Lincolnshire","Boys","Boys/Girls/All","?","1","","Local Authority"
"Percentage achieving at least the expected standard in all ELGs","2019","Year","Chinese","White/Black/Asian/Mixed/Chinese/All","E06000012","ONS geography code","North East Lincolnshire","All","Boys/Girls/All","?","2","","Local Authority"
"Percentage achieving at least the expected standard in all ELGs","2019","Year","Mixed","White/Black/Asian/Mixed/Chinese/All","E06000012","ONS geography code","North East Lincolnshire","Girls","Boys/Girls/All","82","28","","Local Authority"
"Percentage achieving at least the expected standard in all ELGs","2019","Year","Mixed","White/Black/Asian/Mixed/Chinese/All","E06000012","ONS geography code","North East Lincolnshire","Boys","Boys/Girls/All","66","38","","Local Authority"
"Percentage achieving at least the expected standard in all ELGs","2019","Year","Mixed","White/Black/Asian/Mixed/Chinese/All","E06000012","ONS geography code","North East Lincolnshire","All","Boys/Girls/All","73","66","","Local Authority"
"Percentage achieving at least the expected standard in all ELGs","2019","Year","White","White/Black/Asian/Mixed/Chinese/All","E06000012","ONS geography code","North East Lincolnshire","Girls","Boys/Girls/All","78","859","","Local Authority"
"Percentage achieving at least the expected standard in all ELGs","2019","Year","White","White/Black/Asian/Mixed/Chinese/All","E06000012","ONS geography code","North East Lincolnshire","Boys","Boys/Girls/All","63","888","","Local Authority"
"Percentage achieving at least the expected standard in all ELGs","2019","Year","White","White/Black/Asian/Mixed/Chinese/All","E06000012","ONS geography code","North East Lincolnshire","All","Boys/Girls/All","71","1747","","Local Authority"
"Percentage achieving at least the expected standard in all ELGs","2019","Year","All","White/Black/Asian/Mixed/Chinese/All","E06000013","ONS geography code","North Lincolnshire","Girls","Boys/Girls/All","77","891","","Local Authority"
"Percentage achieving at least the expected standard in all ELGs","2019","Year","All","White/Black/Asian/Mixed/Chinese/All","E06000013","ONS geography code","North Lincolnshire","Boys","Boys/Girls/All","64","945","","Local Authority"
"Percentage achieving at least the expected standard in all ELGs","2019","Year","All","White/Black/Asian/Mixed/Chinese/All","E06000013","ONS geography code","North Lincolnshire","All","Boys/Girls/All","70","1836","","Local Authority"
"Percentage achieving at least the expected standard in all ELGs","2019","Year","Asian","White/Black/Asian/Mixed/Chinese/All","E06000013","ONS geography code","North Lincolnshire","Girls","Boys/Girls/All","75","24","","Local Authority"
"Percentage achieving at least the expected standard in all ELGs","2019","Year","Asian","White/Black/Asian/Mixed/Chinese/All","E06000013","ONS geography code","North Lincolnshire","Boys","Boys/Girls/All","65","34","","Local Authority"
"Percentage achieving at least the expected standard in all ELGs","2019","Year","Asian","White/Black/Asian/Mixed/Chinese/All","E06000013","ONS geography code","North Lincolnshire","All","Boys/Girls/All","69","58","","Local Authority"
"Percentage achieving at least the expected standard in all ELGs","2019","Year","Black","White/Black/Asian/Mixed/Chinese/All","E06000013","ONS geography code","North Lincolnshire","Girls","Boys/Girls/All","?","2","","Local Authority"
"Percentage achieving at least the expected standard in all ELGs","2019","Year","Black","White/Black/Asian/Mixed/Chinese/All","E06000013","ONS geography code","North Lincolnshire","Boys","Boys/Girls/All","44","9","","Local Authority"
"Percentage achieving at least the expected standard in all ELGs","2019","Year","Black","White/Black/Asian/Mixed/Chinese/All","E06000013","ONS geography code","North Lincolnshire","All","Boys/Girls/All","45","11","","Local Authority"
"Percentage achieving at least the expected standard in all ELGs","2019","Year","Chinese","White/Black/Asian/Mixed/Chinese/All","E06000013","ONS geography code","North Lincolnshire","Girls","Boys/Girls/All","?","1","","Local Authority"
"Percentage achieving at least the expected standard in all ELGs","2019","Year","Chinese","White/Black/Asian/Mixed/Chinese/All","E06000013","ONS geography code","North Lincolnshire","Boys","Boys/Girls/All","?","3","","Local Authority"
"Percentage achieving at least the expected standard in all ELGs","2019","Year","Chinese","White/Black/Asian/Mixed/Chinese/All","E06000013","ONS geography code","North Lincolnshire","All","Boys/Girls/All","?","4","","Local Authority"
"Percentage achieving at least the expected standard in all ELGs","2019","Year","Mixed","White/Black/Asian/Mixed/Chinese/All","E06000013","ONS geography code","North Lincolnshire","Girls","Boys/Girls/All","71","17","","Local Authority"
"Percentage achieving at least the expected standard in all ELGs","2019","Year","Mixed","White/Black/Asian/Mixed/Chinese/All","E06000013","ONS geography code","North Lincolnshire","Boys","Boys/Girls/All","67","18","","Local Authority"
"Percentage achieving at least the expected standard in all ELGs","2019","Year","Mixed","White/Black/Asian/Mixed/Chinese/All","E06000013","ONS geography code","North Lincolnshire","All","Boys/Girls/All","69","35","","Local Authority"
"Percentage achieving at least the expected standard in all ELGs","2019","Year","White","White/Black/Asian/Mixed/Chinese/All","E06000013","ONS geography code","North Lincolnshire","Girls","Boys/Girls/All","78","820","","Local Authority"
"Percentage achieving at least the expected standard in all ELGs","2019","Year","White","White/Black/Asian/Mixed/Chinese/All","E06000013","ONS geography code","North Lincolnshire","Boys","Boys/Girls/All","65","847","","Local Authority"
"Percentage achieving at least the expected standard in all ELGs","2019","Year","White","White/Black/Asian/Mixed/Chinese/All","E06000013","ONS geography code","North Lincolnshire","All","Boys/Girls/All","72","1667","","Local Authority"
"Percentage achieving at least the expected standard in all ELGs","2019","Year","All","White/Black/Asian/Mixed/Chinese/All","E06000024","ONS geography code","North Somerset","Girls","Boys/Girls/All","80","1087","","Local Authority"
"Percentage achieving at least the expected standard in all ELGs","2019","Year","All","White/Black/Asian/Mixed/Chinese/All","E06000024","ONS geography code","North Somerset","Boys","Boys/Girls/All","69","1150","","Local Authority"
"Percentage achieving at least the expected standard in all ELGs","2019","Year","All","White/Black/Asian/Mixed/Chinese/All","E06000024","ONS geography code","North Somerset","All","Boys/Girls/All","74","2237","","Local Authority"
"Percentage achieving at least the expected standard in all ELGs","2019","Year","Asian","White/Black/Asian/Mixed/Chinese/All","E06000024","ONS geography code","North Somerset","Girls","Boys/Girls/All","78","9","","Local Authority"
"Percentage achieving at least the expected standard in all ELGs","2019","Year","Asian","White/Black/Asian/Mixed/Chinese/All","E06000024","ONS geography code","North Somerset","Boys","Boys/Girls/All","44","9","","Local Authority"
"Percentage achieving at least the expected standard in all ELGs","2019","Year","Asian","White/Black/Asian/Mixed/Chinese/All","E06000024","ONS geography code","North Somerset","All","Boys/Girls/All","61","18","","Local Authority"
"Percentage achieving at least the expected standard in all ELGs","2019","Year","Black","White/Black/Asian/Mixed/Chinese/All","E06000024","ONS geography code","North Somerset","Girls","Boys/Girls/All","80","5","","Local Authority"
"Percentage achieving at least the expected standard in all ELGs","2019","Year","Black","White/Black/Asian/Mixed/Chinese/All","E06000024","ONS geography code","North Somerset","Boys","Boys/Girls/All","75","8","","Local Authority"
"Percentage achieving at least the expected standard in all ELGs","2019","Year","Black","White/Black/Asian/Mixed/Chinese/All","E06000024","ONS geography code","North Somerset","All","Boys/Girls/All","77","13","","Local Authority"
"Percentage achieving at least the expected standard in all ELGs","2019","Year","Chinese","White/Black/Asian/Mixed/Chinese/All","E06000024","ONS geography code","North Somerset","Boys","Boys/Girls/All","?","1","","Local Authority"
"Percentage achieving at least the expected standard in all ELGs","2019","Year","Chinese","White/Black/Asian/Mixed/Chinese/All","E06000024","ONS geography code","North Somerset","Girls","Boys/Girls/All","?","2","","Local Authority"
"Percentage achieving at least the expected standard in all ELGs","2019","Year","Chinese","White/Black/Asian/Mixed/Chinese/All","E06000024","ONS geography code","North Somerset","All","Boys/Girls/All","?","3","","Local Authority"
"Percentage achieving at least the expected standard in all ELGs","2019","Year","Mixed","White/Black/Asian/Mixed/Chinese/All","E06000024","ONS geography code","North Somerset","Boys","Boys/Girls/All","70","33","","Local Authority"
"Percentage achieving at least the expected standard in all ELGs","2019","Year","Mixed","White/Black/Asian/Mixed/Chinese/All","E06000024","ONS geography code","North Somerset","Girls","Boys/Girls/All","77","35","","Local Authority"
"Percentage achieving at least the expected standard in all ELGs","2019","Year","Mixed","White/Black/Asian/Mixed/Chinese/All","E06000024","ONS geography code","North Somerset","All","Boys/Girls/All","74","68","","Local Authority"
"Percentage achieving at least the expected standard in all ELGs","2019","Year","White","White/Black/Asian/Mixed/Chinese/All","E06000024","ONS geography code","North Somerset","Girls","Boys/Girls/All","80","1016","","Local Authority"
"Percentage achieving at least the expected standard in all ELGs","2019","Year","White","White/Black/Asian/Mixed/Chinese/All","E06000024","ONS geography code","North Somerset","Boys","Boys/Girls/All","69","1083","","Local Authority"
"Percentage achieving at least the expected standard in all ELGs","2019","Year","White","White/Black/Asian/Mixed/Chinese/All","E06000024","ONS geography code","North Somerset","All","Boys/Girls/All","75","2099","","Local Authority"
"Percentage achieving at least the expected standard in all ELGs","2019","Year","All","White/Black/Asian/Mixed/Chinese/All","E08000022","ONS geography code","North Tyneside","Girls","Boys/Girls/All","77","1143","","Local Authority"
"Percentage achieving at least the expected standard in all ELGs","2019","Year","All","White/Black/Asian/Mixed/Chinese/All","E08000022","ONS geography code","North Tyneside","Boys","Boys/Girls/All","66","1241","","Local Authority"
"Percentage achieving at least the expected standard in all ELGs","2019","Year","All","White/Black/Asian/Mixed/Chinese/All","E08000022","ONS geography code","North Tyneside","All","Boys/Girls/All","71","2384","","Local Authority"
"Percentage achieving at least the expected standard in all ELGs","2019","Year","Asian","White/Black/Asian/Mixed/Chinese/All","E08000022","ONS geography code","North Tyneside","Girls","Boys/Girls/All","89","19","","Local Authority"
"Percentage achieving at least the expected standard in all ELGs","2019","Year","Asian","White/Black/Asian/Mixed/Chinese/All","E08000022","ONS geography code","North Tyneside","Boys","Boys/Girls/All","55","33","","Local Authority"
"Percentage achieving at least the expected standard in all ELGs","2019","Year","Asian","White/Black/Asian/Mixed/Chinese/All","E08000022","ONS geography code","North Tyneside","All","Boys/Girls/All","67","52","","Local Authority"
"Percentage achieving at least the expected standard in all ELGs","2019","Year","Black","White/Black/Asian/Mixed/Chinese/All","E08000022","ONS geography code","North Tyneside","Girls","Boys/Girls/All","80","5","","Local Authority"
"Percentage achieving at least the expected standard in all ELGs","2019","Year","Black","White/Black/Asian/Mixed/Chinese/All","E08000022","ONS geography code","North Tyneside","Boys","Boys/Girls/All","50","10","","Local Authority"
"Percentage achieving at least the expected standard in all ELGs","2019","Year","Black","White/Black/Asian/Mixed/Chinese/All","E08000022","ONS geography code","North Tyneside","All","Boys/Girls/All","60","15","","Local Authority"
"Percentage achieving at least the expected standard in all ELGs","2019","Year","Chinese","White/Black/Asian/Mixed/Chinese/All","E08000022","ONS geography code","North Tyneside","Girls","Boys/Girls/All","40","5","","Local Authority"
"Percentage achieving at least the expected standard in all ELGs","2019","Year","Chinese","White/Black/Asian/Mixed/Chinese/All","E08000022","ONS geography code","North Tyneside","Boys","Boys/Girls/All","88","8","","Local Authority"
"Percentage achieving at least the expected standard in all ELGs","2019","Year","Chinese","White/Black/Asian/Mixed/Chinese/All","E08000022","ONS geography code","North Tyneside","All","Boys/Girls/All","69","13","","Local Authority"
"Percentage achieving at least the expected standard in all ELGs","2019","Year","Mixed","White/Black/Asian/Mixed/Chinese/All","E08000022","ONS geography code","North Tyneside","Girls","Boys/Girls/All","74","35","","Local Authority"
"Percentage achieving at least the expected standard in all ELGs","2019","Year","Mixed","White/Black/Asian/Mixed/Chinese/All","E08000022","ONS geography code","North Tyneside","Boys","Boys/Girls/All","68","38","","Local Authority"
"Percentage achieving at least the expected standard in all ELGs","2019","Year","Mixed","White/Black/Asian/Mixed/Chinese/All","E08000022","ONS geography code","North Tyneside","All","Boys/Girls/All","71","73","","Local Authority"
"Percentage achieving at least the expected standard in all ELGs","2019","Year","White","White/Black/Asian/Mixed/Chinese/All","E08000022","ONS geography code","North Tyneside","Girls","Boys/Girls/All","77","1069","","Local Authority"
"Percentage achieving at least the expected standard in all ELGs","2019","Year","White","White/Black/Asian/Mixed/Chinese/All","E08000022","ONS geography code","North Tyneside","Boys","Boys/Girls/All","66","1128","","Local Authority"
"Percentage achieving at least the expected standard in all ELGs","2019","Year","White","White/Black/Asian/Mixed/Chinese/All","E08000022","ONS geography code","North Tyneside","All","Boys/Girls/All","71","2197","","Local Authority"
"Percentage achieving at least the expected standard in all ELGs","2019","Year","All","White/Black/Asian/Mixed/Chinese/All","E12000002","ONS geography code","North West","Girls","Boys/Girls/All","75","42017","","Regional"
"Percentage achieving at least the expected standard in all ELGs","2019","Year","All","White/Black/Asian/Mixed/Chinese/All","E12000002","ONS geography code","North West","Boys","Boys/Girls/All","60","44263","","Regional"
"Percentage achieving at least the expected standard in all ELGs","2019","Year","All","White/Black/Asian/Mixed/Chinese/All","E12000002","ONS geography code","North West","All","Boys/Girls/All","67","86280","","Regional"
"Percentage achieving at least the expected standard in all ELGs","2019","Year","Asian","White/Black/Asian/Mixed/Chinese/All","E12000002","ONS geography code","North West","Girls","Boys/Girls/All","70","4334","","Regional"
"Percentage achieving at least the expected standard in all ELGs","2019","Year","Asian","White/Black/Asian/Mixed/Chinese/All","E12000002","ONS geography code","North West","Boys","Boys/Girls/All","55","4537","","Regional"
"Percentage achieving at least the expected standard in all ELGs","2019","Year","Asian","White/Black/Asian/Mixed/Chinese/All","E12000002","ONS geography code","North West","All","Boys/Girls/All","62","8871","","Regional"
"Percentage achieving at least the expected standard in all ELGs","2019","Year","Black","White/Black/Asian/Mixed/Chinese/All","E12000002","ONS geography code","North West","Girls","Boys/Girls/All","72","1228","","Regional"
"Percentage achieving at least the expected standard in all ELGs","2019","Year","Black","White/Black/Asian/Mixed/Chinese/All","E12000002","ONS geography code","North West","Boys","Boys/Girls/All","54","1345","","Regional"
"Percentage achieving at least the expected standard in all ELGs","2019","Year","Black","White/Black/Asian/Mixed/Chinese/All","E12000002","ONS geography code","North West","All","Boys/Girls/All","63","2573","","Regional"
"Percentage achieving at least the expected standard in all ELGs","2019","Year","Chinese","White/Black/Asian/Mixed/Chinese/All","E12000002","ONS geography code","North West","Girls","Boys/Girls/All","73","215","","Regional"
"Percentage achieving at least the expected standard in all ELGs","2019","Year","Chinese","White/Black/Asian/Mixed/Chinese/All","E12000002","ONS geography code","North West","Boys","Boys/Girls/All","61","218","","Regional"
"Percentage achieving at least the expected standard in all ELGs","2019","Year","Chinese","White/Black/Asian/Mixed/Chinese/All","E12000002","ONS geography code","North West","All","Boys/Girls/All","67","433","","Regional"
"Percentage achieving at least the expected standard in all ELGs","2019","Year","Mixed","White/Black/Asian/Mixed/Chinese/All","E12000002","ONS geography code","North West","Girls","Boys/Girls/All","75","1943","","Regional"
"Percentage achieving at least the expected standard in all ELGs","2019","Year","Mixed","White/Black/Asian/Mixed/Chinese/All","E12000002","ONS geography code","North West","Boys","Boys/Girls/All","60","2094","","Regional"
"Percentage achieving at least the expected standard in all ELGs","2019","Year","Mixed","White/Black/Asian/Mixed/Chinese/All","E12000002","ONS geography code","North West","All","Boys/Girls/All","67","4037","","Regional"
"Percentage achieving at least the expected standard in all ELGs","2019","Year","White","White/Black/Asian/Mixed/Chinese/All","E12000002","ONS geography code","North West","Girls","Boys/Girls/All","76","32533","","Regional"
"Percentage achieving at least the expected standard in all ELGs","2019","Year","White","White/Black/Asian/Mixed/Chinese/All","E12000002","ONS geography code","North West","Boys","Boys/Girls/All","62","34222","","Regional"
"Percentage achieving at least the expected standard in all ELGs","2019","Year","White","White/Black/Asian/Mixed/Chinese/All","E12000002","ONS geography code","North West","All","Boys/Girls/All","69","66755","","Regional"
"Percentage achieving at least the expected standard in all ELGs","2019","Year","All","White/Black/Asian/Mixed/Chinese/All","E10000023","ONS geography code","North Yorkshire","Girls","Boys/Girls/All","79","2898","","Local Authority"
"Percentage achieving at least the expected standard in all ELGs","2019","Year","All","White/Black/Asian/Mixed/Chinese/All","E10000023","ONS geography code","North Yorkshire","Boys","Boys/Girls/All","65","3089","","Local Authority"
"Percentage achieving at least the expected standard in all ELGs","2019","Year","All","White/Black/Asian/Mixed/Chinese/All","E10000023","ONS geography code","North Yorkshire","All","Boys/Girls/All","72","5987","","Local Authority"
"Percentage achieving at least the expected standard in all ELGs","2019","Year","Asian","White/Black/Asian/Mixed/Chinese/All","E10000023","ONS geography code","North Yorkshire","Boys","Boys/Girls/All","48","29","","Local Authority"
"Percentage achieving at least the expected standard in all ELGs","2019","Year","Asian","White/Black/Asian/Mixed/Chinese/All","E10000023","ONS geography code","North Yorkshire","Girls","Boys/Girls/All","63","30","","Local Authority"
"Percentage achieving at least the expected standard in all ELGs","2019","Year","Asian","White/Black/Asian/Mixed/Chinese/All","E10000023","ONS geography code","North Yorkshire","All","Boys/Girls/All","56","59","","Local Authority"
"Percentage achieving at least the expected standard in all ELGs","2019","Year","Black","White/Black/Asian/Mixed/Chinese/All","E10000023","ONS geography code","North Yorkshire","Girls","Boys/Girls/All","71","14","","Local Authority"
"Percentage achieving at least the expected standard in all ELGs","2019","Year","Black","White/Black/Asian/Mixed/Chinese/All","E10000023","ONS geography code","North Yorkshire","Boys","Boys/Girls/All","72","18","","Local Authority"
"Percentage achieving at least the expected standard in all ELGs","2019","Year","Black","White/Black/Asian/Mixed/Chinese/All","E10000023","ONS geography code","North Yorkshire","All","Boys/Girls/All","72","32","","Local Authority"
"Percentage achieving at least the expected standard in all ELGs","2019","Year","Chinese","White/Black/Asian/Mixed/Chinese/All","E10000023","ONS geography code","North Yorkshire","Girls","Boys/Girls/All","?","3","","Local Authority"
"Percentage achieving at least the expected standard in all ELGs","2019","Year","Chinese","White/Black/Asian/Mixed/Chinese/All","E10000023","ONS geography code","North Yorkshire","Boys","Boys/Girls/All","33","6","","Local Authority"
"Percentage achieving at least the expected standard in all ELGs","2019","Year","Chinese","White/Black/Asian/Mixed/Chinese/All","E10000023","ONS geography code","North Yorkshire","All","Boys/Girls/All","44","9","","Local Authority"
"Percentage achieving at least the expected standard in all ELGs","2019","Year","Mixed","White/Black/Asian/Mixed/Chinese/All","E10000023","ONS geography code","North Yorkshire","Boys","Boys/Girls/All","69","70","","Local Authority"
"Percentage achieving at least the expected standard in all ELGs","2019","Year","Mixed","White/Black/Asian/Mixed/Chinese/All","E10000023","ONS geography code","North Yorkshire","Girls","Boys/Girls/All","83","75","","Local Authority"
"Percentage achieving at least the expected standard in all ELGs","2019","Year","Mixed","White/Black/Asian/Mixed/Chinese/All","E10000023","ONS geography code","North Yorkshire","All","Boys/Girls/All","76","145","","Local Authority"
"Percentage achieving at least the expected standard in all ELGs","2019","Year","White","White/Black/Asian/Mixed/Chinese/All","E10000023","ONS geography code","North Yorkshire","Girls","Boys/Girls/All","79","2634","","Local Authority"
"Percentage achieving at least the expected standard in all ELGs","2019","Year","White","White/Black/Asian/Mixed/Chinese/All","E10000023","ONS geography code","North Yorkshire","Boys","Boys/Girls/All","66","2861","","Local Authority"
"Percentage achieving at least the expected standard in all ELGs","2019","Year","White","White/Black/Asian/Mixed/Chinese/All","E10000023","ONS geography code","North Yorkshire","All","Boys/Girls/All","72","5495","","Local Authority"
"Percentage achieving at least the expected standard in all ELGs","2019","Year","All","White/Black/Asian/Mixed/Chinese/All","E10000021","ONS geography code","Northamptonshire","Girls","Boys/Girls/All","76","4538","","Local Authority"
"Percentage achieving at least the expected standard in all ELGs","2019","Year","All","White/Black/Asian/Mixed/Chinese/All","E10000021","ONS geography code","Northamptonshire","Boys","Boys/Girls/All","63","4739","","Local Authority"
"Percentage achieving at least the expected standard in all ELGs","2019","Year","All","White/Black/Asian/Mixed/Chinese/All","E10000021","ONS geography code","Northamptonshire","All","Boys/Girls/All","70","9277","","Local Authority"
"Percentage achieving at least the expected standard in all ELGs","2019","Year","Asian","White/Black/Asian/Mixed/Chinese/All","E10000021","ONS geography code","Northamptonshire","Girls","Boys/Girls/All","75","204","","Local Authority"
"Percentage achieving at least the expected standard in all ELGs","2019","Year","Asian","White/Black/Asian/Mixed/Chinese/All","E10000021","ONS geography code","Northamptonshire","Boys","Boys/Girls/All","67","206","","Local Authority"
"Percentage achieving at least the expected standard in all ELGs","2019","Year","Asian","White/Black/Asian/Mixed/Chinese/All","E10000021","ONS geography code","Northamptonshire","All","Boys/Girls/All","71","410","","Local Authority"
"Percentage achieving at least the expected standard in all ELGs","2019","Year","Black","White/Black/Asian/Mixed/Chinese/All","E10000021","ONS geography code","Northamptonshire","Girls","Boys/Girls/All","84","195","","Local Authority"
"Percentage achieving at least the expected standard in all ELGs","2019","Year","Black","White/Black/Asian/Mixed/Chinese/All","E10000021","ONS geography code","Northamptonshire","Boys","Boys/Girls/All","61","202","","Local Authority"
"Percentage achieving at least the expected standard in all ELGs","2019","Year","Black","White/Black/Asian/Mixed/Chinese/All","E10000021","ONS geography code","Northamptonshire","All","Boys/Girls/All","72","397","","Local Authority"
"Percentage achieving at least the expected standard in all ELGs","2019","Year","Chinese","White/Black/Asian/Mixed/Chinese/All","E10000021","ONS geography code","Northamptonshire","Girls","Boys/Girls/All","88","8","","Local Authority"
"Percentage achieving at least the expected standard in all ELGs","2019","Year","Chinese","White/Black/Asian/Mixed/Chinese/All","E10000021","ONS geography code","Northamptonshire","Boys","Boys/Girls/All","60","15","","Local Authority"
"Percentage achieving at least the expected standard in all ELGs","2019","Year","Chinese","White/Black/Asian/Mixed/Chinese/All","E10000021","ONS geography code","Northamptonshire","All","Boys/Girls/All","70","23","","Local Authority"
"Percentage achieving at least the expected standard in all ELGs","2019","Year","Mixed","White/Black/Asian/Mixed/Chinese/All","E10000021","ONS geography code","Northamptonshire","Girls","Boys/Girls/All","75","280","","Local Authority"
"Percentage achieving at least the expected standard in all ELGs","2019","Year","Mixed","White/Black/Asian/Mixed/Chinese/All","E10000021","ONS geography code","Northamptonshire","Boys","Boys/Girls/All","59","311","","Local Authority"
"Percentage achieving at least the expected standard in all ELGs","2019","Year","Mixed","White/Black/Asian/Mixed/Chinese/All","E10000021","ONS geography code","Northamptonshire","All","Boys/Girls/All","66","591","","Local Authority"
"Percentage achieving at least the expected standard in all ELGs","2019","Year","White","White/Black/Asian/Mixed/Chinese/All","E10000021","ONS geography code","Northamptonshire","Girls","Boys/Girls/All","77","3683","","Local Authority"
"Percentage achieving at least the expected standard in all ELGs","2019","Year","White","White/Black/Asian/Mixed/Chinese/All","E10000021","ONS geography code","Northamptonshire","Boys","Boys/Girls/All","64","3848","","Local Authority"
"Percentage achieving at least the expected standard in all ELGs","2019","Year","White","White/Black/Asian/Mixed/Chinese/All","E10000021","ONS geography code","Northamptonshire","All","Boys/Girls/All","70","7531","","Local Authority"
"Percentage achieving at least the expected standard in all ELGs","2019","Year","All","White/Black/Asian/Mixed/Chinese/All","E06000057","ONS geography code","Northumberland","Girls","Boys/Girls/All","82","1496","","Local Authority"
"Percentage achieving at least the expected standard in all ELGs","2019","Year","All","White/Black/Asian/Mixed/Chinese/All","E06000057","ONS geography code","Northumberland","Boys","Boys/Girls/All","67","1602","","Local Authority"
"Percentage achieving at least the expected standard in all ELGs","2019","Year","All","White/Black/Asian/Mixed/Chinese/All","E06000057","ONS geography code","Northumberland","All","Boys/Girls/All","74","3098","","Local Authority"
"Percentage achieving at least the expected standard in all ELGs","2019","Year","Asian","White/Black/Asian/Mixed/Chinese/All","E06000057","ONS geography code","Northumberland","Boys","Boys/Girls/All","50","16","","Local Authority"
"Percentage achieving at least the expected standard in all ELGs","2019","Year","Asian","White/Black/Asian/Mixed/Chinese/All","E06000057","ONS geography code","Northumberland","Girls","Boys/Girls/All","82","17","","Local Authority"
"Percentage achieving at least the expected standard in all ELGs","2019","Year","Asian","White/Black/Asian/Mixed/Chinese/All","E06000057","ONS geography code","Northumberland","All","Boys/Girls/All","67","33","","Local Authority"
"Percentage achieving at least the expected standard in all ELGs","2019","Year","Black","White/Black/Asian/Mixed/Chinese/All","E06000057","ONS geography code","Northumberland","Girls","Boys/Girls/All","?","1","","Local Authority"
"Percentage achieving at least the expected standard in all ELGs","2019","Year","Black","White/Black/Asian/Mixed/Chinese/All","E06000057","ONS geography code","Northumberland","Boys","Boys/Girls/All","?","2","","Local Authority"
"Percentage achieving at least the expected standard in all ELGs","2019","Year","Black","White/Black/Asian/Mixed/Chinese/All","E06000057","ONS geography code","Northumberland","All","Boys/Girls/All","?","3","","Local Authority"
"Percentage achieving at least the expected standard in all ELGs","2019","Year","Chinese","White/Black/Asian/Mixed/Chinese/All","E06000057","ONS geography code","Northumberland","Girls","Boys/Girls/All","?","2","","Local Authority"
"Percentage achieving at least the expected standard in all ELGs","2019","Year","Chinese","White/Black/Asian/Mixed/Chinese/All","E06000057","ONS geography code","Northumberland","Boys","Boys/Girls/All","?","2","","Local Authority"
"Percentage achieving at least the expected standard in all ELGs","2019","Year","Chinese","White/Black/Asian/Mixed/Chinese/All","E06000057","ONS geography code","Northumberland","All","Boys/Girls/All","?","4","","Local Authority"
"Percentage achieving at least the expected standard in all ELGs","2019","Year","Mixed","White/Black/Asian/Mixed/Chinese/All","E06000057","ONS geography code","Northumberland","Girls","Boys/Girls/All","70","27","","Local Authority"
"Percentage achieving at least the expected standard in all ELGs","2019","Year","Mixed","White/Black/Asian/Mixed/Chinese/All","E06000057","ONS geography code","Northumberland","Boys","Boys/Girls/All","69","39","","Local Authority"
"Percentage achieving at least the expected standard in all ELGs","2019","Year","Mixed","White/Black/Asian/Mixed/Chinese/All","E06000057","ONS geography code","Northumberland","All","Boys/Girls/All","70","66","","Local Authority"
"Percentage achieving at least the expected standard in all ELGs","2019","Year","White","White/Black/Asian/Mixed/Chinese/All","E06000057","ONS geography code","Northumberland","Girls","Boys/Girls/All","82","1430","","Local Authority"
"Percentage achieving at least the expected standard in all ELGs","2019","Year","White","White/Black/Asian/Mixed/Chinese/All","E06000057","ONS geography code","Northumberland","Boys","Boys/Girls/All","68","1509","","Local Authority"
"Percentage achieving at least the expected standard in all ELGs","2019","Year","White","White/Black/Asian/Mixed/Chinese/All","E06000057","ONS geography code","Northumberland","All","Boys/Girls/All","75","2939","","Local Authority"
"Percentage achieving at least the expected standard in all ELGs","2019","Year","All","White/Black/Asian/Mixed/Chinese/All","E06000018","ONS geography code","Nottingham","Girls","Boys/Girls/All","73","1851","","Local Authority"
"Percentage achieving at least the expected standard in all ELGs","2019","Year","All","White/Black/Asian/Mixed/Chinese/All","E06000018","ONS geography code","Nottingham","Boys","Boys/Girls/All","57","1888","","Local Authority"
"Percentage achieving at least the expected standard in all ELGs","2019","Year","All","White/Black/Asian/Mixed/Chinese/All","E06000018","ONS geography code","Nottingham","All","Boys/Girls/All","65","3739","","Local Authority"
"Percentage achieving at least the expected standard in all ELGs","2019","Year","Asian","White/Black/Asian/Mixed/Chinese/All","E06000018","ONS geography code","Nottingham","Boys","Boys/Girls/All","59","296","","Local Authority"
"Percentage achieving at least the expected standard in all ELGs","2019","Year","Asian","White/Black/Asian/Mixed/Chinese/All","E06000018","ONS geography code","Nottingham","Girls","Boys/Girls/All","74","324","","Local Authority"
"Percentage achieving at least the expected standard in all ELGs","2019","Year","Asian","White/Black/Asian/Mixed/Chinese/All","E06000018","ONS geography code","Nottingham","All","Boys/Girls/All","67","620","","Local Authority"
"Percentage achieving at least the expected standard in all ELGs","2019","Year","Black","White/Black/Asian/Mixed/Chinese/All","E06000018","ONS geography code","Nottingham","Girls","Boys/Girls/All","79","192","","Local Authority"
"Percentage achieving at least the expected standard in all ELGs","2019","Year","Black","White/Black/Asian/Mixed/Chinese/All","E06000018","ONS geography code","Nottingham","Boys","Boys/Girls/All","60","232","","Local Authority"
"Percentage achieving at least the expected standard in all ELGs","2019","Year","Black","White/Black/Asian/Mixed/Chinese/All","E06000018","ONS geography code","Nottingham","All","Boys/Girls/All","68","424","","Local Authority"
"Percentage achieving at least the expected standard in all ELGs","2019","Year","Chinese","White/Black/Asian/Mixed/Chinese/All","E06000018","ONS geography code","Nottingham","Girls","Boys/Girls/All","90","10","","Local Authority"
"Percentage achieving at least the expected standard in all ELGs","2019","Year","Chinese","White/Black/Asian/Mixed/Chinese/All","E06000018","ONS geography code","Nottingham","Boys","Boys/Girls/All","63","16","","Local Authority"
"Percentage achieving at least the expected standard in all ELGs","2019","Year","Chinese","White/Black/Asian/Mixed/Chinese/All","E06000018","ONS geography code","Nottingham","All","Boys/Girls/All","73","26","","Local Authority"
"Percentage achieving at least the expected standard in all ELGs","2019","Year","Mixed","White/Black/Asian/Mixed/Chinese/All","E06000018","ONS geography code","Nottingham","Boys","Boys/Girls/All","61","257","","Local Authority"
"Percentage achieving at least the expected standard in all ELGs","2019","Year","Mixed","White/Black/Asian/Mixed/Chinese/All","E06000018","ONS geography code","Nottingham","Girls","Boys/Girls/All","72","272","","Local Authority"
"Percentage achieving at least the expected standard in all ELGs","2019","Year","Mixed","White/Black/Asian/Mixed/Chinese/All","E06000018","ONS geography code","Nottingham","All","Boys/Girls/All","67","529","","Local Authority"
"Percentage achieving at least the expected standard in all ELGs","2019","Year","White","White/Black/Asian/Mixed/Chinese/All","E06000018","ONS geography code","Nottingham","Girls","Boys/Girls/All","73","923","","Local Authority"
"Percentage achieving at least the expected standard in all ELGs","2019","Year","White","White/Black/Asian/Mixed/Chinese/All","E06000018","ONS geography code","Nottingham","Boys","Boys/Girls/All","56","955","","Local Authority"
"Percentage achieving at least the expected standard in all ELGs","2019","Year","White","White/Black/Asian/Mixed/Chinese/All","E06000018","ONS geography code","Nottingham","All","Boys/Girls/All","64","1878","","Local Authority"
"Percentage achieving at least the expected standard in all ELGs","2019","Year","All","White/Black/Asian/Mixed/Chinese/All","E10000024","ONS geography code","Nottinghamshire","Girls","Boys/Girls/All","77","4520","","Local Authority"
"Percentage achieving at least the expected standard in all ELGs","2019","Year","All","White/Black/Asian/Mixed/Chinese/All","E10000024","ONS geography code","Nottinghamshire","Boys","Boys/Girls/All","63","4816","","Local Authority"
"Percentage achieving at least the expected standard in all ELGs","2019","Year","All","White/Black/Asian/Mixed/Chinese/All","E10000024","ONS geography code","Nottinghamshire","All","Boys/Girls/All","69","9336","","Local Authority"
"Percentage achieving at least the expected standard in all ELGs","2019","Year","Asian","White/Black/Asian/Mixed/Chinese/All","E10000024","ONS geography code","Nottinghamshire","Girls","Boys/Girls/All","68","117","","Local Authority"
"Percentage achieving at least the expected standard in all ELGs","2019","Year","Asian","White/Black/Asian/Mixed/Chinese/All","E10000024","ONS geography code","Nottinghamshire","Boys","Boys/Girls/All","58","132","","Local Authority"
"Percentage achieving at least the expected standard in all ELGs","2019","Year","Asian","White/Black/Asian/Mixed/Chinese/All","E10000024","ONS geography code","Nottinghamshire","All","Boys/Girls/All","63","249","","Local Authority"
"Percentage achieving at least the expected standard in all ELGs","2019","Year","Black","White/Black/Asian/Mixed/Chinese/All","E10000024","ONS geography code","Nottinghamshire","Boys","Boys/Girls/All","69","54","","Local Authority"
"Percentage achieving at least the expected standard in all ELGs","2019","Year","Black","White/Black/Asian/Mixed/Chinese/All","E10000024","ONS geography code","Nottinghamshire","Girls","Boys/Girls/All","65","55","","Local Authority"
"Percentage achieving at least the expected standard in all ELGs","2019","Year","Black","White/Black/Asian/Mixed/Chinese/All","E10000024","ONS geography code","Nottinghamshire","All","Boys/Girls/All","67","109","","Local Authority"
"Percentage achieving at least the expected standard in all ELGs","2019","Year","Chinese","White/Black/Asian/Mixed/Chinese/All","E10000024","ONS geography code","Nottinghamshire","Girls","Boys/Girls/All","74","19","","Local Authority"
"Percentage achieving at least the expected standard in all ELGs","2019","Year","Chinese","White/Black/Asian/Mixed/Chinese/All","E10000024","ONS geography code","Nottinghamshire","Boys","Boys/Girls/All","52","27","","Local Authority"
"Percentage achieving at least the expected standard in all ELGs","2019","Year","Chinese","White/Black/Asian/Mixed/Chinese/All","E10000024","ONS geography code","Nottinghamshire","All","Boys/Girls/All","61","46","","Local Authority"
"Percentage achieving at least the expected standard in all ELGs","2019","Year","Mixed","White/Black/Asian/Mixed/Chinese/All","E10000024","ONS geography code","Nottinghamshire","Boys","Boys/Girls/All","57","235","","Local Authority"
"Percentage achieving at least the expected standard in all ELGs","2019","Year","Mixed","White/Black/Asian/Mixed/Chinese/All","E10000024","ONS geography code","Nottinghamshire","Girls","Boys/Girls/All","79","238","","Local Authority"
"Percentage achieving at least the expected standard in all ELGs","2019","Year","Mixed","White/Black/Asian/Mixed/Chinese/All","E10000024","ONS geography code","Nottinghamshire","All","Boys/Girls/All","68","473","","Local Authority"
"Percentage achieving at least the expected standard in all ELGs","2019","Year","White","White/Black/Asian/Mixed/Chinese/All","E10000024","ONS geography code","Nottinghamshire","Girls","Boys/Girls/All","78","3936","","Local Authority"
"Percentage achieving at least the expected standard in all ELGs","2019","Year","White","White/Black/Asian/Mixed/Chinese/All","E10000024","ONS geography code","Nottinghamshire","Boys","Boys/Girls/All","64","4201","","Local Authority"
"Percentage achieving at least the expected standard in all ELGs","2019","Year","White","White/Black/Asian/Mixed/Chinese/All","E10000024","ONS geography code","Nottinghamshire","All","Boys/Girls/All","70","8137","","Local Authority"
"Percentage achieving at least the expected standard in all ELGs","2019","Year","All","White/Black/Asian/Mixed/Chinese/All","E08000004","ONS geography code","Oldham","Boys","Boys/Girls/All","58","1670","","Local Authority"
"Percentage achieving at least the expected standard in all ELGs","2019","Year","All","White/Black/Asian/Mixed/Chinese/All","E08000004","ONS geography code","Oldham","Girls","Boys/Girls/All","74","1717","","Local Authority"
"Percentage achieving at least the expected standard in all ELGs","2019","Year","All","White/Black/Asian/Mixed/Chinese/All","E08000004","ONS geography code","Oldham","All","Boys/Girls/All","66","3387","","Local Authority"
"Percentage achieving at least the expected standard in all ELGs","2019","Year","Asian","White/Black/Asian/Mixed/Chinese/All","E08000004","ONS geography code","Oldham","Boys","Boys/Girls/All","52","513","","Local Authority"
"Percentage achieving at least the expected standard in all ELGs","2019","Year","Asian","White/Black/Asian/Mixed/Chinese/All","E08000004","ONS geography code","Oldham","Girls","Boys/Girls/All","68","553","","Local Authority"
"Percentage achieving at least the expected standard in all ELGs","2019","Year","Asian","White/Black/Asian/Mixed/Chinese/All","E08000004","ONS geography code","Oldham","All","Boys/Girls/All","60","1066","","Local Authority"
"Percentage achieving at least the expected standard in all ELGs","2019","Year","Black","White/Black/Asian/Mixed/Chinese/All","E08000004","ONS geography code","Oldham","Boys","Boys/Girls/All","55","62","","Local Authority"
"Percentage achieving at least the expected standard in all ELGs","2019","Year","Black","White/Black/Asian/Mixed/Chinese/All","E08000004","ONS geography code","Oldham","Girls","Boys/Girls/All","82","66","","Local Authority"
"Percentage achieving at least the expected standard in all ELGs","2019","Year","Black","White/Black/Asian/Mixed/Chinese/All","E08000004","ONS geography code","Oldham","All","Boys/Girls/All","69","128","","Local Authority"
"Percentage achieving at least the expected standard in all ELGs","2019","Year","Chinese","White/Black/Asian/Mixed/Chinese/All","E08000004","ONS geography code","Oldham","Boys","Boys/Girls/All","60","5","","Local Authority"
"Percentage achieving at least the expected standard in all ELGs","2019","Year","Chinese","White/Black/Asian/Mixed/Chinese/All","E08000004","ONS geography code","Oldham","Girls","Boys/Girls/All","50","8","","Local Authority"
"Percentage achieving at least the expected standard in all ELGs","2019","Year","Chinese","White/Black/Asian/Mixed/Chinese/All","E08000004","ONS geography code","Oldham","All","Boys/Girls/All","54","13","","Local Authority"
"Percentage achieving at least the expected standard in all ELGs","2019","Year","Mixed","White/Black/Asian/Mixed/Chinese/All","E08000004","ONS geography code","Oldham","Boys","Boys/Girls/All","55","92","","Local Authority"
"Percentage achieving at least the expected standard in all ELGs","2019","Year","Mixed","White/Black/Asian/Mixed/Chinese/All","E08000004","ONS geography code","Oldham","Girls","Boys/Girls/All","78","93","","Local Authority"
"Percentage achieving at least the expected standard in all ELGs","2019","Year","Mixed","White/Black/Asian/Mixed/Chinese/All","E08000004","ONS geography code","Oldham","All","Boys/Girls/All","67","185","","Local Authority"
"Percentage achieving at least the expected standard in all ELGs","2019","Year","White","White/Black/Asian/Mixed/Chinese/All","E08000004","ONS geography code","Oldham","Boys","Boys/Girls/All","63","930","","Local Authority"
"Percentage achieving at least the expected standard in all ELGs","2019","Year","White","White/Black/Asian/Mixed/Chinese/All","E08000004","ONS geography code","Oldham","Girls","Boys/Girls/All","78","946","","Local Authority"
"Percentage achieving at least the expected standard in all ELGs","2019","Year","White","White/Black/Asian/Mixed/Chinese/All","E08000004","ONS geography code","Oldham","All","Boys/Girls/All","71","1876","","Local Authority"
"Percentage achieving at least the expected standard in all ELGs","2019","Year","All","White/Black/Asian/Mixed/Chinese/All","E13000002","ONS geography code","Outer London","Girls","Boys/Girls/All","80","32125","","Regional"
"Percentage achieving at least the expected standard in all ELGs","2019","Year","All","White/Black/Asian/Mixed/Chinese/All","E13000002","ONS geography code","Outer London","Boys","Boys/Girls/All","67","34240","","Regional"
"Percentage achieving at least the expected standard in all ELGs","2019","Year","All","White/Black/Asian/Mixed/Chinese/All","E13000002","ONS geography code","Outer London","All","Boys/Girls/All","73","66365","","Regional"
"Percentage achieving at least the expected standard in all ELGs","2019","Year","Asian","White/Black/Asian/Mixed/Chinese/All","E13000002","ONS geography code","Outer London","Girls","Boys/Girls/All","83","7077","","Regional"
"Percentage achieving at least the expected standard in all ELGs","2019","Year","Asian","White/Black/Asian/Mixed/Chinese/All","E13000002","ONS geography code","Outer London","Boys","Boys/Girls/All","70","7560","","Regional"
"Percentage achieving at least the expected standard in all ELGs","2019","Year","Asian","White/Black/Asian/Mixed/Chinese/All","E13000002","ONS geography code","Outer London","All","Boys/Girls/All","76","14637","","Regional"
"Percentage achieving at least the expected standard in all ELGs","2019","Year","Black","White/Black/Asian/Mixed/Chinese/All","E13000002","ONS geography code","Outer London","Girls","Boys/Girls/All","78","4232","","Regional"
"Percentage achieving at least the expected standard in all ELGs","2019","Year","Black","White/Black/Asian/Mixed/Chinese/All","E13000002","ONS geography code","Outer London","Boys","Boys/Girls/All","63","4265","","Regional"
"Percentage achieving at least the expected standard in all ELGs","2019","Year","Black","White/Black/Asian/Mixed/Chinese/All","E13000002","ONS geography code","Outer London","All","Boys/Girls/All","71","8497","","Regional"
"Percentage achieving at least the expected standard in all ELGs","2019","Year","Chinese","White/Black/Asian/Mixed/Chinese/All","E13000002","ONS geography code","Outer London","Girls","Boys/Girls/All","87","314","","Regional"
"Percentage achieving at least the expected standard in all ELGs","2019","Year","Chinese","White/Black/Asian/Mixed/Chinese/All","E13000002","ONS geography code","Outer London","Boys","Boys/Girls/All","81","318","","Regional"
"Percentage achieving at least the expected standard in all ELGs","2019","Year","Chinese","White/Black/Asian/Mixed/Chinese/All","E13000002","ONS geography code","Outer London","All","Boys/Girls/All","84","632","","Regional"
"Percentage achieving at least the expected standard in all ELGs","2019","Year","Mixed","White/Black/Asian/Mixed/Chinese/All","E13000002","ONS geography code","Outer London","Girls","Boys/Girls/All","83","3452","","Regional"
"Percentage achieving at least the expected standard in all ELGs","2019","Year","Mixed","White/Black/Asian/Mixed/Chinese/All","E13000002","ONS geography code","Outer London","Boys","Boys/Girls/All","71","3690","","Regional"
"Percentage achieving at least the expected standard in all ELGs","2019","Year","Mixed","White/Black/Asian/Mixed/Chinese/All","E13000002","ONS geography code","Outer London","All","Boys/Girls/All","77","7142","","Regional"
"Percentage achieving at least the expected standard in all ELGs","2019","Year","White","White/Black/Asian/Mixed/Chinese/All","E13000002","ONS geography code","Outer London","Girls","Boys/Girls/All","81","14080","","Regional"
"Percentage achieving at least the expected standard in all ELGs","2019","Year","White","White/Black/Asian/Mixed/Chinese/All","E13000002","ONS geography code","Outer London","Boys","Boys/Girls/All","68","15274","","Regional"
"Percentage achieving at least the expected standard in all ELGs","2019","Year","White","White/Black/Asian/Mixed/Chinese/All","E13000002","ONS geography code","Outer London","All","Boys/Girls/All","74","29354","","Regional"
"Percentage achieving at least the expected standard in all ELGs","2019","Year","All","White/Black/Asian/Mixed/Chinese/All","E10000025","ONS geography code","Oxfordshire","Girls","Boys/Girls/All","80","3597","","Local Authority"
"Percentage achieving at least the expected standard in all ELGs","2019","Year","All","White/Black/Asian/Mixed/Chinese/All","E10000025","ONS geography code","Oxfordshire","Boys","Boys/Girls/All","66","3887","","Local Authority"
"Percentage achieving at least the expected standard in all ELGs","2019","Year","All","White/Black/Asian/Mixed/Chinese/All","E10000025","ONS geography code","Oxfordshire","All","Boys/Girls/All","73","7484","","Local Authority"
"Percentage achieving at least the expected standard in all ELGs","2019","Year","Asian","White/Black/Asian/Mixed/Chinese/All","E10000025","ONS geography code","Oxfordshire","Girls","Boys/Girls/All","74","229","","Local Authority"
"Percentage achieving at least the expected standard in all ELGs","2019","Year","Asian","White/Black/Asian/Mixed/Chinese/All","E10000025","ONS geography code","Oxfordshire","Boys","Boys/Girls/All","59","234","","Local Authority"
"Percentage achieving at least the expected standard in all ELGs","2019","Year","Asian","White/Black/Asian/Mixed/Chinese/All","E10000025","ONS geography code","Oxfordshire","All","Boys/Girls/All","66","463","","Local Authority"
"Percentage achieving at least the expected standard in all ELGs","2019","Year","Black","White/Black/Asian/Mixed/Chinese/All","E10000025","ONS geography code","Oxfordshire","Girls","Boys/Girls/All","78","74","","Local Authority"
"Percentage achieving at least the expected standard in all ELGs","2019","Year","Black","White/Black/Asian/Mixed/Chinese/All","E10000025","ONS geography code","Oxfordshire","Boys","Boys/Girls/All","49","74","","Local Authority"
"Percentage achieving at least the expected standard in all ELGs","2019","Year","Black","White/Black/Asian/Mixed/Chinese/All","E10000025","ONS geography code","Oxfordshire","All","Boys/Girls/All","64","148","","Local Authority"
"Percentage achieving at least the expected standard in all ELGs","2019","Year","Chinese","White/Black/Asian/Mixed/Chinese/All","E10000025","ONS geography code","Oxfordshire","Girls","Boys/Girls/All","75","20","","Local Authority"
"Percentage achieving at least the expected standard in all ELGs","2019","Year","Chinese","White/Black/Asian/Mixed/Chinese/All","E10000025","ONS geography code","Oxfordshire","Boys","Boys/Girls/All","82","22","","Local Authority"
"Percentage achieving at least the expected standard in all ELGs","2019","Year","Chinese","White/Black/Asian/Mixed/Chinese/All","E10000025","ONS geography code","Oxfordshire","All","Boys/Girls/All","79","42","","Local Authority"
"Percentage achieving at least the expected standard in all ELGs","2019","Year","Mixed","White/Black/Asian/Mixed/Chinese/All","E10000025","ONS geography code","Oxfordshire","Boys","Boys/Girls/All","63","264","","Local Authority"
"Percentage achieving at least the expected standard in all ELGs","2019","Year","Mixed","White/Black/Asian/Mixed/Chinese/All","E10000025","ONS geography code","Oxfordshire","Girls","Boys/Girls/All","81","278","","Local Authority"
"Percentage achieving at least the expected standard in all ELGs","2019","Year","Mixed","White/Black/Asian/Mixed/Chinese/All","E10000025","ONS geography code","Oxfordshire","All","Boys/Girls/All","72","542","","Local Authority"
"Percentage achieving at least the expected standard in all ELGs","2019","Year","White","White/Black/Asian/Mixed/Chinese/All","E10000025","ONS geography code","Oxfordshire","Girls","Boys/Girls/All","81","2768","","Local Authority"
"Percentage achieving at least the expected standard in all ELGs","2019","Year","White","White/Black/Asian/Mixed/Chinese/All","E10000025","ONS geography code","Oxfordshire","Boys","Boys/Girls/All","68","3053","","Local Authority"
"Percentage achieving at least the expected standard in all ELGs","2019","Year","White","White/Black/Asian/Mixed/Chinese/All","E10000025","ONS geography code","Oxfordshire","All","Boys/Girls/All","74","5821","","Local Authority"
"Percentage achieving at least the expected standard in all ELGs","2019","Year","All","White/Black/Asian/Mixed/Chinese/All","E06000031","ONS geography code","Peterborough","Girls","Boys/Girls/All","72","1421","","Local Authority"
"Percentage achieving at least the expected standard in all ELGs","2019","Year","All","White/Black/Asian/Mixed/Chinese/All","E06000031","ONS geography code","Peterborough","Boys","Boys/Girls/All","58","1601","","Local Authority"
"Percentage achieving at least the expected standard in all ELGs","2019","Year","All","White/Black/Asian/Mixed/Chinese/All","E06000031","ONS geography code","Peterborough","All","Boys/Girls/All","65","3022","","Local Authority"
"Percentage achieving at least the expected standard in all ELGs","2019","Year","Asian","White/Black/Asian/Mixed/Chinese/All","E06000031","ONS geography code","Peterborough","Girls","Boys/Girls/All","69","234","","Local Authority"
"Percentage achieving at least the expected standard in all ELGs","2019","Year","Asian","White/Black/Asian/Mixed/Chinese/All","E06000031","ONS geography code","Peterborough","Boys","Boys/Girls/All","53","240","","Local Authority"
"Percentage achieving at least the expected standard in all ELGs","2019","Year","Asian","White/Black/Asian/Mixed/Chinese/All","E06000031","ONS geography code","Peterborough","All","Boys/Girls/All","61","474","","Local Authority"
"Percentage achieving at least the expected standard in all ELGs","2019","Year","Black","White/Black/Asian/Mixed/Chinese/All","E06000031","ONS geography code","Peterborough","Girls","Boys/Girls/All","73","48","","Local Authority"
"Percentage achieving at least the expected standard in all ELGs","2019","Year","Black","White/Black/Asian/Mixed/Chinese/All","E06000031","ONS geography code","Peterborough","Boys","Boys/Girls/All","55","62","","Local Authority"
"Percentage achieving at least the expected standard in all ELGs","2019","Year","Black","White/Black/Asian/Mixed/Chinese/All","E06000031","ONS geography code","Peterborough","All","Boys/Girls/All","63","110","","Local Authority"
"Percentage achieving at least the expected standard in all ELGs","2019","Year","Chinese","White/Black/Asian/Mixed/Chinese/All","E06000031","ONS geography code","Peterborough","Boys","Boys/Girls/All","57","7","","Local Authority"
"Percentage achieving at least the expected standard in all ELGs","2019","Year","Chinese","White/Black/Asian/Mixed/Chinese/All","E06000031","ONS geography code","Peterborough","Girls","Boys/Girls/All","90","10","","Local Authority"
"Percentage achieving at least the expected standard in all ELGs","2019","Year","Chinese","White/Black/Asian/Mixed/Chinese/All","E06000031","ONS geography code","Peterborough","All","Boys/Girls/All","76","17","","Local Authority"
"Percentage achieving at least the expected standard in all ELGs","2019","Year","Mixed","White/Black/Asian/Mixed/Chinese/All","E06000031","ONS geography code","Peterborough","Girls","Boys/Girls/All","87","100","","Local Authority"
"Percentage achieving at least the expected standard in all ELGs","2019","Year","Mixed","White/Black/Asian/Mixed/Chinese/All","E06000031","ONS geography code","Peterborough","Boys","Boys/Girls/All","59","117","","Local Authority"
"Percentage achieving at least the expected standard in all ELGs","2019","Year","Mixed","White/Black/Asian/Mixed/Chinese/All","E06000031","ONS geography code","Peterborough","All","Boys/Girls/All","72","217","","Local Authority"
"Percentage achieving at least the expected standard in all ELGs","2019","Year","White","White/Black/Asian/Mixed/Chinese/All","E06000031","ONS geography code","Peterborough","Girls","Boys/Girls/All","72","922","","Local Authority"
"Percentage achieving at least the expected standard in all ELGs","2019","Year","White","White/Black/Asian/Mixed/Chinese/All","E06000031","ONS geography code","Peterborough","Boys","Boys/Girls/All","59","1030","","Local Authority"
"Percentage achieving at least the expected standard in all ELGs","2019","Year","White","White/Black/Asian/Mixed/Chinese/All","E06000031","ONS geography code","Peterborough","All","Boys/Girls/All","65","1952","","Local Authority"
"Percentage achieving at least the expected standard in all ELGs","2019","Year","All","White/Black/Asian/Mixed/Chinese/All","E06000026","ONS geography code","Plymouth","Girls","Boys/Girls/All","74","1410","","Local Authority"
"Percentage achieving at least the expected standard in all ELGs","2019","Year","All","White/Black/Asian/Mixed/Chinese/All","E06000026","ONS geography code","Plymouth","Boys","Boys/Girls/All","62","1517","","Local Authority"
"Percentage achieving at least the expected standard in all ELGs","2019","Year","All","White/Black/Asian/Mixed/Chinese/All","E06000026","ONS geography code","Plymouth","All","Boys/Girls/All","68","2927","","Local Authority"
"Percentage achieving at least the expected standard in all ELGs","2019","Year","Asian","White/Black/Asian/Mixed/Chinese/All","E06000026","ONS geography code","Plymouth","Boys","Boys/Girls/All","63","19","","Local Authority"
"Percentage achieving at least the expected standard in all ELGs","2019","Year","Asian","White/Black/Asian/Mixed/Chinese/All","E06000026","ONS geography code","Plymouth","Girls","Boys/Girls/All","78","23","","Local Authority"
"Percentage achieving at least the expected standard in all ELGs","2019","Year","Asian","White/Black/Asian/Mixed/Chinese/All","E06000026","ONS geography code","Plymouth","All","Boys/Girls/All","71","42","","Local Authority"
"Percentage achieving at least the expected standard in all ELGs","2019","Year","Black","White/Black/Asian/Mixed/Chinese/All","E06000026","ONS geography code","Plymouth","Boys","Boys/Girls/All","67","15","","Local Authority"
"Percentage achieving at least the expected standard in all ELGs","2019","Year","Black","White/Black/Asian/Mixed/Chinese/All","E06000026","ONS geography code","Plymouth","Girls","Boys/Girls/All","94","18","","Local Authority"
"Percentage achieving at least the expected standard in all ELGs","2019","Year","Black","White/Black/Asian/Mixed/Chinese/All","E06000026","ONS geography code","Plymouth","All","Boys/Girls/All","82","33","","Local Authority"
"Percentage achieving at least the expected standard in all ELGs","2019","Year","Chinese","White/Black/Asian/Mixed/Chinese/All","E06000026","ONS geography code","Plymouth","Girls","Boys/Girls/All","?","4","","Local Authority"
"Percentage achieving at least the expected standard in all ELGs","2019","Year","Chinese","White/Black/Asian/Mixed/Chinese/All","E06000026","ONS geography code","Plymouth","Boys","Boys/Girls/All","40","5","","Local Authority"
"Percentage achieving at least the expected standard in all ELGs","2019","Year","Chinese","White/Black/Asian/Mixed/Chinese/All","E06000026","ONS geography code","Plymouth","All","Boys/Girls/All","56","9","","Local Authority"
"Percentage achieving at least the expected standard in all ELGs","2019","Year","Mixed","White/Black/Asian/Mixed/Chinese/All","E06000026","ONS geography code","Plymouth","Girls","Boys/Girls/All","73","44","","Local Authority"
"Percentage achieving at least the expected standard in all ELGs","2019","Year","Mixed","White/Black/Asian/Mixed/Chinese/All","E06000026","ONS geography code","Plymouth","Boys","Boys/Girls/All","66","64","","Local Authority"
"Percentage achieving at least the expected standard in all ELGs","2019","Year","Mixed","White/Black/Asian/Mixed/Chinese/All","E06000026","ONS geography code","Plymouth","All","Boys/Girls/All","69","108","","Local Authority"
"Percentage achieving at least the expected standard in all ELGs","2019","Year","White","White/Black/Asian/Mixed/Chinese/All","E06000026","ONS geography code","Plymouth","Girls","Boys/Girls/All","74","1264","","Local Authority"
"Percentage achieving at least the expected standard in all ELGs","2019","Year","White","White/Black/Asian/Mixed/Chinese/All","E06000026","ONS geography code","Plymouth","Boys","Boys/Girls/All","63","1361","","Local Authority"
"Percentage achieving at least the expected standard in all ELGs","2019","Year","White","White/Black/Asian/Mixed/Chinese/All","E06000026","ONS geography code","Plymouth","All","Boys/Girls/All","68","2625","","Local Authority"
"Percentage achieving at least the expected standard in all ELGs","2019","Year","All","White/Black/Asian/Mixed/Chinese/All","E06000044","ONS geography code","Portsmouth","Girls","Boys/Girls/All","75","1170","","Local Authority"
"Percentage achieving at least the expected standard in all ELGs","2019","Year","All","White/Black/Asian/Mixed/Chinese/All","E06000044","ONS geography code","Portsmouth","Boys","Boys/Girls/All","63","1215","","Local Authority"
"Percentage achieving at least the expected standard in all ELGs","2019","Year","All","White/Black/Asian/Mixed/Chinese/All","E06000044","ONS geography code","Portsmouth","All","Boys/Girls/All","69","2385","","Local Authority"
"Percentage achieving at least the expected standard in all ELGs","2019","Year","Asian","White/Black/Asian/Mixed/Chinese/All","E06000044","ONS geography code","Portsmouth","Girls","Boys/Girls/All","70","64","","Local Authority"
"Percentage achieving at least the expected standard in all ELGs","2019","Year","Asian","White/Black/Asian/Mixed/Chinese/All","E06000044","ONS geography code","Portsmouth","Boys","Boys/Girls/All","50","84","","Local Authority"
"Percentage achieving at least the expected standard in all ELGs","2019","Year","Asian","White/Black/Asian/Mixed/Chinese/All","E06000044","ONS geography code","Portsmouth","All","Boys/Girls/All","59","148","","Local Authority"
"Percentage achieving at least the expected standard in all ELGs","2019","Year","Black","White/Black/Asian/Mixed/Chinese/All","E06000044","ONS geography code","Portsmouth","Boys","Boys/Girls/All","64","36","","Local Authority"
"Percentage achieving at least the expected standard in all ELGs","2019","Year","Black","White/Black/Asian/Mixed/Chinese/All","E06000044","ONS geography code","Portsmouth","Girls","Boys/Girls/All","73","48","","Local Authority"
"Percentage achieving at least the expected standard in all ELGs","2019","Year","Black","White/Black/Asian/Mixed/Chinese/All","E06000044","ONS geography code","Portsmouth","All","Boys/Girls/All","69","84","","Local Authority"
"Percentage achieving at least the expected standard in all ELGs","2019","Year","Chinese","White/Black/Asian/Mixed/Chinese/All","E06000044","ONS geography code","Portsmouth","Girls","Boys/Girls/All","88","8","","Local Authority"
"Percentage achieving at least the expected standard in all ELGs","2019","Year","Chinese","White/Black/Asian/Mixed/Chinese/All","E06000044","ONS geography code","Portsmouth","Boys","Boys/Girls/All","78","9","","Local Authority"
"Percentage achieving at least the expected standard in all ELGs","2019","Year","Chinese","White/Black/Asian/Mixed/Chinese/All","E06000044","ONS geography code","Portsmouth","All","Boys/Girls/All","82","17","","Local Authority"
"Percentage achieving at least the expected standard in all ELGs","2019","Year","Mixed","White/Black/Asian/Mixed/Chinese/All","E06000044","ONS geography code","Portsmouth","Girls","Boys/Girls/All","78","50","","Local Authority"
"Percentage achieving at least the expected standard in all ELGs","2019","Year","Mixed","White/Black/Asian/Mixed/Chinese/All","E06000044","ONS geography code","Portsmouth","Boys","Boys/Girls/All","67","55","","Local Authority"
"Percentage achieving at least the expected standard in all ELGs","2019","Year","Mixed","White/Black/Asian/Mixed/Chinese/All","E06000044","ONS geography code","Portsmouth","All","Boys/Girls/All","72","105","","Local Authority"
"Percentage achieving at least the expected standard in all ELGs","2019","Year","White","White/Black/Asian/Mixed/Chinese/All","E06000044","ONS geography code","Portsmouth","Girls","Boys/Girls/All","77","928","","Local Authority"
"Percentage achieving at least the expected standard in all ELGs","2019","Year","White","White/Black/Asian/Mixed/Chinese/All","E06000044","ONS geography code","Portsmouth","Boys","Boys/Girls/All","63","963","","Local Authority"
"Percentage achieving at least the expected standard in all ELGs","2019","Year","White","White/Black/Asian/Mixed/Chinese/All","E06000044","ONS geography code","Portsmouth","All","Boys/Girls/All","70","1891","","Local Authority"
"Percentage achieving at least the expected standard in all ELGs","2019","Year","All","White/Black/Asian/Mixed/Chinese/All","E06000038","ONS geography code","Reading","Boys","Boys/Girls/All","60","952","","Local Authority"
"Percentage achieving at least the expected standard in all ELGs","2019","Year","All","White/Black/Asian/Mixed/Chinese/All","E06000038","ONS geography code","Reading","Girls","Boys/Girls/All","74","976","","Local Authority"
"Percentage achieving at least the expected standard in all ELGs","2019","Year","All","White/Black/Asian/Mixed/Chinese/All","E06000038","ONS geography code","Reading","All","Boys/Girls/All","67","1928","","Local Authority"
"Percentage achieving at least the expected standard in all ELGs","2019","Year","Asian","White/Black/Asian/Mixed/Chinese/All","E06000038","ONS geography code","Reading","Boys","Boys/Girls/All","61","205","","Local Authority"
"Percentage achieving at least the expected standard in all ELGs","2019","Year","Asian","White/Black/Asian/Mixed/Chinese/All","E06000038","ONS geography code","Reading","Girls","Boys/Girls/All","81","231","","Local Authority"
"Percentage achieving at least the expected standard in all ELGs","2019","Year","Asian","White/Black/Asian/Mixed/Chinese/All","E06000038","ONS geography code","Reading","All","Boys/Girls/All","72","436","","Local Authority"
"Percentage achieving at least the expected standard in all ELGs","2019","Year","Black","White/Black/Asian/Mixed/Chinese/All","E06000038","ONS geography code","Reading","Girls","Boys/Girls/All","68","72","","Local Authority"
"Percentage achieving at least the expected standard in all ELGs","2019","Year","Black","White/Black/Asian/Mixed/Chinese/All","E06000038","ONS geography code","Reading","Boys","Boys/Girls/All","53","79","","Local Authority"
"Percentage achieving at least the expected standard in all ELGs","2019","Year","Black","White/Black/Asian/Mixed/Chinese/All","E06000038","ONS geography code","Reading","All","Boys/Girls/All","60","151","","Local Authority"
"Percentage achieving at least the expected standard in all ELGs","2019","Year","Chinese","White/Black/Asian/Mixed/Chinese/All","E06000038","ONS geography code","Reading","Boys","Boys/Girls/All","80","5","","Local Authority"
"Percentage achieving at least the expected standard in all ELGs","2019","Year","Chinese","White/Black/Asian/Mixed/Chinese/All","E06000038","ONS geography code","Reading","Girls","Boys/Girls/All","90","10","","Local Authority"
"Percentage achieving at least the expected standard in all ELGs","2019","Year","Chinese","White/Black/Asian/Mixed/Chinese/All","E06000038","ONS geography code","Reading","All","Boys/Girls/All","87","15","","Local Authority"
"Percentage achieving at least the expected standard in all ELGs","2019","Year","Mixed","White/Black/Asian/Mixed/Chinese/All","E06000038","ONS geography code","Reading","Girls","Boys/Girls/All","81","108","","Local Authority"
"Percentage achieving at least the expected standard in all ELGs","2019","Year","Mixed","White/Black/Asian/Mixed/Chinese/All","E06000038","ONS geography code","Reading","Boys","Boys/Girls/All","64","125","","Local Authority"
"Percentage achieving at least the expected standard in all ELGs","2019","Year","Mixed","White/Black/Asian/Mixed/Chinese/All","E06000038","ONS geography code","Reading","All","Boys/Girls/All","72","233","","Local Authority"
"Percentage achieving at least the expected standard in all ELGs","2019","Year","White","White/Black/Asian/Mixed/Chinese/All","E06000038","ONS geography code","Reading","Boys","Boys/Girls/All","64","458","","Local Authority"
"Percentage achieving at least the expected standard in all ELGs","2019","Year","White","White/Black/Asian/Mixed/Chinese/All","E06000038","ONS geography code","Reading","Girls","Boys/Girls/All","73","465","","Local Authority"
"Percentage achieving at least the expected standard in all ELGs","2019","Year","White","White/Black/Asian/Mixed/Chinese/All","E06000038","ONS geography code","Reading","All","Boys/Girls/All","69","923","","Local Authority"
"Percentage achieving at least the expected standard in all ELGs","2019","Year","All","White/Black/Asian/Mixed/Chinese/All","E09000026","ONS geography code","Redbridge","Girls","Boys/Girls/All","81","2037","","Local Authority"
"Percentage achieving at least the expected standard in all ELGs","2019","Year","All","White/Black/Asian/Mixed/Chinese/All","E09000026","ONS geography code","Redbridge","Boys","Boys/Girls/All","69","2188","","Local Authority"
"Percentage achieving at least the expected standard in all ELGs","2019","Year","All","White/Black/Asian/Mixed/Chinese/All","E09000026","ONS geography code","Redbridge","All","Boys/Girls/All","75","4225","","Local Authority"
"Percentage achieving at least the expected standard in all ELGs","2019","Year","Asian","White/Black/Asian/Mixed/Chinese/All","E09000026","ONS geography code","Redbridge","Girls","Boys/Girls/All","85","1109","","Local Authority"
"Percentage achieving at least the expected standard in all ELGs","2019","Year","Asian","White/Black/Asian/Mixed/Chinese/All","E09000026","ONS geography code","Redbridge","Boys","Boys/Girls/All","72","1205","","Local Authority"
"Percentage achieving at least the expected standard in all ELGs","2019","Year","Asian","White/Black/Asian/Mixed/Chinese/All","E09000026","ONS geography code","Redbridge","All","Boys/Girls/All","79","2314","","Local Authority"
"Percentage achieving at least the expected standard in all ELGs","2019","Year","Black","White/Black/Asian/Mixed/Chinese/All","E09000026","ONS geography code","Redbridge","Girls","Boys/Girls/All","77","142","","Local Authority"
"Percentage achieving at least the expected standard in all ELGs","2019","Year","Black","White/Black/Asian/Mixed/Chinese/All","E09000026","ONS geography code","Redbridge","Boys","Boys/Girls/All","64","158","","Local Authority"
"Percentage achieving at least the expected standard in all ELGs","2019","Year","Black","White/Black/Asian/Mixed/Chinese/All","E09000026","ONS geography code","Redbridge","All","Boys/Girls/All","70","300","","Local Authority"
"Percentage achieving at least the expected standard in all ELGs","2019","Year","Chinese","White/Black/Asian/Mixed/Chinese/All","E09000026","ONS geography code","Redbridge","Girls","Boys/Girls/All","83","12","","Local Authority"
"Percentage achieving at least the expected standard in all ELGs","2019","Year","Chinese","White/Black/Asian/Mixed/Chinese/All","E09000026","ONS geography code","Redbridge","Boys","Boys/Girls/All","85","20","","Local Authority"
"Percentage achieving at least the expected standard in all ELGs","2019","Year","Chinese","White/Black/Asian/Mixed/Chinese/All","E09000026","ONS geography code","Redbridge","All","Boys/Girls/All","84","32","","Local Authority"
"Percentage achieving at least the expected standard in all ELGs","2019","Year","Mixed","White/Black/Asian/Mixed/Chinese/All","E09000026","ONS geography code","Redbridge","Girls","Boys/Girls/All","84","159","","Local Authority"
"Percentage achieving at least the expected standard in all ELGs","2019","Year","Mixed","White/Black/Asian/Mixed/Chinese/All","E09000026","ONS geography code","Redbridge","Boys","Boys/Girls/All","74","170","","Local Authority"
"Percentage achieving at least the expected standard in all ELGs","2019","Year","Mixed","White/Black/Asian/Mixed/Chinese/All","E09000026","ONS geography code","Redbridge","All","Boys/Girls/All","78","329","","Local Authority"
"Percentage achieving at least the expected standard in all ELGs","2019","Year","White","White/Black/Asian/Mixed/Chinese/All","E09000026","ONS geography code","Redbridge","Girls","Boys/Girls/All","76","505","","Local Authority"
"Percentage achieving at least the expected standard in all ELGs","2019","Year","White","White/Black/Asian/Mixed/Chinese/All","E09000026","ONS geography code","Redbridge","Boys","Boys/Girls/All","65","523","","Local Authority"
"Percentage achieving at least the expected standard in all ELGs","2019","Year","White","White/Black/Asian/Mixed/Chinese/All","E09000026","ONS geography code","Redbridge","All","Boys/Girls/All","70","1028","","Local Authority"
"Percentage achieving at least the expected standard in all ELGs","2019","Year","All","White/Black/Asian/Mixed/Chinese/All","E06000003","ONS geography code","Redcar and Cleveland","Girls","Boys/Girls/All","75","780","","Local Authority"
"Percentage achieving at least the expected standard in all ELGs","2019","Year","All","White/Black/Asian/Mixed/Chinese/All","E06000003","ONS geography code","Redcar and Cleveland","Boys","Boys/Girls/All","64","812","","Local Authority"
"Percentage achieving at least the expected standard in all ELGs","2019","Year","All","White/Black/Asian/Mixed/Chinese/All","E06000003","ONS geography code","Redcar and Cleveland","All","Boys/Girls/All","70","1592","","Local Authority"
"Percentage achieving at least the expected standard in all ELGs","2019","Year","Asian","White/Black/Asian/Mixed/Chinese/All","E06000003","ONS geography code","Redcar and Cleveland","Girls","Boys/Girls/All","?","1","","Local Authority"
"Percentage achieving at least the expected standard in all ELGs","2019","Year","Asian","White/Black/Asian/Mixed/Chinese/All","E06000003","ONS geography code","Redcar and Cleveland","Boys","Boys/Girls/All","86","7","","Local Authority"
"Percentage achieving at least the expected standard in all ELGs","2019","Year","Asian","White/Black/Asian/Mixed/Chinese/All","E06000003","ONS geography code","Redcar and Cleveland","All","Boys/Girls/All","75","8","","Local Authority"
"Percentage achieving at least the expected standard in all ELGs","2019","Year","Black","White/Black/Asian/Mixed/Chinese/All","E06000003","ONS geography code","Redcar and Cleveland","Girls","Boys/Girls/All","N/A","0","","Local Authority"
"Percentage achieving at least the expected standard in all ELGs","2019","Year","Black","White/Black/Asian/Mixed/Chinese/All","E06000003","ONS geography code","Redcar and Cleveland","All","Boys/Girls/All","?","3","","Local Authority"
"Percentage achieving at least the expected standard in all ELGs","2019","Year","Black","White/Black/Asian/Mixed/Chinese/All","E06000003","ONS geography code","Redcar and Cleveland","Boys","Boys/Girls/All","?","3","","Local Authority"
"Percentage achieving at least the expected standard in all ELGs","2019","Year","Chinese","White/Black/Asian/Mixed/Chinese/All","E06000003","ONS geography code","Redcar and Cleveland","Girls","Boys/Girls/All","N/A","0","","Local Authority"
"Percentage achieving at least the expected standard in all ELGs","2019","Year","Chinese","White/Black/Asian/Mixed/Chinese/All","E06000003","ONS geography code","Redcar and Cleveland","All","Boys/Girls/All","?","1","","Local Authority"
"Percentage achieving at least the expected standard in all ELGs","2019","Year","Chinese","White/Black/Asian/Mixed/Chinese/All","E06000003","ONS geography code","Redcar and Cleveland","Boys","Boys/Girls/All","?","1","","Local Authority"
"Percentage achieving at least the expected standard in all ELGs","2019","Year","Mixed","White/Black/Asian/Mixed/Chinese/All","E06000003","ONS geography code","Redcar and Cleveland","Boys","Boys/Girls/All","82","17","","Local Authority"
"Percentage achieving at least the expected standard in all ELGs","2019","Year","Mixed","White/Black/Asian/Mixed/Chinese/All","E06000003","ONS geography code","Redcar and Cleveland","Girls","Boys/Girls/All","68","22","","Local Authority"
"Percentage achieving at least the expected standard in all ELGs","2019","Year","Mixed","White/Black/Asian/Mixed/Chinese/All","E06000003","ONS geography code","Redcar and Cleveland","All","Boys/Girls/All","74","39","","Local Authority"
"Percentage achieving at least the expected standard in all ELGs","2019","Year","White","White/Black/Asian/Mixed/Chinese/All","E06000003","ONS geography code","Redcar and Cleveland","Girls","Boys/Girls/All","76","747","","Local Authority"
"Percentage achieving at least the expected standard in all ELGs","2019","Year","White","White/Black/Asian/Mixed/Chinese/All","E06000003","ONS geography code","Redcar and Cleveland","Boys","Boys/Girls/All","64","771","","Local Authority"
"Percentage achieving at least the expected standard in all ELGs","2019","Year","White","White/Black/Asian/Mixed/Chinese/All","E06000003","ONS geography code","Redcar and Cleveland","All","Boys/Girls/All","70","1518","","Local Authority"
"Percentage achieving at least the expected standard in all ELGs","2019","Year","All","White/Black/Asian/Mixed/Chinese/All","E09000027","ONS geography code","Richmond upon Thames","Girls","Boys/Girls/All","85","1171","","Local Authority"
"Percentage achieving at least the expected standard in all ELGs","2019","Year","All","White/Black/Asian/Mixed/Chinese/All","E09000027","ONS geography code","Richmond upon Thames","Boys","Boys/Girls/All","76","1318","","Local Authority"
"Percentage achieving at least the expected standard in all ELGs","2019","Year","All","White/Black/Asian/Mixed/Chinese/All","E09000027","ONS geography code","Richmond upon Thames","All","Boys/Girls/All","80","2489","","Local Authority"
"Percentage achieving at least the expected standard in all ELGs","2019","Year","Asian","White/Black/Asian/Mixed/Chinese/All","E09000027","ONS geography code","Richmond upon Thames","Boys","Boys/Girls/All","72","89","","Local Authority"
"Percentage achieving at least the expected standard in all ELGs","2019","Year","Asian","White/Black/Asian/Mixed/Chinese/All","E09000027","ONS geography code","Richmond upon Thames","Girls","Boys/Girls/All","84","97","","Local Authority"
"Percentage achieving at least the expected standard in all ELGs","2019","Year","Asian","White/Black/Asian/Mixed/Chinese/All","E09000027","ONS geography code","Richmond upon Thames","All","Boys/Girls/All","78","186","","Local Authority"
"Percentage achieving at least the expected standard in all ELGs","2019","Year","Black","White/Black/Asian/Mixed/Chinese/All","E09000027","ONS geography code","Richmond upon Thames","Boys","Boys/Girls/All","47","19","","Local Authority"
"Percentage achieving at least the expected standard in all ELGs","2019","Year","Black","White/Black/Asian/Mixed/Chinese/All","E09000027","ONS geography code","Richmond upon Thames","Girls","Boys/Girls/All","77","26","","Local Authority"
"Percentage achieving at least the expected standard in all ELGs","2019","Year","Black","White/Black/Asian/Mixed/Chinese/All","E09000027","ONS geography code","Richmond upon Thames","All","Boys/Girls/All","64","45","","Local Authority"
"Percentage achieving at least the expected standard in all ELGs","2019","Year","Chinese","White/Black/Asian/Mixed/Chinese/All","E09000027","ONS geography code","Richmond upon Thames","Girls","Boys/Girls/All","93","14","","Local Authority"
"Percentage achieving at least the expected standard in all ELGs","2019","Year","Chinese","White/Black/Asian/Mixed/Chinese/All","E09000027","ONS geography code","Richmond upon Thames","Boys","Boys/Girls/All","86","14","","Local Authority"
"Percentage achieving at least the expected standard in all ELGs","2019","Year","Chinese","White/Black/Asian/Mixed/Chinese/All","E09000027","ONS geography code","Richmond upon Thames","All","Boys/Girls/All","89","28","","Local Authority"
"Percentage achieving at least the expected standard in all ELGs","2019","Year","Mixed","White/Black/Asian/Mixed/Chinese/All","E09000027","ONS geography code","Richmond upon Thames","Girls","Boys/Girls/All","85","124","","Local Authority"
"Percentage achieving at least the expected standard in all ELGs","2019","Year","Mixed","White/Black/Asian/Mixed/Chinese/All","E09000027","ONS geography code","Richmond upon Thames","Boys","Boys/Girls/All","76","162","","Local Authority"
"Percentage achieving at least the expected standard in all ELGs","2019","Year","Mixed","White/Black/Asian/Mixed/Chinese/All","E09000027","ONS geography code","Richmond upon Thames","All","Boys/Girls/All","80","286","","Local Authority"
"Percentage achieving at least the expected standard in all ELGs","2019","Year","White","White/Black/Asian/Mixed/Chinese/All","E09000027","ONS geography code","Richmond upon Thames","Girls","Boys/Girls/All","88","792","","Local Authority"
"Percentage achieving at least the expected standard in all ELGs","2019","Year","White","White/Black/Asian/Mixed/Chinese/All","E09000027","ONS geography code","Richmond upon Thames","Boys","Boys/Girls/All","77","899","","Local Authority"
"Percentage achieving at least the expected standard in all ELGs","2019","Year","White","White/Black/Asian/Mixed/Chinese/All","E09000027","ONS geography code","Richmond upon Thames","All","Boys/Girls/All","82","1691","","Local Authority"
"Percentage achieving at least the expected standard in all ELGs","2019","Year","All","White/Black/Asian/Mixed/Chinese/All","E08000005","ONS geography code","Rochdale","Girls","Boys/Girls/All","71","1405","","Local Authority"
"Percentage achieving at least the expected standard in all ELGs","2019","Year","All","White/Black/Asian/Mixed/Chinese/All","E08000005","ONS geography code","Rochdale","Boys","Boys/Girls/All","57","1583","","Local Authority"
"Percentage achieving at least the expected standard in all ELGs","2019","Year","All","White/Black/Asian/Mixed/Chinese/All","E08000005","ONS geography code","Rochdale","All","Boys/Girls/All","64","2988","","Local Authority"
"Percentage achieving at least the expected standard in all ELGs","2019","Year","Asian","White/Black/Asian/Mixed/Chinese/All","E08000005","ONS geography code","Rochdale","Girls","Boys/Girls/All","67","334","","Local Authority"
"Percentage achieving at least the expected standard in all ELGs","2019","Year","Asian","White/Black/Asian/Mixed/Chinese/All","E08000005","ONS geography code","Rochdale","Boys","Boys/Girls/All","56","365","","Local Authority"
"Percentage achieving at least the expected standard in all ELGs","2019","Year","Asian","White/Black/Asian/Mixed/Chinese/All","E08000005","ONS geography code","Rochdale","All","Boys/Girls/All","61","699","","Local Authority"
"Percentage achieving at least the expected standard in all ELGs","2019","Year","Black","White/Black/Asian/Mixed/Chinese/All","E08000005","ONS geography code","Rochdale","Girls","Boys/Girls/All","65","62","","Local Authority"
"Percentage achieving at least the expected standard in all ELGs","2019","Year","Black","White/Black/Asian/Mixed/Chinese/All","E08000005","ONS geography code","Rochdale","Boys","Boys/Girls/All","53","72","","Local Authority"
"Percentage achieving at least the expected standard in all ELGs","2019","Year","Black","White/Black/Asian/Mixed/Chinese/All","E08000005","ONS geography code","Rochdale","All","Boys/Girls/All","58","134","","Local Authority"
"Percentage achieving at least the expected standard in all ELGs","2019","Year","Chinese","White/Black/Asian/Mixed/Chinese/All","E08000005","ONS geography code","Rochdale","Girls","Boys/Girls/All","67","6","","Local Authority"
"Percentage achieving at least the expected standard in all ELGs","2019","Year","Chinese","White/Black/Asian/Mixed/Chinese/All","E08000005","ONS geography code","Rochdale","Boys","Boys/Girls/All","86","7","","Local Authority"
"Percentage achieving at least the expected standard in all ELGs","2019","Year","Chinese","White/Black/Asian/Mixed/Chinese/All","E08000005","ONS geography code","Rochdale","All","Boys/Girls/All","77","13","","Local Authority"
"Percentage achieving at least the expected standard in all ELGs","2019","Year","Mixed","White/Black/Asian/Mixed/Chinese/All","E08000005","ONS geography code","Rochdale","Girls","Boys/Girls/All","81","93","","Local Authority"
"Percentage achieving at least the expected standard in all ELGs","2019","Year","Mixed","White/Black/Asian/Mixed/Chinese/All","E08000005","ONS geography code","Rochdale","Boys","Boys/Girls/All","46","96","","Local Authority"
"Percentage achieving at least the expected standard in all ELGs","2019","Year","Mixed","White/Black/Asian/Mixed/Chinese/All","E08000005","ONS geography code","Rochdale","All","Boys/Girls/All","63","189","","Local Authority"
"Percentage achieving at least the expected standard in all ELGs","2019","Year","White","White/Black/Asian/Mixed/Chinese/All","E08000005","ONS geography code","Rochdale","Girls","Boys/Girls/All","73","875","","Local Authority"
"Percentage achieving at least the expected standard in all ELGs","2019","Year","White","White/Black/Asian/Mixed/Chinese/All","E08000005","ONS geography code","Rochdale","Boys","Boys/Girls/All","61","987","","Local Authority"
"Percentage achieving at least the expected standard in all ELGs","2019","Year","White","White/Black/Asian/Mixed/Chinese/All","E08000005","ONS geography code","Rochdale","All","Boys/Girls/All","67","1862","","Local Authority"
"Percentage achieving at least the expected standard in all ELGs","2019","Year","All","White/Black/Asian/Mixed/Chinese/All","E08000018","ONS geography code","Rotherham","Girls","Boys/Girls/All","77","1584","","Local Authority"
"Percentage achieving at least the expected standard in all ELGs","2019","Year","All","White/Black/Asian/Mixed/Chinese/All","E08000018","ONS geography code","Rotherham","Boys","Boys/Girls/All","61","1628","","Local Authority"
"Percentage achieving at least the expected standard in all ELGs","2019","Year","All","White/Black/Asian/Mixed/Chinese/All","E08000018","ONS geography code","Rotherham","All","Boys/Girls/All","69","3212","","Local Authority"
"Percentage achieving at least the expected standard in all ELGs","2019","Year","Asian","White/Black/Asian/Mixed/Chinese/All","E08000018","ONS geography code","Rotherham","Girls","Boys/Girls/All","75","111","","Local Authority"
"Percentage achieving at least the expected standard in all ELGs","2019","Year","Asian","White/Black/Asian/Mixed/Chinese/All","E08000018","ONS geography code","Rotherham","Boys","Boys/Girls/All","57","114","","Local Authority"
"Percentage achieving at least the expected standard in all ELGs","2019","Year","Asian","White/Black/Asian/Mixed/Chinese/All","E08000018","ONS geography code","Rotherham","All","Boys/Girls/All","66","225","","Local Authority"
"Percentage achieving at least the expected standard in all ELGs","2019","Year","Black","White/Black/Asian/Mixed/Chinese/All","E08000018","ONS geography code","Rotherham","Girls","Boys/Girls/All","92","13","","Local Authority"
"Percentage achieving at least the expected standard in all ELGs","2019","Year","Black","White/Black/Asian/Mixed/Chinese/All","E08000018","ONS geography code","Rotherham","Boys","Boys/Girls/All","40","15","","Local Authority"
"Percentage achieving at least the expected standard in all ELGs","2019","Year","Black","White/Black/Asian/Mixed/Chinese/All","E08000018","ONS geography code","Rotherham","All","Boys/Girls/All","64","28","","Local Authority"
"Percentage achieving at least the expected standard in all ELGs","2019","Year","Chinese","White/Black/Asian/Mixed/Chinese/All","E08000018","ONS geography code","Rotherham","Boys","Boys/Girls/All","80","10","","Local Authority"
"Percentage achieving at least the expected standard in all ELGs","2019","Year","Chinese","White/Black/Asian/Mixed/Chinese/All","E08000018","ONS geography code","Rotherham","Girls","Boys/Girls/All","82","11","","Local Authority"
"Percentage achieving at least the expected standard in all ELGs","2019","Year","Chinese","White/Black/Asian/Mixed/Chinese/All","E08000018","ONS geography code","Rotherham","All","Boys/Girls/All","81","21","","Local Authority"
"Percentage achieving at least the expected standard in all ELGs","2019","Year","Mixed","White/Black/Asian/Mixed/Chinese/All","E08000018","ONS geography code","Rotherham","Boys","Boys/Girls/All","59","61","","Local Authority"
"Percentage achieving at least the expected standard in all ELGs","2019","Year","Mixed","White/Black/Asian/Mixed/Chinese/All","E08000018","ONS geography code","Rotherham","Girls","Boys/Girls/All","74","72","","Local Authority"
"Percentage achieving at least the expected standard in all ELGs","2019","Year","Mixed","White/Black/Asian/Mixed/Chinese/All","E08000018","ONS geography code","Rotherham","All","Boys/Girls/All","67","133","","Local Authority"
"Percentage achieving at least the expected standard in all ELGs","2019","Year","White","White/Black/Asian/Mixed/Chinese/All","E08000018","ONS geography code","Rotherham","Girls","Boys/Girls/All","77","1344","","Local Authority"
"Percentage achieving at least the expected standard in all ELGs","2019","Year","White","White/Black/Asian/Mixed/Chinese/All","E08000018","ONS geography code","Rotherham","Boys","Boys/Girls/All","63","1382","","Local Authority"
"Percentage achieving at least the expected standard in all ELGs","2019","Year","White","White/Black/Asian/Mixed/Chinese/All","E08000018","ONS geography code","Rotherham","All","Boys/Girls/All","70","2726","","Local Authority"
"Percentage achieving at least the expected standard in all ELGs","2019","Year","All","White/Black/Asian/Mixed/Chinese/All","E06000017","ONS geography code","Rutland","Girls","Boys/Girls/All","81","179","","Local Authority"
"Percentage achieving at least the expected standard in all ELGs","2019","Year","All","White/Black/Asian/Mixed/Chinese/All","E06000017","ONS geography code","Rutland","Boys","Boys/Girls/All","75","213","","Local Authority"
"Percentage achieving at least the expected standard in all ELGs","2019","Year","All","White/Black/Asian/Mixed/Chinese/All","E06000017","ONS geography code","Rutland","All","Boys/Girls/All","78","392","","Local Authority"
"Percentage achieving at least the expected standard in all ELGs","2019","Year","Asian","White/Black/Asian/Mixed/Chinese/All","E06000017","ONS geography code","Rutland","Girls","Boys/Girls/All","?","1","","Local Authority"
"Percentage achieving at least the expected standard in all ELGs","2019","Year","Asian","White/Black/Asian/Mixed/Chinese/All","E06000017","ONS geography code","Rutland","Boys","Boys/Girls/All","?","1","","Local Authority"
"Percentage achieving at least the expected standard in all ELGs","2019","Year","Asian","White/Black/Asian/Mixed/Chinese/All","E06000017","ONS geography code","Rutland","All","Boys/Girls/All","?","2","","Local Authority"
"Percentage achieving at least the expected standard in all ELGs","2019","Year","Black","White/Black/Asian/Mixed/Chinese/All","E06000017","ONS geography code","Rutland","Girls","Boys/Girls/All","?","3","","Local Authority"
"Percentage achieving at least the expected standard in all ELGs","2019","Year","Black","White/Black/Asian/Mixed/Chinese/All","E06000017","ONS geography code","Rutland","Boys","Boys/Girls/All","?","3","","Local Authority"
"Percentage achieving at least the expected standard in all ELGs","2019","Year","Black","White/Black/Asian/Mixed/Chinese/All","E06000017","ONS geography code","Rutland","All","Boys/Girls/All","67","6","","Local Authority"
"Percentage achieving at least the expected standard in all ELGs","2019","Year","Chinese","White/Black/Asian/Mixed/Chinese/All","E06000017","ONS geography code","Rutland","All","Boys/Girls/All","N/A","0","","Local Authority"
"Percentage achieving at least the expected standard in all ELGs","2019","Year","Chinese","White/Black/Asian/Mixed/Chinese/All","E06000017","ONS geography code","Rutland","Girls","Boys/Girls/All","N/A","0","","Local Authority"
"Percentage achieving at least the expected standard in all ELGs","2019","Year","Chinese","White/Black/Asian/Mixed/Chinese/All","E06000017","ONS geography code","Rutland","Boys","Boys/Girls/All","N/A","0","","Local Authority"
"Percentage achieving at least the expected standard in all ELGs","2019","Year","Mixed","White/Black/Asian/Mixed/Chinese/All","E06000017","ONS geography code","Rutland","Boys","Boys/Girls/All","100","7","","Local Authority"
"Percentage achieving at least the expected standard in all ELGs","2019","Year","Mixed","White/Black/Asian/Mixed/Chinese/All","E06000017","ONS geography code","Rutland","Girls","Boys/Girls/All","67","9","","Local Authority"
"Percentage achieving at least the expected standard in all ELGs","2019","Year","Mixed","White/Black/Asian/Mixed/Chinese/All","E06000017","ONS geography code","Rutland","All","Boys/Girls/All","81","16","","Local Authority"
"Percentage achieving at least the expected standard in all ELGs","2019","Year","White","White/Black/Asian/Mixed/Chinese/All","E06000017","ONS geography code","Rutland","Girls","Boys/Girls/All","82","161","","Local Authority"
"Percentage achieving at least the expected standard in all ELGs","2019","Year","White","White/Black/Asian/Mixed/Chinese/All","E06000017","ONS geography code","Rutland","Boys","Boys/Girls/All","75","194","","Local Authority"
"Percentage achieving at least the expected standard in all ELGs","2019","Year","White","White/Black/Asian/Mixed/Chinese/All","E06000017","ONS geography code","Rutland","All","Boys/Girls/All","78","355","","Local Authority"
"Percentage achieving at least the expected standard in all ELGs","2019","Year","All","White/Black/Asian/Mixed/Chinese/All","E08000006","ONS geography code","Salford","Boys","Boys/Girls/All","58","1579","","Local Authority"
"Percentage achieving at least the expected standard in all ELGs","2019","Year","All","White/Black/Asian/Mixed/Chinese/All","E08000006","ONS geography code","Salford","Girls","Boys/Girls/All","74","1596","","Local Authority"
"Percentage achieving at least the expected standard in all ELGs","2019","Year","All","White/Black/Asian/Mixed/Chinese/All","E08000006","ONS geography code","Salford","All","Boys/Girls/All","66","3175","","Local Authority"
"Percentage achieving at least the expected standard in all ELGs","2019","Year","Asian","White/Black/Asian/Mixed/Chinese/All","E08000006","ONS geography code","Salford","Girls","Boys/Girls/All","71","48","","Local Authority"
"Percentage achieving at least the expected standard in all ELGs","2019","Year","Asian","White/Black/Asian/Mixed/Chinese/All","E08000006","ONS geography code","Salford","Boys","Boys/Girls/All","62","53","","Local Authority"
"Percentage achieving at least the expected standard in all ELGs","2019","Year","Asian","White/Black/Asian/Mixed/Chinese/All","E08000006","ONS geography code","Salford","All","Boys/Girls/All","66","101","","Local Authority"
"Percentage achieving at least the expected standard in all ELGs","2019","Year","Black","White/Black/Asian/Mixed/Chinese/All","E08000006","ONS geography code","Salford","Boys","Boys/Girls/All","49","100","","Local Authority"
"Percentage achieving at least the expected standard in all ELGs","2019","Year","Black","White/Black/Asian/Mixed/Chinese/All","E08000006","ONS geography code","Salford","Girls","Boys/Girls/All","75","103","","Local Authority"
"Percentage achieving at least the expected standard in all ELGs","2019","Year","Black","White/Black/Asian/Mixed/Chinese/All","E08000006","ONS geography code","Salford","All","Boys/Girls/All","62","203","","Local Authority"
"Percentage achieving at least the expected standard in all ELGs","2019","Year","Chinese","White/Black/Asian/Mixed/Chinese/All","E08000006","ONS geography code","Salford","Boys","Boys/Girls/All","?","4","","Local Authority"
"Percentage achieving at least the expected standard in all ELGs","2019","Year","Chinese","White/Black/Asian/Mixed/Chinese/All","E08000006","ONS geography code","Salford","Girls","Boys/Girls/All","100","6","","Local Authority"
"Percentage achieving at least the expected standard in all ELGs","2019","Year","Chinese","White/Black/Asian/Mixed/Chinese/All","E08000006","ONS geography code","Salford","All","Boys/Girls/All","90","10","","Local Authority"
"Percentage achieving at least the expected standard in all ELGs","2019","Year","Mixed","White/Black/Asian/Mixed/Chinese/All","E08000006","ONS geography code","Salford","Girls","Boys/Girls/All","78","135","","Local Authority"
"Percentage achieving at least the expected standard in all ELGs","2019","Year","Mixed","White/Black/Asian/Mixed/Chinese/All","E08000006","ONS geography code","Salford","Boys","Boys/Girls/All","55","145","","Local Authority"
"Percentage achieving at least the expected standard in all ELGs","2019","Year","Mixed","White/Black/Asian/Mixed/Chinese/All","E08000006","ONS geography code","Salford","All","Boys/Girls/All","66","280","","Local Authority"
"Percentage achieving at least the expected standard in all ELGs","2019","Year","White","White/Black/Asian/Mixed/Chinese/All","E08000006","ONS geography code","Salford","Boys","Boys/Girls/All","62","1137","","Local Authority"
"Percentage achieving at least the expected standard in all ELGs","2019","Year","White","White/Black/Asian/Mixed/Chinese/All","E08000006","ONS geography code","Salford","Girls","Boys/Girls/All","77","1167","","Local Authority"
"Percentage achieving at least the expected standard in all ELGs","2019","Year","White","White/Black/Asian/Mixed/Chinese/All","E08000006","ONS geography code","Salford","All","Boys/Girls/All","69","2304","","Local Authority"
"Percentage achieving at least the expected standard in all ELGs","2019","Year","All","White/Black/Asian/Mixed/Chinese/All","E08000028","ONS geography code","Sandwell","Girls","Boys/Girls/All","72","2323","","Local Authority"
"Percentage achieving at least the expected standard in all ELGs","2019","Year","All","White/Black/Asian/Mixed/Chinese/All","E08000028","ONS geography code","Sandwell","Boys","Boys/Girls/All","58","2363","","Local Authority"
"Percentage achieving at least the expected standard in all ELGs","2019","Year","All","White/Black/Asian/Mixed/Chinese/All","E08000028","ONS geography code","Sandwell","All","Boys/Girls/All","65","4686","","Local Authority"
"Percentage achieving at least the expected standard in all ELGs","2019","Year","Asian","White/Black/Asian/Mixed/Chinese/All","E08000028","ONS geography code","Sandwell","Boys","Boys/Girls/All","63","677","","Local Authority"
"Percentage achieving at least the expected standard in all ELGs","2019","Year","Asian","White/Black/Asian/Mixed/Chinese/All","E08000028","ONS geography code","Sandwell","Girls","Boys/Girls/All","73","704","","Local Authority"
"Percentage achieving at least the expected standard in all ELGs","2019","Year","Asian","White/Black/Asian/Mixed/Chinese/All","E08000028","ONS geography code","Sandwell","All","Boys/Girls/All","68","1381","","Local Authority"
"Percentage achieving at least the expected standard in all ELGs","2019","Year","Black","White/Black/Asian/Mixed/Chinese/All","E08000028","ONS geography code","Sandwell","Girls","Boys/Girls/All","74","223","","Local Authority"
"Percentage achieving at least the expected standard in all ELGs","2019","Year","Black","White/Black/Asian/Mixed/Chinese/All","E08000028","ONS geography code","Sandwell","Boys","Boys/Girls/All","57","244","","Local Authority"
"Percentage achieving at least the expected standard in all ELGs","2019","Year","Black","White/Black/Asian/Mixed/Chinese/All","E08000028","ONS geography code","Sandwell","All","Boys/Girls/All","65","467","","Local Authority"
"Percentage achieving at least the expected standard in all ELGs","2019","Year","Chinese","White/Black/Asian/Mixed/Chinese/All","E08000028","ONS geography code","Sandwell","Girls","Boys/Girls/All","100","8","","Local Authority"
"Percentage achieving at least the expected standard in all ELGs","2019","Year","Chinese","White/Black/Asian/Mixed/Chinese/All","E08000028","ONS geography code","Sandwell","Boys","Boys/Girls/All","59","17","","Local Authority"
"Percentage achieving at least the expected standard in all ELGs","2019","Year","Chinese","White/Black/Asian/Mixed/Chinese/All","E08000028","ONS geography code","Sandwell","All","Boys/Girls/All","72","25","","Local Authority"
"Percentage achieving at least the expected standard in all ELGs","2019","Year","Mixed","White/Black/Asian/Mixed/Chinese/All","E08000028","ONS geography code","Sandwell","Girls","Boys/Girls/All","75","208","","Local Authority"
"Percentage achieving at least the expected standard in all ELGs","2019","Year","Mixed","White/Black/Asian/Mixed/Chinese/All","E08000028","ONS geography code","Sandwell","Boys","Boys/Girls/All","60","230","","Local Authority"
"Percentage achieving at least the expected standard in all ELGs","2019","Year","Mixed","White/Black/Asian/Mixed/Chinese/All","E08000028","ONS geography code","Sandwell","All","Boys/Girls/All","67","438","","Local Authority"
"Percentage achieving at least the expected standard in all ELGs","2019","Year","White","White/Black/Asian/Mixed/Chinese/All","E08000028","ONS geography code","Sandwell","Boys","Boys/Girls/All","57","1045","","Local Authority"
"Percentage achieving at least the expected standard in all ELGs","2019","Year","White","White/Black/Asian/Mixed/Chinese/All","E08000028","ONS geography code","Sandwell","Girls","Boys/Girls/All","73","1052","","Local Authority"
"Percentage achieving at least the expected standard in all ELGs","2019","Year","White","White/Black/Asian/Mixed/Chinese/All","E08000028","ONS geography code","Sandwell","All","Boys/Girls/All","65","2097","","Local Authority"
"Percentage achieving at least the expected standard in all ELGs","2019","Year","All","White/Black/Asian/Mixed/Chinese/All","E08000014","ONS geography code","Sefton","Girls","Boys/Girls/All","75","1496","","Local Authority"
"Percentage achieving at least the expected standard in all ELGs","2019","Year","All","White/Black/Asian/Mixed/Chinese/All","E08000014","ONS geography code","Sefton","Boys","Boys/Girls/All","61","1524","","Local Authority"
"Percentage achieving at least the expected standard in all ELGs","2019","Year","All","White/Black/Asian/Mixed/Chinese/All","E08000014","ONS geography code","Sefton","All","Boys/Girls/All","68","3020","","Local Authority"
"Percentage achieving at least the expected standard in all ELGs","2019","Year","Asian","White/Black/Asian/Mixed/Chinese/All","E08000014","ONS geography code","Sefton","Boys","Boys/Girls/All","36","14","","Local Authority"
"Percentage achieving at least the expected standard in all ELGs","2019","Year","Asian","White/Black/Asian/Mixed/Chinese/All","E08000014","ONS geography code","Sefton","Girls","Boys/Girls/All","64","22","","Local Authority"
"Percentage achieving at least the expected standard in all ELGs","2019","Year","Asian","White/Black/Asian/Mixed/Chinese/All","E08000014","ONS geography code","Sefton","All","Boys/Girls/All","53","36","","Local Authority"
"Percentage achieving at least the expected standard in all ELGs","2019","Year","Black","White/Black/Asian/Mixed/Chinese/All","E08000014","ONS geography code","Sefton","Girls","Boys/Girls/All","80","5","","Local Authority"
"Percentage achieving at least the expected standard in all ELGs","2019","Year","Black","White/Black/Asian/Mixed/Chinese/All","E08000014","ONS geography code","Sefton","Boys","Boys/Girls/All","25","8","","Local Authority"
"Percentage achieving at least the expected standard in all ELGs","2019","Year","Black","White/Black/Asian/Mixed/Chinese/All","E08000014","ONS geography code","Sefton","All","Boys/Girls/All","46","13","","Local Authority"
"Percentage achieving at least the expected standard in all ELGs","2019","Year","Chinese","White/Black/Asian/Mixed/Chinese/All","E08000014","ONS geography code","Sefton","Boys","Boys/Girls/All","40","5","","Local Authority"
"Percentage achieving at least the expected standard in all ELGs","2019","Year","Chinese","White/Black/Asian/Mixed/Chinese/All","E08000014","ONS geography code","Sefton","Girls","Boys/Girls/All","86","7","","Local Authority"
"Percentage achieving at least the expected standard in all ELGs","2019","Year","Chinese","White/Black/Asian/Mixed/Chinese/All","E08000014","ONS geography code","Sefton","All","Boys/Girls/All","67","12","","Local Authority"
"Percentage achieving at least the expected standard in all ELGs","2019","Year","Mixed","White/Black/Asian/Mixed/Chinese/All","E08000014","ONS geography code","Sefton","Girls","Boys/Girls/All","69","42","","Local Authority"
"Percentage achieving at least the expected standard in all ELGs","2019","Year","Mixed","White/Black/Asian/Mixed/Chinese/All","E08000014","ONS geography code","Sefton","Boys","Boys/Girls/All","77","48","","Local Authority"
"Percentage achieving at least the expected standard in all ELGs","2019","Year","Mixed","White/Black/Asian/Mixed/Chinese/All","E08000014","ONS geography code","Sefton","All","Boys/Girls/All","73","90","","Local Authority"
"Percentage achieving at least the expected standard in all ELGs","2019","Year","White","White/Black/Asian/Mixed/Chinese/All","E08000014","ONS geography code","Sefton","Girls","Boys/Girls/All","76","1381","","Local Authority"
"Percentage achieving at least the expected standard in all ELGs","2019","Year","White","White/Black/Asian/Mixed/Chinese/All","E08000014","ONS geography code","Sefton","Boys","Boys/Girls/All","61","1414","","Local Authority"
"Percentage achieving at least the expected standard in all ELGs","2019","Year","White","White/Black/Asian/Mixed/Chinese/All","E08000014","ONS geography code","Sefton","All","Boys/Girls/All","68","2795","","Local Authority"
"Percentage achieving at least the expected standard in all ELGs","2019","Year","All","White/Black/Asian/Mixed/Chinese/All","E08000019","ONS geography code","Sheffield","Girls","Boys/Girls/All","76","3078","","Local Authority"
"Percentage achieving at least the expected standard in all ELGs","2019","Year","All","White/Black/Asian/Mixed/Chinese/All","E08000019","ONS geography code","Sheffield","Boys","Boys/Girls/All","63","3152","","Local Authority"
"Percentage achieving at least the expected standard in all ELGs","2019","Year","All","White/Black/Asian/Mixed/Chinese/All","E08000019","ONS geography code","Sheffield","All","Boys/Girls/All","70","6230","","Local Authority"
"Percentage achieving at least the expected standard in all ELGs","2019","Year","Asian","White/Black/Asian/Mixed/Chinese/All","E08000019","ONS geography code","Sheffield","Boys","Boys/Girls/All","60","376","","Local Authority"
"Percentage achieving at least the expected standard in all ELGs","2019","Year","Asian","White/Black/Asian/Mixed/Chinese/All","E08000019","ONS geography code","Sheffield","Girls","Boys/Girls/All","76","377","","Local Authority"
"Percentage achieving at least the expected standard in all ELGs","2019","Year","Asian","White/Black/Asian/Mixed/Chinese/All","E08000019","ONS geography code","Sheffield","All","Boys/Girls/All","68","753","","Local Authority"
"Percentage achieving at least the expected standard in all ELGs","2019","Year","Black","White/Black/Asian/Mixed/Chinese/All","E08000019","ONS geography code","Sheffield","Girls","Boys/Girls/All","74","178","","Local Authority"
"Percentage achieving at least the expected standard in all ELGs","2019","Year","Black","White/Black/Asian/Mixed/Chinese/All","E08000019","ONS geography code","Sheffield","Boys","Boys/Girls/All","63","194","","Local Authority"
"Percentage achieving at least the expected standard in all ELGs","2019","Year","Black","White/Black/Asian/Mixed/Chinese/All","E08000019","ONS geography code","Sheffield","All","Boys/Girls/All","69","372","","Local Authority"
"Percentage achieving at least the expected standard in all ELGs","2019","Year","Chinese","White/Black/Asian/Mixed/Chinese/All","E08000019","ONS geography code","Sheffield","Girls","Boys/Girls/All","75","16","","Local Authority"
"Percentage achieving at least the expected standard in all ELGs","2019","Year","Chinese","White/Black/Asian/Mixed/Chinese/All","E08000019","ONS geography code","Sheffield","Boys","Boys/Girls/All","81","27","","Local Authority"
"Percentage achieving at least the expected standard in all ELGs","2019","Year","Chinese","White/Black/Asian/Mixed/Chinese/All","E08000019","ONS geography code","Sheffield","All","Boys/Girls/All","79","43","","Local Authority"
"Percentage achieving at least the expected standard in all ELGs","2019","Year","Mixed","White/Black/Asian/Mixed/Chinese/All","E08000019","ONS geography code","Sheffield","Girls","Boys/Girls/All","76","270","","Local Authority"
"Percentage achieving at least the expected standard in all ELGs","2019","Year","Mixed","White/Black/Asian/Mixed/Chinese/All","E08000019","ONS geography code","Sheffield","Boys","Boys/Girls/All","59","296","","Local Authority"
"Percentage achieving at least the expected standard in all ELGs","2019","Year","Mixed","White/Black/Asian/Mixed/Chinese/All","E08000019","ONS geography code","Sheffield","All","Boys/Girls/All","67","566","","Local Authority"
"Percentage achieving at least the expected standard in all ELGs","2019","Year","White","White/Black/Asian/Mixed/Chinese/All","E08000019","ONS geography code","Sheffield","Girls","Boys/Girls/All","79","2016","","Local Authority"
"Percentage achieving at least the expected standard in all ELGs","2019","Year","White","White/Black/Asian/Mixed/Chinese/All","E08000019","ONS geography code","Sheffield","Boys","Boys/Girls/All","65","2060","","Local Authority"
"Percentage achieving at least the expected standard in all ELGs","2019","Year","White","White/Black/Asian/Mixed/Chinese/All","E08000019","ONS geography code","Sheffield","All","Boys/Girls/All","72","4076","","Local Authority"
"Percentage achieving at least the expected standard in all ELGs","2019","Year","All","White/Black/Asian/Mixed/Chinese/All","E06000051","ONS geography code","Shropshire","Girls","Boys/Girls/All","80","1362","","Local Authority"
"Percentage achieving at least the expected standard in all ELGs","2019","Year","All","White/Black/Asian/Mixed/Chinese/All","E06000051","ONS geography code","Shropshire","Boys","Boys/Girls/All","65","1564","","Local Authority"
"Percentage achieving at least the expected standard in all ELGs","2019","Year","All","White/Black/Asian/Mixed/Chinese/All","E06000051","ONS geography code","Shropshire","All","Boys/Girls/All","72","2926","","Local Authority"
"Percentage achieving at least the expected standard in all ELGs","2019","Year","Asian","White/Black/Asian/Mixed/Chinese/All","E06000051","ONS geography code","Shropshire","Girls","Boys/Girls/All","71","7","","Local Authority"
"Percentage achieving at least the expected standard in all ELGs","2019","Year","Asian","White/Black/Asian/Mixed/Chinese/All","E06000051","ONS geography code","Shropshire","Boys","Boys/Girls/All","50","12","","Local Authority"
"Percentage achieving at least the expected standard in all ELGs","2019","Year","Asian","White/Black/Asian/Mixed/Chinese/All","E06000051","ONS geography code","Shropshire","All","Boys/Girls/All","58","19","","Local Authority"
"Percentage achieving at least the expected standard in all ELGs","2019","Year","Black","White/Black/Asian/Mixed/Chinese/All","E06000051","ONS geography code","Shropshire","Girls","Boys/Girls/All","?","4","","Local Authority"
"Percentage achieving at least the expected standard in all ELGs","2019","Year","Black","White/Black/Asian/Mixed/Chinese/All","E06000051","ONS geography code","Shropshire","Boys","Boys/Girls/All","?","4","","Local Authority"
"Percentage achieving at least the expected standard in all ELGs","2019","Year","Black","White/Black/Asian/Mixed/Chinese/All","E06000051","ONS geography code","Shropshire","All","Boys/Girls/All","88","8","","Local Authority"
"Percentage achieving at least the expected standard in all ELGs","2019","Year","Chinese","White/Black/Asian/Mixed/Chinese/All","E06000051","ONS geography code","Shropshire","Boys","Boys/Girls/All","?","1","","Local Authority"
"Percentage achieving at least the expected standard in all ELGs","2019","Year","Chinese","White/Black/Asian/Mixed/Chinese/All","E06000051","ONS geography code","Shropshire","Girls","Boys/Girls/All","?","2","","Local Authority"
"Percentage achieving at least the expected standard in all ELGs","2019","Year","Chinese","White/Black/Asian/Mixed/Chinese/All","E06000051","ONS geography code","Shropshire","All","Boys/Girls/All","?","3","","Local Authority"
"Percentage achieving at least the expected standard in all ELGs","2019","Year","Mixed","White/Black/Asian/Mixed/Chinese/All","E06000051","ONS geography code","Shropshire","Boys","Boys/Girls/All","81","31","","Local Authority"
"Percentage achieving at least the expected standard in all ELGs","2019","Year","Mixed","White/Black/Asian/Mixed/Chinese/All","E06000051","ONS geography code","Shropshire","Girls","Boys/Girls/All","91","32","","Local Authority"
"Percentage achieving at least the expected standard in all ELGs","2019","Year","Mixed","White/Black/Asian/Mixed/Chinese/All","E06000051","ONS geography code","Shropshire","All","Boys/Girls/All","86","63","","Local Authority"
"Percentage achieving at least the expected standard in all ELGs","2019","Year","White","White/Black/Asian/Mixed/Chinese/All","E06000051","ONS geography code","Shropshire","Girls","Boys/Girls/All","80","1261","","Local Authority"
"Percentage achieving at least the expected standard in all ELGs","2019","Year","White","White/Black/Asian/Mixed/Chinese/All","E06000051","ONS geography code","Shropshire","Boys","Boys/Girls/All","65","1449","","Local Authority"
"Percentage achieving at least the expected standard in all ELGs","2019","Year","White","White/Black/Asian/Mixed/Chinese/All","E06000051","ONS geography code","Shropshire","All","Boys/Girls/All","72","2710","","Local Authority"
"Percentage achieving at least the expected standard in all ELGs","2019","Year","All","White/Black/Asian/Mixed/Chinese/All","E06000039","ONS geography code","Slough","Girls","Boys/Girls/All","80","1112","","Local Authority"
"Percentage achieving at least the expected standard in all ELGs","2019","Year","All","White/Black/Asian/Mixed/Chinese/All","E06000039","ONS geography code","Slough","Boys","Boys/Girls/All","66","1224","","Local Authority"
"Percentage achieving at least the expected standard in all ELGs","2019","Year","All","White/Black/Asian/Mixed/Chinese/All","E06000039","ONS geography code","Slough","All","Boys/Girls/All","73","2336","","Local Authority"
"Percentage achieving at least the expected standard in all ELGs","2019","Year","Asian","White/Black/Asian/Mixed/Chinese/All","E06000039","ONS geography code","Slough","Girls","Boys/Girls/All","85","549","","Local Authority"
"Percentage achieving at least the expected standard in all ELGs","2019","Year","Asian","White/Black/Asian/Mixed/Chinese/All","E06000039","ONS geography code","Slough","Boys","Boys/Girls/All","70","611","","Local Authority"
"Percentage achieving at least the expected standard in all ELGs","2019","Year","Asian","White/Black/Asian/Mixed/Chinese/All","E06000039","ONS geography code","Slough","All","Boys/Girls/All","77","1160","","Local Authority"
"Percentage achieving at least the expected standard in all ELGs","2019","Year","Black","White/Black/Asian/Mixed/Chinese/All","E06000039","ONS geography code","Slough","Girls","Boys/Girls/All","85","59","","Local Authority"
"Percentage achieving at least the expected standard in all ELGs","2019","Year","Black","White/Black/Asian/Mixed/Chinese/All","E06000039","ONS geography code","Slough","Boys","Boys/Girls/All","63","81","","Local Authority"
"Percentage achieving at least the expected standard in all ELGs","2019","Year","Black","White/Black/Asian/Mixed/Chinese/All","E06000039","ONS geography code","Slough","All","Boys/Girls/All","72","140","","Local Authority"
"Percentage achieving at least the expected standard in all ELGs","2019","Year","Chinese","White/Black/Asian/Mixed/Chinese/All","E06000039","ONS geography code","Slough","Girls","Boys/Girls/All","N/A","0","","Local Authority"
"Percentage achieving at least the expected standard in all ELGs","2019","Year","Chinese","White/Black/Asian/Mixed/Chinese/All","E06000039","ONS geography code","Slough","All","Boys/Girls/All","?","3","","Local Authority"
"Percentage achieving at least the expected standard in all ELGs","2019","Year","Chinese","White/Black/Asian/Mixed/Chinese/All","E06000039","ONS geography code","Slough","Boys","Boys/Girls/All","?","3","","Local Authority"
"Percentage achieving at least the expected standard in all ELGs","2019","Year","Mixed","White/Black/Asian/Mixed/Chinese/All","E06000039","ONS geography code","Slough","Boys","Boys/Girls/All","69","118","","Local Authority"
"Percentage achieving at least the expected standard in all ELGs","2019","Year","Mixed","White/Black/Asian/Mixed/Chinese/All","E06000039","ONS geography code","Slough","Girls","Boys/Girls/All","79","122","","Local Authority"
"Percentage achieving at least the expected standard in all ELGs","2019","Year","Mixed","White/Black/Asian/Mixed/Chinese/All","E06000039","ONS geography code","Slough","All","Boys/Girls/All","74","240","","Local Authority"
"Percentage achieving at least the expected standard in all ELGs","2019","Year","White","White/Black/Asian/Mixed/Chinese/All","E06000039","ONS geography code","Slough","Girls","Boys/Girls/All","74","292","","Local Authority"
"Percentage achieving at least the expected standard in all ELGs","2019","Year","White","White/Black/Asian/Mixed/Chinese/All","E06000039","ONS geography code","Slough","Boys","Boys/Girls/All","63","300","","Local Authority"
"Percentage achieving at least the expected standard in all ELGs","2019","Year","White","White/Black/Asian/Mixed/Chinese/All","E06000039","ONS geography code","Slough","All","Boys/Girls/All","68","592","","Local Authority"
"Percentage achieving at least the expected standard in all ELGs","2019","Year","All","White/Black/Asian/Mixed/Chinese/All","E08000029","ONS geography code","Solihull","Girls","Boys/Girls/All","76","1300","","Local Authority"
"Percentage achieving at least the expected standard in all ELGs","2019","Year","All","White/Black/Asian/Mixed/Chinese/All","E08000029","ONS geography code","Solihull","Boys","Boys/Girls/All","65","1394","","Local Authority"
"Percentage achieving at least the expected standard in all ELGs","2019","Year","All","White/Black/Asian/Mixed/Chinese/All","E08000029","ONS geography code","Solihull","All","Boys/Girls/All","70","2694","","Local Authority"
"Percentage achieving at least the expected standard in all ELGs","2019","Year","Asian","White/Black/Asian/Mixed/Chinese/All","E08000029","ONS geography code","Solihull","Girls","Boys/Girls/All","83","158","","Local Authority"
"Percentage achieving at least the expected standard in all ELGs","2019","Year","Asian","White/Black/Asian/Mixed/Chinese/All","E08000029","ONS geography code","Solihull","Boys","Boys/Girls/All","66","166","","Local Authority"
"Percentage achieving at least the expected standard in all ELGs","2019","Year","Asian","White/Black/Asian/Mixed/Chinese/All","E08000029","ONS geography code","Solihull","All","Boys/Girls/All","74","324","","Local Authority"
"Percentage achieving at least the expected standard in all ELGs","2019","Year","Black","White/Black/Asian/Mixed/Chinese/All","E08000029","ONS geography code","Solihull","Boys","Boys/Girls/All","39","23","","Local Authority"
"Percentage achieving at least the expected standard in all ELGs","2019","Year","Black","White/Black/Asian/Mixed/Chinese/All","E08000029","ONS geography code","Solihull","Girls","Boys/Girls/All","58","26","","Local Authority"
"Percentage achieving at least the expected standard in all ELGs","2019","Year","Black","White/Black/Asian/Mixed/Chinese/All","E08000029","ONS geography code","Solihull","All","Boys/Girls/All","49","49","","Local Authority"
"Percentage achieving at least the expected standard in all ELGs","2019","Year","Chinese","White/Black/Asian/Mixed/Chinese/All","E08000029","ONS geography code","Solihull","Girls","Boys/Girls/All","80","5","","Local Authority"
"Percentage achieving at least the expected standard in all ELGs","2019","Year","Chinese","White/Black/Asian/Mixed/Chinese/All","E08000029","ONS geography code","Solihull","Boys","Boys/Girls/All","70","10","","Local Authority"
"Percentage achieving at least the expected standard in all ELGs","2019","Year","Chinese","White/Black/Asian/Mixed/Chinese/All","E08000029","ONS geography code","Solihull","All","Boys/Girls/All","73","15","","Local Authority"
"Percentage achieving at least the expected standard in all ELGs","2019","Year","Mixed","White/Black/Asian/Mixed/Chinese/All","E08000029","ONS geography code","Solihull","Girls","Boys/Girls/All","74","116","","Local Authority"
"Percentage achieving at least the expected standard in all ELGs","2019","Year","Mixed","White/Black/Asian/Mixed/Chinese/All","E08000029","ONS geography code","Solihull","Boys","Boys/Girls/All","53","129","","Local Authority"
"Percentage achieving at least the expected standard in all ELGs","2019","Year","Mixed","White/Black/Asian/Mixed/Chinese/All","E08000029","ONS geography code","Solihull","All","Boys/Girls/All","63","245","","Local Authority"
"Percentage achieving at least the expected standard in all ELGs","2019","Year","White","White/Black/Asian/Mixed/Chinese/All","E08000029","ONS geography code","Solihull","Girls","Boys/Girls/All","76","942","","Local Authority"
"Percentage achieving at least the expected standard in all ELGs","2019","Year","White","White/Black/Asian/Mixed/Chinese/All","E08000029","ONS geography code","Solihull","Boys","Boys/Girls/All","67","1025","","Local Authority"
"Percentage achieving at least the expected standard in all ELGs","2019","Year","White","White/Black/Asian/Mixed/Chinese/All","E08000029","ONS geography code","Solihull","All","Boys/Girls/All","72","1967","","Local Authority"
"Percentage achieving at least the expected standard in all ELGs","2019","Year","All","White/Black/Asian/Mixed/Chinese/All","E10000027","ONS geography code","Somerset","Girls","Boys/Girls/All","78","2862","","Local Authority"
"Percentage achieving at least the expected standard in all ELGs","2019","Year","All","White/Black/Asian/Mixed/Chinese/All","E10000027","ONS geography code","Somerset","Boys","Boys/Girls/All","64","2968","","Local Authority"
"Percentage achieving at least the expected standard in all ELGs","2019","Year","All","White/Black/Asian/Mixed/Chinese/All","E10000027","ONS geography code","Somerset","All","Boys/Girls/All","71","5830","","Local Authority"
"Percentage achieving at least the expected standard in all ELGs","2019","Year","Asian","White/Black/Asian/Mixed/Chinese/All","E10000027","ONS geography code","Somerset","Girls","Boys/Girls/All","86","29","","Local Authority"
"Percentage achieving at least the expected standard in all ELGs","2019","Year","Asian","White/Black/Asian/Mixed/Chinese/All","E10000027","ONS geography code","Somerset","Boys","Boys/Girls/All","55","42","","Local Authority"
"Percentage achieving at least the expected standard in all ELGs","2019","Year","Asian","White/Black/Asian/Mixed/Chinese/All","E10000027","ONS geography code","Somerset","All","Boys/Girls/All","68","71","","Local Authority"
"Percentage achieving at least the expected standard in all ELGs","2019","Year","Black","White/Black/Asian/Mixed/Chinese/All","E10000027","ONS geography code","Somerset","Girls","Boys/Girls/All","86","7","","Local Authority"
"Percentage achieving at least the expected standard in all ELGs","2019","Year","Black","White/Black/Asian/Mixed/Chinese/All","E10000027","ONS geography code","Somerset","Boys","Boys/Girls/All","44","9","","Local Authority"
"Percentage achieving at least the expected standard in all ELGs","2019","Year","Black","White/Black/Asian/Mixed/Chinese/All","E10000027","ONS geography code","Somerset","All","Boys/Girls/All","63","16","","Local Authority"
"Percentage achieving at least the expected standard in all ELGs","2019","Year","Chinese","White/Black/Asian/Mixed/Chinese/All","E10000027","ONS geography code","Somerset","Girls","Boys/Girls/All","?","3","","Local Authority"
"Percentage achieving at least the expected standard in all ELGs","2019","Year","Chinese","White/Black/Asian/Mixed/Chinese/All","E10000027","ONS geography code","Somerset","Boys","Boys/Girls/All","67","6","","Local Authority"
"Percentage achieving at least the expected standard in all ELGs","2019","Year","Chinese","White/Black/Asian/Mixed/Chinese/All","E10000027","ONS geography code","Somerset","All","Boys/Girls/All","78","9","","Local Authority"
"Percentage achieving at least the expected standard in all ELGs","2019","Year","Mixed","White/Black/Asian/Mixed/Chinese/All","E10000027","ONS geography code","Somerset","Boys","Boys/Girls/All","66","71","","Local Authority"
"Percentage achieving at least the expected standard in all ELGs","2019","Year","Mixed","White/Black/Asian/Mixed/Chinese/All","E10000027","ONS geography code","Somerset","Girls","Boys/Girls/All","72","74","","Local Authority"
"Percentage achieving at least the expected standard in all ELGs","2019","Year","Mixed","White/Black/Asian/Mixed/Chinese/All","E10000027","ONS geography code","Somerset","All","Boys/Girls/All","69","145","","Local Authority"
"Percentage achieving at least the expected standard in all ELGs","2019","Year","White","White/Black/Asian/Mixed/Chinese/All","E10000027","ONS geography code","Somerset","Girls","Boys/Girls/All","79","2606","","Local Authority"
"Percentage achieving at least the expected standard in all ELGs","2019","Year","White","White/Black/Asian/Mixed/Chinese/All","E10000027","ONS geography code","Somerset","Boys","Boys/Girls/All","65","2700","","Local Authority"
"Percentage achieving at least the expected standard in all ELGs","2019","Year","White","White/Black/Asian/Mixed/Chinese/All","E10000027","ONS geography code","Somerset","All","Boys/Girls/All","72","5306","","Local Authority"
"Percentage achieving at least the expected standard in all ELGs","2019","Year","All","White/Black/Asian/Mixed/Chinese/All","E12000008","ONS geography code","South East","Girls","Boys/Girls/All","81","49843","","Regional"
"Percentage achieving at least the expected standard in all ELGs","2019","Year","All","White/Black/Asian/Mixed/Chinese/All","E12000008","ONS geography code","South East","Boys","Boys/Girls/All","68","52584","","Regional"
"Percentage achieving at least the expected standard in all ELGs","2019","Year","All","White/Black/Asian/Mixed/Chinese/All","E12000008","ONS geography code","South East","All","Boys/Girls/All","74","102427","","Regional"
"Percentage achieving at least the expected standard in all ELGs","2019","Year","Asian","White/Black/Asian/Mixed/Chinese/All","E12000008","ONS geography code","South East","Girls","Boys/Girls/All","80","3765","","Regional"
"Percentage achieving at least the expected standard in all ELGs","2019","Year","Asian","White/Black/Asian/Mixed/Chinese/All","E12000008","ONS geography code","South East","Boys","Boys/Girls/All","65","4008","","Regional"
"Percentage achieving at least the expected standard in all ELGs","2019","Year","Asian","White/Black/Asian/Mixed/Chinese/All","E12000008","ONS geography code","South East","All","Boys/Girls/All","72","7773","","Regional"
"Percentage achieving at least the expected standard in all ELGs","2019","Year","Black","White/Black/Asian/Mixed/Chinese/All","E12000008","ONS geography code","South East","Girls","Boys/Girls/All","78","1245","","Regional"
"Percentage achieving at least the expected standard in all ELGs","2019","Year","Black","White/Black/Asian/Mixed/Chinese/All","E12000008","ONS geography code","South East","Boys","Boys/Girls/All","60","1286","","Regional"
"Percentage achieving at least the expected standard in all ELGs","2019","Year","Black","White/Black/Asian/Mixed/Chinese/All","E12000008","ONS geography code","South East","All","Boys/Girls/All","69","2531","","Regional"
"Percentage achieving at least the expected standard in all ELGs","2019","Year","Chinese","White/Black/Asian/Mixed/Chinese/All","E12000008","ONS geography code","South East","Girls","Boys/Girls/All","82","189","","Regional"
"Percentage achieving at least the expected standard in all ELGs","2019","Year","Chinese","White/Black/Asian/Mixed/Chinese/All","E12000008","ONS geography code","South East","Boys","Boys/Girls/All","73","236","","Regional"
"Percentage achieving at least the expected standard in all ELGs","2019","Year","Chinese","White/Black/Asian/Mixed/Chinese/All","E12000008","ONS geography code","South East","All","Boys/Girls/All","77","425","","Regional"
"Percentage achieving at least the expected standard in all ELGs","2019","Year","Mixed","White/Black/Asian/Mixed/Chinese/All","E12000008","ONS geography code","South East","Girls","Boys/Girls/All","83","3190","","Regional"
"Percentage achieving at least the expected standard in all ELGs","2019","Year","Mixed","White/Black/Asian/Mixed/Chinese/All","E12000008","ONS geography code","South East","Boys","Boys/Girls/All","69","3280","","Regional"
"Percentage achieving at least the expected standard in all ELGs","2019","Year","Mixed","White/Black/Asian/Mixed/Chinese/All","E12000008","ONS geography code","South East","All","Boys/Girls/All","76","6470","","Regional"
"Percentage achieving at least the expected standard in all ELGs","2019","Year","White","White/Black/Asian/Mixed/Chinese/All","E12000008","ONS geography code","South East","Girls","Boys/Girls/All","81","39063","","Regional"
"Percentage achieving at least the expected standard in all ELGs","2019","Year","White","White/Black/Asian/Mixed/Chinese/All","E12000008","ONS geography code","South East","Boys","Boys/Girls/All","68","41243","","Regional"
"Percentage achieving at least the expected standard in all ELGs","2019","Year","White","White/Black/Asian/Mixed/Chinese/All","E12000008","ONS geography code","South East","All","Boys/Girls/All","75","80306","","Regional"
"Percentage achieving at least the expected standard in all ELGs","2019","Year","All","White/Black/Asian/Mixed/Chinese/All","E06000025","ONS geography code","South Gloucestershire","Girls","Boys/Girls/All","82","1661","","Local Authority"
"Percentage achieving at least the expected standard in all ELGs","2019","Year","All","White/Black/Asian/Mixed/Chinese/All","E06000025","ONS geography code","South Gloucestershire","Boys","Boys/Girls/All","70","1705","","Local Authority"
"Percentage achieving at least the expected standard in all ELGs","2019","Year","All","White/Black/Asian/Mixed/Chinese/All","E06000025","ONS geography code","South Gloucestershire","All","Boys/Girls/All","76","3366","","Local Authority"
"Percentage achieving at least the expected standard in all ELGs","2019","Year","Asian","White/Black/Asian/Mixed/Chinese/All","E06000025","ONS geography code","South Gloucestershire","Girls","Boys/Girls/All","78","65","","Local Authority"
"Percentage achieving at least the expected standard in all ELGs","2019","Year","Asian","White/Black/Asian/Mixed/Chinese/All","E06000025","ONS geography code","South Gloucestershire","Boys","Boys/Girls/All","72","75","","Local Authority"
"Percentage achieving at least the expected standard in all ELGs","2019","Year","Asian","White/Black/Asian/Mixed/Chinese/All","E06000025","ONS geography code","South Gloucestershire","All","Boys/Girls/All","75","140","","Local Authority"
"Percentage achieving at least the expected standard in all ELGs","2019","Year","Black","White/Black/Asian/Mixed/Chinese/All","E06000025","ONS geography code","South Gloucestershire","Girls","Boys/Girls/All","95","20","","Local Authority"
"Percentage achieving at least the expected standard in all ELGs","2019","Year","Black","White/Black/Asian/Mixed/Chinese/All","E06000025","ONS geography code","South Gloucestershire","Boys","Boys/Girls/All","50","20","","Local Authority"
"Percentage achieving at least the expected standard in all ELGs","2019","Year","Black","White/Black/Asian/Mixed/Chinese/All","E06000025","ONS geography code","South Gloucestershire","All","Boys/Girls/All","73","40","","Local Authority"
"Percentage achieving at least the expected standard in all ELGs","2019","Year","Chinese","White/Black/Asian/Mixed/Chinese/All","E06000025","ONS geography code","South Gloucestershire","Boys","Boys/Girls/All","67","9","","Local Authority"
"Percentage achieving at least the expected standard in all ELGs","2019","Year","Chinese","White/Black/Asian/Mixed/Chinese/All","E06000025","ONS geography code","South Gloucestershire","Girls","Boys/Girls/All","100","10","","Local Authority"
"Percentage achieving at least the expected standard in all ELGs","2019","Year","Chinese","White/Black/Asian/Mixed/Chinese/All","E06000025","ONS geography code","South Gloucestershire","All","Boys/Girls/All","84","19","","Local Authority"
"Percentage achieving at least the expected standard in all ELGs","2019","Year","Mixed","White/Black/Asian/Mixed/Chinese/All","E06000025","ONS geography code","South Gloucestershire","Boys","Boys/Girls/All","62","90","","Local Authority"
"Percentage achieving at least the expected standard in all ELGs","2019","Year","Mixed","White/Black/Asian/Mixed/Chinese/All","E06000025","ONS geography code","South Gloucestershire","Girls","Boys/Girls/All","83","96","","Local Authority"
"Percentage achieving at least the expected standard in all ELGs","2019","Year","Mixed","White/Black/Asian/Mixed/Chinese/All","E06000025","ONS geography code","South Gloucestershire","All","Boys/Girls/All","73","186","","Local Authority"
"Percentage achieving at least the expected standard in all ELGs","2019","Year","White","White/Black/Asian/Mixed/Chinese/All","E06000025","ONS geography code","South Gloucestershire","Girls","Boys/Girls/All","83","1431","","Local Authority"
"Percentage achieving at least the expected standard in all ELGs","2019","Year","White","White/Black/Asian/Mixed/Chinese/All","E06000025","ONS geography code","South Gloucestershire","Boys","Boys/Girls/All","71","1468","","Local Authority"
"Percentage achieving at least the expected standard in all ELGs","2019","Year","White","White/Black/Asian/Mixed/Chinese/All","E06000025","ONS geography code","South Gloucestershire","All","Boys/Girls/All","77","2899","","Local Authority"
"Percentage achieving at least the expected standard in all ELGs","2019","Year","All","White/Black/Asian/Mixed/Chinese/All","E08000023","ONS geography code","South Tyneside","Girls","Boys/Girls/All","81","773","","Local Authority"
"Percentage achieving at least the expected standard in all ELGs","2019","Year","All","White/Black/Asian/Mixed/Chinese/All","E08000023","ONS geography code","South Tyneside","Boys","Boys/Girls/All","65","883","","Local Authority"
"Percentage achieving at least the expected standard in all ELGs","2019","Year","All","White/Black/Asian/Mixed/Chinese/All","E08000023","ONS geography code","South Tyneside","All","Boys/Girls/All","72","1656","","Local Authority"
"Percentage achieving at least the expected standard in all ELGs","2019","Year","Asian","White/Black/Asian/Mixed/Chinese/All","E08000023","ONS geography code","South Tyneside","Girls","Boys/Girls/All","75","20","","Local Authority"
"Percentage achieving at least the expected standard in all ELGs","2019","Year","Asian","White/Black/Asian/Mixed/Chinese/All","E08000023","ONS geography code","South Tyneside","Boys","Boys/Girls/All","54","26","","Local Authority"
"Percentage achieving at least the expected standard in all ELGs","2019","Year","Asian","White/Black/Asian/Mixed/Chinese/All","E08000023","ONS geography code","South Tyneside","All","Boys/Girls/All","63","46","","Local Authority"
"Percentage achieving at least the expected standard in all ELGs","2019","Year","Black","White/Black/Asian/Mixed/Chinese/All","E08000023","ONS geography code","South Tyneside","Girls","Boys/Girls/All","67","6","","Local Authority"
"Percentage achieving at least the expected standard in all ELGs","2019","Year","Black","White/Black/Asian/Mixed/Chinese/All","E08000023","ONS geography code","South Tyneside","Boys","Boys/Girls/All","17","6","","Local Authority"
"Percentage achieving at least the expected standard in all ELGs","2019","Year","Black","White/Black/Asian/Mixed/Chinese/All","E08000023","ONS geography code","South Tyneside","All","Boys/Girls/All","42","12","","Local Authority"
"Percentage achieving at least the expected standard in all ELGs","2019","Year","Chinese","White/Black/Asian/Mixed/Chinese/All","E08000023","ONS geography code","South Tyneside","Girls","Boys/Girls/All","?","2","","Local Authority"
"Percentage achieving at least the expected standard in all ELGs","2019","Year","Chinese","White/Black/Asian/Mixed/Chinese/All","E08000023","ONS geography code","South Tyneside","Boys","Boys/Girls/All","?","3","","Local Authority"
"Percentage achieving at least the expected standard in all ELGs","2019","Year","Chinese","White/Black/Asian/Mixed/Chinese/All","E08000023","ONS geography code","South Tyneside","All","Boys/Girls/All","60","5","","Local Authority"
"Percentage achieving at least the expected standard in all ELGs","2019","Year","Mixed","White/Black/Asian/Mixed/Chinese/All","E08000023","ONS geography code","South Tyneside","Girls","Boys/Girls/All","71","17","","Local Authority"
"Percentage achieving at least the expected standard in all ELGs","2019","Year","Mixed","White/Black/Asian/Mixed/Chinese/All","E08000023","ONS geography code","South Tyneside","Boys","Boys/Girls/All","67","33","","Local Authority"
"Percentage achieving at least the expected standard in all ELGs","2019","Year","Mixed","White/Black/Asian/Mixed/Chinese/All","E08000023","ONS geography code","South Tyneside","All","Boys/Girls/All","68","50","","Local Authority"
"Percentage achieving at least the expected standard in all ELGs","2019","Year","White","White/Black/Asian/Mixed/Chinese/All","E08000023","ONS geography code","South Tyneside","Girls","Boys/Girls/All","81","707","","Local Authority"
"Percentage achieving at least the expected standard in all ELGs","2019","Year","White","White/Black/Asian/Mixed/Chinese/All","E08000023","ONS geography code","South Tyneside","Boys","Boys/Girls/All","66","795","","Local Authority"
"Percentage achieving at least the expected standard in all ELGs","2019","Year","White","White/Black/Asian/Mixed/Chinese/All","E08000023","ONS geography code","South Tyneside","All","Boys/Girls/All","73","1502","","Local Authority"
"Percentage achieving at least the expected standard in all ELGs","2019","Year","All","White/Black/Asian/Mixed/Chinese/All","E12000009","ONS geography code","South West","Girls","Boys/Girls/All","78","28939","","Regional"
"Percentage achieving at least the expected standard in all ELGs","2019","Year","All","White/Black/Asian/Mixed/Chinese/All","E12000009","ONS geography code","South West","Boys","Boys/Girls/All","65","30116","","Regional"
"Percentage achieving at least the expected standard in all ELGs","2019","Year","All","White/Black/Asian/Mixed/Chinese/All","E12000009","ONS geography code","South West","All","Boys/Girls/All","71","59055","","Regional"
"Percentage achieving at least the expected standard in all ELGs","2019","Year","Asian","White/Black/Asian/Mixed/Chinese/All","E12000009","ONS geography code","South West","Girls","Boys/Girls/All","77","754","","Regional"
"Percentage achieving at least the expected standard in all ELGs","2019","Year","Asian","White/Black/Asian/Mixed/Chinese/All","E12000009","ONS geography code","South West","Boys","Boys/Girls/All","60","782","","Regional"
"Percentage achieving at least the expected standard in all ELGs","2019","Year","Asian","White/Black/Asian/Mixed/Chinese/All","E12000009","ONS geography code","South West","All","Boys/Girls/All","68","1536","","Regional"
"Percentage achieving at least the expected standard in all ELGs","2019","Year","Black","White/Black/Asian/Mixed/Chinese/All","E12000009","ONS geography code","South West","Boys","Boys/Girls/All","54","467","","Regional"
"Percentage achieving at least the expected standard in all ELGs","2019","Year","Black","White/Black/Asian/Mixed/Chinese/All","E12000009","ONS geography code","South West","Girls","Boys/Girls/All","72","503","","Regional"
"Percentage achieving at least the expected standard in all ELGs","2019","Year","Black","White/Black/Asian/Mixed/Chinese/All","E12000009","ONS geography code","South West","All","Boys/Girls/All","63","970","","Regional"
"Percentage achieving at least the expected standard in all ELGs","2019","Year","Chinese","White/Black/Asian/Mixed/Chinese/All","E12000009","ONS geography code","South West","Girls","Boys/Girls/All","79","78","","Regional"
"Percentage achieving at least the expected standard in all ELGs","2019","Year","Chinese","White/Black/Asian/Mixed/Chinese/All","E12000009","ONS geography code","South West","Boys","Boys/Girls/All","63","84","","Regional"
"Percentage achieving at least the expected standard in all ELGs","2019","Year","Chinese","White/Black/Asian/Mixed/Chinese/All","E12000009","ONS geography code","South West","All","Boys/Girls/All","71","162","","Regional"
"Percentage achieving at least the expected standard in all ELGs","2019","Year","Mixed","White/Black/Asian/Mixed/Chinese/All","E12000009","ONS geography code","South West","Girls","Boys/Girls/All","78","1225","","Regional"
"Percentage achieving at least the expected standard in all ELGs","2019","Year","Mixed","White/Black/Asian/Mixed/Chinese/All","E12000009","ONS geography code","South West","Boys","Boys/Girls/All","65","1287","","Regional"
"Percentage achieving at least the expected standard in all ELGs","2019","Year","Mixed","White/Black/Asian/Mixed/Chinese/All","E12000009","ONS geography code","South West","All","Boys/Girls/All","71","2512","","Regional"
"Percentage achieving at least the expected standard in all ELGs","2019","Year","White","White/Black/Asian/Mixed/Chinese/All","E12000009","ONS geography code","South West","Girls","Boys/Girls/All","79","25170","","Regional"
"Percentage achieving at least the expected standard in all ELGs","2019","Year","White","White/Black/Asian/Mixed/Chinese/All","E12000009","ONS geography code","South West","Boys","Boys/Girls/All","66","26302","","Regional"
"Percentage achieving at least the expected standard in all ELGs","2019","Year","White","White/Black/Asian/Mixed/Chinese/All","E12000009","ONS geography code","South West","All","Boys/Girls/All","72","51472","","Regional"
"Percentage achieving at least the expected standard in all ELGs","2019","Year","All","White/Black/Asian/Mixed/Chinese/All","E06000045","ONS geography code","Southampton","Girls","Boys/Girls/All","79","1367","","Local Authority"
"Percentage achieving at least the expected standard in all ELGs","2019","Year","All","White/Black/Asian/Mixed/Chinese/All","E06000045","ONS geography code","Southampton","Boys","Boys/Girls/All","62","1558","","Local Authority"
"Percentage achieving at least the expected standard in all ELGs","2019","Year","All","White/Black/Asian/Mixed/Chinese/All","E06000045","ONS geography code","Southampton","All","Boys/Girls/All","70","2925","","Local Authority"
"Percentage achieving at least the expected standard in all ELGs","2019","Year","Asian","White/Black/Asian/Mixed/Chinese/All","E06000045","ONS geography code","Southampton","Girls","Boys/Girls/All","77","166","","Local Authority"
"Percentage achieving at least the expected standard in all ELGs","2019","Year","Asian","White/Black/Asian/Mixed/Chinese/All","E06000045","ONS geography code","Southampton","Boys","Boys/Girls/All","63","184","","Local Authority"
"Percentage achieving at least the expected standard in all ELGs","2019","Year","Asian","White/Black/Asian/Mixed/Chinese/All","E06000045","ONS geography code","Southampton","All","Boys/Girls/All","69","350","","Local Authority"
"Percentage achieving at least the expected standard in all ELGs","2019","Year","Black","White/Black/Asian/Mixed/Chinese/All","E06000045","ONS geography code","Southampton","Girls","Boys/Girls/All","91","44","","Local Authority"
"Percentage achieving at least the expected standard in all ELGs","2019","Year","Black","White/Black/Asian/Mixed/Chinese/All","E06000045","ONS geography code","Southampton","Boys","Boys/Girls/All","59","49","","Local Authority"
"Percentage achieving at least the expected standard in all ELGs","2019","Year","Black","White/Black/Asian/Mixed/Chinese/All","E06000045","ONS geography code","Southampton","All","Boys/Girls/All","74","93","","Local Authority"
"Percentage achieving at least the expected standard in all ELGs","2019","Year","Chinese","White/Black/Asian/Mixed/Chinese/All","E06000045","ONS geography code","Southampton","Girls","Boys/Girls/All","89","9","","Local Authority"
"Percentage achieving at least the expected standard in all ELGs","2019","Year","Chinese","White/Black/Asian/Mixed/Chinese/All","E06000045","ONS geography code","Southampton","Boys","Boys/Girls/All","75","12","","Local Authority"
"Percentage achieving at least the expected standard in all ELGs","2019","Year","Chinese","White/Black/Asian/Mixed/Chinese/All","E06000045","ONS geography code","Southampton","All","Boys/Girls/All","81","21","","Local Authority"
"Percentage achieving at least the expected standard in all ELGs","2019","Year","Mixed","White/Black/Asian/Mixed/Chinese/All","E06000045","ONS geography code","Southampton","Girls","Boys/Girls/All","85","110","","Local Authority"
"Percentage achieving at least the expected standard in all ELGs","2019","Year","Mixed","White/Black/Asian/Mixed/Chinese/All","E06000045","ONS geography code","Southampton","Boys","Boys/Girls/All","63","112","","Local Authority"
"Percentage achieving at least the expected standard in all ELGs","2019","Year","Mixed","White/Black/Asian/Mixed/Chinese/All","E06000045","ONS geography code","Southampton","All","Boys/Girls/All","74","222","","Local Authority"
"Percentage achieving at least the expected standard in all ELGs","2019","Year","White","White/Black/Asian/Mixed/Chinese/All","E06000045","ONS geography code","Southampton","Girls","Boys/Girls/All","79","994","","Local Authority"
"Percentage achieving at least the expected standard in all ELGs","2019","Year","White","White/Black/Asian/Mixed/Chinese/All","E06000045","ONS geography code","Southampton","Boys","Boys/Girls/All","63","1149","","Local Authority"
"Percentage achieving at least the expected standard in all ELGs","2019","Year","White","White/Black/Asian/Mixed/Chinese/All","E06000045","ONS geography code","Southampton","All","Boys/Girls/All","70","2143","","Local Authority"
"Percentage achieving at least the expected standard in all ELGs","2019","Year","All","White/Black/Asian/Mixed/Chinese/All","E06000033","ONS geography code","Southend-on-Sea","Girls","Boys/Girls/All","79","1055","","Local Authority"
"Percentage achieving at least the expected standard in all ELGs","2019","Year","All","White/Black/Asian/Mixed/Chinese/All","E06000033","ONS geography code","Southend-on-Sea","Boys","Boys/Girls/All","68","1122","","Local Authority"
"Percentage achieving at least the expected standard in all ELGs","2019","Year","All","White/Black/Asian/Mixed/Chinese/All","E06000033","ONS geography code","Southend-on-Sea","All","Boys/Girls/All","73","2177","","Local Authority"
"Percentage achieving at least the expected standard in all ELGs","2019","Year","Asian","White/Black/Asian/Mixed/Chinese/All","E06000033","ONS geography code","Southend-on-Sea","Girls","Boys/Girls/All","74","58","","Local Authority"
"Percentage achieving at least the expected standard in all ELGs","2019","Year","Asian","White/Black/Asian/Mixed/Chinese/All","E06000033","ONS geography code","Southend-on-Sea","Boys","Boys/Girls/All","56","62","","Local Authority"
"Percentage achieving at least the expected standard in all ELGs","2019","Year","Asian","White/Black/Asian/Mixed/Chinese/All","E06000033","ONS geography code","Southend-on-Sea","All","Boys/Girls/All","65","120","","Local Authority"
"Percentage achieving at least the expected standard in all ELGs","2019","Year","Black","White/Black/Asian/Mixed/Chinese/All","E06000033","ONS geography code","Southend-on-Sea","Girls","Boys/Girls/All","77","26","","Local Authority"
"Percentage achieving at least the expected standard in all ELGs","2019","Year","Black","White/Black/Asian/Mixed/Chinese/All","E06000033","ONS geography code","Southend-on-Sea","Boys","Boys/Girls/All","59","34","","Local Authority"
"Percentage achieving at least the expected standard in all ELGs","2019","Year","Black","White/Black/Asian/Mixed/Chinese/All","E06000033","ONS geography code","Southend-on-Sea","All","Boys/Girls/All","67","60","","Local Authority"
"Percentage achieving at least the expected standard in all ELGs","2019","Year","Chinese","White/Black/Asian/Mixed/Chinese/All","E06000033","ONS geography code","Southend-on-Sea","Boys","Boys/Girls/All","80","5","","Local Authority"
"Percentage achieving at least the expected standard in all ELGs","2019","Year","Chinese","White/Black/Asian/Mixed/Chinese/All","E06000033","ONS geography code","Southend-on-Sea","Girls","Boys/Girls/All","100","8","","Local Authority"
"Percentage achieving at least the expected standard in all ELGs","2019","Year","Chinese","White/Black/Asian/Mixed/Chinese/All","E06000033","ONS geography code","Southend-on-Sea","All","Boys/Girls/All","92","13","","Local Authority"
"Percentage achieving at least the expected standard in all ELGs","2019","Year","Mixed","White/Black/Asian/Mixed/Chinese/All","E06000033","ONS geography code","Southend-on-Sea","Girls","Boys/Girls/All","77","82","","Local Authority"
"Percentage achieving at least the expected standard in all ELGs","2019","Year","Mixed","White/Black/Asian/Mixed/Chinese/All","E06000033","ONS geography code","Southend-on-Sea","Boys","Boys/Girls/All","74","84","","Local Authority"
"Percentage achieving at least the expected standard in all ELGs","2019","Year","Mixed","White/Black/Asian/Mixed/Chinese/All","E06000033","ONS geography code","Southend-on-Sea","All","Boys/Girls/All","75","166","","Local Authority"
"Percentage achieving at least the expected standard in all ELGs","2019","Year","White","White/Black/Asian/Mixed/Chinese/All","E06000033","ONS geography code","Southend-on-Sea","Girls","Boys/Girls/All","80","827","","Local Authority"
"Percentage achieving at least the expected standard in all ELGs","2019","Year","White","White/Black/Asian/Mixed/Chinese/All","E06000033","ONS geography code","Southend-on-Sea","Boys","Boys/Girls/All","69","882","","Local Authority"
"Percentage achieving at least the expected standard in all ELGs","2019","Year","White","White/Black/Asian/Mixed/Chinese/All","E06000033","ONS geography code","Southend-on-Sea","All","Boys/Girls/All","75","1709","","Local Authority"
"Percentage achieving at least the expected standard in all ELGs","2019","Year","All","White/Black/Asian/Mixed/Chinese/All","E09000028","ONS geography code","Southwark","Girls","Boys/Girls/All","80","1618","","Local Authority"
"Percentage achieving at least the expected standard in all ELGs","2019","Year","All","White/Black/Asian/Mixed/Chinese/All","E09000028","ONS geography code","Southwark","Boys","Boys/Girls/All","67","1734","","Local Authority"
"Percentage achieving at least the expected standard in all ELGs","2019","Year","All","White/Black/Asian/Mixed/Chinese/All","E09000028","ONS geography code","Southwark","All","Boys/Girls/All","73","3352","","Local Authority"
"Percentage achieving at least the expected standard in all ELGs","2019","Year","Asian","White/Black/Asian/Mixed/Chinese/All","E09000028","ONS geography code","Southwark","Girls","Boys/Girls/All","88","65","","Local Authority"
"Percentage achieving at least the expected standard in all ELGs","2019","Year","Asian","White/Black/Asian/Mixed/Chinese/All","E09000028","ONS geography code","Southwark","Boys","Boys/Girls/All","57","82","","Local Authority"
"Percentage achieving at least the expected standard in all ELGs","2019","Year","Asian","White/Black/Asian/Mixed/Chinese/All","E09000028","ONS geography code","Southwark","All","Boys/Girls/All","71","147","","Local Authority"
"Percentage achieving at least the expected standard in all ELGs","2019","Year","Black","White/Black/Asian/Mixed/Chinese/All","E09000028","ONS geography code","Southwark","Girls","Boys/Girls/All","79","559","","Local Authority"
"Percentage achieving at least the expected standard in all ELGs","2019","Year","Black","White/Black/Asian/Mixed/Chinese/All","E09000028","ONS geography code","Southwark","Boys","Boys/Girls/All","61","641","","Local Authority"
"Percentage achieving at least the expected standard in all ELGs","2019","Year","Black","White/Black/Asian/Mixed/Chinese/All","E09000028","ONS geography code","Southwark","All","Boys/Girls/All","70","1200","","Local Authority"
"Percentage achieving at least the expected standard in all ELGs","2019","Year","Chinese","White/Black/Asian/Mixed/Chinese/All","E09000028","ONS geography code","Southwark","Boys","Boys/Girls/All","83","23","","Local Authority"
"Percentage achieving at least the expected standard in all ELGs","2019","Year","Chinese","White/Black/Asian/Mixed/Chinese/All","E09000028","ONS geography code","Southwark","Girls","Boys/Girls/All","71","24","","Local Authority"
"Percentage achieving at least the expected standard in all ELGs","2019","Year","Chinese","White/Black/Asian/Mixed/Chinese/All","E09000028","ONS geography code","Southwark","All","Boys/Girls/All","77","47","","Local Authority"
"Percentage achieving at least the expected standard in all ELGs","2019","Year","Mixed","White/Black/Asian/Mixed/Chinese/All","E09000028","ONS geography code","Southwark","Girls","Boys/Girls/All","83","202","","Local Authority"
"Percentage achieving at least the expected standard in all ELGs","2019","Year","Mixed","White/Black/Asian/Mixed/Chinese/All","E09000028","ONS geography code","Southwark","Boys","Boys/Girls/All","74","226","","Local Authority"
"Percentage achieving at least the expected standard in all ELGs","2019","Year","Mixed","White/Black/Asian/Mixed/Chinese/All","E09000028","ONS geography code","Southwark","All","Boys/Girls/All","78","428","","Local Authority"
"Percentage achieving at least the expected standard in all ELGs","2019","Year","White","White/Black/Asian/Mixed/Chinese/All","E09000028","ONS geography code","Southwark","Boys","Boys/Girls/All","72","512","","Local Authority"
"Percentage achieving at least the expected standard in all ELGs","2019","Year","White","White/Black/Asian/Mixed/Chinese/All","E09000028","ONS geography code","Southwark","Girls","Boys/Girls/All","85","526","","Local Authority"
"Percentage achieving at least the expected standard in all ELGs","2019","Year","White","White/Black/Asian/Mixed/Chinese/All","E09000028","ONS geography code","Southwark","All","Boys/Girls/All","79","1038","","Local Authority"
"Percentage achieving at least the expected standard in all ELGs","2019","Year","All","White/Black/Asian/Mixed/Chinese/All","E08000013","ONS geography code","St. Helens","Girls","Boys/Girls/All","76","1012","","Local Authority"
"Percentage achieving at least the expected standard in all ELGs","2019","Year","All","White/Black/Asian/Mixed/Chinese/All","E08000013","ONS geography code","St. Helens","Boys","Boys/Girls/All","61","1039","","Local Authority"
"Percentage achieving at least the expected standard in all ELGs","2019","Year","All","White/Black/Asian/Mixed/Chinese/All","E08000013","ONS geography code","St. Helens","All","Boys/Girls/All","68","2051","","Local Authority"
"Percentage achieving at least the expected standard in all ELGs","2019","Year","Asian","White/Black/Asian/Mixed/Chinese/All","E08000013","ONS geography code","St. Helens","Girls","Boys/Girls/All","40","10","","Local Authority"
"Percentage achieving at least the expected standard in all ELGs","2019","Year","Asian","White/Black/Asian/Mixed/Chinese/All","E08000013","ONS geography code","St. Helens","Boys","Boys/Girls/All","56","16","","Local Authority"
"Percentage achieving at least the expected standard in all ELGs","2019","Year","Asian","White/Black/Asian/Mixed/Chinese/All","E08000013","ONS geography code","St. Helens","All","Boys/Girls/All","50","26","","Local Authority"
"Percentage achieving at least the expected standard in all ELGs","2019","Year","Black","White/Black/Asian/Mixed/Chinese/All","E08000013","ONS geography code","St. Helens","Girls","Boys/Girls/All","57","7","","Local Authority"
"Percentage achieving at least the expected standard in all ELGs","2019","Year","Black","White/Black/Asian/Mixed/Chinese/All","E08000013","ONS geography code","St. Helens","Boys","Boys/Girls/All","75","8","","Local Authority"
"Percentage achieving at least the expected standard in all ELGs","2019","Year","Black","White/Black/Asian/Mixed/Chinese/All","E08000013","ONS geography code","St. Helens","All","Boys/Girls/All","67","15","","Local Authority"
"Percentage achieving at least the expected standard in all ELGs","2019","Year","Chinese","White/Black/Asian/Mixed/Chinese/All","E08000013","ONS geography code","St. Helens","Boys","Boys/Girls/All","?","1","","Local Authority"
"Percentage achieving at least the expected standard in all ELGs","2019","Year","Chinese","White/Black/Asian/Mixed/Chinese/All","E08000013","ONS geography code","St. Helens","Girls","Boys/Girls/All","?","2","","Local Authority"
"Percentage achieving at least the expected standard in all ELGs","2019","Year","Chinese","White/Black/Asian/Mixed/Chinese/All","E08000013","ONS geography code","St. Helens","All","Boys/Girls/All","?","3","","Local Authority"
"Percentage achieving at least the expected standard in all ELGs","2019","Year","Mixed","White/Black/Asian/Mixed/Chinese/All","E08000013","ONS geography code","St. Helens","Girls","Boys/Girls/All","67","15","","Local Authority"
"Percentage achieving at least the expected standard in all ELGs","2019","Year","Mixed","White/Black/Asian/Mixed/Chinese/All","E08000013","ONS geography code","St. Helens","Boys","Boys/Girls/All","71","21","","Local Authority"
"Percentage achieving at least the expected standard in all ELGs","2019","Year","Mixed","White/Black/Asian/Mixed/Chinese/All","E08000013","ONS geography code","St. Helens","All","Boys/Girls/All","69","36","","Local Authority"
"Percentage achieving at least the expected standard in all ELGs","2019","Year","White","White/Black/Asian/Mixed/Chinese/All","E08000013","ONS geography code","St. Helens","Girls","Boys/Girls/All","77","959","","Local Authority"
"Percentage achieving at least the expected standard in all ELGs","2019","Year","White","White/Black/Asian/Mixed/Chinese/All","E08000013","ONS geography code","St. Helens","Boys","Boys/Girls/All","61","983","","Local Authority"
"Percentage achieving at least the expected standard in all ELGs","2019","Year","White","White/Black/Asian/Mixed/Chinese/All","E08000013","ONS geography code","St. Helens","All","Boys/Girls/All","69","1942","","Local Authority"
"Percentage achieving at least the expected standard in all ELGs","2019","Year","All","White/Black/Asian/Mixed/Chinese/All","E10000028","ONS geography code","Staffordshire","Girls","Boys/Girls/All","80","4672","","Local Authority"
"Percentage achieving at least the expected standard in all ELGs","2019","Year","All","White/Black/Asian/Mixed/Chinese/All","E10000028","ONS geography code","Staffordshire","Boys","Boys/Girls/All","67","4758","","Local Authority"
"Percentage achieving at least the expected standard in all ELGs","2019","Year","All","White/Black/Asian/Mixed/Chinese/All","E10000028","ONS geography code","Staffordshire","All","Boys/Girls/All","73","9430","","Local Authority"
"Percentage achieving at least the expected standard in all ELGs","2019","Year","Asian","White/Black/Asian/Mixed/Chinese/All","E10000028","ONS geography code","Staffordshire","Girls","Boys/Girls/All","76","177","","Local Authority"
"Percentage achieving at least the expected standard in all ELGs","2019","Year","Asian","White/Black/Asian/Mixed/Chinese/All","E10000028","ONS geography code","Staffordshire","Boys","Boys/Girls/All","61","207","","Local Authority"
"Percentage achieving at least the expected standard in all ELGs","2019","Year","Asian","White/Black/Asian/Mixed/Chinese/All","E10000028","ONS geography code","Staffordshire","All","Boys/Girls/All","68","384","","Local Authority"
"Percentage achieving at least the expected standard in all ELGs","2019","Year","Black","White/Black/Asian/Mixed/Chinese/All","E10000028","ONS geography code","Staffordshire","Girls","Boys/Girls/All","73","26","","Local Authority"
"Percentage achieving at least the expected standard in all ELGs","2019","Year","Black","White/Black/Asian/Mixed/Chinese/All","E10000028","ONS geography code","Staffordshire","Boys","Boys/Girls/All","59","27","","Local Authority"
"Percentage achieving at least the expected standard in all ELGs","2019","Year","Black","White/Black/Asian/Mixed/Chinese/All","E10000028","ONS geography code","Staffordshire","All","Boys/Girls/All","66","53","","Local Authority"
"Percentage achieving at least the expected standard in all ELGs","2019","Year","Chinese","White/Black/Asian/Mixed/Chinese/All","E10000028","ONS geography code","Staffordshire","Girls","Boys/Girls/All","79","14","","Local Authority"
"Percentage achieving at least the expected standard in all ELGs","2019","Year","Chinese","White/Black/Asian/Mixed/Chinese/All","E10000028","ONS geography code","Staffordshire","Boys","Boys/Girls/All","71","17","","Local Authority"
"Percentage achieving at least the expected standard in all ELGs","2019","Year","Chinese","White/Black/Asian/Mixed/Chinese/All","E10000028","ONS geography code","Staffordshire","All","Boys/Girls/All","74","31","","Local Authority"
"Percentage achieving at least the expected standard in all ELGs","2019","Year","Mixed","White/Black/Asian/Mixed/Chinese/All","E10000028","ONS geography code","Staffordshire","Girls","Boys/Girls/All","78","188","","Local Authority"
"Percentage achieving at least the expected standard in all ELGs","2019","Year","Mixed","White/Black/Asian/Mixed/Chinese/All","E10000028","ONS geography code","Staffordshire","Boys","Boys/Girls/All","69","204","","Local Authority"
"Percentage achieving at least the expected standard in all ELGs","2019","Year","Mixed","White/Black/Asian/Mixed/Chinese/All","E10000028","ONS geography code","Staffordshire","All","Boys/Girls/All","73","392","","Local Authority"
"Percentage achieving at least the expected standard in all ELGs","2019","Year","White","White/Black/Asian/Mixed/Chinese/All","E10000028","ONS geography code","Staffordshire","Girls","Boys/Girls/All","81","4141","","Local Authority"
"Percentage achieving at least the expected standard in all ELGs","2019","Year","White","White/Black/Asian/Mixed/Chinese/All","E10000028","ONS geography code","Staffordshire","Boys","Boys/Girls/All","67","4192","","Local Authority"
"Percentage achieving at least the expected standard in all ELGs","2019","Year","White","White/Black/Asian/Mixed/Chinese/All","E10000028","ONS geography code","Staffordshire","All","Boys/Girls/All","74","8333","","Local Authority"
"Percentage achieving at least the expected standard in all ELGs","2019","Year","All","White/Black/Asian/Mixed/Chinese/All","E08000007","ONS geography code","Stockport","Girls","Boys/Girls/All","75","1770","","Local Authority"
"Percentage achieving at least the expected standard in all ELGs","2019","Year","All","White/Black/Asian/Mixed/Chinese/All","E08000007","ONS geography code","Stockport","Boys","Boys/Girls/All","64","1844","","Local Authority"
"Percentage achieving at least the expected standard in all ELGs","2019","Year","All","White/Black/Asian/Mixed/Chinese/All","E08000007","ONS geography code","Stockport","All","Boys/Girls/All","69","3614","","Local Authority"
"Percentage achieving at least the expected standard in all ELGs","2019","Year","Asian","White/Black/Asian/Mixed/Chinese/All","E08000007","ONS geography code","Stockport","Girls","Boys/Girls/All","71","139","","Local Authority"
"Percentage achieving at least the expected standard in all ELGs","2019","Year","Asian","White/Black/Asian/Mixed/Chinese/All","E08000007","ONS geography code","Stockport","Boys","Boys/Girls/All","55","164","","Local Authority"
"Percentage achieving at least the expected standard in all ELGs","2019","Year","Asian","White/Black/Asian/Mixed/Chinese/All","E08000007","ONS geography code","Stockport","All","Boys/Girls/All","62","303","","Local Authority"
"Percentage achieving at least the expected standard in all ELGs","2019","Year","Black","White/Black/Asian/Mixed/Chinese/All","E08000007","ONS geography code","Stockport","Boys","Boys/Girls/All","40","20","","Local Authority"
"Percentage achieving at least the expected standard in all ELGs","2019","Year","Black","White/Black/Asian/Mixed/Chinese/All","E08000007","ONS geography code","Stockport","Girls","Boys/Girls/All","64","22","","Local Authority"
"Percentage achieving at least the expected standard in all ELGs","2019","Year","Black","White/Black/Asian/Mixed/Chinese/All","E08000007","ONS geography code","Stockport","All","Boys/Girls/All","52","42","","Local Authority"
"Percentage achieving at least the expected standard in all ELGs","2019","Year","Chinese","White/Black/Asian/Mixed/Chinese/All","E08000007","ONS geography code","Stockport","Girls","Boys/Girls/All","82","11","","Local Authority"
"Percentage achieving at least the expected standard in all ELGs","2019","Year","Chinese","White/Black/Asian/Mixed/Chinese/All","E08000007","ONS geography code","Stockport","Boys","Boys/Girls/All","42","12","","Local Authority"
"Percentage achieving at least the expected standard in all ELGs","2019","Year","Chinese","White/Black/Asian/Mixed/Chinese/All","E08000007","ONS geography code","Stockport","All","Boys/Girls/All","61","23","","Local Authority"
"Percentage achieving at least the expected standard in all ELGs","2019","Year","Mixed","White/Black/Asian/Mixed/Chinese/All","E08000007","ONS geography code","Stockport","Girls","Boys/Girls/All","70","91","","Local Authority"
"Percentage achieving at least the expected standard in all ELGs","2019","Year","Mixed","White/Black/Asian/Mixed/Chinese/All","E08000007","ONS geography code","Stockport","Boys","Boys/Girls/All","56","110","","Local Authority"
"Percentage achieving at least the expected standard in all ELGs","2019","Year","Mixed","White/Black/Asian/Mixed/Chinese/All","E08000007","ONS geography code","Stockport","All","Boys/Girls/All","63","201","","Local Authority"
"Percentage achieving at least the expected standard in all ELGs","2019","Year","White","White/Black/Asian/Mixed/Chinese/All","E08000007","ONS geography code","Stockport","Girls","Boys/Girls/All","76","1421","","Local Authority"
"Percentage achieving at least the expected standard in all ELGs","2019","Year","White","White/Black/Asian/Mixed/Chinese/All","E08000007","ONS geography code","Stockport","Boys","Boys/Girls/All","66","1448","","Local Authority"
"Percentage achieving at least the expected standard in all ELGs","2019","Year","White","White/Black/Asian/Mixed/Chinese/All","E08000007","ONS geography code","Stockport","All","Boys/Girls/All","71","2869","","Local Authority"
"Percentage achieving at least the expected standard in all ELGs","2019","Year","All","White/Black/Asian/Mixed/Chinese/All","E06000004","ONS geography code","Stockton-on-Tees","Girls","Boys/Girls/All","80","1151","","Local Authority"
"Percentage achieving at least the expected standard in all ELGs","2019","Year","All","White/Black/Asian/Mixed/Chinese/All","E06000004","ONS geography code","Stockton-on-Tees","Boys","Boys/Girls/All","67","1285","","Local Authority"
"Percentage achieving at least the expected standard in all ELGs","2019","Year","All","White/Black/Asian/Mixed/Chinese/All","E06000004","ONS geography code","Stockton-on-Tees","All","Boys/Girls/All","73","2436","","Local Authority"
"Percentage achieving at least the expected standard in all ELGs","2019","Year","Asian","White/Black/Asian/Mixed/Chinese/All","E06000004","ONS geography code","Stockton-on-Tees","Girls","Boys/Girls/All","75","64","","Local Authority"
"Percentage achieving at least the expected standard in all ELGs","2019","Year","Asian","White/Black/Asian/Mixed/Chinese/All","E06000004","ONS geography code","Stockton-on-Tees","Boys","Boys/Girls/All","54","74","","Local Authority"
"Percentage achieving at least the expected standard in all ELGs","2019","Year","Asian","White/Black/Asian/Mixed/Chinese/All","E06000004","ONS geography code","Stockton-on-Tees","All","Boys/Girls/All","64","138","","Local Authority"
"Percentage achieving at least the expected standard in all ELGs","2019","Year","Black","White/Black/Asian/Mixed/Chinese/All","E06000004","ONS geography code","Stockton-on-Tees","Girls","Boys/Girls/All","92","13","","Local Authority"
"Percentage achieving at least the expected standard in all ELGs","2019","Year","Black","White/Black/Asian/Mixed/Chinese/All","E06000004","ONS geography code","Stockton-on-Tees","Boys","Boys/Girls/All","61","18","","Local Authority"
"Percentage achieving at least the expected standard in all ELGs","2019","Year","Black","White/Black/Asian/Mixed/Chinese/All","E06000004","ONS geography code","Stockton-on-Tees","All","Boys/Girls/All","74","31","","Local Authority"
"Percentage achieving at least the expected standard in all ELGs","2019","Year","Chinese","White/Black/Asian/Mixed/Chinese/All","E06000004","ONS geography code","Stockton-on-Tees","Girls","Boys/Girls/All","?","4","","Local Authority"
"Percentage achieving at least the expected standard in all ELGs","2019","Year","Chinese","White/Black/Asian/Mixed/Chinese/All","E06000004","ONS geography code","Stockton-on-Tees","Boys","Boys/Girls/All","?","4","","Local Authority"
"Percentage achieving at least the expected standard in all ELGs","2019","Year","Chinese","White/Black/Asian/Mixed/Chinese/All","E06000004","ONS geography code","Stockton-on-Tees","All","Boys/Girls/All","63","8","","Local Authority"
"Percentage achieving at least the expected standard in all ELGs","2019","Year","Mixed","White/Black/Asian/Mixed/Chinese/All","E06000004","ONS geography code","Stockton-on-Tees","Boys","Boys/Girls/All","71","38","","Local Authority"
"Percentage achieving at least the expected standard in all ELGs","2019","Year","Mixed","White/Black/Asian/Mixed/Chinese/All","E06000004","ONS geography code","Stockton-on-Tees","Girls","Boys/Girls/All","73","40","","Local Authority"
"Percentage achieving at least the expected standard in all ELGs","2019","Year","Mixed","White/Black/Asian/Mixed/Chinese/All","E06000004","ONS geography code","Stockton-on-Tees","All","Boys/Girls/All","72","78","","Local Authority"
"Percentage achieving at least the expected standard in all ELGs","2019","Year","White","White/Black/Asian/Mixed/Chinese/All","E06000004","ONS geography code","Stockton-on-Tees","Girls","Boys/Girls/All","81","996","","Local Authority"
"Percentage achieving at least the expected standard in all ELGs","2019","Year","White","White/Black/Asian/Mixed/Chinese/All","E06000004","ONS geography code","Stockton-on-Tees","Boys","Boys/Girls/All","68","1123","","Local Authority"
"Percentage achieving at least the expected standard in all ELGs","2019","Year","White","White/Black/Asian/Mixed/Chinese/All","E06000004","ONS geography code","Stockton-on-Tees","All","Boys/Girls/All","74","2119","","Local Authority"
"Percentage achieving at least the expected standard in all ELGs","2019","Year","All","White/Black/Asian/Mixed/Chinese/All","E06000021","ONS geography code","Stoke-on-Trent","Boys","Boys/Girls/All","58","1668","","Local Authority"
"Percentage achieving at least the expected standard in all ELGs","2019","Year","All","White/Black/Asian/Mixed/Chinese/All","E06000021","ONS geography code","Stoke-on-Trent","Girls","Boys/Girls/All","73","1701","","Local Authority"
"Percentage achieving at least the expected standard in all ELGs","2019","Year","All","White/Black/Asian/Mixed/Chinese/All","E06000021","ONS geography code","Stoke-on-Trent","All","Boys/Girls/All","65","3369","","Local Authority"
"Percentage achieving at least the expected standard in all ELGs","2019","Year","Asian","White/Black/Asian/Mixed/Chinese/All","E06000021","ONS geography code","Stoke-on-Trent","Girls","Boys/Girls/All","71","272","","Local Authority"
"Percentage achieving at least the expected standard in all ELGs","2019","Year","Asian","White/Black/Asian/Mixed/Chinese/All","E06000021","ONS geography code","Stoke-on-Trent","Boys","Boys/Girls/All","52","292","","Local Authority"
"Percentage achieving at least the expected standard in all ELGs","2019","Year","Asian","White/Black/Asian/Mixed/Chinese/All","E06000021","ONS geography code","Stoke-on-Trent","All","Boys/Girls/All","61","564","","Local Authority"
"Percentage achieving at least the expected standard in all ELGs","2019","Year","Black","White/Black/Asian/Mixed/Chinese/All","E06000021","ONS geography code","Stoke-on-Trent","Boys","Boys/Girls/All","58","45","","Local Authority"
"Percentage achieving at least the expected standard in all ELGs","2019","Year","Black","White/Black/Asian/Mixed/Chinese/All","E06000021","ONS geography code","Stoke-on-Trent","Girls","Boys/Girls/All","71","56","","Local Authority"
"Percentage achieving at least the expected standard in all ELGs","2019","Year","Black","White/Black/Asian/Mixed/Chinese/All","E06000021","ONS geography code","Stoke-on-Trent","All","Boys/Girls/All","65","101","","Local Authority"
"Percentage achieving at least the expected standard in all ELGs","2019","Year","Chinese","White/Black/Asian/Mixed/Chinese/All","E06000021","ONS geography code","Stoke-on-Trent","Boys","Boys/Girls/All","20","5","","Local Authority"
"Percentage achieving at least the expected standard in all ELGs","2019","Year","Chinese","White/Black/Asian/Mixed/Chinese/All","E06000021","ONS geography code","Stoke-on-Trent","Girls","Boys/Girls/All","79","14","","Local Authority"
"Percentage achieving at least the expected standard in all ELGs","2019","Year","Chinese","White/Black/Asian/Mixed/Chinese/All","E06000021","ONS geography code","Stoke-on-Trent","All","Boys/Girls/All","63","19","","Local Authority"
"Percentage achieving at least the expected standard in all ELGs","2019","Year","Mixed","White/Black/Asian/Mixed/Chinese/All","E06000021","ONS geography code","Stoke-on-Trent","Girls","Boys/Girls/All","70","83","","Local Authority"
"Percentage achieving at least the expected standard in all ELGs","2019","Year","Mixed","White/Black/Asian/Mixed/Chinese/All","E06000021","ONS geography code","Stoke-on-Trent","Boys","Boys/Girls/All","57","102","","Local Authority"
"Percentage achieving at least the expected standard in all ELGs","2019","Year","Mixed","White/Black/Asian/Mixed/Chinese/All","E06000021","ONS geography code","Stoke-on-Trent","All","Boys/Girls/All","63","185","","Local Authority"
"Percentage achieving at least the expected standard in all ELGs","2019","Year","White","White/Black/Asian/Mixed/Chinese/All","E06000021","ONS geography code","Stoke-on-Trent","Boys","Boys/Girls/All","61","1163","","Local Authority"
"Percentage achieving at least the expected standard in all ELGs","2019","Year","White","White/Black/Asian/Mixed/Chinese/All","E06000021","ONS geography code","Stoke-on-Trent","Girls","Boys/Girls/All","75","1217","","Local Authority"
"Percentage achieving at least the expected standard in all ELGs","2019","Year","White","White/Black/Asian/Mixed/Chinese/All","E06000021","ONS geography code","Stoke-on-Trent","All","Boys/Girls/All","68","2380","","Local Authority"
"Percentage achieving at least the expected standard in all ELGs","2019","Year","All","White/Black/Asian/Mixed/Chinese/All","E10000029","ONS geography code","Suffolk","Girls","Boys/Girls/All","78","3853","","Local Authority"
"Percentage achieving at least the expected standard in all ELGs","2019","Year","All","White/Black/Asian/Mixed/Chinese/All","E10000029","ONS geography code","Suffolk","Boys","Boys/Girls/All","61","4047","","Local Authority"
"Percentage achieving at least the expected standard in all ELGs","2019","Year","All","White/Black/Asian/Mixed/Chinese/All","E10000029","ONS geography code","Suffolk","All","Boys/Girls/All","69","7900","","Local Authority"
"Percentage achieving at least the expected standard in all ELGs","2019","Year","Asian","White/Black/Asian/Mixed/Chinese/All","E10000029","ONS geography code","Suffolk","Boys","Boys/Girls/All","47","70","","Local Authority"
"Percentage achieving at least the expected standard in all ELGs","2019","Year","Asian","White/Black/Asian/Mixed/Chinese/All","E10000029","ONS geography code","Suffolk","Girls","Boys/Girls/All","82","71","","Local Authority"
"Percentage achieving at least the expected standard in all ELGs","2019","Year","Asian","White/Black/Asian/Mixed/Chinese/All","E10000029","ONS geography code","Suffolk","All","Boys/Girls/All","65","141","","Local Authority"
"Percentage achieving at least the expected standard in all ELGs","2019","Year","Black","White/Black/Asian/Mixed/Chinese/All","E10000029","ONS geography code","Suffolk","Girls","Boys/Girls/All","77","35","","Local Authority"
"Percentage achieving at least the expected standard in all ELGs","2019","Year","Black","White/Black/Asian/Mixed/Chinese/All","E10000029","ONS geography code","Suffolk","Boys","Boys/Girls/All","46","37","","Local Authority"
"Percentage achieving at least the expected standard in all ELGs","2019","Year","Black","White/Black/Asian/Mixed/Chinese/All","E10000029","ONS geography code","Suffolk","All","Boys/Girls/All","61","72","","Local Authority"
"Percentage achieving at least the expected standard in all ELGs","2019","Year","Chinese","White/Black/Asian/Mixed/Chinese/All","E10000029","ONS geography code","Suffolk","Girls","Boys/Girls/All","?","3","","Local Authority"
"Percentage achieving at least the expected standard in all ELGs","2019","Year","Chinese","White/Black/Asian/Mixed/Chinese/All","E10000029","ONS geography code","Suffolk","Boys","Boys/Girls/All","?","4","","Local Authority"
"Percentage achieving at least the expected standard in all ELGs","2019","Year","Chinese","White/Black/Asian/Mixed/Chinese/All","E10000029","ONS geography code","Suffolk","All","Boys/Girls/All","86","7","","Local Authority"
"Percentage achieving at least the expected standard in all ELGs","2019","Year","Mixed","White/Black/Asian/Mixed/Chinese/All","E10000029","ONS geography code","Suffolk","Girls","Boys/Girls/All","78","217","","Local Authority"
"Percentage achieving at least the expected standard in all ELGs","2019","Year","Mixed","White/Black/Asian/Mixed/Chinese/All","E10000029","ONS geography code","Suffolk","Boys","Boys/Girls/All","61","226","","Local Authority"
"Percentage achieving at least the expected standard in all ELGs","2019","Year","Mixed","White/Black/Asian/Mixed/Chinese/All","E10000029","ONS geography code","Suffolk","All","Boys/Girls/All","69","443","","Local Authority"
"Percentage achieving at least the expected standard in all ELGs","2019","Year","White","White/Black/Asian/Mixed/Chinese/All","E10000029","ONS geography code","Suffolk","Girls","Boys/Girls/All","79","3299","","Local Authority"
"Percentage achieving at least the expected standard in all ELGs","2019","Year","White","White/Black/Asian/Mixed/Chinese/All","E10000029","ONS geography code","Suffolk","Boys","Boys/Girls/All","62","3467","","Local Authority"
"Percentage achieving at least the expected standard in all ELGs","2019","Year","White","White/Black/Asian/Mixed/Chinese/All","E10000029","ONS geography code","Suffolk","All","Boys/Girls/All","71","6766","","Local Authority"
"Percentage achieving at least the expected standard in all ELGs","2019","Year","All","White/Black/Asian/Mixed/Chinese/All","E08000024","ONS geography code","Sunderland","Girls","Boys/Girls/All","80","1390","","Local Authority"
"Percentage achieving at least the expected standard in all ELGs","2019","Year","All","White/Black/Asian/Mixed/Chinese/All","E08000024","ONS geography code","Sunderland","Boys","Boys/Girls/All","65","1520","","Local Authority"
"Percentage achieving at least the expected standard in all ELGs","2019","Year","All","White/Black/Asian/Mixed/Chinese/All","E08000024","ONS geography code","Sunderland","All","Boys/Girls/All","72","2910","","Local Authority"
"Percentage achieving at least the expected standard in all ELGs","2019","Year","Asian","White/Black/Asian/Mixed/Chinese/All","E08000024","ONS geography code","Sunderland","Girls","Boys/Girls/All","77","48","","Local Authority"
"Percentage achieving at least the expected standard in all ELGs","2019","Year","Asian","White/Black/Asian/Mixed/Chinese/All","E08000024","ONS geography code","Sunderland","Boys","Boys/Girls/All","55","56","","Local Authority"
"Percentage achieving at least the expected standard in all ELGs","2019","Year","Asian","White/Black/Asian/Mixed/Chinese/All","E08000024","ONS geography code","Sunderland","All","Boys/Girls/All","65","104","","Local Authority"
"Percentage achieving at least the expected standard in all ELGs","2019","Year","Black","White/Black/Asian/Mixed/Chinese/All","E08000024","ONS geography code","Sunderland","Girls","Boys/Girls/All","83","6","","Local Authority"
"Percentage achieving at least the expected standard in all ELGs","2019","Year","Black","White/Black/Asian/Mixed/Chinese/All","E08000024","ONS geography code","Sunderland","Boys","Boys/Girls/All","46","13","","Local Authority"
"Percentage achieving at least the expected standard in all ELGs","2019","Year","Black","White/Black/Asian/Mixed/Chinese/All","E08000024","ONS geography code","Sunderland","All","Boys/Girls/All","58","19","","Local Authority"
"Percentage achieving at least the expected standard in all ELGs","2019","Year","Chinese","White/Black/Asian/Mixed/Chinese/All","E08000024","ONS geography code","Sunderland","Girls","Boys/Girls/All","?","1","","Local Authority"
"Percentage achieving at least the expected standard in all ELGs","2019","Year","Chinese","White/Black/Asian/Mixed/Chinese/All","E08000024","ONS geography code","Sunderland","Boys","Boys/Girls/All","67","6","","Local Authority"
"Percentage achieving at least the expected standard in all ELGs","2019","Year","Chinese","White/Black/Asian/Mixed/Chinese/All","E08000024","ONS geography code","Sunderland","All","Boys/Girls/All","71","7","","Local Authority"
"Percentage achieving at least the expected standard in all ELGs","2019","Year","Mixed","White/Black/Asian/Mixed/Chinese/All","E08000024","ONS geography code","Sunderland","Girls","Boys/Girls/All","66","29","","Local Authority"
"Percentage achieving at least the expected standard in all ELGs","2019","Year","Mixed","White/Black/Asian/Mixed/Chinese/All","E08000024","ONS geography code","Sunderland","Boys","Boys/Girls/All","66","29","","Local Authority"
"Percentage achieving at least the expected standard in all ELGs","2019","Year","Mixed","White/Black/Asian/Mixed/Chinese/All","E08000024","ONS geography code","Sunderland","All","Boys/Girls/All","66","58","","Local Authority"
"Percentage achieving at least the expected standard in all ELGs","2019","Year","White","White/Black/Asian/Mixed/Chinese/All","E08000024","ONS geography code","Sunderland","Girls","Boys/Girls/All","81","1274","","Local Authority"
"Percentage achieving at least the expected standard in all ELGs","2019","Year","White","White/Black/Asian/Mixed/Chinese/All","E08000024","ONS geography code","Sunderland","Boys","Boys/Girls/All","65","1395","","Local Authority"
"Percentage achieving at least the expected standard in all ELGs","2019","Year","White","White/Black/Asian/Mixed/Chinese/All","E08000024","ONS geography code","Sunderland","All","Boys/Girls/All","73","2669","","Local Authority"
"Percentage achieving at least the expected standard in all ELGs","2019","Year","All","White/Black/Asian/Mixed/Chinese/All","E10000030","ONS geography code","Surrey","Girls","Boys/Girls/All","84","6577","","Local Authority"
"Percentage achieving at least the expected standard in all ELGs","2019","Year","All","White/Black/Asian/Mixed/Chinese/All","E10000030","ONS geography code","Surrey","Boys","Boys/Girls/All","72","6889","","Local Authority"
"Percentage achieving at least the expected standard in all ELGs","2019","Year","All","White/Black/Asian/Mixed/Chinese/All","E10000030","ONS geography code","Surrey","All","Boys/Girls/All","78","13466","","Local Authority"
"Percentage achieving at least the expected standard in all ELGs","2019","Year","Asian","White/Black/Asian/Mixed/Chinese/All","E10000030","ONS geography code","Surrey","Girls","Boys/Girls/All","82","428","","Local Authority"
"Percentage achieving at least the expected standard in all ELGs","2019","Year","Asian","White/Black/Asian/Mixed/Chinese/All","E10000030","ONS geography code","Surrey","Boys","Boys/Girls/All","67","490","","Local Authority"
"Percentage achieving at least the expected standard in all ELGs","2019","Year","Asian","White/Black/Asian/Mixed/Chinese/All","E10000030","ONS geography code","Surrey","All","Boys/Girls/All","74","918","","Local Authority"
"Percentage achieving at least the expected standard in all ELGs","2019","Year","Black","White/Black/Asian/Mixed/Chinese/All","E10000030","ONS geography code","Surrey","Boys","Boys/Girls/All","60","88","","Local Authority"
"Percentage achieving at least the expected standard in all ELGs","2019","Year","Black","White/Black/Asian/Mixed/Chinese/All","E10000030","ONS geography code","Surrey","Girls","Boys/Girls/All","81","107","","Local Authority"
"Percentage achieving at least the expected standard in all ELGs","2019","Year","Black","White/Black/Asian/Mixed/Chinese/All","E10000030","ONS geography code","Surrey","All","Boys/Girls/All","72","195","","Local Authority"
"Percentage achieving at least the expected standard in all ELGs","2019","Year","Chinese","White/Black/Asian/Mixed/Chinese/All","E10000030","ONS geography code","Surrey","Girls","Boys/Girls/All","97","29","","Local Authority"
"Percentage achieving at least the expected standard in all ELGs","2019","Year","Chinese","White/Black/Asian/Mixed/Chinese/All","E10000030","ONS geography code","Surrey","Boys","Boys/Girls/All","83","35","","Local Authority"
"Percentage achieving at least the expected standard in all ELGs","2019","Year","Chinese","White/Black/Asian/Mixed/Chinese/All","E10000030","ONS geography code","Surrey","All","Boys/Girls/All","89","64","","Local Authority"
"Percentage achieving at least the expected standard in all ELGs","2019","Year","Mixed","White/Black/Asian/Mixed/Chinese/All","E10000030","ONS geography code","Surrey","Boys","Boys/Girls/All","75","450","","Local Authority"
"Percentage achieving at least the expected standard in all ELGs","2019","Year","Mixed","White/Black/Asian/Mixed/Chinese/All","E10000030","ONS geography code","Surrey","Girls","Boys/Girls/All","86","453","","Local Authority"
"Percentage achieving at least the expected standard in all ELGs","2019","Year","Mixed","White/Black/Asian/Mixed/Chinese/All","E10000030","ONS geography code","Surrey","All","Boys/Girls/All","81","903","","Local Authority"
"Percentage achieving at least the expected standard in all ELGs","2019","Year","White","White/Black/Asian/Mixed/Chinese/All","E10000030","ONS geography code","Surrey","Girls","Boys/Girls/All","85","5043","","Local Authority"
"Percentage achieving at least the expected standard in all ELGs","2019","Year","White","White/Black/Asian/Mixed/Chinese/All","E10000030","ONS geography code","Surrey","Boys","Boys/Girls/All","72","5272","","Local Authority"
"Percentage achieving at least the expected standard in all ELGs","2019","Year","White","White/Black/Asian/Mixed/Chinese/All","E10000030","ONS geography code","Surrey","All","Boys/Girls/All","78","10315","","Local Authority"
"Percentage achieving at least the expected standard in all ELGs","2019","Year","All","White/Black/Asian/Mixed/Chinese/All","E09000029","ONS geography code","Sutton","Girls","Boys/Girls/All","79","1197","","Local Authority"
"Percentage achieving at least the expected standard in all ELGs","2019","Year","All","White/Black/Asian/Mixed/Chinese/All","E09000029","ONS geography code","Sutton","Boys","Boys/Girls/All","65","1250","","Local Authority"
"Percentage achieving at least the expected standard in all ELGs","2019","Year","All","White/Black/Asian/Mixed/Chinese/All","E09000029","ONS geography code","Sutton","All","Boys/Girls/All","72","2447","","Local Authority"
"Percentage achieving at least the expected standard in all ELGs","2019","Year","Asian","White/Black/Asian/Mixed/Chinese/All","E09000029","ONS geography code","Sutton","Boys","Boys/Girls/All","73","196","","Local Authority"
"Percentage achieving at least the expected standard in all ELGs","2019","Year","Asian","White/Black/Asian/Mixed/Chinese/All","E09000029","ONS geography code","Sutton","Girls","Boys/Girls/All","78","217","","Local Authority"
"Percentage achieving at least the expected standard in all ELGs","2019","Year","Asian","White/Black/Asian/Mixed/Chinese/All","E09000029","ONS geography code","Sutton","All","Boys/Girls/All","76","413","","Local Authority"
"Percentage achieving at least the expected standard in all ELGs","2019","Year","Black","White/Black/Asian/Mixed/Chinese/All","E09000029","ONS geography code","Sutton","Girls","Boys/Girls/All","75","64","","Local Authority"
"Percentage achieving at least the expected standard in all ELGs","2019","Year","Black","White/Black/Asian/Mixed/Chinese/All","E09000029","ONS geography code","Sutton","Boys","Boys/Girls/All","58","76","","Local Authority"
"Percentage achieving at least the expected standard in all ELGs","2019","Year","Black","White/Black/Asian/Mixed/Chinese/All","E09000029","ONS geography code","Sutton","All","Boys/Girls/All","66","140","","Local Authority"
"Percentage achieving at least the expected standard in all ELGs","2019","Year","Chinese","White/Black/Asian/Mixed/Chinese/All","E09000029","ONS geography code","Sutton","Boys","Boys/Girls/All","82","28","","Local Authority"
"Percentage achieving at least the expected standard in all ELGs","2019","Year","Chinese","White/Black/Asian/Mixed/Chinese/All","E09000029","ONS geography code","Sutton","Girls","Boys/Girls/All","81","31","","Local Authority"
"Percentage achieving at least the expected standard in all ELGs","2019","Year","Chinese","White/Black/Asian/Mixed/Chinese/All","E09000029","ONS geography code","Sutton","All","Boys/Girls/All","81","59","","Local Authority"
"Percentage achieving at least the expected standard in all ELGs","2019","Year","Mixed","White/Black/Asian/Mixed/Chinese/All","E09000029","ONS geography code","Sutton","Girls","Boys/Girls/All","79","122","","Local Authority"
"Percentage achieving at least the expected standard in all ELGs","2019","Year","Mixed","White/Black/Asian/Mixed/Chinese/All","E09000029","ONS geography code","Sutton","Boys","Boys/Girls/All","62","130","","Local Authority"
"Percentage achieving at least the expected standard in all ELGs","2019","Year","Mixed","White/Black/Asian/Mixed/Chinese/All","E09000029","ONS geography code","Sutton","All","Boys/Girls/All","70","252","","Local Authority"
"Percentage achieving at least the expected standard in all ELGs","2019","Year","White","White/Black/Asian/Mixed/Chinese/All","E09000029","ONS geography code","Sutton","Girls","Boys/Girls/All","80","698","","Local Authority"
"Percentage achieving at least the expected standard in all ELGs","2019","Year","White","White/Black/Asian/Mixed/Chinese/All","E09000029","ONS geography code","Sutton","Boys","Boys/Girls/All","64","767","","Local Authority"
"Percentage achieving at least the expected standard in all ELGs","2019","Year","White","White/Black/Asian/Mixed/Chinese/All","E09000029","ONS geography code","Sutton","All","Boys/Girls/All","72","1465","","Local Authority"
"Percentage achieving at least the expected standard in all ELGs","2019","Year","All","White/Black/Asian/Mixed/Chinese/All","E06000030","ONS geography code","Swindon","Boys","Boys/Girls/All","64","1472","","Local Authority"
"Percentage achieving at least the expected standard in all ELGs","2019","Year","All","White/Black/Asian/Mixed/Chinese/All","E06000030","ONS geography code","Swindon","Girls","Boys/Girls/All","76","1478","","Local Authority"
"Percentage achieving at least the expected standard in all ELGs","2019","Year","All","White/Black/Asian/Mixed/Chinese/All","E06000030","ONS geography code","Swindon","All","Boys/Girls/All","70","2950","","Local Authority"
"Percentage achieving at least the expected standard in all ELGs","2019","Year","Asian","White/Black/Asian/Mixed/Chinese/All","E06000030","ONS geography code","Swindon","Boys","Boys/Girls/All","66","191","","Local Authority"
"Percentage achieving at least the expected standard in all ELGs","2019","Year","Asian","White/Black/Asian/Mixed/Chinese/All","E06000030","ONS geography code","Swindon","Girls","Boys/Girls/All","80","200","","Local Authority"
"Percentage achieving at least the expected standard in all ELGs","2019","Year","Asian","White/Black/Asian/Mixed/Chinese/All","E06000030","ONS geography code","Swindon","All","Boys/Girls/All","73","391","","Local Authority"
"Percentage achieving at least the expected standard in all ELGs","2019","Year","Black","White/Black/Asian/Mixed/Chinese/All","E06000030","ONS geography code","Swindon","Boys","Boys/Girls/All","57","37","","Local Authority"
"Percentage achieving at least the expected standard in all ELGs","2019","Year","Black","White/Black/Asian/Mixed/Chinese/All","E06000030","ONS geography code","Swindon","Girls","Boys/Girls/All","87","60","","Local Authority"
"Percentage achieving at least the expected standard in all ELGs","2019","Year","Black","White/Black/Asian/Mixed/Chinese/All","E06000030","ONS geography code","Swindon","All","Boys/Girls/All","75","97","","Local Authority"
"Percentage achieving at least the expected standard in all ELGs","2019","Year","Chinese","White/Black/Asian/Mixed/Chinese/All","E06000030","ONS geography code","Swindon","Girls","Boys/Girls/All","83","6","","Local Authority"
"Percentage achieving at least the expected standard in all ELGs","2019","Year","Chinese","White/Black/Asian/Mixed/Chinese/All","E06000030","ONS geography code","Swindon","Boys","Boys/Girls/All","67","6","","Local Authority"
"Percentage achieving at least the expected standard in all ELGs","2019","Year","Chinese","White/Black/Asian/Mixed/Chinese/All","E06000030","ONS geography code","Swindon","All","Boys/Girls/All","75","12","","Local Authority"
"Percentage achieving at least the expected standard in all ELGs","2019","Year","Mixed","White/Black/Asian/Mixed/Chinese/All","E06000030","ONS geography code","Swindon","Boys","Boys/Girls/All","61","72","","Local Authority"
"Percentage achieving at least the expected standard in all ELGs","2019","Year","Mixed","White/Black/Asian/Mixed/Chinese/All","E06000030","ONS geography code","Swindon","Girls","Boys/Girls/All","81","101","","Local Authority"
"Percentage achieving at least the expected standard in all ELGs","2019","Year","Mixed","White/Black/Asian/Mixed/Chinese/All","E06000030","ONS geography code","Swindon","All","Boys/Girls/All","73","173","","Local Authority"
"Percentage achieving at least the expected standard in all ELGs","2019","Year","White","White/Black/Asian/Mixed/Chinese/All","E06000030","ONS geography code","Swindon","Girls","Boys/Girls/All","75","1068","","Local Authority"
"Percentage achieving at least the expected standard in all ELGs","2019","Year","White","White/Black/Asian/Mixed/Chinese/All","E06000030","ONS geography code","Swindon","Boys","Boys/Girls/All","65","1103","","Local Authority"
"Percentage achieving at least the expected standard in all ELGs","2019","Year","White","White/Black/Asian/Mixed/Chinese/All","E06000030","ONS geography code","Swindon","All","Boys/Girls/All","70","2171","","Local Authority"
"Percentage achieving at least the expected standard in all ELGs","2019","Year","All","White/Black/Asian/Mixed/Chinese/All","E08000008","ONS geography code","Tameside","Girls","Boys/Girls/All","75","1433","","Local Authority"
"Percentage achieving at least the expected standard in all ELGs","2019","Year","All","White/Black/Asian/Mixed/Chinese/All","E08000008","ONS geography code","Tameside","Boys","Boys/Girls/All","56","1469","","Local Authority"
"Percentage achieving at least the expected standard in all ELGs","2019","Year","All","White/Black/Asian/Mixed/Chinese/All","E08000008","ONS geography code","Tameside","All","Boys/Girls/All","65","2902","","Local Authority"
"Percentage achieving at least the expected standard in all ELGs","2019","Year","Asian","White/Black/Asian/Mixed/Chinese/All","E08000008","ONS geography code","Tameside","Boys","Boys/Girls/All","47","146","","Local Authority"
"Percentage achieving at least the expected standard in all ELGs","2019","Year","Asian","White/Black/Asian/Mixed/Chinese/All","E08000008","ONS geography code","Tameside","Girls","Boys/Girls/All","66","177","","Local Authority"
"Percentage achieving at least the expected standard in all ELGs","2019","Year","Asian","White/Black/Asian/Mixed/Chinese/All","E08000008","ONS geography code","Tameside","All","Boys/Girls/All","57","323","","Local Authority"
"Percentage achieving at least the expected standard in all ELGs","2019","Year","Black","White/Black/Asian/Mixed/Chinese/All","E08000008","ONS geography code","Tameside","Girls","Boys/Girls/All","66","32","","Local Authority"
"Percentage achieving at least the expected standard in all ELGs","2019","Year","Black","White/Black/Asian/Mixed/Chinese/All","E08000008","ONS geography code","Tameside","Boys","Boys/Girls/All","31","32","","Local Authority"
"Percentage achieving at least the expected standard in all ELGs","2019","Year","Black","White/Black/Asian/Mixed/Chinese/All","E08000008","ONS geography code","Tameside","All","Boys/Girls/All","48","64","","Local Authority"
"Percentage achieving at least the expected standard in all ELGs","2019","Year","Chinese","White/Black/Asian/Mixed/Chinese/All","E08000008","ONS geography code","Tameside","Girls","Boys/Girls/All","67","6","","Local Authority"
"Percentage achieving at least the expected standard in all ELGs","2019","Year","Chinese","White/Black/Asian/Mixed/Chinese/All","E08000008","ONS geography code","Tameside","Boys","Boys/Girls/All","67","9","","Local Authority"
"Percentage achieving at least the expected standard in all ELGs","2019","Year","Chinese","White/Black/Asian/Mixed/Chinese/All","E08000008","ONS geography code","Tameside","All","Boys/Girls/All","67","15","","Local Authority"
"Percentage achieving at least the expected standard in all ELGs","2019","Year","Mixed","White/Black/Asian/Mixed/Chinese/All","E08000008","ONS geography code","Tameside","Girls","Boys/Girls/All","75","93","","Local Authority"
"Percentage achieving at least the expected standard in all ELGs","2019","Year","Mixed","White/Black/Asian/Mixed/Chinese/All","E08000008","ONS geography code","Tameside","Boys","Boys/Girls/All","57","102","","Local Authority"
"Percentage achieving at least the expected standard in all ELGs","2019","Year","Mixed","White/Black/Asian/Mixed/Chinese/All","E08000008","ONS geography code","Tameside","All","Boys/Girls/All","66","195","","Local Authority"
"Percentage achieving at least the expected standard in all ELGs","2019","Year","White","White/Black/Asian/Mixed/Chinese/All","E08000008","ONS geography code","Tameside","Girls","Boys/Girls/All","77","1074","","Local Authority"
"Percentage achieving at least the expected standard in all ELGs","2019","Year","White","White/Black/Asian/Mixed/Chinese/All","E08000008","ONS geography code","Tameside","Boys","Boys/Girls/All","59","1135","","Local Authority"
"Percentage achieving at least the expected standard in all ELGs","2019","Year","White","White/Black/Asian/Mixed/Chinese/All","E08000008","ONS geography code","Tameside","All","Boys/Girls/All","68","2209","","Local Authority"
"Percentage achieving at least the expected standard in all ELGs","2019","Year","All","White/Black/Asian/Mixed/Chinese/All","E06000020","ONS geography code","Telford and Wrekin","Boys","Boys/Girls/All","63","1098","","Local Authority"
"Percentage achieving at least the expected standard in all ELGs","2019","Year","All","White/Black/Asian/Mixed/Chinese/All","E06000020","ONS geography code","Telford and Wrekin","Girls","Boys/Girls/All","76","1111","","Local Authority"
"Percentage achieving at least the expected standard in all ELGs","2019","Year","All","White/Black/Asian/Mixed/Chinese/All","E06000020","ONS geography code","Telford and Wrekin","All","Boys/Girls/All","70","2209","","Local Authority"
"Percentage achieving at least the expected standard in all ELGs","2019","Year","Asian","White/Black/Asian/Mixed/Chinese/All","E06000020","ONS geography code","Telford and Wrekin","Boys","Boys/Girls/All","57","61","","Local Authority"
"Percentage achieving at least the expected standard in all ELGs","2019","Year","Asian","White/Black/Asian/Mixed/Chinese/All","E06000020","ONS geography code","Telford and Wrekin","Girls","Boys/Girls/All","63","65","","Local Authority"
"Percentage achieving at least the expected standard in all ELGs","2019","Year","Asian","White/Black/Asian/Mixed/Chinese/All","E06000020","ONS geography code","Telford and Wrekin","All","Boys/Girls/All","60","126","","Local Authority"
"Percentage achieving at least the expected standard in all ELGs","2019","Year","Black","White/Black/Asian/Mixed/Chinese/All","E06000020","ONS geography code","Telford and Wrekin","Boys","Boys/Girls/All","55","42","","Local Authority"
"Percentage achieving at least the expected standard in all ELGs","2019","Year","Black","White/Black/Asian/Mixed/Chinese/All","E06000020","ONS geography code","Telford and Wrekin","Girls","Boys/Girls/All","85","53","","Local Authority"
"Percentage achieving at least the expected standard in all ELGs","2019","Year","Black","White/Black/Asian/Mixed/Chinese/All","E06000020","ONS geography code","Telford and Wrekin","All","Boys/Girls/All","72","95","","Local Authority"
"Percentage achieving at least the expected standard in all ELGs","2019","Year","Chinese","White/Black/Asian/Mixed/Chinese/All","E06000020","ONS geography code","Telford and Wrekin","Girls","Boys/Girls/All","?","1","","Local Authority"
"Percentage achieving at least the expected standard in all ELGs","2019","Year","Chinese","White/Black/Asian/Mixed/Chinese/All","E06000020","ONS geography code","Telford and Wrekin","Boys","Boys/Girls/All","?","2","","Local Authority"
"Percentage achieving at least the expected standard in all ELGs","2019","Year","Chinese","White/Black/Asian/Mixed/Chinese/All","E06000020","ONS geography code","Telford and Wrekin","All","Boys/Girls/All","?","3","","Local Authority"
"Percentage achieving at least the expected standard in all ELGs","2019","Year","Mixed","White/Black/Asian/Mixed/Chinese/All","E06000020","ONS geography code","Telford and Wrekin","Boys","Boys/Girls/All","71","59","","Local Authority"
"Percentage achieving at least the expected standard in all ELGs","2019","Year","Mixed","White/Black/Asian/Mixed/Chinese/All","E06000020","ONS geography code","Telford and Wrekin","Girls","Boys/Girls/All","83","69","","Local Authority"
"Percentage achieving at least the expected standard in all ELGs","2019","Year","Mixed","White/Black/Asian/Mixed/Chinese/All","E06000020","ONS geography code","Telford and Wrekin","All","Boys/Girls/All","77","128","","Local Authority"
"Percentage achieving at least the expected standard in all ELGs","2019","Year","White","White/Black/Asian/Mixed/Chinese/All","E06000020","ONS geography code","Telford and Wrekin","Girls","Boys/Girls/All","76","873","","Local Authority"
"Percentage achieving at least the expected standard in all ELGs","2019","Year","White","White/Black/Asian/Mixed/Chinese/All","E06000020","ONS geography code","Telford and Wrekin","Boys","Boys/Girls/All","64","891","","Local Authority"
"Percentage achieving at least the expected standard in all ELGs","2019","Year","White","White/Black/Asian/Mixed/Chinese/All","E06000020","ONS geography code","Telford and Wrekin","All","Boys/Girls/All","70","1764","","Local Authority"
"Percentage achieving at least the expected standard in all ELGs","2019","Year","All","White/Black/Asian/Mixed/Chinese/All","E06000034","ONS geography code","Thurrock","Boys","Boys/Girls/All","65","1208","","Local Authority"
"Percentage achieving at least the expected standard in all ELGs","2019","Year","All","White/Black/Asian/Mixed/Chinese/All","E06000034","ONS geography code","Thurrock","Girls","Boys/Girls/All","79","1209","","Local Authority"
"Percentage achieving at least the expected standard in all ELGs","2019","Year","All","White/Black/Asian/Mixed/Chinese/All","E06000034","ONS geography code","Thurrock","All","Boys/Girls/All","72","2417","","Local Authority"
"Percentage achieving at least the expected standard in all ELGs","2019","Year","Asian","White/Black/Asian/Mixed/Chinese/All","E06000034","ONS geography code","Thurrock","Girls","Boys/Girls/All","82","90","","Local Authority"
"Percentage achieving at least the expected standard in all ELGs","2019","Year","Asian","White/Black/Asian/Mixed/Chinese/All","E06000034","ONS geography code","Thurrock","Boys","Boys/Girls/All","58","105","","Local Authority"
"Percentage achieving at least the expected standard in all ELGs","2019","Year","Asian","White/Black/Asian/Mixed/Chinese/All","E06000034","ONS geography code","Thurrock","All","Boys/Girls/All","69","195","","Local Authority"
"Percentage achieving at least the expected standard in all ELGs","2019","Year","Black","White/Black/Asian/Mixed/Chinese/All","E06000034","ONS geography code","Thurrock","Girls","Boys/Girls/All","84","182","","Local Authority"
"Percentage achieving at least the expected standard in all ELGs","2019","Year","Black","White/Black/Asian/Mixed/Chinese/All","E06000034","ONS geography code","Thurrock","Boys","Boys/Girls/All","69","188","","Local Authority"
"Percentage achieving at least the expected standard in all ELGs","2019","Year","Black","White/Black/Asian/Mixed/Chinese/All","E06000034","ONS geography code","Thurrock","All","Boys/Girls/All","76","370","","Local Authority"
"Percentage achieving at least the expected standard in all ELGs","2019","Year","Chinese","White/Black/Asian/Mixed/Chinese/All","E06000034","ONS geography code","Thurrock","Boys","Boys/Girls/All","?","3","","Local Authority"
"Percentage achieving at least the expected standard in all ELGs","2019","Year","Chinese","White/Black/Asian/Mixed/Chinese/All","E06000034","ONS geography code","Thurrock","Girls","Boys/Girls/All","57","7","","Local Authority"
"Percentage achieving at least the expected standard in all ELGs","2019","Year","Chinese","White/Black/Asian/Mixed/Chinese/All","E06000034","ONS geography code","Thurrock","All","Boys/Girls/All","50","10","","Local Authority"
"Percentage achieving at least the expected standard in all ELGs","2019","Year","Mixed","White/Black/Asian/Mixed/Chinese/All","E06000034","ONS geography code","Thurrock","Girls","Boys/Girls/All","79","66","","Local Authority"
"Percentage achieving at least the expected standard in all ELGs","2019","Year","Mixed","White/Black/Asian/Mixed/Chinese/All","E06000034","ONS geography code","Thurrock","Boys","Boys/Girls/All","75","77","","Local Authority"
"Percentage achieving at least the expected standard in all ELGs","2019","Year","Mixed","White/Black/Asian/Mixed/Chinese/All","E06000034","ONS geography code","Thurrock","All","Boys/Girls/All","77","143","","Local Authority"
"Percentage achieving at least the expected standard in all ELGs","2019","Year","White","White/Black/Asian/Mixed/Chinese/All","E06000034","ONS geography code","Thurrock","Boys","Boys/Girls/All","65","782","","Local Authority"
"Percentage achieving at least the expected standard in all ELGs","2019","Year","White","White/Black/Asian/Mixed/Chinese/All","E06000034","ONS geography code","Thurrock","Girls","Boys/Girls/All","79","812","","Local Authority"
"Percentage achieving at least the expected standard in all ELGs","2019","Year","White","White/Black/Asian/Mixed/Chinese/All","E06000034","ONS geography code","Thurrock","All","Boys/Girls/All","72","1594","","Local Authority"
"Percentage achieving at least the expected standard in all ELGs","2019","Year","All","White/Black/Asian/Mixed/Chinese/All","E06000027","ONS geography code","Torbay","Boys","Boys/Girls/All","63","726","","Local Authority"
"Percentage achieving at least the expected standard in all ELGs","2019","Year","All","White/Black/Asian/Mixed/Chinese/All","E06000027","ONS geography code","Torbay","Girls","Boys/Girls/All","77","734","","Local Authority"
"Percentage achieving at least the expected standard in all ELGs","2019","Year","All","White/Black/Asian/Mixed/Chinese/All","E06000027","ONS geography code","Torbay","All","Boys/Girls/All","70","1460","","Local Authority"
"Percentage achieving at least the expected standard in all ELGs","2019","Year","Asian","White/Black/Asian/Mixed/Chinese/All","E06000027","ONS geography code","Torbay","Boys","Boys/Girls/All","20","5","","Local Authority"
"Percentage achieving at least the expected standard in all ELGs","2019","Year","Asian","White/Black/Asian/Mixed/Chinese/All","E06000027","ONS geography code","Torbay","Girls","Boys/Girls/All","63","8","","Local Authority"
"Percentage achieving at least the expected standard in all ELGs","2019","Year","Asian","White/Black/Asian/Mixed/Chinese/All","E06000027","ONS geography code","Torbay","All","Boys/Girls/All","46","13","","Local Authority"
"Percentage achieving at least the expected standard in all ELGs","2019","Year","Black","White/Black/Asian/Mixed/Chinese/All","E06000027","ONS geography code","Torbay","Girls","Boys/Girls/All","?","2","","Local Authority"
"Percentage achieving at least the expected standard in all ELGs","2019","Year","Black","White/Black/Asian/Mixed/Chinese/All","E06000027","ONS geography code","Torbay","Boys","Boys/Girls/All","?","3","","Local Authority"
"Percentage achieving at least the expected standard in all ELGs","2019","Year","Black","White/Black/Asian/Mixed/Chinese/All","E06000027","ONS geography code","Torbay","All","Boys/Girls/All","0","5","","Local Authority"
"Percentage achieving at least the expected standard in all ELGs","2019","Year","Chinese","White/Black/Asian/Mixed/Chinese/All","E06000027","ONS geography code","Torbay","Girls","Boys/Girls/All","?","1","","Local Authority"
"Percentage achieving at least the expected standard in all ELGs","2019","Year","Chinese","White/Black/Asian/Mixed/Chinese/All","E06000027","ONS geography code","Torbay","Boys","Boys/Girls/All","?","2","","Local Authority"
"Percentage achieving at least the expected standard in all ELGs","2019","Year","Chinese","White/Black/Asian/Mixed/Chinese/All","E06000027","ONS geography code","Torbay","All","Boys/Girls/All","?","3","","Local Authority"
"Percentage achieving at least the expected standard in all ELGs","2019","Year","Mixed","White/Black/Asian/Mixed/Chinese/All","E06000027","ONS geography code","Torbay","Boys","Boys/Girls/All","82","11","","Local Authority"
"Percentage achieving at least the expected standard in all ELGs","2019","Year","Mixed","White/Black/Asian/Mixed/Chinese/All","E06000027","ONS geography code","Torbay","Girls","Boys/Girls/All","78","23","","Local Authority"
"Percentage achieving at least the expected standard in all ELGs","2019","Year","Mixed","White/Black/Asian/Mixed/Chinese/All","E06000027","ONS geography code","Torbay","All","Boys/Girls/All","79","34","","Local Authority"
"Percentage achieving at least the expected standard in all ELGs","2019","Year","White","White/Black/Asian/Mixed/Chinese/All","E06000027","ONS geography code","Torbay","Boys","Boys/Girls/All","64","675","","Local Authority"
"Percentage achieving at least the expected standard in all ELGs","2019","Year","White","White/Black/Asian/Mixed/Chinese/All","E06000027","ONS geography code","Torbay","Girls","Boys/Girls/All","78","677","","Local Authority"
"Percentage achieving at least the expected standard in all ELGs","2019","Year","White","White/Black/Asian/Mixed/Chinese/All","E06000027","ONS geography code","Torbay","All","Boys/Girls/All","71","1352","","Local Authority"
"Percentage achieving at least the expected standard in all ELGs","2019","Year","All","White/Black/Asian/Mixed/Chinese/All","E09000030","ONS geography code","Tower Hamlets","Girls","Boys/Girls/All","77","1709","","Local Authority"
"Percentage achieving at least the expected standard in all ELGs","2019","Year","All","White/Black/Asian/Mixed/Chinese/All","E09000030","ONS geography code","Tower Hamlets","Boys","Boys/Girls/All","61","1763","","Local Authority"
"Percentage achieving at least the expected standard in all ELGs","2019","Year","All","White/Black/Asian/Mixed/Chinese/All","E09000030","ONS geography code","Tower Hamlets","All","Boys/Girls/All","69","3472","","Local Authority"
"Percentage achieving at least the expected standard in all ELGs","2019","Year","Asian","White/Black/Asian/Mixed/Chinese/All","E09000030","ONS geography code","Tower Hamlets","Girls","Boys/Girls/All","77","1038","","Local Authority"
"Percentage achieving at least the expected standard in all ELGs","2019","Year","Asian","White/Black/Asian/Mixed/Chinese/All","E09000030","ONS geography code","Tower Hamlets","Boys","Boys/Girls/All","60","1075","","Local Authority"
"Percentage achieving at least the expected standard in all ELGs","2019","Year","Asian","White/Black/Asian/Mixed/Chinese/All","E09000030","ONS geography code","Tower Hamlets","All","Boys/Girls/All","69","2113","","Local Authority"
"Percentage achieving at least the expected standard in all ELGs","2019","Year","Black","White/Black/Asian/Mixed/Chinese/All","E09000030","ONS geography code","Tower Hamlets","Boys","Boys/Girls/All","64","128","","Local Authority"
"Percentage achieving at least the expected standard in all ELGs","2019","Year","Black","White/Black/Asian/Mixed/Chinese/All","E09000030","ONS geography code","Tower Hamlets","Girls","Boys/Girls/All","81","151","","Local Authority"
"Percentage achieving at least the expected standard in all ELGs","2019","Year","Black","White/Black/Asian/Mixed/Chinese/All","E09000030","ONS geography code","Tower Hamlets","All","Boys/Girls/All","73","279","","Local Authority"
"Percentage achieving at least the expected standard in all ELGs","2019","Year","Chinese","White/Black/Asian/Mixed/Chinese/All","E09000030","ONS geography code","Tower Hamlets","Girls","Boys/Girls/All","86","14","","Local Authority"
"Percentage achieving at least the expected standard in all ELGs","2019","Year","Chinese","White/Black/Asian/Mixed/Chinese/All","E09000030","ONS geography code","Tower Hamlets","Boys","Boys/Girls/All","61","18","","Local Authority"
"Percentage achieving at least the expected standard in all ELGs","2019","Year","Chinese","White/Black/Asian/Mixed/Chinese/All","E09000030","ONS geography code","Tower Hamlets","All","Boys/Girls/All","72","32","","Local Authority"
"Percentage achieving at least the expected standard in all ELGs","2019","Year","Mixed","White/Black/Asian/Mixed/Chinese/All","E09000030","ONS geography code","Tower Hamlets","Girls","Boys/Girls/All","78","132","","Local Authority"
"Percentage achieving at least the expected standard in all ELGs","2019","Year","Mixed","White/Black/Asian/Mixed/Chinese/All","E09000030","ONS geography code","Tower Hamlets","Boys","Boys/Girls/All","60","141","","Local Authority"
"Percentage achieving at least the expected standard in all ELGs","2019","Year","Mixed","White/Black/Asian/Mixed/Chinese/All","E09000030","ONS geography code","Tower Hamlets","All","Boys/Girls/All","69","273","","Local Authority"
"Percentage achieving at least the expected standard in all ELGs","2019","Year","White","White/Black/Asian/Mixed/Chinese/All","E09000030","ONS geography code","Tower Hamlets","Boys","Boys/Girls/All","60","251","","Local Authority"
"Percentage achieving at least the expected standard in all ELGs","2019","Year","White","White/Black/Asian/Mixed/Chinese/All","E09000030","ONS geography code","Tower Hamlets","Girls","Boys/Girls/All","78","257","","Local Authority"
"Percentage achieving at least the expected standard in all ELGs","2019","Year","White","White/Black/Asian/Mixed/Chinese/All","E09000030","ONS geography code","Tower Hamlets","All","Boys/Girls/All","69","508","","Local Authority"
"Percentage achieving at least the expected standard in all ELGs","2019","Year","All","White/Black/Asian/Mixed/Chinese/All","E08000009","ONS geography code","Trafford","Girls","Boys/Girls/All","81","1400","","Local Authority"
"Percentage achieving at least the expected standard in all ELGs","2019","Year","All","White/Black/Asian/Mixed/Chinese/All","E08000009","ONS geography code","Trafford","Boys","Boys/Girls/All","68","1573","","Local Authority"
"Percentage achieving at least the expected standard in all ELGs","2019","Year","All","White/Black/Asian/Mixed/Chinese/All","E08000009","ONS geography code","Trafford","All","Boys/Girls/All","74","2973","","Local Authority"
"Percentage achieving at least the expected standard in all ELGs","2019","Year","Asian","White/Black/Asian/Mixed/Chinese/All","E08000009","ONS geography code","Trafford","Girls","Boys/Girls/All","77","191","","Local Authority"
"Percentage achieving at least the expected standard in all ELGs","2019","Year","Asian","White/Black/Asian/Mixed/Chinese/All","E08000009","ONS geography code","Trafford","Boys","Boys/Girls/All","59","208","","Local Authority"
"Percentage achieving at least the expected standard in all ELGs","2019","Year","Asian","White/Black/Asian/Mixed/Chinese/All","E08000009","ONS geography code","Trafford","All","Boys/Girls/All","68","399","","Local Authority"
"Percentage achieving at least the expected standard in all ELGs","2019","Year","Black","White/Black/Asian/Mixed/Chinese/All","E08000009","ONS geography code","Trafford","Girls","Boys/Girls/All","69","39","","Local Authority"
"Percentage achieving at least the expected standard in all ELGs","2019","Year","Black","White/Black/Asian/Mixed/Chinese/All","E08000009","ONS geography code","Trafford","Boys","Boys/Girls/All","52","50","","Local Authority"
"Percentage achieving at least the expected standard in all ELGs","2019","Year","Black","White/Black/Asian/Mixed/Chinese/All","E08000009","ONS geography code","Trafford","All","Boys/Girls/All","60","89","","Local Authority"
"Percentage achieving at least the expected standard in all ELGs","2019","Year","Chinese","White/Black/Asian/Mixed/Chinese/All","E08000009","ONS geography code","Trafford","Girls","Boys/Girls/All","85","27","","Local Authority"
"Percentage achieving at least the expected standard in all ELGs","2019","Year","Chinese","White/Black/Asian/Mixed/Chinese/All","E08000009","ONS geography code","Trafford","Boys","Boys/Girls/All","72","32","","Local Authority"
"Percentage achieving at least the expected standard in all ELGs","2019","Year","Chinese","White/Black/Asian/Mixed/Chinese/All","E08000009","ONS geography code","Trafford","All","Boys/Girls/All","78","59","","Local Authority"
"Percentage achieving at least the expected standard in all ELGs","2019","Year","Mixed","White/Black/Asian/Mixed/Chinese/All","E08000009","ONS geography code","Trafford","Girls","Boys/Girls/All","76","134","","Local Authority"
"Percentage achieving at least the expected standard in all ELGs","2019","Year","Mixed","White/Black/Asian/Mixed/Chinese/All","E08000009","ONS geography code","Trafford","Boys","Boys/Girls/All","62","137","","Local Authority"
"Percentage achieving at least the expected standard in all ELGs","2019","Year","Mixed","White/Black/Asian/Mixed/Chinese/All","E08000009","ONS geography code","Trafford","All","Boys/Girls/All","69","271","","Local Authority"
"Percentage achieving at least the expected standard in all ELGs","2019","Year","White","White/Black/Asian/Mixed/Chinese/All","E08000009","ONS geography code","Trafford","Girls","Boys/Girls/All","84","925","","Local Authority"
"Percentage achieving at least the expected standard in all ELGs","2019","Year","White","White/Black/Asian/Mixed/Chinese/All","E08000009","ONS geography code","Trafford","Boys","Boys/Girls/All","72","1056","","Local Authority"
"Percentage achieving at least the expected standard in all ELGs","2019","Year","White","White/Black/Asian/Mixed/Chinese/All","E08000009","ONS geography code","Trafford","All","Boys/Girls/All","77","1981","","Local Authority"
"Percentage achieving at least the expected standard in all ELGs","2019","Year","All","White/Black/Asian/Mixed/Chinese/All","E08000036","ONS geography code","Wakefield","Girls","Boys/Girls/All","78","1970","","Local Authority"
"Percentage achieving at least the expected standard in all ELGs","2019","Year","All","White/Black/Asian/Mixed/Chinese/All","E08000036","ONS geography code","Wakefield","Boys","Boys/Girls/All","62","2178","","Local Authority"
"Percentage achieving at least the expected standard in all ELGs","2019","Year","All","White/Black/Asian/Mixed/Chinese/All","E08000036","ONS geography code","Wakefield","All","Boys/Girls/All","70","4148","","Local Authority"
"Percentage achieving at least the expected standard in all ELGs","2019","Year","Asian","White/Black/Asian/Mixed/Chinese/All","E08000036","ONS geography code","Wakefield","Girls","Boys/Girls/All","69","81","","Local Authority"
"Percentage achieving at least the expected standard in all ELGs","2019","Year","Asian","White/Black/Asian/Mixed/Chinese/All","E08000036","ONS geography code","Wakefield","Boys","Boys/Girls/All","53","86","","Local Authority"
"Percentage achieving at least the expected standard in all ELGs","2019","Year","Asian","White/Black/Asian/Mixed/Chinese/All","E08000036","ONS geography code","Wakefield","All","Boys/Girls/All","61","167","","Local Authority"
"Percentage achieving at least the expected standard in all ELGs","2019","Year","Black","White/Black/Asian/Mixed/Chinese/All","E08000036","ONS geography code","Wakefield","Girls","Boys/Girls/All","69","26","","Local Authority"
"Percentage achieving at least the expected standard in all ELGs","2019","Year","Black","White/Black/Asian/Mixed/Chinese/All","E08000036","ONS geography code","Wakefield","Boys","Boys/Girls/All","46","37","","Local Authority"
"Percentage achieving at least the expected standard in all ELGs","2019","Year","Black","White/Black/Asian/Mixed/Chinese/All","E08000036","ONS geography code","Wakefield","All","Boys/Girls/All","56","63","","Local Authority"
"Percentage achieving at least the expected standard in all ELGs","2019","Year","Chinese","White/Black/Asian/Mixed/Chinese/All","E08000036","ONS geography code","Wakefield","Boys","Boys/Girls/All","?","3","","Local Authority"
"Percentage achieving at least the expected standard in all ELGs","2019","Year","Chinese","White/Black/Asian/Mixed/Chinese/All","E08000036","ONS geography code","Wakefield","Girls","Boys/Girls/All","71","7","","Local Authority"
"Percentage achieving at least the expected standard in all ELGs","2019","Year","Chinese","White/Black/Asian/Mixed/Chinese/All","E08000036","ONS geography code","Wakefield","All","Boys/Girls/All","70","10","","Local Authority"
"Percentage achieving at least the expected standard in all ELGs","2019","Year","Mixed","White/Black/Asian/Mixed/Chinese/All","E08000036","ONS geography code","Wakefield","Girls","Boys/Girls/All","84","63","","Local Authority"
"Percentage achieving at least the expected standard in all ELGs","2019","Year","Mixed","White/Black/Asian/Mixed/Chinese/All","E08000036","ONS geography code","Wakefield","Boys","Boys/Girls/All","59","87","","Local Authority"
"Percentage achieving at least the expected standard in all ELGs","2019","Year","Mixed","White/Black/Asian/Mixed/Chinese/All","E08000036","ONS geography code","Wakefield","All","Boys/Girls/All","69","150","","Local Authority"
"Percentage achieving at least the expected standard in all ELGs","2019","Year","White","White/Black/Asian/Mixed/Chinese/All","E08000036","ONS geography code","Wakefield","Girls","Boys/Girls/All","79","1702","","Local Authority"
"Percentage achieving at least the expected standard in all ELGs","2019","Year","White","White/Black/Asian/Mixed/Chinese/All","E08000036","ONS geography code","Wakefield","Boys","Boys/Girls/All","63","1885","","Local Authority"
"Percentage achieving at least the expected standard in all ELGs","2019","Year","White","White/Black/Asian/Mixed/Chinese/All","E08000036","ONS geography code","Wakefield","All","Boys/Girls/All","71","3587","","Local Authority"
"Percentage achieving at least the expected standard in all ELGs","2019","Year","All","White/Black/Asian/Mixed/Chinese/All","E08000030","ONS geography code","Walsall","Girls","Boys/Girls/All","74","1924","","Local Authority"
"Percentage achieving at least the expected standard in all ELGs","2019","Year","All","White/Black/Asian/Mixed/Chinese/All","E08000030","ONS geography code","Walsall","Boys","Boys/Girls/All","57","1946","","Local Authority"
"Percentage achieving at least the expected standard in all ELGs","2019","Year","All","White/Black/Asian/Mixed/Chinese/All","E08000030","ONS geography code","Walsall","All","Boys/Girls/All","66","3870","","Local Authority"
"Percentage achieving at least the expected standard in all ELGs","2019","Year","Asian","White/Black/Asian/Mixed/Chinese/All","E08000030","ONS geography code","Walsall","Girls","Boys/Girls/All","74","419","","Local Authority"
"Percentage achieving at least the expected standard in all ELGs","2019","Year","Asian","White/Black/Asian/Mixed/Chinese/All","E08000030","ONS geography code","Walsall","Boys","Boys/Girls/All","58","444","","Local Authority"
"Percentage achieving at least the expected standard in all ELGs","2019","Year","Asian","White/Black/Asian/Mixed/Chinese/All","E08000030","ONS geography code","Walsall","All","Boys/Girls/All","66","863","","Local Authority"
"Percentage achieving at least the expected standard in all ELGs","2019","Year","Black","White/Black/Asian/Mixed/Chinese/All","E08000030","ONS geography code","Walsall","Girls","Boys/Girls/All","77","87","","Local Authority"
"Percentage achieving at least the expected standard in all ELGs","2019","Year","Black","White/Black/Asian/Mixed/Chinese/All","E08000030","ONS geography code","Walsall","Boys","Boys/Girls/All","50","123","","Local Authority"
"Percentage achieving at least the expected standard in all ELGs","2019","Year","Black","White/Black/Asian/Mixed/Chinese/All","E08000030","ONS geography code","Walsall","All","Boys/Girls/All","61","210","","Local Authority"
"Percentage achieving at least the expected standard in all ELGs","2019","Year","Chinese","White/Black/Asian/Mixed/Chinese/All","E08000030","ONS geography code","Walsall","Boys","Boys/Girls/All","?","4","","Local Authority"
"Percentage achieving at least the expected standard in all ELGs","2019","Year","Chinese","White/Black/Asian/Mixed/Chinese/All","E08000030","ONS geography code","Walsall","Girls","Boys/Girls/All","89","9","","Local Authority"
"Percentage achieving at least the expected standard in all ELGs","2019","Year","Chinese","White/Black/Asian/Mixed/Chinese/All","E08000030","ONS geography code","Walsall","All","Boys/Girls/All","85","13","","Local Authority"
"Percentage achieving at least the expected standard in all ELGs","2019","Year","Mixed","White/Black/Asian/Mixed/Chinese/All","E08000030","ONS geography code","Walsall","Boys","Boys/Girls/All","55","136","","Local Authority"
"Percentage achieving at least the expected standard in all ELGs","2019","Year","Mixed","White/Black/Asian/Mixed/Chinese/All","E08000030","ONS geography code","Walsall","Girls","Boys/Girls/All","75","138","","Local Authority"
"Percentage achieving at least the expected standard in all ELGs","2019","Year","Mixed","White/Black/Asian/Mixed/Chinese/All","E08000030","ONS geography code","Walsall","All","Boys/Girls/All","65","274","","Local Authority"
"Percentage achieving at least the expected standard in all ELGs","2019","Year","White","White/Black/Asian/Mixed/Chinese/All","E08000030","ONS geography code","Walsall","Boys","Boys/Girls/All","58","1174","","Local Authority"
"Percentage achieving at least the expected standard in all ELGs","2019","Year","White","White/Black/Asian/Mixed/Chinese/All","E08000030","ONS geography code","Walsall","Girls","Boys/Girls/All","75","1189","","Local Authority"
"Percentage achieving at least the expected standard in all ELGs","2019","Year","White","White/Black/Asian/Mixed/Chinese/All","E08000030","ONS geography code","Walsall","All","Boys/Girls/All","67","2363","","Local Authority"
"Percentage achieving at least the expected standard in all ELGs","2019","Year","All","White/Black/Asian/Mixed/Chinese/All","E09000031","ONS geography code","Waltham Forest","Girls","Boys/Girls/All","80","1682","","Local Authority"
"Percentage achieving at least the expected standard in all ELGs","2019","Year","All","White/Black/Asian/Mixed/Chinese/All","E09000031","ONS geography code","Waltham Forest","Boys","Boys/Girls/All","71","1813","","Local Authority"
"Percentage achieving at least the expected standard in all ELGs","2019","Year","All","White/Black/Asian/Mixed/Chinese/All","E09000031","ONS geography code","Waltham Forest","All","Boys/Girls/All","76","3495","","Local Authority"
"Percentage achieving at least the expected standard in all ELGs","2019","Year","Asian","White/Black/Asian/Mixed/Chinese/All","E09000031","ONS geography code","Waltham Forest","Girls","Boys/Girls/All","79","383","","Local Authority"
"Percentage achieving at least the expected standard in all ELGs","2019","Year","Asian","White/Black/Asian/Mixed/Chinese/All","E09000031","ONS geography code","Waltham Forest","Boys","Boys/Girls/All","69","418","","Local Authority"
"Percentage achieving at least the expected standard in all ELGs","2019","Year","Asian","White/Black/Asian/Mixed/Chinese/All","E09000031","ONS geography code","Waltham Forest","All","Boys/Girls/All","74","801","","Local Authority"
"Percentage achieving at least the expected standard in all ELGs","2019","Year","Black","White/Black/Asian/Mixed/Chinese/All","E09000031","ONS geography code","Waltham Forest","Girls","Boys/Girls/All","78","241","","Local Authority"
"Percentage achieving at least the expected standard in all ELGs","2019","Year","Black","White/Black/Asian/Mixed/Chinese/All","E09000031","ONS geography code","Waltham Forest","Boys","Boys/Girls/All","64","272","","Local Authority"
"Percentage achieving at least the expected standard in all ELGs","2019","Year","Black","White/Black/Asian/Mixed/Chinese/All","E09000031","ONS geography code","Waltham Forest","All","Boys/Girls/All","71","513","","Local Authority"
"Percentage achieving at least the expected standard in all ELGs","2019","Year","Chinese","White/Black/Asian/Mixed/Chinese/All","E09000031","ONS geography code","Waltham Forest","Girls","Boys/Girls/All","100","9","","Local Authority"
"Percentage achieving at least the expected standard in all ELGs","2019","Year","Chinese","White/Black/Asian/Mixed/Chinese/All","E09000031","ONS geography code","Waltham Forest","Boys","Boys/Girls/All","56","9","","Local Authority"
"Percentage achieving at least the expected standard in all ELGs","2019","Year","Chinese","White/Black/Asian/Mixed/Chinese/All","E09000031","ONS geography code","Waltham Forest","All","Boys/Girls/All","78","18","","Local Authority"
"Percentage achieving at least the expected standard in all ELGs","2019","Year","Mixed","White/Black/Asian/Mixed/Chinese/All","E09000031","ONS geography code","Waltham Forest","Girls","Boys/Girls/All","84","246","","Local Authority"
"Percentage achieving at least the expected standard in all ELGs","2019","Year","Mixed","White/Black/Asian/Mixed/Chinese/All","E09000031","ONS geography code","Waltham Forest","Boys","Boys/Girls/All","77","266","","Local Authority"
"Percentage achieving at least the expected standard in all ELGs","2019","Year","Mixed","White/Black/Asian/Mixed/Chinese/All","E09000031","ONS geography code","Waltham Forest","All","Boys/Girls/All","80","512","","Local Authority"
"Percentage achieving at least the expected standard in all ELGs","2019","Year","White","White/Black/Asian/Mixed/Chinese/All","E09000031","ONS geography code","Waltham Forest","Girls","Boys/Girls/All","83","665","","Local Authority"
"Percentage achieving at least the expected standard in all ELGs","2019","Year","White","White/Black/Asian/Mixed/Chinese/All","E09000031","ONS geography code","Waltham Forest","Boys","Boys/Girls/All","75","723","","Local Authority"
"Percentage achieving at least the expected standard in all ELGs","2019","Year","White","White/Black/Asian/Mixed/Chinese/All","E09000031","ONS geography code","Waltham Forest","All","Boys/Girls/All","78","1388","","Local Authority"
"Percentage achieving at least the expected standard in all ELGs","2019","Year","All","White/Black/Asian/Mixed/Chinese/All","E09000032","ONS geography code","Wandsworth","Girls","Boys/Girls/All","82","1526","","Local Authority"
"Percentage achieving at least the expected standard in all ELGs","2019","Year","All","White/Black/Asian/Mixed/Chinese/All","E09000032","ONS geography code","Wandsworth","Boys","Boys/Girls/All","70","1536","","Local Authority"
"Percentage achieving at least the expected standard in all ELGs","2019","Year","All","White/Black/Asian/Mixed/Chinese/All","E09000032","ONS geography code","Wandsworth","All","Boys/Girls/All","76","3062","","Local Authority"
"Percentage achieving at least the expected standard in all ELGs","2019","Year","Asian","White/Black/Asian/Mixed/Chinese/All","E09000032","ONS geography code","Wandsworth","Girls","Boys/Girls/All","83","183","","Local Authority"
"Percentage achieving at least the expected standard in all ELGs","2019","Year","Asian","White/Black/Asian/Mixed/Chinese/All","E09000032","ONS geography code","Wandsworth","Boys","Boys/Girls/All","63","219","","Local Authority"
"Percentage achieving at least the expected standard in all ELGs","2019","Year","Asian","White/Black/Asian/Mixed/Chinese/All","E09000032","ONS geography code","Wandsworth","All","Boys/Girls/All","72","402","","Local Authority"
"Percentage achieving at least the expected standard in all ELGs","2019","Year","Black","White/Black/Asian/Mixed/Chinese/All","E09000032","ONS geography code","Wandsworth","Girls","Boys/Girls/All","71","190","","Local Authority"
"Percentage achieving at least the expected standard in all ELGs","2019","Year","Black","White/Black/Asian/Mixed/Chinese/All","E09000032","ONS geography code","Wandsworth","Boys","Boys/Girls/All","62","202","","Local Authority"
"Percentage achieving at least the expected standard in all ELGs","2019","Year","Black","White/Black/Asian/Mixed/Chinese/All","E09000032","ONS geography code","Wandsworth","All","Boys/Girls/All","66","392","","Local Authority"
"Percentage achieving at least the expected standard in all ELGs","2019","Year","Chinese","White/Black/Asian/Mixed/Chinese/All","E09000032","ONS geography code","Wandsworth","Girls","Boys/Girls/All","100","6","","Local Authority"
"Percentage achieving at least the expected standard in all ELGs","2019","Year","Chinese","White/Black/Asian/Mixed/Chinese/All","E09000032","ONS geography code","Wandsworth","Boys","Boys/Girls/All","57","7","","Local Authority"
"Percentage achieving at least the expected standard in all ELGs","2019","Year","Chinese","White/Black/Asian/Mixed/Chinese/All","E09000032","ONS geography code","Wandsworth","All","Boys/Girls/All","77","13","","Local Authority"
"Percentage achieving at least the expected standard in all ELGs","2019","Year","Mixed","White/Black/Asian/Mixed/Chinese/All","E09000032","ONS geography code","Wandsworth","Boys","Boys/Girls/All","67","173","","Local Authority"
"Percentage achieving at least the expected standard in all ELGs","2019","Year","Mixed","White/Black/Asian/Mixed/Chinese/All","E09000032","ONS geography code","Wandsworth","Girls","Boys/Girls/All","78","218","","Local Authority"
"Percentage achieving at least the expected standard in all ELGs","2019","Year","Mixed","White/Black/Asian/Mixed/Chinese/All","E09000032","ONS geography code","Wandsworth","All","Boys/Girls/All","73","391","","Local Authority"
"Percentage achieving at least the expected standard in all ELGs","2019","Year","White","White/Black/Asian/Mixed/Chinese/All","E09000032","ONS geography code","Wandsworth","Girls","Boys/Girls/All","86","693","","Local Authority"
"Percentage achieving at least the expected standard in all ELGs","2019","Year","White","White/Black/Asian/Mixed/Chinese/All","E09000032","ONS geography code","Wandsworth","Boys","Boys/Girls/All","77","698","","Local Authority"
"Percentage achieving at least the expected standard in all ELGs","2019","Year","White","White/Black/Asian/Mixed/Chinese/All","E09000032","ONS geography code","Wandsworth","All","Boys/Girls/All","81","1391","","Local Authority"
"Percentage achieving at least the expected standard in all ELGs","2019","Year","All","White/Black/Asian/Mixed/Chinese/All","E06000007","ONS geography code","Warrington","Girls","Boys/Girls/All","79","1172","","Local Authority"
"Percentage achieving at least the expected standard in all ELGs","2019","Year","All","White/Black/Asian/Mixed/Chinese/All","E06000007","ONS geography code","Warrington","Boys","Boys/Girls/All","67","1260","","Local Authority"
"Percentage achieving at least the expected standard in all ELGs","2019","Year","All","White/Black/Asian/Mixed/Chinese/All","E06000007","ONS geography code","Warrington","All","Boys/Girls/All","73","2432","","Local Authority"
"Percentage achieving at least the expected standard in all ELGs","2019","Year","Asian","White/Black/Asian/Mixed/Chinese/All","E06000007","ONS geography code","Warrington","Girls","Boys/Girls/All","69","29","","Local Authority"
"Percentage achieving at least the expected standard in all ELGs","2019","Year","Asian","White/Black/Asian/Mixed/Chinese/All","E06000007","ONS geography code","Warrington","Boys","Boys/Girls/All","65","49","","Local Authority"
"Percentage achieving at least the expected standard in all ELGs","2019","Year","Asian","White/Black/Asian/Mixed/Chinese/All","E06000007","ONS geography code","Warrington","All","Boys/Girls/All","67","78","","Local Authority"
"Percentage achieving at least the expected standard in all ELGs","2019","Year","Black","White/Black/Asian/Mixed/Chinese/All","E06000007","ONS geography code","Warrington","Boys","Boys/Girls/All","67","6","","Local Authority"
"Percentage achieving at least the expected standard in all ELGs","2019","Year","Black","White/Black/Asian/Mixed/Chinese/All","E06000007","ONS geography code","Warrington","Girls","Boys/Girls/All","62","13","","Local Authority"
"Percentage achieving at least the expected standard in all ELGs","2019","Year","Black","White/Black/Asian/Mixed/Chinese/All","E06000007","ONS geography code","Warrington","All","Boys/Girls/All","63","19","","Local Authority"
"Percentage achieving at least the expected standard in all ELGs","2019","Year","Chinese","White/Black/Asian/Mixed/Chinese/All","E06000007","ONS geography code","Warrington","Boys","Boys/Girls/All","50","6","","Local Authority"
"Percentage achieving at least the expected standard in all ELGs","2019","Year","Chinese","White/Black/Asian/Mixed/Chinese/All","E06000007","ONS geography code","Warrington","Girls","Boys/Girls/All","88","8","","Local Authority"
"Percentage achieving at least the expected standard in all ELGs","2019","Year","Chinese","White/Black/Asian/Mixed/Chinese/All","E06000007","ONS geography code","Warrington","All","Boys/Girls/All","71","14","","Local Authority"
"Percentage achieving at least the expected standard in all ELGs","2019","Year","Mixed","White/Black/Asian/Mixed/Chinese/All","E06000007","ONS geography code","Warrington","Boys","Boys/Girls/All","67","51","","Local Authority"
"Percentage achieving at least the expected standard in all ELGs","2019","Year","Mixed","White/Black/Asian/Mixed/Chinese/All","E06000007","ONS geography code","Warrington","Girls","Boys/Girls/All","75","52","","Local Authority"
"Percentage achieving at least the expected standard in all ELGs","2019","Year","Mixed","White/Black/Asian/Mixed/Chinese/All","E06000007","ONS geography code","Warrington","All","Boys/Girls/All","71","103","","Local Authority"
"Percentage achieving at least the expected standard in all ELGs","2019","Year","White","White/Black/Asian/Mixed/Chinese/All","E06000007","ONS geography code","Warrington","Girls","Boys/Girls/All","80","1045","","Local Authority"
"Percentage achieving at least the expected standard in all ELGs","2019","Year","White","White/Black/Asian/Mixed/Chinese/All","E06000007","ONS geography code","Warrington","Boys","Boys/Girls/All","67","1116","","Local Authority"
"Percentage achieving at least the expected standard in all ELGs","2019","Year","White","White/Black/Asian/Mixed/Chinese/All","E06000007","ONS geography code","Warrington","All","Boys/Girls/All","73","2161","","Local Authority"
"Percentage achieving at least the expected standard in all ELGs","2019","Year","All","White/Black/Asian/Mixed/Chinese/All","E10000031","ONS geography code","Warwickshire","Girls","Boys/Girls/All","79","3124","","Local Authority"
"Percentage achieving at least the expected standard in all ELGs","2019","Year","All","White/Black/Asian/Mixed/Chinese/All","E10000031","ONS geography code","Warwickshire","Boys","Boys/Girls/All","64","3329","","Local Authority"
"Percentage achieving at least the expected standard in all ELGs","2019","Year","All","White/Black/Asian/Mixed/Chinese/All","E10000031","ONS geography code","Warwickshire","All","Boys/Girls/All","71","6453","","Local Authority"
"Percentage achieving at least the expected standard in all ELGs","2019","Year","Asian","White/Black/Asian/Mixed/Chinese/All","E10000031","ONS geography code","Warwickshire","Girls","Boys/Girls/All","81","172","","Local Authority"
"Percentage achieving at least the expected standard in all ELGs","2019","Year","Asian","White/Black/Asian/Mixed/Chinese/All","E10000031","ONS geography code","Warwickshire","Boys","Boys/Girls/All","66","183","","Local Authority"
"Percentage achieving at least the expected standard in all ELGs","2019","Year","Asian","White/Black/Asian/Mixed/Chinese/All","E10000031","ONS geography code","Warwickshire","All","Boys/Girls/All","73","355","","Local Authority"
"Percentage achieving at least the expected standard in all ELGs","2019","Year","Black","White/Black/Asian/Mixed/Chinese/All","E10000031","ONS geography code","Warwickshire","Girls","Boys/Girls/All","74","43","","Local Authority"
"Percentage achieving at least the expected standard in all ELGs","2019","Year","Black","White/Black/Asian/Mixed/Chinese/All","E10000031","ONS geography code","Warwickshire","Boys","Boys/Girls/All","50","52","","Local Authority"
"Percentage achieving at least the expected standard in all ELGs","2019","Year","Black","White/Black/Asian/Mixed/Chinese/All","E10000031","ONS geography code","Warwickshire","All","Boys/Girls/All","61","95","","Local Authority"
"Percentage achieving at least the expected standard in all ELGs","2019","Year","Chinese","White/Black/Asian/Mixed/Chinese/All","E10000031","ONS geography code","Warwickshire","Girls","Boys/Girls/All","100","10","","Local Authority"
"Percentage achieving at least the expected standard in all ELGs","2019","Year","Chinese","White/Black/Asian/Mixed/Chinese/All","E10000031","ONS geography code","Warwickshire","Boys","Boys/Girls/All","88","17","","Local Authority"
"Percentage achieving at least the expected standard in all ELGs","2019","Year","Chinese","White/Black/Asian/Mixed/Chinese/All","E10000031","ONS geography code","Warwickshire","All","Boys/Girls/All","93","27","","Local Authority"
"Percentage achieving at least the expected standard in all ELGs","2019","Year","Mixed","White/Black/Asian/Mixed/Chinese/All","E10000031","ONS geography code","Warwickshire","Girls","Boys/Girls/All","80","169","","Local Authority"
"Percentage achieving at least the expected standard in all ELGs","2019","Year","Mixed","White/Black/Asian/Mixed/Chinese/All","E10000031","ONS geography code","Warwickshire","Boys","Boys/Girls/All","63","186","","Local Authority"
"Percentage achieving at least the expected standard in all ELGs","2019","Year","Mixed","White/Black/Asian/Mixed/Chinese/All","E10000031","ONS geography code","Warwickshire","All","Boys/Girls/All","72","355","","Local Authority"
"Percentage achieving at least the expected standard in all ELGs","2019","Year","White","White/Black/Asian/Mixed/Chinese/All","E10000031","ONS geography code","Warwickshire","Girls","Boys/Girls/All","79","2608","","Local Authority"
"Percentage achieving at least the expected standard in all ELGs","2019","Year","White","White/Black/Asian/Mixed/Chinese/All","E10000031","ONS geography code","Warwickshire","Boys","Boys/Girls/All","64","2772","","Local Authority"
"Percentage achieving at least the expected standard in all ELGs","2019","Year","White","White/Black/Asian/Mixed/Chinese/All","E10000031","ONS geography code","Warwickshire","All","Boys/Girls/All","71","5380","","Local Authority"
"Percentage achieving at least the expected standard in all ELGs","2019","Year","All","White/Black/Asian/Mixed/Chinese/All","E06000037","ONS geography code","West Berkshire","Boys","Boys/Girls/All","69","929","","Local Authority"
"Percentage achieving at least the expected standard in all ELGs","2019","Year","All","White/Black/Asian/Mixed/Chinese/All","E06000037","ONS geography code","West Berkshire","Girls","Boys/Girls/All","80","934","","Local Authority"
"Percentage achieving at least the expected standard in all ELGs","2019","Year","All","White/Black/Asian/Mixed/Chinese/All","E06000037","ONS geography code","West Berkshire","All","Boys/Girls/All","74","1863","","Local Authority"
"Percentage achieving at least the expected standard in all ELGs","2019","Year","Asian","White/Black/Asian/Mixed/Chinese/All","E06000037","ONS geography code","West Berkshire","Girls","Boys/Girls/All","94","33","","Local Authority"
"Percentage achieving at least the expected standard in all ELGs","2019","Year","Asian","White/Black/Asian/Mixed/Chinese/All","E06000037","ONS geography code","West Berkshire","Boys","Boys/Girls/All","67","46","","Local Authority"
"Percentage achieving at least the expected standard in all ELGs","2019","Year","Asian","White/Black/Asian/Mixed/Chinese/All","E06000037","ONS geography code","West Berkshire","All","Boys/Girls/All","78","79","","Local Authority"
"Percentage achieving at least the expected standard in all ELGs","2019","Year","Black","White/Black/Asian/Mixed/Chinese/All","E06000037","ONS geography code","West Berkshire","Boys","Boys/Girls/All","64","11","","Local Authority"
"Percentage achieving at least the expected standard in all ELGs","2019","Year","Black","White/Black/Asian/Mixed/Chinese/All","E06000037","ONS geography code","West Berkshire","Girls","Boys/Girls/All","67","12","","Local Authority"
"Percentage achieving at least the expected standard in all ELGs","2019","Year","Black","White/Black/Asian/Mixed/Chinese/All","E06000037","ONS geography code","West Berkshire","All","Boys/Girls/All","65","23","","Local Authority"
"Percentage achieving at least the expected standard in all ELGs","2019","Year","Chinese","White/Black/Asian/Mixed/Chinese/All","E06000037","ONS geography code","West Berkshire","Girls","Boys/Girls/All","?","1","","Local Authority"
"Percentage achieving at least the expected standard in all ELGs","2019","Year","Chinese","White/Black/Asian/Mixed/Chinese/All","E06000037","ONS geography code","West Berkshire","Boys","Boys/Girls/All","?","2","","Local Authority"
"Percentage achieving at least the expected standard in all ELGs","2019","Year","Chinese","White/Black/Asian/Mixed/Chinese/All","E06000037","ONS geography code","West Berkshire","All","Boys/Girls/All","?","3","","Local Authority"
"Percentage achieving at least the expected standard in all ELGs","2019","Year","Mixed","White/Black/Asian/Mixed/Chinese/All","E06000037","ONS geography code","West Berkshire","Boys","Boys/Girls/All","71","48","","Local Authority"
"Percentage achieving at least the expected standard in all ELGs","2019","Year","Mixed","White/Black/Asian/Mixed/Chinese/All","E06000037","ONS geography code","West Berkshire","Girls","Boys/Girls/All","80","51","","Local Authority"
"Percentage achieving at least the expected standard in all ELGs","2019","Year","Mixed","White/Black/Asian/Mixed/Chinese/All","E06000037","ONS geography code","West Berkshire","All","Boys/Girls/All","76","99","","Local Authority"
"Percentage achieving at least the expected standard in all ELGs","2019","Year","White","White/Black/Asian/Mixed/Chinese/All","E06000037","ONS geography code","West Berkshire","Boys","Boys/Girls/All","69","793","","Local Authority"
"Percentage achieving at least the expected standard in all ELGs","2019","Year","White","White/Black/Asian/Mixed/Chinese/All","E06000037","ONS geography code","West Berkshire","Girls","Boys/Girls/All","80","799","","Local Authority"
"Percentage achieving at least the expected standard in all ELGs","2019","Year","White","White/Black/Asian/Mixed/Chinese/All","E06000037","ONS geography code","West Berkshire","All","Boys/Girls/All","75","1592","","Local Authority"
"Percentage achieving at least the expected standard in all ELGs","2019","Year","All","White/Black/Asian/Mixed/Chinese/All","E12000005","ONS geography code","West Midlands","Girls","Boys/Girls/All","76","34880","","Regional"
"Percentage achieving at least the expected standard in all ELGs","2019","Year","All","White/Black/Asian/Mixed/Chinese/All","E12000005","ONS geography code","West Midlands","Boys","Boys/Girls/All","62","36364","","Regional"
"Percentage achieving at least the expected standard in all ELGs","2019","Year","All","White/Black/Asian/Mixed/Chinese/All","E12000005","ONS geography code","West Midlands","All","Boys/Girls/All","69","71244","","Regional"
"Percentage achieving at least the expected standard in all ELGs","2019","Year","Asian","White/Black/Asian/Mixed/Chinese/All","E12000005","ONS geography code","West Midlands","Girls","Boys/Girls/All","75","5701","","Regional"
"Percentage achieving at least the expected standard in all ELGs","2019","Year","Asian","White/Black/Asian/Mixed/Chinese/All","E12000005","ONS geography code","West Midlands","Boys","Boys/Girls/All","60","6080","","Regional"
"Percentage achieving at least the expected standard in all ELGs","2019","Year","Asian","White/Black/Asian/Mixed/Chinese/All","E12000005","ONS geography code","West Midlands","All","Boys/Girls/All","67","11781","","Regional"
"Percentage achieving at least the expected standard in all ELGs","2019","Year","Black","White/Black/Asian/Mixed/Chinese/All","E12000005","ONS geography code","West Midlands","Girls","Boys/Girls/All","75","1789","","Regional"
"Percentage achieving at least the expected standard in all ELGs","2019","Year","Black","White/Black/Asian/Mixed/Chinese/All","E12000005","ONS geography code","West Midlands","Boys","Boys/Girls/All","58","1935","","Regional"
"Percentage achieving at least the expected standard in all ELGs","2019","Year","Black","White/Black/Asian/Mixed/Chinese/All","E12000005","ONS geography code","West Midlands","All","Boys/Girls/All","66","3724","","Regional"
"Percentage achieving at least the expected standard in all ELGs","2019","Year","Chinese","White/Black/Asian/Mixed/Chinese/All","E12000005","ONS geography code","West Midlands","Girls","Boys/Girls/All","82","129","","Regional"
"Percentage achieving at least the expected standard in all ELGs","2019","Year","Chinese","White/Black/Asian/Mixed/Chinese/All","E12000005","ONS geography code","West Midlands","Boys","Boys/Girls/All","71","143","","Regional"
"Percentage achieving at least the expected standard in all ELGs","2019","Year","Chinese","White/Black/Asian/Mixed/Chinese/All","E12000005","ONS geography code","West Midlands","All","Boys/Girls/All","76","272","","Regional"
"Percentage achieving at least the expected standard in all ELGs","2019","Year","Mixed","White/Black/Asian/Mixed/Chinese/All","E12000005","ONS geography code","West Midlands","Girls","Boys/Girls/All","76","2496","","Regional"
"Percentage achieving at least the expected standard in all ELGs","2019","Year","Mixed","White/Black/Asian/Mixed/Chinese/All","E12000005","ONS geography code","West Midlands","Boys","Boys/Girls/All","63","2642","","Regional"
"Percentage achieving at least the expected standard in all ELGs","2019","Year","Mixed","White/Black/Asian/Mixed/Chinese/All","E12000005","ONS geography code","West Midlands","All","Boys/Girls/All","69","5138","","Regional"
"Percentage achieving at least the expected standard in all ELGs","2019","Year","White","White/Black/Asian/Mixed/Chinese/All","E12000005","ONS geography code","West Midlands","Girls","Boys/Girls/All","77","22982","","Regional"
"Percentage achieving at least the expected standard in all ELGs","2019","Year","White","White/Black/Asian/Mixed/Chinese/All","E12000005","ONS geography code","West Midlands","Boys","Boys/Girls/All","64","23714","","Regional"
"Percentage achieving at least the expected standard in all ELGs","2019","Year","White","White/Black/Asian/Mixed/Chinese/All","E12000005","ONS geography code","West Midlands","All","Boys/Girls/All","70","46696","","Regional"
"Percentage achieving at least the expected standard in all ELGs","2019","Year","All","White/Black/Asian/Mixed/Chinese/All","E10000032","ONS geography code","West Sussex","Girls","Boys/Girls/All","78","4393","","Local Authority"
"Percentage achieving at least the expected standard in all ELGs","2019","Year","All","White/Black/Asian/Mixed/Chinese/All","E10000032","ONS geography code","West Sussex","Boys","Boys/Girls/All","64","4842","","Local Authority"
"Percentage achieving at least the expected standard in all ELGs","2019","Year","All","White/Black/Asian/Mixed/Chinese/All","E10000032","ONS geography code","West Sussex","All","Boys/Girls/All","71","9235","","Local Authority"
"Percentage achieving at least the expected standard in all ELGs","2019","Year","Asian","White/Black/Asian/Mixed/Chinese/All","E10000032","ONS geography code","West Sussex","Girls","Boys/Girls/All","70","229","","Local Authority"
"Percentage achieving at least the expected standard in all ELGs","2019","Year","Asian","White/Black/Asian/Mixed/Chinese/All","E10000032","ONS geography code","West Sussex","Boys","Boys/Girls/All","59","269","","Local Authority"
"Percentage achieving at least the expected standard in all ELGs","2019","Year","Asian","White/Black/Asian/Mixed/Chinese/All","E10000032","ONS geography code","West Sussex","All","Boys/Girls/All","64","498","","Local Authority"
"Percentage achieving at least the expected standard in all ELGs","2019","Year","Black","White/Black/Asian/Mixed/Chinese/All","E10000032","ONS geography code","West Sussex","Girls","Boys/Girls/All","65","55","","Local Authority"
"Percentage achieving at least the expected standard in all ELGs","2019","Year","Black","White/Black/Asian/Mixed/Chinese/All","E10000032","ONS geography code","West Sussex","Boys","Boys/Girls/All","57","65","","Local Authority"
"Percentage achieving at least the expected standard in all ELGs","2019","Year","Black","White/Black/Asian/Mixed/Chinese/All","E10000032","ONS geography code","West Sussex","All","Boys/Girls/All","61","120","","Local Authority"
"Percentage achieving at least the expected standard in all ELGs","2019","Year","Chinese","White/Black/Asian/Mixed/Chinese/All","E10000032","ONS geography code","West Sussex","Girls","Boys/Girls/All","55","11","","Local Authority"
"Percentage achieving at least the expected standard in all ELGs","2019","Year","Chinese","White/Black/Asian/Mixed/Chinese/All","E10000032","ONS geography code","West Sussex","Boys","Boys/Girls/All","53","15","","Local Authority"
"Percentage achieving at least the expected standard in all ELGs","2019","Year","Chinese","White/Black/Asian/Mixed/Chinese/All","E10000032","ONS geography code","West Sussex","All","Boys/Girls/All","54","26","","Local Authority"
"Percentage achieving at least the expected standard in all ELGs","2019","Year","Mixed","White/Black/Asian/Mixed/Chinese/All","E10000032","ONS geography code","West Sussex","Girls","Boys/Girls/All","80","236","","Local Authority"
"Percentage achieving at least the expected standard in all ELGs","2019","Year","Mixed","White/Black/Asian/Mixed/Chinese/All","E10000032","ONS geography code","West Sussex","Boys","Boys/Girls/All","67","261","","Local Authority"
"Percentage achieving at least the expected standard in all ELGs","2019","Year","Mixed","White/Black/Asian/Mixed/Chinese/All","E10000032","ONS geography code","West Sussex","All","Boys/Girls/All","73","497","","Local Authority"
"Percentage achieving at least the expected standard in all ELGs","2019","Year","White","White/Black/Asian/Mixed/Chinese/All","E10000032","ONS geography code","West Sussex","Girls","Boys/Girls/All","79","3671","","Local Authority"
"Percentage achieving at least the expected standard in all ELGs","2019","Year","White","White/Black/Asian/Mixed/Chinese/All","E10000032","ONS geography code","West Sussex","Boys","Boys/Girls/All","65","4010","","Local Authority"
"Percentage achieving at least the expected standard in all ELGs","2019","Year","White","White/Black/Asian/Mixed/Chinese/All","E10000032","ONS geography code","West Sussex","All","Boys/Girls/All","72","7681","","Local Authority"
"Percentage achieving at least the expected standard in all ELGs","2019","Year","All","White/Black/Asian/Mixed/Chinese/All","E09000033","ONS geography code","Westminster","Girls","Boys/Girls/All","77","637","","Local Authority"
"Percentage achieving at least the expected standard in all ELGs","2019","Year","All","White/Black/Asian/Mixed/Chinese/All","E09000033","ONS geography code","Westminster","Boys","Boys/Girls/All","63","646","","Local Authority"
"Percentage achieving at least the expected standard in all ELGs","2019","Year","All","White/Black/Asian/Mixed/Chinese/All","E09000033","ONS geography code","Westminster","All","Boys/Girls/All","70","1283","","Local Authority"
"Percentage achieving at least the expected standard in all ELGs","2019","Year","Asian","White/Black/Asian/Mixed/Chinese/All","E09000033","ONS geography code","Westminster","Girls","Boys/Girls/All","80","88","","Local Authority"
"Percentage achieving at least the expected standard in all ELGs","2019","Year","Asian","White/Black/Asian/Mixed/Chinese/All","E09000033","ONS geography code","Westminster","Boys","Boys/Girls/All","74","104","","Local Authority"
"Percentage achieving at least the expected standard in all ELGs","2019","Year","Asian","White/Black/Asian/Mixed/Chinese/All","E09000033","ONS geography code","Westminster","All","Boys/Girls/All","77","192","","Local Authority"
"Percentage achieving at least the expected standard in all ELGs","2019","Year","Black","White/Black/Asian/Mixed/Chinese/All","E09000033","ONS geography code","Westminster","Girls","Boys/Girls/All","86","76","","Local Authority"
"Percentage achieving at least the expected standard in all ELGs","2019","Year","Black","White/Black/Asian/Mixed/Chinese/All","E09000033","ONS geography code","Westminster","Boys","Boys/Girls/All","55","85","","Local Authority"
"Percentage achieving at least the expected standard in all ELGs","2019","Year","Black","White/Black/Asian/Mixed/Chinese/All","E09000033","ONS geography code","Westminster","All","Boys/Girls/All","70","161","","Local Authority"
"Percentage achieving at least the expected standard in all ELGs","2019","Year","Chinese","White/Black/Asian/Mixed/Chinese/All","E09000033","ONS geography code","Westminster","Boys","Boys/Girls/All","80","10","","Local Authority"
"Percentage achieving at least the expected standard in all ELGs","2019","Year","Chinese","White/Black/Asian/Mixed/Chinese/All","E09000033","ONS geography code","Westminster","Girls","Boys/Girls/All","89","18","","Local Authority"
"Percentage achieving at least the expected standard in all ELGs","2019","Year","Chinese","White/Black/Asian/Mixed/Chinese/All","E09000033","ONS geography code","Westminster","All","Boys/Girls/All","86","28","","Local Authority"
"Percentage achieving at least the expected standard in all ELGs","2019","Year","Mixed","White/Black/Asian/Mixed/Chinese/All","E09000033","ONS geography code","Westminster","Girls","Boys/Girls/All","79","77","","Local Authority"
"Percentage achieving at least the expected standard in all ELGs","2019","Year","Mixed","White/Black/Asian/Mixed/Chinese/All","E09000033","ONS geography code","Westminster","Boys","Boys/Girls/All","58","81","","Local Authority"
"Percentage achieving at least the expected standard in all ELGs","2019","Year","Mixed","White/Black/Asian/Mixed/Chinese/All","E09000033","ONS geography code","Westminster","All","Boys/Girls/All","68","158","","Local Authority"
"Percentage achieving at least the expected standard in all ELGs","2019","Year","White","White/Black/Asian/Mixed/Chinese/All","E09000033","ONS geography code","Westminster","Boys","Boys/Girls/All","72","157","","Local Authority"
"Percentage achieving at least the expected standard in all ELGs","2019","Year","White","White/Black/Asian/Mixed/Chinese/All","E09000033","ONS geography code","Westminster","Girls","Boys/Girls/All","80","168","","Local Authority"
"Percentage achieving at least the expected standard in all ELGs","2019","Year","White","White/Black/Asian/Mixed/Chinese/All","E09000033","ONS geography code","Westminster","All","Boys/Girls/All","76","325","","Local Authority"
"Percentage achieving at least the expected standard in all ELGs","2019","Year","All","White/Black/Asian/Mixed/Chinese/All","E08000010","ONS geography code","Wigan","Girls","Boys/Girls/All","74","1762","","Local Authority"
"Percentage achieving at least the expected standard in all ELGs","2019","Year","All","White/Black/Asian/Mixed/Chinese/All","E08000010","ONS geography code","Wigan","Boys","Boys/Girls/All","60","1883","","Local Authority"
"Percentage achieving at least the expected standard in all ELGs","2019","Year","All","White/Black/Asian/Mixed/Chinese/All","E08000010","ONS geography code","Wigan","All","Boys/Girls/All","66","3645","","Local Authority"
"Percentage achieving at least the expected standard in all ELGs","2019","Year","Asian","White/Black/Asian/Mixed/Chinese/All","E08000010","ONS geography code","Wigan","Girls","Boys/Girls/All","59","27","","Local Authority"
"Percentage achieving at least the expected standard in all ELGs","2019","Year","Asian","White/Black/Asian/Mixed/Chinese/All","E08000010","ONS geography code","Wigan","Boys","Boys/Girls/All","44","34","","Local Authority"
"Percentage achieving at least the expected standard in all ELGs","2019","Year","Asian","White/Black/Asian/Mixed/Chinese/All","E08000010","ONS geography code","Wigan","All","Boys/Girls/All","51","61","","Local Authority"
"Percentage achieving at least the expected standard in all ELGs","2019","Year","Black","White/Black/Asian/Mixed/Chinese/All","E08000010","ONS geography code","Wigan","Girls","Boys/Girls/All","69","26","","Local Authority"
"Percentage achieving at least the expected standard in all ELGs","2019","Year","Black","White/Black/Asian/Mixed/Chinese/All","E08000010","ONS geography code","Wigan","Boys","Boys/Girls/All","47","30","","Local Authority"
"Percentage achieving at least the expected standard in all ELGs","2019","Year","Black","White/Black/Asian/Mixed/Chinese/All","E08000010","ONS geography code","Wigan","All","Boys/Girls/All","57","56","","Local Authority"
"Percentage achieving at least the expected standard in all ELGs","2019","Year","Chinese","White/Black/Asian/Mixed/Chinese/All","E08000010","ONS geography code","Wigan","Boys","Boys/Girls/All","?","3","","Local Authority"
"Percentage achieving at least the expected standard in all ELGs","2019","Year","Chinese","White/Black/Asian/Mixed/Chinese/All","E08000010","ONS geography code","Wigan","Girls","Boys/Girls/All","78","9","","Local Authority"
"Percentage achieving at least the expected standard in all ELGs","2019","Year","Chinese","White/Black/Asian/Mixed/Chinese/All","E08000010","ONS geography code","Wigan","All","Boys/Girls/All","75","12","","Local Authority"
"Percentage achieving at least the expected standard in all ELGs","2019","Year","Mixed","White/Black/Asian/Mixed/Chinese/All","E08000010","ONS geography code","Wigan","Girls","Boys/Girls/All","75","44","","Local Authority"
"Percentage achieving at least the expected standard in all ELGs","2019","Year","Mixed","White/Black/Asian/Mixed/Chinese/All","E08000010","ONS geography code","Wigan","Boys","Boys/Girls/All","61","59","","Local Authority"
"Percentage achieving at least the expected standard in all ELGs","2019","Year","Mixed","White/Black/Asian/Mixed/Chinese/All","E08000010","ONS geography code","Wigan","All","Boys/Girls/All","67","103","","Local Authority"
"Percentage achieving at least the expected standard in all ELGs","2019","Year","White","White/Black/Asian/Mixed/Chinese/All","E08000010","ONS geography code","Wigan","Girls","Boys/Girls/All","74","1611","","Local Authority"
"Percentage achieving at least the expected standard in all ELGs","2019","Year","White","White/Black/Asian/Mixed/Chinese/All","E08000010","ONS geography code","Wigan","Boys","Boys/Girls/All","60","1703","","Local Authority"
"Percentage achieving at least the expected standard in all ELGs","2019","Year","White","White/Black/Asian/Mixed/Chinese/All","E08000010","ONS geography code","Wigan","All","Boys/Girls/All","67","3314","","Local Authority"
"Percentage achieving at least the expected standard in all ELGs","2019","Year","All","White/Black/Asian/Mixed/Chinese/All","E06000054","ONS geography code","Wiltshire","Girls","Boys/Girls/All","78","2663","","Local Authority"
"Percentage achieving at least the expected standard in all ELGs","2019","Year","All","White/Black/Asian/Mixed/Chinese/All","E06000054","ONS geography code","Wiltshire","Boys","Boys/Girls/All","65","2803","","Local Authority"
"Percentage achieving at least the expected standard in all ELGs","2019","Year","All","White/Black/Asian/Mixed/Chinese/All","E06000054","ONS geography code","Wiltshire","All","Boys/Girls/All","71","5466","","Local Authority"
"Percentage achieving at least the expected standard in all ELGs","2019","Year","Asian","White/Black/Asian/Mixed/Chinese/All","E06000054","ONS geography code","Wiltshire","Girls","Boys/Girls/All","87","39","","Local Authority"
"Percentage achieving at least the expected standard in all ELGs","2019","Year","Asian","White/Black/Asian/Mixed/Chinese/All","E06000054","ONS geography code","Wiltshire","Boys","Boys/Girls/All","57","46","","Local Authority"
"Percentage achieving at least the expected standard in all ELGs","2019","Year","Asian","White/Black/Asian/Mixed/Chinese/All","E06000054","ONS geography code","Wiltshire","All","Boys/Girls/All","71","85","","Local Authority"
"Percentage achieving at least the expected standard in all ELGs","2019","Year","Black","White/Black/Asian/Mixed/Chinese/All","E06000054","ONS geography code","Wiltshire","Boys","Boys/Girls/All","63","51","","Local Authority"
"Percentage achieving at least the expected standard in all ELGs","2019","Year","Black","White/Black/Asian/Mixed/Chinese/All","E06000054","ONS geography code","Wiltshire","Girls","Boys/Girls/All","70","54","","Local Authority"
"Percentage achieving at least the expected standard in all ELGs","2019","Year","Black","White/Black/Asian/Mixed/Chinese/All","E06000054","ONS geography code","Wiltshire","All","Boys/Girls/All","67","105","","Local Authority"
"Percentage achieving at least the expected standard in all ELGs","2019","Year","Chinese","White/Black/Asian/Mixed/Chinese/All","E06000054","ONS geography code","Wiltshire","Boys","Boys/Girls/All","?","3","","Local Authority"
"Percentage achieving at least the expected standard in all ELGs","2019","Year","Chinese","White/Black/Asian/Mixed/Chinese/All","E06000054","ONS geography code","Wiltshire","Girls","Boys/Girls/All","80","5","","Local Authority"
"Percentage achieving at least the expected standard in all ELGs","2019","Year","Chinese","White/Black/Asian/Mixed/Chinese/All","E06000054","ONS geography code","Wiltshire","All","Boys/Girls/All","75","8","","Local Authority"
"Percentage achieving at least the expected standard in all ELGs","2019","Year","Mixed","White/Black/Asian/Mixed/Chinese/All","E06000054","ONS geography code","Wiltshire","Boys","Boys/Girls/All","58","96","","Local Authority"
"Percentage achieving at least the expected standard in all ELGs","2019","Year","Mixed","White/Black/Asian/Mixed/Chinese/All","E06000054","ONS geography code","Wiltshire","Girls","Boys/Girls/All","77","105","","Local Authority"
"Percentage achieving at least the expected standard in all ELGs","2019","Year","Mixed","White/Black/Asian/Mixed/Chinese/All","E06000054","ONS geography code","Wiltshire","All","Boys/Girls/All","68","201","","Local Authority"
"Percentage achieving at least the expected standard in all ELGs","2019","Year","White","White/Black/Asian/Mixed/Chinese/All","E06000054","ONS geography code","Wiltshire","Girls","Boys/Girls/All","79","2316","","Local Authority"
"Percentage achieving at least the expected standard in all ELGs","2019","Year","White","White/Black/Asian/Mixed/Chinese/All","E06000054","ONS geography code","Wiltshire","Boys","Boys/Girls/All","66","2474","","Local Authority"
"Percentage achieving at least the expected standard in all ELGs","2019","Year","White","White/Black/Asian/Mixed/Chinese/All","E06000054","ONS geography code","Wiltshire","All","Boys/Girls/All","72","4790","","Local Authority"
"Percentage achieving at least the expected standard in all ELGs","2019","Year","All","White/Black/Asian/Mixed/Chinese/All","E06000040","ONS geography code","Windsor and Maidenhead","Girls","Boys/Girls/All","78","809","","Local Authority"
"Percentage achieving at least the expected standard in all ELGs","2019","Year","All","White/Black/Asian/Mixed/Chinese/All","E06000040","ONS geography code","Windsor and Maidenhead","Boys","Boys/Girls/All","70","822","","Local Authority"
"Percentage achieving at least the expected standard in all ELGs","2019","Year","All","White/Black/Asian/Mixed/Chinese/All","E06000040","ONS geography code","Windsor and Maidenhead","All","Boys/Girls/All","74","1631","","Local Authority"
"Percentage achieving at least the expected standard in all ELGs","2019","Year","Asian","White/Black/Asian/Mixed/Chinese/All","E06000040","ONS geography code","Windsor and Maidenhead","Girls","Boys/Girls/All","74","120","","Local Authority"
"Percentage achieving at least the expected standard in all ELGs","2019","Year","Asian","White/Black/Asian/Mixed/Chinese/All","E06000040","ONS geography code","Windsor and Maidenhead","Boys","Boys/Girls/All","63","134","","Local Authority"
"Percentage achieving at least the expected standard in all ELGs","2019","Year","Asian","White/Black/Asian/Mixed/Chinese/All","E06000040","ONS geography code","Windsor and Maidenhead","All","Boys/Girls/All","68","254","","Local Authority"
"Percentage achieving at least the expected standard in all ELGs","2019","Year","Black","White/Black/Asian/Mixed/Chinese/All","E06000040","ONS geography code","Windsor and Maidenhead","Girls","Boys/Girls/All","83","6","","Local Authority"
"Percentage achieving at least the expected standard in all ELGs","2019","Year","Black","White/Black/Asian/Mixed/Chinese/All","E06000040","ONS geography code","Windsor and Maidenhead","Boys","Boys/Girls/All","88","8","","Local Authority"
"Percentage achieving at least the expected standard in all ELGs","2019","Year","Black","White/Black/Asian/Mixed/Chinese/All","E06000040","ONS geography code","Windsor and Maidenhead","All","Boys/Girls/All","86","14","","Local Authority"
"Percentage achieving at least the expected standard in all ELGs","2019","Year","Chinese","White/Black/Asian/Mixed/Chinese/All","E06000040","ONS geography code","Windsor and Maidenhead","Boys","Boys/Girls/All","N/A","0","","Local Authority"
"Percentage achieving at least the expected standard in all ELGs","2019","Year","Chinese","White/Black/Asian/Mixed/Chinese/All","E06000040","ONS geography code","Windsor and Maidenhead","All","Boys/Girls/All","?","3","","Local Authority"
"Percentage achieving at least the expected standard in all ELGs","2019","Year","Chinese","White/Black/Asian/Mixed/Chinese/All","E06000040","ONS geography code","Windsor and Maidenhead","Girls","Boys/Girls/All","?","3","","Local Authority"
"Percentage achieving at least the expected standard in all ELGs","2019","Year","Mixed","White/Black/Asian/Mixed/Chinese/All","E06000040","ONS geography code","Windsor and Maidenhead","Boys","Boys/Girls/All","63","75","","Local Authority"
"Percentage achieving at least the expected standard in all ELGs","2019","Year","Mixed","White/Black/Asian/Mixed/Chinese/All","E06000040","ONS geography code","Windsor and Maidenhead","Girls","Boys/Girls/All","84","81","","Local Authority"
"Percentage achieving at least the expected standard in all ELGs","2019","Year","Mixed","White/Black/Asian/Mixed/Chinese/All","E06000040","ONS geography code","Windsor and Maidenhead","All","Boys/Girls/All","74","156","","Local Authority"
"Percentage achieving at least the expected standard in all ELGs","2019","Year","White","White/Black/Asian/Mixed/Chinese/All","E06000040","ONS geography code","Windsor and Maidenhead","Girls","Boys/Girls/All","79","531","","Local Authority"
"Percentage achieving at least the expected standard in all ELGs","2019","Year","White","White/Black/Asian/Mixed/Chinese/All","E06000040","ONS geography code","Windsor and Maidenhead","Boys","Boys/Girls/All","74","550","","Local Authority"
"Percentage achieving at least the expected standard in all ELGs","2019","Year","White","White/Black/Asian/Mixed/Chinese/All","E06000040","ONS geography code","Windsor and Maidenhead","All","Boys/Girls/All","76","1081","","Local Authority"
"Percentage achieving at least the expected standard in all ELGs","2019","Year","All","White/Black/Asian/Mixed/Chinese/All","E08000015","ONS geography code","Wirral","Girls","Boys/Girls/All","74","1763","","Local Authority"
"Percentage achieving at least the expected standard in all ELGs","2019","Year","All","White/Black/Asian/Mixed/Chinese/All","E08000015","ONS geography code","Wirral","Boys","Boys/Girls/All","61","1907","","Local Authority"
"Percentage achieving at least the expected standard in all ELGs","2019","Year","All","White/Black/Asian/Mixed/Chinese/All","E08000015","ONS geography code","Wirral","All","Boys/Girls/All","67","3670","","Local Authority"
"Percentage achieving at least the expected standard in all ELGs","2019","Year","Asian","White/Black/Asian/Mixed/Chinese/All","E08000015","ONS geography code","Wirral","Girls","Boys/Girls/All","60","25","","Local Authority"
"Percentage achieving at least the expected standard in all ELGs","2019","Year","Asian","White/Black/Asian/Mixed/Chinese/All","E08000015","ONS geography code","Wirral","Boys","Boys/Girls/All","58","33","","Local Authority"
"Percentage achieving at least the expected standard in all ELGs","2019","Year","Asian","White/Black/Asian/Mixed/Chinese/All","E08000015","ONS geography code","Wirral","All","Boys/Girls/All","59","58","","Local Authority"
"Percentage achieving at least the expected standard in all ELGs","2019","Year","Black","White/Black/Asian/Mixed/Chinese/All","E08000015","ONS geography code","Wirral","Girls","Boys/Girls/All","?","2","","Local Authority"
"Percentage achieving at least the expected standard in all ELGs","2019","Year","Black","White/Black/Asian/Mixed/Chinese/All","E08000015","ONS geography code","Wirral","Boys","Boys/Girls/All","?","4","","Local Authority"
"Percentage achieving at least the expected standard in all ELGs","2019","Year","Black","White/Black/Asian/Mixed/Chinese/All","E08000015","ONS geography code","Wirral","All","Boys/Girls/All","83","6","","Local Authority"
"Percentage achieving at least the expected standard in all ELGs","2019","Year","Chinese","White/Black/Asian/Mixed/Chinese/All","E08000015","ONS geography code","Wirral","Girls","Boys/Girls/All","40","5","","Local Authority"
"Percentage achieving at least the expected standard in all ELGs","2019","Year","Chinese","White/Black/Asian/Mixed/Chinese/All","E08000015","ONS geography code","Wirral","Boys","Boys/Girls/All","73","11","","Local Authority"
"Percentage achieving at least the expected standard in all ELGs","2019","Year","Chinese","White/Black/Asian/Mixed/Chinese/All","E08000015","ONS geography code","Wirral","All","Boys/Girls/All","63","16","","Local Authority"
"Percentage achieving at least the expected standard in all ELGs","2019","Year","Mixed","White/Black/Asian/Mixed/Chinese/All","E08000015","ONS geography code","Wirral","Boys","Boys/Girls/All","65","46","","Local Authority"
"Percentage achieving at least the expected standard in all ELGs","2019","Year","Mixed","White/Black/Asian/Mixed/Chinese/All","E08000015","ONS geography code","Wirral","Girls","Boys/Girls/All","84","51","","Local Authority"
"Percentage achieving at least the expected standard in all ELGs","2019","Year","Mixed","White/Black/Asian/Mixed/Chinese/All","E08000015","ONS geography code","Wirral","All","Boys/Girls/All","75","97","","Local Authority"
"Percentage achieving at least the expected standard in all ELGs","2019","Year","White","White/Black/Asian/Mixed/Chinese/All","E08000015","ONS geography code","Wirral","Girls","Boys/Girls/All","75","1641","","Local Authority"
"Percentage achieving at least the expected standard in all ELGs","2019","Year","White","White/Black/Asian/Mixed/Chinese/All","E08000015","ONS geography code","Wirral","Boys","Boys/Girls/All","61","1775","","Local Authority"
"Percentage achieving at least the expected standard in all ELGs","2019","Year","White","White/Black/Asian/Mixed/Chinese/All","E08000015","ONS geography code","Wirral","All","Boys/Girls/All","68","3416","","Local Authority"
"Percentage achieving at least the expected standard in all ELGs","2019","Year","All","White/Black/Asian/Mixed/Chinese/All","E06000041","ONS geography code","Wokingham","Girls","Boys/Girls/All","81","1073","","Local Authority"
"Percentage achieving at least the expected standard in all ELGs","2019","Year","All","White/Black/Asian/Mixed/Chinese/All","E06000041","ONS geography code","Wokingham","Boys","Boys/Girls/All","71","1102","","Local Authority"
"Percentage achieving at least the expected standard in all ELGs","2019","Year","All","White/Black/Asian/Mixed/Chinese/All","E06000041","ONS geography code","Wokingham","All","Boys/Girls/All","76","2175","","Local Authority"
"Percentage achieving at least the expected standard in all ELGs","2019","Year","Asian","White/Black/Asian/Mixed/Chinese/All","E06000041","ONS geography code","Wokingham","Boys","Boys/Girls/All","73","160","","Local Authority"
"Percentage achieving at least the expected standard in all ELGs","2019","Year","Asian","White/Black/Asian/Mixed/Chinese/All","E06000041","ONS geography code","Wokingham","Girls","Boys/Girls/All","84","165","","Local Authority"
"Percentage achieving at least the expected standard in all ELGs","2019","Year","Asian","White/Black/Asian/Mixed/Chinese/All","E06000041","ONS geography code","Wokingham","All","Boys/Girls/All","78","325","","Local Authority"
"Percentage achieving at least the expected standard in all ELGs","2019","Year","Black","White/Black/Asian/Mixed/Chinese/All","E06000041","ONS geography code","Wokingham","Boys","Boys/Girls/All","76","25","","Local Authority"
"Percentage achieving at least the expected standard in all ELGs","2019","Year","Black","White/Black/Asian/Mixed/Chinese/All","E06000041","ONS geography code","Wokingham","Girls","Boys/Girls/All","79","28","","Local Authority"
"Percentage achieving at least the expected standard in all ELGs","2019","Year","Black","White/Black/Asian/Mixed/Chinese/All","E06000041","ONS geography code","Wokingham","All","Boys/Girls/All","77","53","","Local Authority"
"Percentage achieving at least the expected standard in all ELGs","2019","Year","Chinese","White/Black/Asian/Mixed/Chinese/All","E06000041","ONS geography code","Wokingham","Girls","Boys/Girls/All","86","14","","Local Authority"
"Percentage achieving at least the expected standard in all ELGs","2019","Year","Chinese","White/Black/Asian/Mixed/Chinese/All","E06000041","ONS geography code","Wokingham","Boys","Boys/Girls/All","88","16","","Local Authority"
"Percentage achieving at least the expected standard in all ELGs","2019","Year","Chinese","White/Black/Asian/Mixed/Chinese/All","E06000041","ONS geography code","Wokingham","All","Boys/Girls/All","87","30","","Local Authority"
"Percentage achieving at least the expected standard in all ELGs","2019","Year","Mixed","White/Black/Asian/Mixed/Chinese/All","E06000041","ONS geography code","Wokingham","Girls","Boys/Girls/All","84","85","","Local Authority"
"Percentage achieving at least the expected standard in all ELGs","2019","Year","Mixed","White/Black/Asian/Mixed/Chinese/All","E06000041","ONS geography code","Wokingham","Boys","Boys/Girls/All","72","92","","Local Authority"
"Percentage achieving at least the expected standard in all ELGs","2019","Year","Mixed","White/Black/Asian/Mixed/Chinese/All","E06000041","ONS geography code","Wokingham","All","Boys/Girls/All","77","177","","Local Authority"
"Percentage achieving at least the expected standard in all ELGs","2019","Year","White","White/Black/Asian/Mixed/Chinese/All","E06000041","ONS geography code","Wokingham","Girls","Boys/Girls/All","82","708","","Local Authority"
"Percentage achieving at least the expected standard in all ELGs","2019","Year","White","White/Black/Asian/Mixed/Chinese/All","E06000041","ONS geography code","Wokingham","Boys","Boys/Girls/All","70","749","","Local Authority"
"Percentage achieving at least the expected standard in all ELGs","2019","Year","White","White/Black/Asian/Mixed/Chinese/All","E06000041","ONS geography code","Wokingham","All","Boys/Girls/All","76","1457","","Local Authority"
"Percentage achieving at least the expected standard in all ELGs","2019","Year","All","White/Black/Asian/Mixed/Chinese/All","E08000031","ONS geography code","Wolverhampton","Girls","Boys/Girls/All","73","1678","","Local Authority"
"Percentage achieving at least the expected standard in all ELGs","2019","Year","All","White/Black/Asian/Mixed/Chinese/All","E08000031","ONS geography code","Wolverhampton","Boys","Boys/Girls/All","61","1809","","Local Authority"
"Percentage achieving at least the expected standard in all ELGs","2019","Year","All","White/Black/Asian/Mixed/Chinese/All","E08000031","ONS geography code","Wolverhampton","All","Boys/Girls/All","67","3487","","Local Authority"
"Percentage achieving at least the expected standard in all ELGs","2019","Year","Asian","White/Black/Asian/Mixed/Chinese/All","E08000031","ONS geography code","Wolverhampton","Girls","Boys/Girls/All","74","375","","Local Authority"
"Percentage achieving at least the expected standard in all ELGs","2019","Year","Asian","White/Black/Asian/Mixed/Chinese/All","E08000031","ONS geography code","Wolverhampton","Boys","Boys/Girls/All","62","439","","Local Authority"
"Percentage achieving at least the expected standard in all ELGs","2019","Year","Asian","White/Black/Asian/Mixed/Chinese/All","E08000031","ONS geography code","Wolverhampton","All","Boys/Girls/All","67","814","","Local Authority"
"Percentage achieving at least the expected standard in all ELGs","2019","Year","Black","White/Black/Asian/Mixed/Chinese/All","E08000031","ONS geography code","Wolverhampton","Girls","Boys/Girls/All","73","158","","Local Authority"
"Percentage achieving at least the expected standard in all ELGs","2019","Year","Black","White/Black/Asian/Mixed/Chinese/All","E08000031","ONS geography code","Wolverhampton","Boys","Boys/Girls/All","56","180","","Local Authority"
"Percentage achieving at least the expected standard in all ELGs","2019","Year","Black","White/Black/Asian/Mixed/Chinese/All","E08000031","ONS geography code","Wolverhampton","All","Boys/Girls/All","64","338","","Local Authority"
"Percentage achieving at least the expected standard in all ELGs","2019","Year","Chinese","White/Black/Asian/Mixed/Chinese/All","E08000031","ONS geography code","Wolverhampton","Girls","Boys/Girls/All","80","5","","Local Authority"
"Percentage achieving at least the expected standard in all ELGs","2019","Year","Chinese","White/Black/Asian/Mixed/Chinese/All","E08000031","ONS geography code","Wolverhampton","Boys","Boys/Girls/All","70","10","","Local Authority"
"Percentage achieving at least the expected standard in all ELGs","2019","Year","Chinese","White/Black/Asian/Mixed/Chinese/All","E08000031","ONS geography code","Wolverhampton","All","Boys/Girls/All","73","15","","Local Authority"
"Percentage achieving at least the expected standard in all ELGs","2019","Year","Mixed","White/Black/Asian/Mixed/Chinese/All","E08000031","ONS geography code","Wolverhampton","Girls","Boys/Girls/All","75","234","","Local Authority"
"Percentage achieving at least the expected standard in all ELGs","2019","Year","Mixed","White/Black/Asian/Mixed/Chinese/All","E08000031","ONS geography code","Wolverhampton","Boys","Boys/Girls/All","66","245","","Local Authority"
"Percentage achieving at least the expected standard in all ELGs","2019","Year","Mixed","White/Black/Asian/Mixed/Chinese/All","E08000031","ONS geography code","Wolverhampton","All","Boys/Girls/All","70","479","","Local Authority"
"Percentage achieving at least the expected standard in all ELGs","2019","Year","White","White/Black/Asian/Mixed/Chinese/All","E08000031","ONS geography code","Wolverhampton","Girls","Boys/Girls/All","73","853","","Local Authority"
"Percentage achieving at least the expected standard in all ELGs","2019","Year","White","White/Black/Asian/Mixed/Chinese/All","E08000031","ONS geography code","Wolverhampton","Boys","Boys/Girls/All","61","871","","Local Authority"
"Percentage achieving at least the expected standard in all ELGs","2019","Year","White","White/Black/Asian/Mixed/Chinese/All","E08000031","ONS geography code","Wolverhampton","All","Boys/Girls/All","67","1724","","Local Authority"
"Percentage achieving at least the expected standard in all ELGs","2019","Year","All","White/Black/Asian/Mixed/Chinese/All","E10000034","ONS geography code","Worcestershire","Girls","Boys/Girls/All","77","3083","","Local Authority"
"Percentage achieving at least the expected standard in all ELGs","2019","Year","All","White/Black/Asian/Mixed/Chinese/All","E10000034","ONS geography code","Worcestershire","Boys","Boys/Girls/All","65","3158","","Local Authority"
"Percentage achieving at least the expected standard in all ELGs","2019","Year","All","White/Black/Asian/Mixed/Chinese/All","E10000034","ONS geography code","Worcestershire","All","Boys/Girls/All","71","6241","","Local Authority"
"Percentage achieving at least the expected standard in all ELGs","2019","Year","Asian","White/Black/Asian/Mixed/Chinese/All","E10000034","ONS geography code","Worcestershire","Girls","Boys/Girls/All","73","108","","Local Authority"
"Percentage achieving at least the expected standard in all ELGs","2019","Year","Asian","White/Black/Asian/Mixed/Chinese/All","E10000034","ONS geography code","Worcestershire","Boys","Boys/Girls/All","59","118","","Local Authority"
"Percentage achieving at least the expected standard in all ELGs","2019","Year","Asian","White/Black/Asian/Mixed/Chinese/All","E10000034","ONS geography code","Worcestershire","All","Boys/Girls/All","66","226","","Local Authority"
"Percentage achieving at least the expected standard in all ELGs","2019","Year","Black","White/Black/Asian/Mixed/Chinese/All","E10000034","ONS geography code","Worcestershire","Boys","Boys/Girls/All","50","16","","Local Authority"
"Percentage achieving at least the expected standard in all ELGs","2019","Year","Black","White/Black/Asian/Mixed/Chinese/All","E10000034","ONS geography code","Worcestershire","Girls","Boys/Girls/All","71","21","","Local Authority"
"Percentage achieving at least the expected standard in all ELGs","2019","Year","Black","White/Black/Asian/Mixed/Chinese/All","E10000034","ONS geography code","Worcestershire","All","Boys/Girls/All","62","37","","Local Authority"
"Percentage achieving at least the expected standard in all ELGs","2019","Year","Chinese","White/Black/Asian/Mixed/Chinese/All","E10000034","ONS geography code","Worcestershire","Boys","Boys/Girls/All","80","5","","Local Authority"
"Percentage achieving at least the expected standard in all ELGs","2019","Year","Chinese","White/Black/Asian/Mixed/Chinese/All","E10000034","ONS geography code","Worcestershire","Girls","Boys/Girls/All","80","10","","Local Authority"
"Percentage achieving at least the expected standard in all ELGs","2019","Year","Chinese","White/Black/Asian/Mixed/Chinese/All","E10000034","ONS geography code","Worcestershire","All","Boys/Girls/All","80","15","","Local Authority"
"Percentage achieving at least the expected standard in all ELGs","2019","Year","Mixed","White/Black/Asian/Mixed/Chinese/All","E10000034","ONS geography code","Worcestershire","Girls","Boys/Girls/All","75","122","","Local Authority"
"Percentage achieving at least the expected standard in all ELGs","2019","Year","Mixed","White/Black/Asian/Mixed/Chinese/All","E10000034","ONS geography code","Worcestershire","Boys","Boys/Girls/All","70","140","","Local Authority"
"Percentage achieving at least the expected standard in all ELGs","2019","Year","Mixed","White/Black/Asian/Mixed/Chinese/All","E10000034","ONS geography code","Worcestershire","All","Boys/Girls/All","72","262","","Local Authority"
"Percentage achieving at least the expected standard in all ELGs","2019","Year","White","White/Black/Asian/Mixed/Chinese/All","E10000034","ONS geography code","Worcestershire","Girls","Boys/Girls/All","78","2691","","Local Authority"
"Percentage achieving at least the expected standard in all ELGs","2019","Year","White","White/Black/Asian/Mixed/Chinese/All","E10000034","ONS geography code","Worcestershire","Boys","Boys/Girls/All","66","2752","","Local Authority"
"Percentage achieving at least the expected standard in all ELGs","2019","Year","White","White/Black/Asian/Mixed/Chinese/All","E10000034","ONS geography code","Worcestershire","All","Boys/Girls/All","72","5443","","Local Authority"
"Percentage achieving at least the expected standard in all ELGs","2019","Year","All","White/Black/Asian/Mixed/Chinese/All","E06000014","ONS geography code","York","Girls","Boys/Girls/All","79","960","","Local Authority"
"Percentage achieving at least the expected standard in all ELGs","2019","Year","All","White/Black/Asian/Mixed/Chinese/All","E06000014","ONS geography code","York","Boys","Boys/Girls/All","69","990","","Local Authority"
"Percentage achieving at least the expected standard in all ELGs","2019","Year","All","White/Black/Asian/Mixed/Chinese/All","E06000014","ONS geography code","York","All","Boys/Girls/All","74","1950","","Local Authority"
"Percentage achieving at least the expected standard in all ELGs","2019","Year","Asian","White/Black/Asian/Mixed/Chinese/All","E06000014","ONS geography code","York","Boys","Boys/Girls/All","56","18","","Local Authority"
"Percentage achieving at least the expected standard in all ELGs","2019","Year","Asian","White/Black/Asian/Mixed/Chinese/All","E06000014","ONS geography code","York","Girls","Boys/Girls/All","54","24","","Local Authority"
"Percentage achieving at least the expected standard in all ELGs","2019","Year","Asian","White/Black/Asian/Mixed/Chinese/All","E06000014","ONS geography code","York","All","Boys/Girls/All","55","42","","Local Authority"
"Percentage achieving at least the expected standard in all ELGs","2019","Year","Black","White/Black/Asian/Mixed/Chinese/All","E06000014","ONS geography code","York","Girls","Boys/Girls/All","83","6","","Local Authority"
"Percentage achieving at least the expected standard in all ELGs","2019","Year","Black","White/Black/Asian/Mixed/Chinese/All","E06000014","ONS geography code","York","Boys","Boys/Girls/All","86","7","","Local Authority"
"Percentage achieving at least the expected standard in all ELGs","2019","Year","Black","White/Black/Asian/Mixed/Chinese/All","E06000014","ONS geography code","York","All","Boys/Girls/All","85","13","","Local Authority"
"Percentage achieving at least the expected standard in all ELGs","2019","Year","Chinese","White/Black/Asian/Mixed/Chinese/All","E06000014","ONS geography code","York","Girls","Boys/Girls/All","?","4","","Local Authority"
"Percentage achieving at least the expected standard in all ELGs","2019","Year","Chinese","White/Black/Asian/Mixed/Chinese/All","E06000014","ONS geography code","York","Boys","Boys/Girls/All","83","6","","Local Authority"
"Percentage achieving at least the expected standard in all ELGs","2019","Year","Chinese","White/Black/Asian/Mixed/Chinese/All","E06000014","ONS geography code","York","All","Boys/Girls/All","90","10","","Local Authority"
"Percentage achieving at least the expected standard in all ELGs","2019","Year","Mixed","White/Black/Asian/Mixed/Chinese/All","E06000014","ONS geography code","York","Boys","Boys/Girls/All","64","28","","Local Authority"
"Percentage achieving at least the expected standard in all ELGs","2019","Year","Mixed","White/Black/Asian/Mixed/Chinese/All","E06000014","ONS geography code","York","Girls","Boys/Girls/All","72","39","","Local Authority"
"Percentage achieving at least the expected standard in all ELGs","2019","Year","Mixed","White/Black/Asian/Mixed/Chinese/All","E06000014","ONS geography code","York","All","Boys/Girls/All","69","67","","Local Authority"
"Percentage achieving at least the expected standard in all ELGs","2019","Year","White","White/Black/Asian/Mixed/Chinese/All","E06000014","ONS geography code","York","Girls","Boys/Girls/All","81","833","","Local Authority"
"Percentage achieving at least the expected standard in all ELGs","2019","Year","White","White/Black/Asian/Mixed/Chinese/All","E06000014","ONS geography code","York","Boys","Boys/Girls/All","70","879","","Local Authority"
"Percentage achieving at least the expected standard in all ELGs","2019","Year","White","White/Black/Asian/Mixed/Chinese/All","E06000014","ONS geography code","York","All","Boys/Girls/All","75","1712","","Local Authority"
"Percentage achieving at least the expected standard in all ELGs","2019","Year","All","White/Black/Asian/Mixed/Chinese/All","E12000003","ONS geography code","Yorkshire and the Humber","Girls","Boys/Girls/All","76","31047","","Regional"
"Percentage achieving at least the expected standard in all ELGs","2019","Year","All","White/Black/Asian/Mixed/Chinese/All","E12000003","ONS geography code","Yorkshire and the Humber","Boys","Boys/Girls/All","62","32544","","Regional"
"Percentage achieving at least the expected standard in all ELGs","2019","Year","All","White/Black/Asian/Mixed/Chinese/All","E12000003","ONS geography code","Yorkshire and the Humber","All","Boys/Girls/All","69","63591","","Regional"
"Percentage achieving at least the expected standard in all ELGs","2019","Year","Asian","White/Black/Asian/Mixed/Chinese/All","E12000003","ONS geography code","Yorkshire and the Humber","Girls","Boys/Girls/All","72","3717","","Regional"
"Percentage achieving at least the expected standard in all ELGs","2019","Year","Asian","White/Black/Asian/Mixed/Chinese/All","E12000003","ONS geography code","Yorkshire and the Humber","Boys","Boys/Girls/All","57","3875","","Regional"
"Percentage achieving at least the expected standard in all ELGs","2019","Year","Asian","White/Black/Asian/Mixed/Chinese/All","E12000003","ONS geography code","Yorkshire and the Humber","All","Boys/Girls/All","65","7592","","Regional"
"Percentage achieving at least the expected standard in all ELGs","2019","Year","Black","White/Black/Asian/Mixed/Chinese/All","E12000003","ONS geography code","Yorkshire and the Humber","Girls","Boys/Girls/All","69","743","","Regional"
"Percentage achieving at least the expected standard in all ELGs","2019","Year","Black","White/Black/Asian/Mixed/Chinese/All","E12000003","ONS geography code","Yorkshire and the Humber","Boys","Boys/Girls/All","56","826","","Regional"
"Percentage achieving at least the expected standard in all ELGs","2019","Year","Black","White/Black/Asian/Mixed/Chinese/All","E12000003","ONS geography code","Yorkshire and the Humber","All","Boys/Girls/All","62","1569","","Regional"
"Percentage achieving at least the expected standard in all ELGs","2019","Year","Chinese","White/Black/Asian/Mixed/Chinese/All","E12000003","ONS geography code","Yorkshire and the Humber","Girls","Boys/Girls/All","83","76","","Regional"
"Percentage achieving at least the expected standard in all ELGs","2019","Year","Chinese","White/Black/Asian/Mixed/Chinese/All","E12000003","ONS geography code","Yorkshire and the Humber","Boys","Boys/Girls/All","66","101","","Regional"
"Percentage achieving at least the expected standard in all ELGs","2019","Year","Chinese","White/Black/Asian/Mixed/Chinese/All","E12000003","ONS geography code","Yorkshire and the Humber","All","Boys/Girls/All","73","177","","Regional"
"Percentage achieving at least the expected standard in all ELGs","2019","Year","Mixed","White/Black/Asian/Mixed/Chinese/All","E12000003","ONS geography code","Yorkshire and the Humber","Boys","Boys/Girls/All","61","1652","","Regional"
"Percentage achieving at least the expected standard in all ELGs","2019","Year","Mixed","White/Black/Asian/Mixed/Chinese/All","E12000003","ONS geography code","Yorkshire and the Humber","Girls","Boys/Girls/All","76","1658","","Regional"
"Percentage achieving at least the expected standard in all ELGs","2019","Year","Mixed","White/Black/Asian/Mixed/Chinese/All","E12000003","ONS geography code","Yorkshire and the Humber","All","Boys/Girls/All","68","3310","","Regional"
"Percentage achieving at least the expected standard in all ELGs","2019","Year","White","White/Black/Asian/Mixed/Chinese/All","E12000003","ONS geography code","Yorkshire and the Humber","Girls","Boys/Girls/All","78","23520","","Regional"
"Percentage achieving at least the expected standard in all ELGs","2019","Year","White","White/Black/Asian/Mixed/Chinese/All","E12000003","ONS geography code","Yorkshire and the Humber","Boys","Boys/Girls/All","63","24766","","Regional"
"Percentage achieving at least the expected standard in all ELGs","2019","Year","White","White/Black/Asian/Mixed/Chinese/All","E12000003","ONS geography code","Yorkshire and the Humber","All","Boys/Girls/All","70","48286","","Regional"
