"Measure","Ethnicity","Ethnicity_type","Time","Time_type","Geography","Geography_type","Geography_code","Gender","Age","Value","Value_type","Numerator","Denominator"
"Percentage of pupils reaching the key stage 2 expected standard in reading, writing and mathematics by ethnicity ","All","ONS 2011 5+1","2017-2018","Academic Year","Barking and Dagenham","Country","E09000002","All","10-11","67","%","2270","3410"
"Percentage of pupils reaching the key stage 2 expected standard in reading, writing and mathematics by ethnicity ","All","ONS 2011 5+1","2017-2018","Academic Year","Barnet","Country","E09000003","All","10-11","73","%","2901","3978"
"Percentage of pupils reaching the key stage 2 expected standard in reading, writing and mathematics by ethnicity ","All","ONS 2011 5+1","2017-2018","Academic Year","Barnsley","Country","E08000016","All","10-11","65","%","1760","2721"
"Percentage of pupils reaching the key stage 2 expected standard in reading, writing and mathematics by ethnicity ","All","ONS 2011 5+1","2017-2018","Academic Year","Bath and North East Somerset","Country","E06000022","All","10-11","66","%","1256","1899"
"Percentage of pupils reaching the key stage 2 expected standard in reading, writing and mathematics by ethnicity ","All","ONS 2011 5+1","2017-2018","Academic Year","Bedford","Country","E06000055","All","10-11","48","%","971","2023"
"Percentage of pupils reaching the key stage 2 expected standard in reading, writing and mathematics by ethnicity ","All","ONS 2011 5+1","2017-2018","Academic Year","Bexley","Country","E09000004","All","10-11","70","%","2231","3183"
"Percentage of pupils reaching the key stage 2 expected standard in reading, writing and mathematics by ethnicity ","All","ONS 2011 5+1","2017-2018","Academic Year","Birmingham","Country","E08000025","All","10-11","61","%","9524","15587"
"Percentage of pupils reaching the key stage 2 expected standard in reading, writing and mathematics by ethnicity ","All","ONS 2011 5+1","2017-2018","Academic Year","Blackburn with Darwen","Country","E06000008","All","10-11","66","%","1427","2176"
"Percentage of pupils reaching the key stage 2 expected standard in reading, writing and mathematics by ethnicity ","All","ONS 2011 5+1","2017-2018","Academic Year","Blackpool","Country","E06000009","All","10-11","62","%","1018","1653"
"Percentage of pupils reaching the key stage 2 expected standard in reading, writing and mathematics by ethnicity ","All","ONS 2011 5+1","2017-2018","Academic Year","Bolton","Country","E08000001","All","10-11","66","%","2478","3765"
"Percentage of pupils reaching the key stage 2 expected standard in reading, writing and mathematics by ethnicity ","All","ONS 2011 5+1","2017-2018","Academic Year","Bournemouth","Country","E06000028","All","10-11","67","%","1112","1654"
"Percentage of pupils reaching the key stage 2 expected standard in reading, writing and mathematics by ethnicity ","All","ONS 2011 5+1","2017-2018","Academic Year","Bracknell Forest","Country","E06000036","All","10-11","64","%","874","1374"
"Percentage of pupils reaching the key stage 2 expected standard in reading, writing and mathematics by ethnicity ","All","ONS 2011 5+1","2017-2018","Academic Year","Bradford","Country","E08000032","All","10-11","61","%","4639","7656"
"Percentage of pupils reaching the key stage 2 expected standard in reading, writing and mathematics by ethnicity ","All","ONS 2011 5+1","2017-2018","Academic Year","Brent","Country","E09000005","All","10-11","63","%","2309","3644"
"Percentage of pupils reaching the key stage 2 expected standard in reading, writing and mathematics by ethnicity ","All","ONS 2011 5+1","2017-2018","Academic Year","Brighton and Hove","Country","E06000043","All","10-11","67","%","1768","2631"
"Percentage of pupils reaching the key stage 2 expected standard in reading, writing and mathematics by ethnicity ","All","ONS 2011 5+1","2017-2018","Academic Year","Bristol, City of","Country","E06000023","All","10-11","63","%","2922","4641"
"Percentage of pupils reaching the key stage 2 expected standard in reading, writing and mathematics by ethnicity ","All","ONS 2011 5+1","2017-2018","Academic Year","Bromley","Country","E09000006","All","10-11","75","%","2736","3652"
"Percentage of pupils reaching the key stage 2 expected standard in reading, writing and mathematics by ethnicity ","All","ONS 2011 5+1","2017-2018","Academic Year","Buckinghamshire","Country","E10000002","All","10-11","66","%","4051","6119"
"Percentage of pupils reaching the key stage 2 expected standard in reading, writing and mathematics by ethnicity ","All","ONS 2011 5+1","2017-2018","Academic Year","Bury","Country","E08000002","All","10-11","64","%","1465","2297"
"Percentage of pupils reaching the key stage 2 expected standard in reading, writing and mathematics by ethnicity ","All","ONS 2011 5+1","2017-2018","Academic Year","Calderdale","Country","E08000033","All","10-11","62","%","1622","2627"
"Percentage of pupils reaching the key stage 2 expected standard in reading, writing and mathematics by ethnicity ","All","ONS 2011 5+1","2017-2018","Academic Year","Cambridgeshire","Country","E10000003","All","10-11","61","%","4156","6769"
"Percentage of pupils reaching the key stage 2 expected standard in reading, writing and mathematics by ethnicity ","All","ONS 2011 5+1","2017-2018","Academic Year","Camden","Country","E09000007","All","10-11","72","%","1087","1501"
"Percentage of pupils reaching the key stage 2 expected standard in reading, writing and mathematics by ethnicity ","All","ONS 2011 5+1","2017-2018","Academic Year","Central Bedfordshire","Country","E06000056","All","10-11","62","%","2046","3291"
"Percentage of pupils reaching the key stage 2 expected standard in reading, writing and mathematics by ethnicity ","All","ONS 2011 5+1","2017-2018","Academic Year","Cheshire East","Country","E06000049","All","10-11","68","%","2735","4036"
"Percentage of pupils reaching the key stage 2 expected standard in reading, writing and mathematics by ethnicity ","All","ONS 2011 5+1","2017-2018","Academic Year","Cheshire West and Chester","Country","E06000050","All","10-11","64","%","2422","3808"
"Percentage of pupils reaching the key stage 2 expected standard in reading, writing and mathematics by ethnicity ","All","ONS 2011 5+1","2017-2018","Academic Year","City of London","Country","E09000001","All","10-11","72","%","21","29"
"Percentage of pupils reaching the key stage 2 expected standard in reading, writing and mathematics by ethnicity ","All","ONS 2011 5+1","2017-2018","Academic Year","Cornwall","Country","E06000052","All","10-11","61","%","3524","5779"
"Percentage of pupils reaching the key stage 2 expected standard in reading, writing and mathematics by ethnicity ","All","ONS 2011 5+1","2017-2018","Academic Year","County Durham","Country","E06000047","All","10-11","68","%","3766","5559"
"Percentage of pupils reaching the key stage 2 expected standard in reading, writing and mathematics by ethnicity ","All","ONS 2011 5+1","2017-2018","Academic Year","Coventry","Country","E08000026","All","10-11","62","%","2583","4179"
"Percentage of pupils reaching the key stage 2 expected standard in reading, writing and mathematics by ethnicity ","All","ONS 2011 5+1","2017-2018","Academic Year","Croydon","Country","E09000008","All","10-11","67","%","3006","4460"
"Percentage of pupils reaching the key stage 2 expected standard in reading, writing and mathematics by ethnicity ","All","ONS 2011 5+1","2017-2018","Academic Year","Cumbria","Country","E10000006","All","10-11","65","%","3318","5122"
"Percentage of pupils reaching the key stage 2 expected standard in reading, writing and mathematics by ethnicity ","All","ONS 2011 5+1","2017-2018","Academic Year","Darlington","Country","E06000005","All","10-11","65","%","800","1231"
"Percentage of pupils reaching the key stage 2 expected standard in reading, writing and mathematics by ethnicity ","All","ONS 2011 5+1","2017-2018","Academic Year","Derby","Country","E06000015","All","10-11","60","%","1942","3216"
"Percentage of pupils reaching the key stage 2 expected standard in reading, writing and mathematics by ethnicity ","All","ONS 2011 5+1","2017-2018","Academic Year","Derbyshire","Country","E10000007","All","10-11","64","%","5257","8222"
"Percentage of pupils reaching the key stage 2 expected standard in reading, writing and mathematics by ethnicity ","All","ONS 2011 5+1","2017-2018","Academic Year","Devon","Country","E10000008","All","10-11","64","%","4999","7789"
"Percentage of pupils reaching the key stage 2 expected standard in reading, writing and mathematics by ethnicity ","All","ONS 2011 5+1","2017-2018","Academic Year","Doncaster","Country","E08000017","All","10-11","60","%","2114","3506"
"Percentage of pupils reaching the key stage 2 expected standard in reading, writing and mathematics by ethnicity ","All","ONS 2011 5+1","2017-2018","Academic Year","Dorset","Country","E10000009","All","10-11","60","%","2586","4323"
"Percentage of pupils reaching the key stage 2 expected standard in reading, writing and mathematics by ethnicity ","All","ONS 2011 5+1","2017-2018","Academic Year","Dudley","Country","E08000027","All","10-11","58","%","2108","3659"
"Percentage of pupils reaching the key stage 2 expected standard in reading, writing and mathematics by ethnicity ","All","ONS 2011 5+1","2017-2018","Academic Year","Ealing","Country","E09000009","All","10-11","68","%","2789","4098"
"Percentage of pupils reaching the key stage 2 expected standard in reading, writing and mathematics by ethnicity ","All","ONS 2011 5+1","2017-2018","Academic Year","East Riding of Yorkshire","Country","E06000011","All","10-11","64","%","2280","3549"
"Percentage of pupils reaching the key stage 2 expected standard in reading, writing and mathematics by ethnicity ","All","ONS 2011 5+1","2017-2018","Academic Year","East Sussex","Country","E10000011","All","10-11","64","%","3411","5326"
"Percentage of pupils reaching the key stage 2 expected standard in reading, writing and mathematics by ethnicity ","All","ONS 2011 5+1","2017-2018","Academic Year","Enfield","Country","E09000010","All","10-11","65","%","2864","4436"
"Percentage of pupils reaching the key stage 2 expected standard in reading, writing and mathematics by ethnicity ","All","ONS 2011 5+1","2017-2018","Academic Year","Essex","Country","E10000012","All","10-11","66","%","10557","16111"
"Percentage of pupils reaching the key stage 2 expected standard in reading, writing and mathematics by ethnicity ","All","ONS 2011 5+1","2017-2018","Academic Year","Gateshead","Country","E08000037","All","10-11","71","%","1479","2085"
"Percentage of pupils reaching the key stage 2 expected standard in reading, writing and mathematics by ethnicity ","All","ONS 2011 5+1","2017-2018","Academic Year","Gloucestershire","Country","E10000013","All","10-11","63","%","4100","6460"
"Percentage of pupils reaching the key stage 2 expected standard in reading, writing and mathematics by ethnicity ","All","ONS 2011 5+1","2017-2018","Academic Year","Greenwich","Country","E09000011","All","10-11","70","%","2282","3247"
"Percentage of pupils reaching the key stage 2 expected standard in reading, writing and mathematics by ethnicity ","All","ONS 2011 5+1","2017-2018","Academic Year","Hackney","Country","E09000012","All","10-11","71","%","1782","2516"
"Percentage of pupils reaching the key stage 2 expected standard in reading, writing and mathematics by ethnicity ","All","ONS 2011 5+1","2017-2018","Academic Year","Halton","Country","E06000006","All","10-11","63","%","927","1467"
"Percentage of pupils reaching the key stage 2 expected standard in reading, writing and mathematics by ethnicity ","All","ONS 2011 5+1","2017-2018","Academic Year","Hammersmith and Fulham","Country","E09000013","All","10-11","74","%","995","1340"
"Percentage of pupils reaching the key stage 2 expected standard in reading, writing and mathematics by ethnicity ","All","ONS 2011 5+1","2017-2018","Academic Year","Hampshire","Country","E10000014","All","10-11","68","%","9850","14458"
"Percentage of pupils reaching the key stage 2 expected standard in reading, writing and mathematics by ethnicity ","All","ONS 2011 5+1","2017-2018","Academic Year","Haringey","Country","E09000014","All","10-11","66","%","2035","3071"
"Percentage of pupils reaching the key stage 2 expected standard in reading, writing and mathematics by ethnicity ","All","ONS 2011 5+1","2017-2018","Academic Year","Harrow","Country","E09000015","All","10-11","73","%","2012","2753"
"Percentage of pupils reaching the key stage 2 expected standard in reading, writing and mathematics by ethnicity ","All","ONS 2011 5+1","2017-2018","Academic Year","Hartlepool","Country","E06000001","All","10-11","67","%","754","1133"
"Percentage of pupils reaching the key stage 2 expected standard in reading, writing and mathematics by ethnicity ","All","ONS 2011 5+1","2017-2018","Academic Year","Havering","Country","E09000016","All","10-11","70","%","2080","2961"
"Percentage of pupils reaching the key stage 2 expected standard in reading, writing and mathematics by ethnicity ","All","ONS 2011 5+1","2017-2018","Academic Year","Herefordshire, County of","Country","E06000019","All","10-11","68","%","1279","1881"
"Percentage of pupils reaching the key stage 2 expected standard in reading, writing and mathematics by ethnicity ","All","ONS 2011 5+1","2017-2018","Academic Year","Hertfordshire","Country","E10000015","All","10-11","67","%","9084","13616"
"Percentage of pupils reaching the key stage 2 expected standard in reading, writing and mathematics by ethnicity ","All","ONS 2011 5+1","2017-2018","Academic Year","Hillingdon","Country","E09000017","All","10-11","66","%","2434","3665"
"Percentage of pupils reaching the key stage 2 expected standard in reading, writing and mathematics by ethnicity ","All","ONS 2011 5+1","2017-2018","Academic Year","Hounslow","Country","E09000018","All","10-11","70","%","2065","2957"
"Percentage of pupils reaching the key stage 2 expected standard in reading, writing and mathematics by ethnicity ","All","ONS 2011 5+1","2017-2018","Academic Year","Isle of Wight","Country","E06000046","All","10-11","54","%","717","1318"
"Percentage of pupils reaching the key stage 2 expected standard in reading, writing and mathematics by ethnicity ","All","ONS 2011 5+1","2017-2018","Academic Year","Isles of Scilly","Country","E06000053","All","10-11","56","%","19","34"
"Percentage of pupils reaching the key stage 2 expected standard in reading, writing and mathematics by ethnicity ","All","ONS 2011 5+1","2017-2018","Academic Year","Islington","Country","E09000019","All","10-11","69","%","1280","1862"
"Percentage of pupils reaching the key stage 2 expected standard in reading, writing and mathematics by ethnicity ","All","ONS 2011 5+1","2017-2018","Academic Year","Kensington and Chelsea","Country","E09000020","All","10-11","76","%","728","960"
"Percentage of pupils reaching the key stage 2 expected standard in reading, writing and mathematics by ethnicity ","All","ONS 2011 5+1","2017-2018","Academic Year","Kent","Country","E10000016","All","10-11","67","%","11557","17319"
"Percentage of pupils reaching the key stage 2 expected standard in reading, writing and mathematics by ethnicity ","All","ONS 2011 5+1","2017-2018","Academic Year","Kingston upon Hull, City of","Country","E06000010","All","10-11","67","%","2093","3119"
"Percentage of pupils reaching the key stage 2 expected standard in reading, writing and mathematics by ethnicity ","All","ONS 2011 5+1","2017-2018","Academic Year","Kingston upon Thames","Country","E09000021","All","10-11","71","%","1265","1789"
"Percentage of pupils reaching the key stage 2 expected standard in reading, writing and mathematics by ethnicity ","All","ONS 2011 5+1","2017-2018","Academic Year","Kirklees","Country","E08000034","All","10-11","62","%","3251","5281"
"Percentage of pupils reaching the key stage 2 expected standard in reading, writing and mathematics by ethnicity ","All","ONS 2011 5+1","2017-2018","Academic Year","Knowsley","Country","E08000011","All","10-11","62","%","1058","1720"
"Percentage of pupils reaching the key stage 2 expected standard in reading, writing and mathematics by ethnicity ","All","ONS 2011 5+1","2017-2018","Academic Year","Lambeth","Country","E09000022","All","10-11","70","%","2075","2962"
"Percentage of pupils reaching the key stage 2 expected standard in reading, writing and mathematics by ethnicity ","All","ONS 2011 5+1","2017-2018","Academic Year","Lancashire","Country","E10000017","All","10-11","65","%","8830","13624"
"Percentage of pupils reaching the key stage 2 expected standard in reading, writing and mathematics by ethnicity ","All","ONS 2011 5+1","2017-2018","Academic Year","Leeds","Country","E08000035","All","10-11","61","%","5457","8917"
"Percentage of pupils reaching the key stage 2 expected standard in reading, writing and mathematics by ethnicity ","All","ONS 2011 5+1","2017-2018","Academic Year","Leicester","Country","E06000016","All","10-11","62","%","2788","4479"
"Percentage of pupils reaching the key stage 2 expected standard in reading, writing and mathematics by ethnicity ","All","ONS 2011 5+1","2017-2018","Academic Year","Leicestershire","Country","E10000018","All","10-11","66","%","4940","7535"
"Percentage of pupils reaching the key stage 2 expected standard in reading, writing and mathematics by ethnicity ","All","ONS 2011 5+1","2017-2018","Academic Year","Lewisham","Country","E09000023","All","10-11","69","%","2317","3372"
"Percentage of pupils reaching the key stage 2 expected standard in reading, writing and mathematics by ethnicity ","All","ONS 2011 5+1","2017-2018","Academic Year","Lincolnshire","Country","E10000019","All","10-11","60","%","4620","7698"
"Percentage of pupils reaching the key stage 2 expected standard in reading, writing and mathematics by ethnicity ","All","ONS 2011 5+1","2017-2018","Academic Year","Liverpool","Country","E08000012","All","10-11","62","%","3038","4916"
"Percentage of pupils reaching the key stage 2 expected standard in reading, writing and mathematics by ethnicity ","All","ONS 2011 5+1","2017-2018","Academic Year","Luton","Country","E06000032","All","10-11","59","%","1830","3090"
"Percentage of pupils reaching the key stage 2 expected standard in reading, writing and mathematics by ethnicity ","All","ONS 2011 5+1","2017-2018","Academic Year","Manchester","Country","E08000003","All","10-11","62","%","4097","6583"
"Percentage of pupils reaching the key stage 2 expected standard in reading, writing and mathematics by ethnicity ","All","ONS 2011 5+1","2017-2018","Academic Year","Medway","Country","E06000035","All","10-11","63","%","2042","3246"
"Percentage of pupils reaching the key stage 2 expected standard in reading, writing and mathematics by ethnicity ","All","ONS 2011 5+1","2017-2018","Academic Year","Merton","Country","E09000024","All","10-11","69","%","1595","2308"
"Percentage of pupils reaching the key stage 2 expected standard in reading, writing and mathematics by ethnicity ","All","ONS 2011 5+1","2017-2018","Academic Year","Middlesbrough","Country","E06000002","All","10-11","64","%","1147","1794"
"Percentage of pupils reaching the key stage 2 expected standard in reading, writing and mathematics by ethnicity ","All","ONS 2011 5+1","2017-2018","Academic Year","Milton Keynes","Country","E06000042","All","10-11","65","%","2281","3526"
"Percentage of pupils reaching the key stage 2 expected standard in reading, writing and mathematics by ethnicity ","All","ONS 2011 5+1","2017-2018","Academic Year","Newcastle upon Tyne","Country","E08000021","All","10-11","70","%","1932","2777"
"Percentage of pupils reaching the key stage 2 expected standard in reading, writing and mathematics by ethnicity ","All","ONS 2011 5+1","2017-2018","Academic Year","Newham","Country","E09000025","All","10-11","76","%","3483","4594"
"Percentage of pupils reaching the key stage 2 expected standard in reading, writing and mathematics by ethnicity ","All","ONS 2011 5+1","2017-2018","Academic Year","Norfolk","Country","E10000020","All","10-11","59","%","5222","8787"
"Percentage of pupils reaching the key stage 2 expected standard in reading, writing and mathematics by ethnicity ","All","ONS 2011 5+1","2017-2018","Academic Year","North East Lincolnshire","Country","E06000012","All","10-11","65","%","1241","1896"
"Percentage of pupils reaching the key stage 2 expected standard in reading, writing and mathematics by ethnicity ","All","ONS 2011 5+1","2017-2018","Academic Year","North Lincolnshire","Country","E06000013","All","10-11","65","%","1278","1953"
"Percentage of pupils reaching the key stage 2 expected standard in reading, writing and mathematics by ethnicity ","All","ONS 2011 5+1","2017-2018","Academic Year","North Somerset","Country","E06000024","All","10-11","64","%","1529","2384"
"Percentage of pupils reaching the key stage 2 expected standard in reading, writing and mathematics by ethnicity ","All","ONS 2011 5+1","2017-2018","Academic Year","North Tyneside","Country","E08000022","All","10-11","68","%","1520","2228"
"Percentage of pupils reaching the key stage 2 expected standard in reading, writing and mathematics by ethnicity ","All","ONS 2011 5+1","2017-2018","Academic Year","North Yorkshire","Country","E10000023","All","10-11","62","%","3634","5849"
"Percentage of pupils reaching the key stage 2 expected standard in reading, writing and mathematics by ethnicity ","All","ONS 2011 5+1","2017-2018","Academic Year","Northamptonshire","Country","E10000021","All","10-11","61","%","5488","9000"
"Percentage of pupils reaching the key stage 2 expected standard in reading, writing and mathematics by ethnicity ","All","ONS 2011 5+1","2017-2018","Academic Year","Northumberland","Country","E06000057","All","10-11","65","%","2162","3347"
"Percentage of pupils reaching the key stage 2 expected standard in reading, writing and mathematics by ethnicity ","All","ONS 2011 5+1","2017-2018","Academic Year","Nottingham","Country","E06000018","All","10-11","62","%","2141","3455"
"Percentage of pupils reaching the key stage 2 expected standard in reading, writing and mathematics by ethnicity ","All","ONS 2011 5+1","2017-2018","Academic Year","Nottinghamshire","Country","E10000024","All","10-11","65","%","5889","9096"
"Percentage of pupils reaching the key stage 2 expected standard in reading, writing and mathematics by ethnicity ","All","ONS 2011 5+1","2017-2018","Academic Year","Oldham","Country","E08000004","All","10-11","63","%","2103","3350"
"Percentage of pupils reaching the key stage 2 expected standard in reading, writing and mathematics by ethnicity ","All","ONS 2011 5+1","2017-2018","Academic Year","Oxfordshire","Country","E10000025","All","10-11","63","%","4472","7062"
"Percentage of pupils reaching the key stage 2 expected standard in reading, writing and mathematics by ethnicity ","All","ONS 2011 5+1","2017-2018","Academic Year","Peterborough","Country","E06000031","All","10-11","54","%","1497","2771"
"Percentage of pupils reaching the key stage 2 expected standard in reading, writing and mathematics by ethnicity ","All","ONS 2011 5+1","2017-2018","Academic Year","Plymouth","Country","E06000026","All","10-11","63","%","1801","2879"
"Percentage of pupils reaching the key stage 2 expected standard in reading, writing and mathematics by ethnicity ","All","ONS 2011 5+1","2017-2018","Academic Year","Poole","Country","E06000029","All","10-11","61","%","860","1407"
"Percentage of pupils reaching the key stage 2 expected standard in reading, writing and mathematics by ethnicity ","All","ONS 2011 5+1","2017-2018","Academic Year","Portsmouth","Country","E06000044","All","10-11","57","%","1209","2132"
"Percentage of pupils reaching the key stage 2 expected standard in reading, writing and mathematics by ethnicity ","All","ONS 2011 5+1","2017-2018","Academic Year","Reading","Country","E06000038","All","10-11","60","%","984","1637"
"Percentage of pupils reaching the key stage 2 expected standard in reading, writing and mathematics by ethnicity ","All","ONS 2011 5+1","2017-2018","Academic Year","Redbridge","Country","E09000026","All","10-11","71","%","2774","3896"
"Percentage of pupils reaching the key stage 2 expected standard in reading, writing and mathematics by ethnicity ","All","ONS 2011 5+1","2017-2018","Academic Year","Redcar and Cleveland","Country","E06000003","All","10-11","71","%","1123","1589"
"Percentage of pupils reaching the key stage 2 expected standard in reading, writing and mathematics by ethnicity ","All","ONS 2011 5+1","2017-2018","Academic Year","Richmond upon Thames","Country","E09000027","All","10-11","81","%","1717","2130"
"Percentage of pupils reaching the key stage 2 expected standard in reading, writing and mathematics by ethnicity ","All","ONS 2011 5+1","2017-2018","Academic Year","Rochdale","Country","E08000005","All","10-11","60","%","1753","2901"
"Percentage of pupils reaching the key stage 2 expected standard in reading, writing and mathematics by ethnicity ","All","ONS 2011 5+1","2017-2018","Academic Year","Rotherham","Country","E08000018","All","10-11","62","%","2005","3244"
"Percentage of pupils reaching the key stage 2 expected standard in reading, writing and mathematics by ethnicity ","All","ONS 2011 5+1","2017-2018","Academic Year","Rutland","Country","E06000017","All","10-11","66","%","260","395"
"Percentage of pupils reaching the key stage 2 expected standard in reading, writing and mathematics by ethnicity ","All","ONS 2011 5+1","2017-2018","Academic Year","Salford","Country","E08000006","All","10-11","65","%","1858","2847"
"Percentage of pupils reaching the key stage 2 expected standard in reading, writing and mathematics by ethnicity ","All","ONS 2011 5+1","2017-2018","Academic Year","Sandwell","Country","E08000028","All","10-11","61","%","2624","4318"
"Percentage of pupils reaching the key stage 2 expected standard in reading, writing and mathematics by ethnicity ","All","ONS 2011 5+1","2017-2018","Academic Year","Sefton","Country","E08000014","All","10-11","67","%","1943","2908"
"Percentage of pupils reaching the key stage 2 expected standard in reading, writing and mathematics by ethnicity ","All","ONS 2011 5+1","2017-2018","Academic Year","Sheffield","Country","E08000019","All","10-11","62","%","3797","6090"
"Percentage of pupils reaching the key stage 2 expected standard in reading, writing and mathematics by ethnicity ","All","ONS 2011 5+1","2017-2018","Academic Year","Shropshire","Country","E06000051","All","10-11","63","%","1864","2941"
"Percentage of pupils reaching the key stage 2 expected standard in reading, writing and mathematics by ethnicity ","All","ONS 2011 5+1","2017-2018","Academic Year","Slough","Country","E06000039","All","10-11","69","%","1557","2271"
"Percentage of pupils reaching the key stage 2 expected standard in reading, writing and mathematics by ethnicity ","All","ONS 2011 5+1","2017-2018","Academic Year","Solihull","Country","E08000029","All","10-11","66","%","1753","2661"
"Percentage of pupils reaching the key stage 2 expected standard in reading, writing and mathematics by ethnicity ","All","ONS 2011 5+1","2017-2018","Academic Year","Somerset","Country","E10000027","All","10-11","62","%","3452","5589"
"Percentage of pupils reaching the key stage 2 expected standard in reading, writing and mathematics by ethnicity ","All","ONS 2011 5+1","2017-2018","Academic Year","South Gloucestershire","Country","E06000025","All","10-11","63","%","1981","3120"
"Percentage of pupils reaching the key stage 2 expected standard in reading, writing and mathematics by ethnicity ","All","ONS 2011 5+1","2017-2018","Academic Year","South Tyneside","Country","E08000023","All","10-11","68","%","1094","1616"
"Percentage of pupils reaching the key stage 2 expected standard in reading, writing and mathematics by ethnicity ","All","ONS 2011 5+1","2017-2018","Academic Year","Southampton","Country","E06000045","All","10-11","66","%","1707","2586"
"Percentage of pupils reaching the key stage 2 expected standard in reading, writing and mathematics by ethnicity ","All","ONS 2011 5+1","2017-2018","Academic Year","Southend-on-Sea","Country","E06000033","All","10-11","69","%","1440","2097"
"Percentage of pupils reaching the key stage 2 expected standard in reading, writing and mathematics by ethnicity ","All","ONS 2011 5+1","2017-2018","Academic Year","Southwark","Country","E09000028","All","10-11","69","%","2168","3153"
"Percentage of pupils reaching the key stage 2 expected standard in reading, writing and mathematics by ethnicity ","All","ONS 2011 5+1","2017-2018","Academic Year","St. Helens","Country","E08000013","All","10-11","63","%","1281","2046"
"Percentage of pupils reaching the key stage 2 expected standard in reading, writing and mathematics by ethnicity ","All","ONS 2011 5+1","2017-2018","Academic Year","Staffordshire","Country","E10000028","All","10-11","65","%","6098","9425"
"Percentage of pupils reaching the key stage 2 expected standard in reading, writing and mathematics by ethnicity ","All","ONS 2011 5+1","2017-2018","Academic Year","Stockport","Country","E08000007","All","10-11","67","%","2227","3333"
"Percentage of pupils reaching the key stage 2 expected standard in reading, writing and mathematics by ethnicity ","All","ONS 2011 5+1","2017-2018","Academic Year","Stockton-on-Tees","Country","E06000004","All","10-11","71","%","1694","2401"
"Percentage of pupils reaching the key stage 2 expected standard in reading, writing and mathematics by ethnicity ","All","ONS 2011 5+1","2017-2018","Academic Year","Stoke-on-Trent","Country","E06000021","All","10-11","58","%","1802","3083"
"Percentage of pupils reaching the key stage 2 expected standard in reading, writing and mathematics by ethnicity ","All","ONS 2011 5+1","2017-2018","Academic Year","Suffolk","Country","E10000029","All","10-11","61","%","4685","7719"
"Percentage of pupils reaching the key stage 2 expected standard in reading, writing and mathematics by ethnicity ","All","ONS 2011 5+1","2017-2018","Academic Year","Sunderland","Country","E08000024","All","10-11","68","%","2176","3185"
"Percentage of pupils reaching the key stage 2 expected standard in reading, writing and mathematics by ethnicity ","All","ONS 2011 5+1","2017-2018","Academic Year","Surrey","Country","E10000030","All","10-11","70","%","8440","12119"
"Percentage of pupils reaching the key stage 2 expected standard in reading, writing and mathematics by ethnicity ","All","ONS 2011 5+1","2017-2018","Academic Year","Sutton","Country","E09000029","All","10-11","74","%","1699","2286"
"Percentage of pupils reaching the key stage 2 expected standard in reading, writing and mathematics by ethnicity ","All","ONS 2011 5+1","2017-2018","Academic Year","Swindon","Country","E06000030","All","10-11","63","%","1763","2784"
"Percentage of pupils reaching the key stage 2 expected standard in reading, writing and mathematics by ethnicity ","All","ONS 2011 5+1","2017-2018","Academic Year","Tameside","Country","E08000008","All","10-11","64","%","1778","2799"
"Percentage of pupils reaching the key stage 2 expected standard in reading, writing and mathematics by ethnicity ","All","ONS 2011 5+1","2017-2018","Academic Year","Telford and Wrekin","Country","E06000020","All","10-11","67","%","1491","2232"
"Percentage of pupils reaching the key stage 2 expected standard in reading, writing and mathematics by ethnicity ","All","ONS 2011 5+1","2017-2018","Academic Year","Thurrock","Country","E06000034","All","10-11","66","%","1554","2354"
"Percentage of pupils reaching the key stage 2 expected standard in reading, writing and mathematics by ethnicity ","All","ONS 2011 5+1","2017-2018","Academic Year","Torbay","Country","E06000027","All","10-11","63","%","869","1386"
"Percentage of pupils reaching the key stage 2 expected standard in reading, writing and mathematics by ethnicity ","All","ONS 2011 5+1","2017-2018","Academic Year","Tower Hamlets","Country","E09000030","All","10-11","72","%","2324","3241"
"Percentage of pupils reaching the key stage 2 expected standard in reading, writing and mathematics by ethnicity ","All","ONS 2011 5+1","2017-2018","Academic Year","Trafford","Country","E08000009","All","10-11","76","%","2213","2925"
"Percentage of pupils reaching the key stage 2 expected standard in reading, writing and mathematics by ethnicity ","All","ONS 2011 5+1","2017-2018","Academic Year","Wakefield","Country","E08000036","All","10-11","60","%","2315","3851"
"Percentage of pupils reaching the key stage 2 expected standard in reading, writing and mathematics by ethnicity ","All","ONS 2011 5+1","2017-2018","Academic Year","Walsall","Country","E08000030","All","10-11","61","%","2200","3580"
"Percentage of pupils reaching the key stage 2 expected standard in reading, writing and mathematics by ethnicity ","All","ONS 2011 5+1","2017-2018","Academic Year","Waltham Forest","Country","E09000031","All","10-11","70","%","2264","3223"
"Percentage of pupils reaching the key stage 2 expected standard in reading, writing and mathematics by ethnicity ","All","ONS 2011 5+1","2017-2018","Academic Year","Wandsworth","Country","E09000032","All","10-11","71","%","1719","2428"
"Percentage of pupils reaching the key stage 2 expected standard in reading, writing and mathematics by ethnicity ","All","ONS 2011 5+1","2017-2018","Academic Year","Warrington","Country","E06000007","All","10-11","71","%","1792","2515"
"Percentage of pupils reaching the key stage 2 expected standard in reading, writing and mathematics by ethnicity ","All","ONS 2011 5+1","2017-2018","Academic Year","Warwickshire","Country","E10000031","All","10-11","67","%","4073","6061"
"Percentage of pupils reaching the key stage 2 expected standard in reading, writing and mathematics by ethnicity ","All","ONS 2011 5+1","2017-2018","Academic Year","West Berkshire","Country","E06000037","All","10-11","64","%","1130","1770"
"Percentage of pupils reaching the key stage 2 expected standard in reading, writing and mathematics by ethnicity ","All","ONS 2011 5+1","2017-2018","Academic Year","West Sussex","Country","E10000032","All","10-11","62","%","5413","8765"
"Percentage of pupils reaching the key stage 2 expected standard in reading, writing and mathematics by ethnicity ","All","ONS 2011 5+1","2017-2018","Academic Year","Westminster","Country","E09000033","All","10-11","72","%","1024","1428"
"Percentage of pupils reaching the key stage 2 expected standard in reading, writing and mathematics by ethnicity ","All","ONS 2011 5+1","2017-2018","Academic Year","Wigan","Country","E08000010","All","10-11","70","%","2495","3572"
"Percentage of pupils reaching the key stage 2 expected standard in reading, writing and mathematics by ethnicity ","All","ONS 2011 5+1","2017-2018","Academic Year","Wiltshire","Country","E06000054","All","10-11","63","%","3267","5173"
"Percentage of pupils reaching the key stage 2 expected standard in reading, writing and mathematics by ethnicity ","All","ONS 2011 5+1","2017-2018","Academic Year","Windsor and Maidenhead","Country","E06000040","All","10-11","69","%","1040","1517"
"Percentage of pupils reaching the key stage 2 expected standard in reading, writing and mathematics by ethnicity ","All","ONS 2011 5+1","2017-2018","Academic Year","Wirral","Country","E08000015","All","10-11","60","%","2269","3754"
"Percentage of pupils reaching the key stage 2 expected standard in reading, writing and mathematics by ethnicity ","All","ONS 2011 5+1","2017-2018","Academic Year","Wokingham","Country","E06000041","All","10-11","72","%","1421","1981"
"Percentage of pupils reaching the key stage 2 expected standard in reading, writing and mathematics by ethnicity ","All","ONS 2011 5+1","2017-2018","Academic Year","Wolverhampton","Country","E08000031","All","10-11","65","%","2121","3246"
"Percentage of pupils reaching the key stage 2 expected standard in reading, writing and mathematics by ethnicity ","All","ONS 2011 5+1","2017-2018","Academic Year","Worcestershire","Country","E10000034","All","10-11","61","%","3797","6220"
"Percentage of pupils reaching the key stage 2 expected standard in reading, writing and mathematics by ethnicity ","All","ONS 2011 5+1","2017-2018","Academic Year","York","Country","E06000014","All","10-11","66","%","1254","1894"
"Percentage of pupils reaching the key stage 2 expected standard in reading, writing and mathematics by ethnicity ","Asian","ONS 2011 5+1","2017-2018","Academic Year","Barking and Dagenham","Country","E09000002","All","10-11","75","%","515","691"
"Percentage of pupils reaching the key stage 2 expected standard in reading, writing and mathematics by ethnicity ","Asian","ONS 2011 5+1","2017-2018","Academic Year","Barnet","Country","E09000003","All","10-11","79","%","345","437"
"Percentage of pupils reaching the key stage 2 expected standard in reading, writing and mathematics by ethnicity ","Asian","ONS 2011 5+1","2017-2018","Academic Year","Barnsley","Country","E08000016","All","10-11","71","%","12","17"
"Percentage of pupils reaching the key stage 2 expected standard in reading, writing and mathematics by ethnicity ","Asian","ONS 2011 5+1","2017-2018","Academic Year","Bath and North East Somerset","Country","E06000022","All","10-11","64","%","18","28"
"Percentage of pupils reaching the key stage 2 expected standard in reading, writing and mathematics by ethnicity ","Asian","ONS 2011 5+1","2017-2018","Academic Year","Bedford","Country","E06000055","All","10-11","48","%","151","315"
"Percentage of pupils reaching the key stage 2 expected standard in reading, writing and mathematics by ethnicity ","Asian","ONS 2011 5+1","2017-2018","Academic Year","Bexley","Country","E09000004","All","10-11","86","%","216","252"
"Percentage of pupils reaching the key stage 2 expected standard in reading, writing and mathematics by ethnicity ","Asian","ONS 2011 5+1","2017-2018","Academic Year","Birmingham","Country","E08000025","All","10-11","63","%","3607","5689"
"Percentage of pupils reaching the key stage 2 expected standard in reading, writing and mathematics by ethnicity ","Asian","ONS 2011 5+1","2017-2018","Academic Year","Blackburn with Darwen","Country","E06000008","All","10-11","68","%","677","998"
"Percentage of pupils reaching the key stage 2 expected standard in reading, writing and mathematics by ethnicity ","Asian","ONS 2011 5+1","2017-2018","Academic Year","Blackpool","Country","E06000009","All","10-11","71","%","22","31"
"Percentage of pupils reaching the key stage 2 expected standard in reading, writing and mathematics by ethnicity ","Asian","ONS 2011 5+1","2017-2018","Academic Year","Bolton","Country","E08000001","All","10-11","68","%","605","890"
"Percentage of pupils reaching the key stage 2 expected standard in reading, writing and mathematics by ethnicity ","Asian","ONS 2011 5+1","2017-2018","Academic Year","Bournemouth","Country","E06000028","All","10-11","88","%","60","68"
"Percentage of pupils reaching the key stage 2 expected standard in reading, writing and mathematics by ethnicity ","Asian","ONS 2011 5+1","2017-2018","Academic Year","Bracknell Forest","Country","E06000036","All","10-11","74","%","63","85"
"Percentage of pupils reaching the key stage 2 expected standard in reading, writing and mathematics by ethnicity ","Asian","ONS 2011 5+1","2017-2018","Academic Year","Bradford","Country","E08000032","All","10-11","63","%","2055","3263"
"Percentage of pupils reaching the key stage 2 expected standard in reading, writing and mathematics by ethnicity ","Asian","ONS 2011 5+1","2017-2018","Academic Year","Brent","Country","E09000005","All","10-11","68","%","711","1049"
"Percentage of pupils reaching the key stage 2 expected standard in reading, writing and mathematics by ethnicity ","Asian","ONS 2011 5+1","2017-2018","Academic Year","Brighton and Hove","Country","E06000043","All","10-11","65","%","60","92"
"Percentage of pupils reaching the key stage 2 expected standard in reading, writing and mathematics by ethnicity ","Asian","ONS 2011 5+1","2017-2018","Academic Year","Bristol, City of","Country","E06000023","All","10-11","55","%","210","383"
"Percentage of pupils reaching the key stage 2 expected standard in reading, writing and mathematics by ethnicity ","Asian","ONS 2011 5+1","2017-2018","Academic Year","Bromley","Country","E09000006","All","10-11","82","%","160","196"
"Percentage of pupils reaching the key stage 2 expected standard in reading, writing and mathematics by ethnicity ","Asian","ONS 2011 5+1","2017-2018","Academic Year","Buckinghamshire","Country","E10000002","All","10-11","69","%","703","1025"
"Percentage of pupils reaching the key stage 2 expected standard in reading, writing and mathematics by ethnicity ","Asian","ONS 2011 5+1","2017-2018","Academic Year","Bury","Country","E08000002","All","10-11","52","%","177","338"
"Percentage of pupils reaching the key stage 2 expected standard in reading, writing and mathematics by ethnicity ","Asian","ONS 2011 5+1","2017-2018","Academic Year","Calderdale","Country","E08000033","All","10-11","62","%","250","404"
"Percentage of pupils reaching the key stage 2 expected standard in reading, writing and mathematics by ethnicity ","Asian","ONS 2011 5+1","2017-2018","Academic Year","Cambridgeshire","Country","E10000003","All","10-11","68","%","189","278"
"Percentage of pupils reaching the key stage 2 expected standard in reading, writing and mathematics by ethnicity ","Asian","ONS 2011 5+1","2017-2018","Academic Year","Camden","Country","E09000007","All","10-11","71","%","221","310"
"Percentage of pupils reaching the key stage 2 expected standard in reading, writing and mathematics by ethnicity ","Asian","ONS 2011 5+1","2017-2018","Academic Year","Central Bedfordshire","Country","E06000056","All","10-11","71","%","60","84"
"Percentage of pupils reaching the key stage 2 expected standard in reading, writing and mathematics by ethnicity ","Asian","ONS 2011 5+1","2017-2018","Academic Year","Cheshire East","Country","E06000049","All","10-11","72","%","51","71"
"Percentage of pupils reaching the key stage 2 expected standard in reading, writing and mathematics by ethnicity ","Asian","ONS 2011 5+1","2017-2018","Academic Year","Cheshire West and Chester","Country","E06000050","All","10-11","64","%","38","59"
"Percentage of pupils reaching the key stage 2 expected standard in reading, writing and mathematics by ethnicity ","Asian","ONS 2011 5+1","2017-2018","Academic Year","City of London","Country","E09000001","All","10-11","40","%","2","5"
"Percentage of pupils reaching the key stage 2 expected standard in reading, writing and mathematics by ethnicity ","Asian","ONS 2011 5+1","2017-2018","Academic Year","Cornwall","Country","E06000052","All","10-11","67","%","18","27"
"Percentage of pupils reaching the key stage 2 expected standard in reading, writing and mathematics by ethnicity ","Asian","ONS 2011 5+1","2017-2018","Academic Year","County Durham","Country","E06000047","All","10-11","80","%","28","35"
"Percentage of pupils reaching the key stage 2 expected standard in reading, writing and mathematics by ethnicity ","Asian","ONS 2011 5+1","2017-2018","Academic Year","Coventry","Country","E08000026","All","10-11","71","%","584","824"
"Percentage of pupils reaching the key stage 2 expected standard in reading, writing and mathematics by ethnicity ","Asian","ONS 2011 5+1","2017-2018","Academic Year","Croydon","Country","E09000008","All","10-11","76","%","542","714"
"Percentage of pupils reaching the key stage 2 expected standard in reading, writing and mathematics by ethnicity ","Asian","ONS 2011 5+1","2017-2018","Academic Year","Cumbria","Country","E10000006","All","10-11","81","%","29","36"
"Percentage of pupils reaching the key stage 2 expected standard in reading, writing and mathematics by ethnicity ","Asian","ONS 2011 5+1","2017-2018","Academic Year","Darlington","Country","E06000005","All","10-11","76","%","22","29"
"Percentage of pupils reaching the key stage 2 expected standard in reading, writing and mathematics by ethnicity ","Asian","ONS 2011 5+1","2017-2018","Academic Year","Derby","Country","E06000015","All","10-11","66","%","382","580"
"Percentage of pupils reaching the key stage 2 expected standard in reading, writing and mathematics by ethnicity ","Asian","ONS 2011 5+1","2017-2018","Academic Year","Derbyshire","Country","E10000007","All","10-11","68","%","63","93"
"Percentage of pupils reaching the key stage 2 expected standard in reading, writing and mathematics by ethnicity ","Asian","ONS 2011 5+1","2017-2018","Academic Year","Devon","Country","E10000008","All","10-11","77","%","33","43"
"Percentage of pupils reaching the key stage 2 expected standard in reading, writing and mathematics by ethnicity ","Asian","ONS 2011 5+1","2017-2018","Academic Year","Doncaster","Country","E08000017","All","10-11","62","%","64","104"
"Percentage of pupils reaching the key stage 2 expected standard in reading, writing and mathematics by ethnicity ","Asian","ONS 2011 5+1","2017-2018","Academic Year","Dorset","Country","E10000009","All","10-11","65","%","24","37"
"Percentage of pupils reaching the key stage 2 expected standard in reading, writing and mathematics by ethnicity ","Asian","ONS 2011 5+1","2017-2018","Academic Year","Dudley","Country","E08000027","All","10-11","62","%","266","432"
"Percentage of pupils reaching the key stage 2 expected standard in reading, writing and mathematics by ethnicity ","Asian","ONS 2011 5+1","2017-2018","Academic Year","Ealing","Country","E09000009","All","10-11","71","%","856","1208"
"Percentage of pupils reaching the key stage 2 expected standard in reading, writing and mathematics by ethnicity ","Asian","ONS 2011 5+1","2017-2018","Academic Year","East Riding of Yorkshire","Country","E06000011","All","10-11","71","%","10","14"
"Percentage of pupils reaching the key stage 2 expected standard in reading, writing and mathematics by ethnicity ","Asian","ONS 2011 5+1","2017-2018","Academic Year","East Sussex","Country","E10000011","All","10-11","78","%","94","120"
"Percentage of pupils reaching the key stage 2 expected standard in reading, writing and mathematics by ethnicity ","Asian","ONS 2011 5+1","2017-2018","Academic Year","Enfield","Country","E09000010","All","10-11","76","%","298","391"
"Percentage of pupils reaching the key stage 2 expected standard in reading, writing and mathematics by ethnicity ","Asian","ONS 2011 5+1","2017-2018","Academic Year","Essex","Country","E10000012","All","10-11","85","%","379","445"
"Percentage of pupils reaching the key stage 2 expected standard in reading, writing and mathematics by ethnicity ","Asian","ONS 2011 5+1","2017-2018","Academic Year","Gateshead","Country","E08000037","All","10-11","61","%","23","38"
"Percentage of pupils reaching the key stage 2 expected standard in reading, writing and mathematics by ethnicity ","Asian","ONS 2011 5+1","2017-2018","Academic Year","Gloucestershire","Country","E10000013","All","10-11","72","%","144","199"
"Percentage of pupils reaching the key stage 2 expected standard in reading, writing and mathematics by ethnicity ","Asian","ONS 2011 5+1","2017-2018","Academic Year","Greenwich","Country","E09000011","All","10-11","82","%","200","244"
"Percentage of pupils reaching the key stage 2 expected standard in reading, writing and mathematics by ethnicity ","Asian","ONS 2011 5+1","2017-2018","Academic Year","Hackney","Country","E09000012","All","10-11","77","%","238","311"
"Percentage of pupils reaching the key stage 2 expected standard in reading, writing and mathematics by ethnicity ","Asian","ONS 2011 5+1","2017-2018","Academic Year","Halton","Country","E06000006","All","10-11","100","%","3","3"
"Percentage of pupils reaching the key stage 2 expected standard in reading, writing and mathematics by ethnicity ","Asian","ONS 2011 5+1","2017-2018","Academic Year","Hammersmith and Fulham","Country","E09000013","All","10-11","80","%","72","90"
"Percentage of pupils reaching the key stage 2 expected standard in reading, writing and mathematics by ethnicity ","Asian","ONS 2011 5+1","2017-2018","Academic Year","Hampshire","Country","E10000014","All","10-11","77","%","323","420"
"Percentage of pupils reaching the key stage 2 expected standard in reading, writing and mathematics by ethnicity ","Asian","ONS 2011 5+1","2017-2018","Academic Year","Haringey","Country","E09000014","All","10-11","74","%","131","178"
"Percentage of pupils reaching the key stage 2 expected standard in reading, writing and mathematics by ethnicity ","Asian","ONS 2011 5+1","2017-2018","Academic Year","Harrow","Country","E09000015","All","10-11","77","%","1039","1349"
"Percentage of pupils reaching the key stage 2 expected standard in reading, writing and mathematics by ethnicity ","Asian","ONS 2011 5+1","2017-2018","Academic Year","Hartlepool","Country","E06000001","All","10-11","78","%","21","27"
"Percentage of pupils reaching the key stage 2 expected standard in reading, writing and mathematics by ethnicity ","Asian","ONS 2011 5+1","2017-2018","Academic Year","Havering","Country","E09000016","All","10-11","78","%","159","204"
"Percentage of pupils reaching the key stage 2 expected standard in reading, writing and mathematics by ethnicity ","Asian","ONS 2011 5+1","2017-2018","Academic Year","Herefordshire, County of","Country","E06000019","All","10-11","86","%","6","7"
"Percentage of pupils reaching the key stage 2 expected standard in reading, writing and mathematics by ethnicity ","Asian","ONS 2011 5+1","2017-2018","Academic Year","Hertfordshire","Country","E10000015","All","10-11","76","%","798","1046"
"Percentage of pupils reaching the key stage 2 expected standard in reading, writing and mathematics by ethnicity ","Asian","ONS 2011 5+1","2017-2018","Academic Year","Hillingdon","Country","E09000017","All","10-11","73","%","740","1012"
"Percentage of pupils reaching the key stage 2 expected standard in reading, writing and mathematics by ethnicity ","Asian","ONS 2011 5+1","2017-2018","Academic Year","Hounslow","Country","E09000018","All","10-11","78","%","711","916"
"Percentage of pupils reaching the key stage 2 expected standard in reading, writing and mathematics by ethnicity ","Asian","ONS 2011 5+1","2017-2018","Academic Year","Isle of Wight","Country","E06000046","All","10-11","67","%","12","18"
"Percentage of pupils reaching the key stage 2 expected standard in reading, writing and mathematics by ethnicity ","Asian","ONS 2011 5+1","2017-2018","Academic Year","Islington","Country","E09000019","All","10-11","74","%","111","150"
"Percentage of pupils reaching the key stage 2 expected standard in reading, writing and mathematics by ethnicity ","Asian","ONS 2011 5+1","2017-2018","Academic Year","Kensington and Chelsea","Country","E09000020","All","10-11","76","%","28","37"
"Percentage of pupils reaching the key stage 2 expected standard in reading, writing and mathematics by ethnicity ","Asian","ONS 2011 5+1","2017-2018","Academic Year","Kent","Country","E10000016","All","10-11","80","%","512","641"
"Percentage of pupils reaching the key stage 2 expected standard in reading, writing and mathematics by ethnicity ","Asian","ONS 2011 5+1","2017-2018","Academic Year","Kingston upon Hull, City of","Country","E06000010","All","10-11","85","%","39","46"
"Percentage of pupils reaching the key stage 2 expected standard in reading, writing and mathematics by ethnicity ","Asian","ONS 2011 5+1","2017-2018","Academic Year","Kingston upon Thames","Country","E09000021","All","10-11","75","%","229","304"
"Percentage of pupils reaching the key stage 2 expected standard in reading, writing and mathematics by ethnicity ","Asian","ONS 2011 5+1","2017-2018","Academic Year","Kirklees","Country","E08000034","All","10-11","61","%","873","1432"
"Percentage of pupils reaching the key stage 2 expected standard in reading, writing and mathematics by ethnicity ","Asian","ONS 2011 5+1","2017-2018","Academic Year","Knowsley","Country","E08000011","All","10-11","86","%","38","44"
"Percentage of pupils reaching the key stage 2 expected standard in reading, writing and mathematics by ethnicity ","Asian","ONS 2011 5+1","2017-2018","Academic Year","Lambeth","Country","E09000022","All","10-11","75","%","105","140"
"Percentage of pupils reaching the key stage 2 expected standard in reading, writing and mathematics by ethnicity ","Asian","ONS 2011 5+1","2017-2018","Academic Year","Lancashire","Country","E10000017","All","10-11","63","%","1013","1602"
"Percentage of pupils reaching the key stage 2 expected standard in reading, writing and mathematics by ethnicity ","Asian","ONS 2011 5+1","2017-2018","Academic Year","Leeds","Country","E08000035","All","10-11","59","%","638","1073"
"Percentage of pupils reaching the key stage 2 expected standard in reading, writing and mathematics by ethnicity ","Asian","ONS 2011 5+1","2017-2018","Academic Year","Leicester","Country","E06000016","All","10-11","68","%","1293","1905"
"Percentage of pupils reaching the key stage 2 expected standard in reading, writing and mathematics by ethnicity ","Asian","ONS 2011 5+1","2017-2018","Academic Year","Leicestershire","Country","E10000018","All","10-11","72","%","417","577"
"Percentage of pupils reaching the key stage 2 expected standard in reading, writing and mathematics by ethnicity ","Asian","ONS 2011 5+1","2017-2018","Academic Year","Lewisham","Country","E09000023","All","10-11","74","%","187","253"
"Percentage of pupils reaching the key stage 2 expected standard in reading, writing and mathematics by ethnicity ","Asian","ONS 2011 5+1","2017-2018","Academic Year","Lincolnshire","Country","E10000019","All","10-11","86","%","60","70"
"Percentage of pupils reaching the key stage 2 expected standard in reading, writing and mathematics by ethnicity ","Asian","ONS 2011 5+1","2017-2018","Academic Year","Liverpool","Country","E08000012","All","10-11","69","%","121","175"
"Percentage of pupils reaching the key stage 2 expected standard in reading, writing and mathematics by ethnicity ","Asian","ONS 2011 5+1","2017-2018","Academic Year","Luton","Country","E06000032","All","10-11","61","%","880","1440"
"Percentage of pupils reaching the key stage 2 expected standard in reading, writing and mathematics by ethnicity ","Asian","ONS 2011 5+1","2017-2018","Academic Year","Manchester","Country","E08000003","All","10-11","60","%","914","1527"
"Percentage of pupils reaching the key stage 2 expected standard in reading, writing and mathematics by ethnicity ","Asian","ONS 2011 5+1","2017-2018","Academic Year","Medway","Country","E06000035","All","10-11","76","%","112","148"
"Percentage of pupils reaching the key stage 2 expected standard in reading, writing and mathematics by ethnicity ","Asian","ONS 2011 5+1","2017-2018","Academic Year","Merton","Country","E09000024","All","10-11","75","%","411","548"
"Percentage of pupils reaching the key stage 2 expected standard in reading, writing and mathematics by ethnicity ","Asian","ONS 2011 5+1","2017-2018","Academic Year","Middlesbrough","Country","E06000002","All","10-11","70","%","123","175"
"Percentage of pupils reaching the key stage 2 expected standard in reading, writing and mathematics by ethnicity ","Asian","ONS 2011 5+1","2017-2018","Academic Year","Milton Keynes","Country","E06000042","All","10-11","79","%","348","440"
"Percentage of pupils reaching the key stage 2 expected standard in reading, writing and mathematics by ethnicity ","Asian","ONS 2011 5+1","2017-2018","Academic Year","Newcastle upon Tyne","Country","E08000021","All","10-11","69","%","283","410"
"Percentage of pupils reaching the key stage 2 expected standard in reading, writing and mathematics by ethnicity ","Asian","ONS 2011 5+1","2017-2018","Academic Year","Newham","Country","E09000025","All","10-11","78","%","1643","2106"
"Percentage of pupils reaching the key stage 2 expected standard in reading, writing and mathematics by ethnicity ","Asian","ONS 2011 5+1","2017-2018","Academic Year","Norfolk","Country","E10000020","All","10-11","72","%","84","117"
"Percentage of pupils reaching the key stage 2 expected standard in reading, writing and mathematics by ethnicity ","Asian","ONS 2011 5+1","2017-2018","Academic Year","North East Lincolnshire","Country","E06000012","All","10-11","79","%","11","14"
"Percentage of pupils reaching the key stage 2 expected standard in reading, writing and mathematics by ethnicity ","Asian","ONS 2011 5+1","2017-2018","Academic Year","North Lincolnshire","Country","E06000013","All","10-11","72","%","55","76"
"Percentage of pupils reaching the key stage 2 expected standard in reading, writing and mathematics by ethnicity ","Asian","ONS 2011 5+1","2017-2018","Academic Year","North Somerset","Country","E06000024","All","10-11","58","%","15","26"
"Percentage of pupils reaching the key stage 2 expected standard in reading, writing and mathematics by ethnicity ","Asian","ONS 2011 5+1","2017-2018","Academic Year","North Tyneside","Country","E08000022","All","10-11","73","%","44","60"
"Percentage of pupils reaching the key stage 2 expected standard in reading, writing and mathematics by ethnicity ","Asian","ONS 2011 5+1","2017-2018","Academic Year","North Yorkshire","Country","E10000023","All","10-11","74","%","64","86"
"Percentage of pupils reaching the key stage 2 expected standard in reading, writing and mathematics by ethnicity ","Asian","ONS 2011 5+1","2017-2018","Academic Year","Northamptonshire","Country","E10000021","All","10-11","66","%","277","418"
"Percentage of pupils reaching the key stage 2 expected standard in reading, writing and mathematics by ethnicity ","Asian","ONS 2011 5+1","2017-2018","Academic Year","Northumberland","Country","E06000057","All","10-11","74","%","40","54"
"Percentage of pupils reaching the key stage 2 expected standard in reading, writing and mathematics by ethnicity ","Asian","ONS 2011 5+1","2017-2018","Academic Year","Nottingham","Country","E06000018","All","10-11","68","%","401","592"
"Percentage of pupils reaching the key stage 2 expected standard in reading, writing and mathematics by ethnicity ","Asian","ONS 2011 5+1","2017-2018","Academic Year","Nottinghamshire","Country","E10000024","All","10-11","71","%","193","272"
"Percentage of pupils reaching the key stage 2 expected standard in reading, writing and mathematics by ethnicity ","Asian","ONS 2011 5+1","2017-2018","Academic Year","Oldham","Country","E08000004","All","10-11","58","%","671","1148"
"Percentage of pupils reaching the key stage 2 expected standard in reading, writing and mathematics by ethnicity ","Asian","ONS 2011 5+1","2017-2018","Academic Year","Oxfordshire","Country","E10000025","All","10-11","63","%","257","408"
"Percentage of pupils reaching the key stage 2 expected standard in reading, writing and mathematics by ethnicity ","Asian","ONS 2011 5+1","2017-2018","Academic Year","Peterborough","Country","E06000031","All","10-11","55","%","280","509"
"Percentage of pupils reaching the key stage 2 expected standard in reading, writing and mathematics by ethnicity ","Asian","ONS 2011 5+1","2017-2018","Academic Year","Plymouth","Country","E06000026","All","10-11","69","%","22","32"
"Percentage of pupils reaching the key stage 2 expected standard in reading, writing and mathematics by ethnicity ","Asian","ONS 2011 5+1","2017-2018","Academic Year","Poole","Country","E06000029","All","10-11","76","%","28","37"
"Percentage of pupils reaching the key stage 2 expected standard in reading, writing and mathematics by ethnicity ","Asian","ONS 2011 5+1","2017-2018","Academic Year","Portsmouth","Country","E06000044","All","10-11","72","%","106","148"
"Percentage of pupils reaching the key stage 2 expected standard in reading, writing and mathematics by ethnicity ","Asian","ONS 2011 5+1","2017-2018","Academic Year","Reading","Country","E06000038","All","10-11","67","%","218","325"
"Percentage of pupils reaching the key stage 2 expected standard in reading, writing and mathematics by ethnicity ","Asian","ONS 2011 5+1","2017-2018","Academic Year","Redbridge","Country","E09000026","All","10-11","74","%","1538","2078"
"Percentage of pupils reaching the key stage 2 expected standard in reading, writing and mathematics by ethnicity ","Asian","ONS 2011 5+1","2017-2018","Academic Year","Redcar and Cleveland","Country","E06000003","All","10-11","67","%","6","9"
"Percentage of pupils reaching the key stage 2 expected standard in reading, writing and mathematics by ethnicity ","Asian","ONS 2011 5+1","2017-2018","Academic Year","Richmond upon Thames","Country","E09000027","All","10-11","76","%","128","168"
"Percentage of pupils reaching the key stage 2 expected standard in reading, writing and mathematics by ethnicity ","Asian","ONS 2011 5+1","2017-2018","Academic Year","Rochdale","Country","E08000005","All","10-11","56","%","406","723"
"Percentage of pupils reaching the key stage 2 expected standard in reading, writing and mathematics by ethnicity ","Asian","ONS 2011 5+1","2017-2018","Academic Year","Rotherham","Country","E08000018","All","10-11","70","%","183","262"
"Percentage of pupils reaching the key stage 2 expected standard in reading, writing and mathematics by ethnicity ","Asian","ONS 2011 5+1","2017-2018","Academic Year","Rutland","Country","E06000017","All","10-11","80","%","4","5"
"Percentage of pupils reaching the key stage 2 expected standard in reading, writing and mathematics by ethnicity ","Asian","ONS 2011 5+1","2017-2018","Academic Year","Salford","Country","E08000006","All","10-11","78","%","70","90"
"Percentage of pupils reaching the key stage 2 expected standard in reading, writing and mathematics by ethnicity ","Asian","ONS 2011 5+1","2017-2018","Academic Year","Sandwell","Country","E08000028","All","10-11","67","%","871","1292"
"Percentage of pupils reaching the key stage 2 expected standard in reading, writing and mathematics by ethnicity ","Asian","ONS 2011 5+1","2017-2018","Academic Year","Sefton","Country","E08000014","All","10-11","77","%","27","35"
"Percentage of pupils reaching the key stage 2 expected standard in reading, writing and mathematics by ethnicity ","Asian","ONS 2011 5+1","2017-2018","Academic Year","Sheffield","Country","E08000019","All","10-11","67","%","506","750"
"Percentage of pupils reaching the key stage 2 expected standard in reading, writing and mathematics by ethnicity ","Asian","ONS 2011 5+1","2017-2018","Academic Year","Shropshire","Country","E06000051","All","10-11","88","%","22","25"
"Percentage of pupils reaching the key stage 2 expected standard in reading, writing and mathematics by ethnicity ","Asian","ONS 2011 5+1","2017-2018","Academic Year","Slough","Country","E06000039","All","10-11","78","%","845","1089"
"Percentage of pupils reaching the key stage 2 expected standard in reading, writing and mathematics by ethnicity ","Asian","ONS 2011 5+1","2017-2018","Academic Year","Solihull","Country","E08000029","All","10-11","72","%","210","290"
"Percentage of pupils reaching the key stage 2 expected standard in reading, writing and mathematics by ethnicity ","Asian","ONS 2011 5+1","2017-2018","Academic Year","Somerset","Country","E10000027","All","10-11","69","%","45","65"
"Percentage of pupils reaching the key stage 2 expected standard in reading, writing and mathematics by ethnicity ","Asian","ONS 2011 5+1","2017-2018","Academic Year","South Gloucestershire","Country","E06000025","All","10-11","79","%","88","111"
"Percentage of pupils reaching the key stage 2 expected standard in reading, writing and mathematics by ethnicity ","Asian","ONS 2011 5+1","2017-2018","Academic Year","South Tyneside","Country","E08000023","All","10-11","63","%","38","60"
"Percentage of pupils reaching the key stage 2 expected standard in reading, writing and mathematics by ethnicity ","Asian","ONS 2011 5+1","2017-2018","Academic Year","Southampton","Country","E06000045","All","10-11","67","%","216","322"
"Percentage of pupils reaching the key stage 2 expected standard in reading, writing and mathematics by ethnicity ","Asian","ONS 2011 5+1","2017-2018","Academic Year","Southend-on-Sea","Country","E06000033","All","10-11","80","%","117","146"
"Percentage of pupils reaching the key stage 2 expected standard in reading, writing and mathematics by ethnicity ","Asian","ONS 2011 5+1","2017-2018","Academic Year","Southwark","Country","E09000028","All","10-11","74","%","128","173"
"Percentage of pupils reaching the key stage 2 expected standard in reading, writing and mathematics by ethnicity ","Asian","ONS 2011 5+1","2017-2018","Academic Year","St. Helens","Country","E08000013","All","10-11","56","%","14","25"
"Percentage of pupils reaching the key stage 2 expected standard in reading, writing and mathematics by ethnicity ","Asian","ONS 2011 5+1","2017-2018","Academic Year","Staffordshire","Country","E10000028","All","10-11","63","%","246","388"
"Percentage of pupils reaching the key stage 2 expected standard in reading, writing and mathematics by ethnicity ","Asian","ONS 2011 5+1","2017-2018","Academic Year","Stockport","Country","E08000007","All","10-11","72","%","167","231"
"Percentage of pupils reaching the key stage 2 expected standard in reading, writing and mathematics by ethnicity ","Asian","ONS 2011 5+1","2017-2018","Academic Year","Stockton-on-Tees","Country","E06000004","All","10-11","70","%","83","119"
"Percentage of pupils reaching the key stage 2 expected standard in reading, writing and mathematics by ethnicity ","Asian","ONS 2011 5+1","2017-2018","Academic Year","Stoke-on-Trent","Country","E06000021","All","10-11","56","%","271","487"
"Percentage of pupils reaching the key stage 2 expected standard in reading, writing and mathematics by ethnicity ","Asian","ONS 2011 5+1","2017-2018","Academic Year","Suffolk","Country","E10000029","All","10-11","73","%","106","146"
"Percentage of pupils reaching the key stage 2 expected standard in reading, writing and mathematics by ethnicity ","Asian","ONS 2011 5+1","2017-2018","Academic Year","Sunderland","Country","E08000024","All","10-11","68","%","97","143"
"Percentage of pupils reaching the key stage 2 expected standard in reading, writing and mathematics by ethnicity ","Asian","ONS 2011 5+1","2017-2018","Academic Year","Surrey","Country","E10000030","All","10-11","74","%","639","865"
"Percentage of pupils reaching the key stage 2 expected standard in reading, writing and mathematics by ethnicity ","Asian","ONS 2011 5+1","2017-2018","Academic Year","Sutton","Country","E09000029","All","10-11","88","%","378","430"
"Percentage of pupils reaching the key stage 2 expected standard in reading, writing and mathematics by ethnicity ","Asian","ONS 2011 5+1","2017-2018","Academic Year","Swindon","Country","E06000030","All","10-11","71","%","212","300"
"Percentage of pupils reaching the key stage 2 expected standard in reading, writing and mathematics by ethnicity ","Asian","ONS 2011 5+1","2017-2018","Academic Year","Tameside","Country","E08000008","All","10-11","61","%","205","336"
"Percentage of pupils reaching the key stage 2 expected standard in reading, writing and mathematics by ethnicity ","Asian","ONS 2011 5+1","2017-2018","Academic Year","Telford and Wrekin","Country","E06000020","All","10-11","74","%","94","127"
"Percentage of pupils reaching the key stage 2 expected standard in reading, writing and mathematics by ethnicity ","Asian","ONS 2011 5+1","2017-2018","Academic Year","Thurrock","Country","E06000034","All","10-11","79","%","95","121"
"Percentage of pupils reaching the key stage 2 expected standard in reading, writing and mathematics by ethnicity ","Asian","ONS 2011 5+1","2017-2018","Academic Year","Torbay","Country","E06000027","All","10-11","69","%","11","16"
"Percentage of pupils reaching the key stage 2 expected standard in reading, writing and mathematics by ethnicity ","Asian","ONS 2011 5+1","2017-2018","Academic Year","Tower Hamlets","Country","E09000030","All","10-11","73","%","1514","2068"
"Percentage of pupils reaching the key stage 2 expected standard in reading, writing and mathematics by ethnicity ","Asian","ONS 2011 5+1","2017-2018","Academic Year","Trafford","Country","E08000009","All","10-11","82","%","348","425"
"Percentage of pupils reaching the key stage 2 expected standard in reading, writing and mathematics by ethnicity ","Asian","ONS 2011 5+1","2017-2018","Academic Year","Wakefield","Country","E08000036","All","10-11","55","%","93","168"
"Percentage of pupils reaching the key stage 2 expected standard in reading, writing and mathematics by ethnicity ","Asian","ONS 2011 5+1","2017-2018","Academic Year","Walsall","Country","E08000030","All","10-11","68","%","589","862"
"Percentage of pupils reaching the key stage 2 expected standard in reading, writing and mathematics by ethnicity ","Asian","ONS 2011 5+1","2017-2018","Academic Year","Waltham Forest","Country","E09000031","All","10-11","73","%","642","879"
"Percentage of pupils reaching the key stage 2 expected standard in reading, writing and mathematics by ethnicity ","Asian","ONS 2011 5+1","2017-2018","Academic Year","Wandsworth","Country","E09000032","All","10-11","72","%","314","435"
"Percentage of pupils reaching the key stage 2 expected standard in reading, writing and mathematics by ethnicity ","Asian","ONS 2011 5+1","2017-2018","Academic Year","Warrington","Country","E06000007","All","10-11","79","%","56","71"
"Percentage of pupils reaching the key stage 2 expected standard in reading, writing and mathematics by ethnicity ","Asian","ONS 2011 5+1","2017-2018","Academic Year","Warwickshire","Country","E10000031","All","10-11","77","%","262","339"
"Percentage of pupils reaching the key stage 2 expected standard in reading, writing and mathematics by ethnicity ","Asian","ONS 2011 5+1","2017-2018","Academic Year","West Berkshire","Country","E06000037","All","10-11","76","%","51","67"
"Percentage of pupils reaching the key stage 2 expected standard in reading, writing and mathematics by ethnicity ","Asian","ONS 2011 5+1","2017-2018","Academic Year","West Sussex","Country","E10000032","All","10-11","68","%","290","424"
"Percentage of pupils reaching the key stage 2 expected standard in reading, writing and mathematics by ethnicity ","Asian","ONS 2011 5+1","2017-2018","Academic Year","Westminster","Country","E09000033","All","10-11","73","%","165","227"
"Percentage of pupils reaching the key stage 2 expected standard in reading, writing and mathematics by ethnicity ","Asian","ONS 2011 5+1","2017-2018","Academic Year","Wigan","Country","E08000010","All","10-11","76","%","42","55"
"Percentage of pupils reaching the key stage 2 expected standard in reading, writing and mathematics by ethnicity ","Asian","ONS 2011 5+1","2017-2018","Academic Year","Wiltshire","Country","E06000054","All","10-11","77","%","61","79"
"Percentage of pupils reaching the key stage 2 expected standard in reading, writing and mathematics by ethnicity ","Asian","ONS 2011 5+1","2017-2018","Academic Year","Windsor and Maidenhead","Country","E06000040","All","10-11","69","%","161","232"
"Percentage of pupils reaching the key stage 2 expected standard in reading, writing and mathematics by ethnicity ","Asian","ONS 2011 5+1","2017-2018","Academic Year","Wirral","Country","E08000015","All","10-11","70","%","80","114"
"Percentage of pupils reaching the key stage 2 expected standard in reading, writing and mathematics by ethnicity ","Asian","ONS 2011 5+1","2017-2018","Academic Year","Wokingham","Country","E06000041","All","10-11","85","%","233","275"
"Percentage of pupils reaching the key stage 2 expected standard in reading, writing and mathematics by ethnicity ","Asian","ONS 2011 5+1","2017-2018","Academic Year","Wolverhampton","Country","E08000031","All","10-11","74","%","551","745"
"Percentage of pupils reaching the key stage 2 expected standard in reading, writing and mathematics by ethnicity ","Asian","ONS 2011 5+1","2017-2018","Academic Year","Worcestershire","Country","E10000034","All","10-11","59","%","142","240"
"Percentage of pupils reaching the key stage 2 expected standard in reading, writing and mathematics by ethnicity ","Asian","ONS 2011 5+1","2017-2018","Academic Year","York","Country","E06000014","All","10-11","75","%","30","40"
"Percentage of pupils reaching the key stage 2 expected standard in reading, writing and mathematics by ethnicity ","Black","ONS 2011 5+1","2017-2018","Academic Year","Barking and Dagenham","Country","E09000002","All","10-11","69","%","760","1102"
"Percentage of pupils reaching the key stage 2 expected standard in reading, writing and mathematics by ethnicity ","Black","ONS 2011 5+1","2017-2018","Academic Year","Barnet","Country","E09000003","All","10-11","66","%","329","495"
"Percentage of pupils reaching the key stage 2 expected standard in reading, writing and mathematics by ethnicity ","Black","ONS 2011 5+1","2017-2018","Academic Year","Barnsley","Country","E08000016","All","10-11","68","%","15","22"
"Percentage of pupils reaching the key stage 2 expected standard in reading, writing and mathematics by ethnicity ","Black","ONS 2011 5+1","2017-2018","Academic Year","Bath and North East Somerset","Country","E06000022","All","10-11","33","%","4","12"
"Percentage of pupils reaching the key stage 2 expected standard in reading, writing and mathematics by ethnicity ","Black","ONS 2011 5+1","2017-2018","Academic Year","Bedford","Country","E06000055","All","10-11","42","%","54","128"
"Percentage of pupils reaching the key stage 2 expected standard in reading, writing and mathematics by ethnicity ","Black","ONS 2011 5+1","2017-2018","Academic Year","Bexley","Country","E09000004","All","10-11","75","%","455","609"
"Percentage of pupils reaching the key stage 2 expected standard in reading, writing and mathematics by ethnicity ","Black","ONS 2011 5+1","2017-2018","Academic Year","Birmingham","Country","E08000025","All","10-11","60","%","1230","2043"
"Percentage of pupils reaching the key stage 2 expected standard in reading, writing and mathematics by ethnicity ","Black","ONS 2011 5+1","2017-2018","Academic Year","Blackburn with Darwen","Country","E06000008","All","10-11","64","%","21","33"
"Percentage of pupils reaching the key stage 2 expected standard in reading, writing and mathematics by ethnicity ","Black","ONS 2011 5+1","2017-2018","Academic Year","Blackpool","Country","E06000009","All","10-11","100","%","5","5"
"Percentage of pupils reaching the key stage 2 expected standard in reading, writing and mathematics by ethnicity ","Black","ONS 2011 5+1","2017-2018","Academic Year","Bolton","Country","E08000001","All","10-11","56","%","127","225"
"Percentage of pupils reaching the key stage 2 expected standard in reading, writing and mathematics by ethnicity ","Black","ONS 2011 5+1","2017-2018","Academic Year","Bournemouth","Country","E06000028","All","10-11","74","%","14","19"
"Percentage of pupils reaching the key stage 2 expected standard in reading, writing and mathematics by ethnicity ","Black","ONS 2011 5+1","2017-2018","Academic Year","Bracknell Forest","Country","E06000036","All","10-11","63","%","29","46"
"Percentage of pupils reaching the key stage 2 expected standard in reading, writing and mathematics by ethnicity ","Black","ONS 2011 5+1","2017-2018","Academic Year","Bradford","Country","E08000032","All","10-11","58","%","70","121"
"Percentage of pupils reaching the key stage 2 expected standard in reading, writing and mathematics by ethnicity ","Black","ONS 2011 5+1","2017-2018","Academic Year","Brent","Country","E09000005","All","10-11","59","%","553","942"
"Percentage of pupils reaching the key stage 2 expected standard in reading, writing and mathematics by ethnicity ","Black","ONS 2011 5+1","2017-2018","Academic Year","Brighton and Hove","Country","E06000043","All","10-11","57","%","30","53"
"Percentage of pupils reaching the key stage 2 expected standard in reading, writing and mathematics by ethnicity ","Black","ONS 2011 5+1","2017-2018","Academic Year","Bristol, City of","Country","E06000023","All","10-11","51","%","288","562"
"Percentage of pupils reaching the key stage 2 expected standard in reading, writing and mathematics by ethnicity ","Black","ONS 2011 5+1","2017-2018","Academic Year","Bromley","Country","E09000006","All","10-11","70","%","235","335"
"Percentage of pupils reaching the key stage 2 expected standard in reading, writing and mathematics by ethnicity ","Black","ONS 2011 5+1","2017-2018","Academic Year","Buckinghamshire","Country","E10000002","All","10-11","59","%","98","165"
"Percentage of pupils reaching the key stage 2 expected standard in reading, writing and mathematics by ethnicity ","Black","ONS 2011 5+1","2017-2018","Academic Year","Bury","Country","E08000002","All","10-11","59","%","33","56"
"Percentage of pupils reaching the key stage 2 expected standard in reading, writing and mathematics by ethnicity ","Black","ONS 2011 5+1","2017-2018","Academic Year","Calderdale","Country","E08000033","All","10-11","63","%","10","16"
"Percentage of pupils reaching the key stage 2 expected standard in reading, writing and mathematics by ethnicity ","Black","ONS 2011 5+1","2017-2018","Academic Year","Cambridgeshire","Country","E10000003","All","10-11","52","%","44","84"
"Percentage of pupils reaching the key stage 2 expected standard in reading, writing and mathematics by ethnicity ","Black","ONS 2011 5+1","2017-2018","Academic Year","Camden","Country","E09000007","All","10-11","66","%","219","330"
"Percentage of pupils reaching the key stage 2 expected standard in reading, writing and mathematics by ethnicity ","Black","ONS 2011 5+1","2017-2018","Academic Year","Central Bedfordshire","Country","E06000056","All","10-11","56","%","51","91"
"Percentage of pupils reaching the key stage 2 expected standard in reading, writing and mathematics by ethnicity ","Black","ONS 2011 5+1","2017-2018","Academic Year","Cheshire East","Country","E06000049","All","10-11","53","%","10","19"
"Percentage of pupils reaching the key stage 2 expected standard in reading, writing and mathematics by ethnicity ","Black","ONS 2011 5+1","2017-2018","Academic Year","Cheshire West and Chester","Country","E06000050","All","10-11","53","%","8","15"
"Percentage of pupils reaching the key stage 2 expected standard in reading, writing and mathematics by ethnicity ","Black","ONS 2011 5+1","2017-2018","Academic Year","City of London","Country","E09000001","All","10-11","50","%","1","2"
"Percentage of pupils reaching the key stage 2 expected standard in reading, writing and mathematics by ethnicity ","Black","ONS 2011 5+1","2017-2018","Academic Year","Cornwall","Country","E06000052","All","10-11","83","%","5","6"
"Percentage of pupils reaching the key stage 2 expected standard in reading, writing and mathematics by ethnicity ","Black","ONS 2011 5+1","2017-2018","Academic Year","County Durham","Country","E06000047","All","10-11","44","%","7","16"
"Percentage of pupils reaching the key stage 2 expected standard in reading, writing and mathematics by ethnicity ","Black","ONS 2011 5+1","2017-2018","Academic Year","Coventry","Country","E08000026","All","10-11","61","%","333","542"
"Percentage of pupils reaching the key stage 2 expected standard in reading, writing and mathematics by ethnicity ","Black","ONS 2011 5+1","2017-2018","Academic Year","Croydon","Country","E09000008","All","10-11","64","%","864","1360"
"Percentage of pupils reaching the key stage 2 expected standard in reading, writing and mathematics by ethnicity ","Black","ONS 2011 5+1","2017-2018","Academic Year","Cumbria","Country","E10000006","All","10-11","43","%","3","7"
"Percentage of pupils reaching the key stage 2 expected standard in reading, writing and mathematics by ethnicity ","Black","ONS 2011 5+1","2017-2018","Academic Year","Darlington","Country","E06000005","All","10-11","80","%","4","5"
"Percentage of pupils reaching the key stage 2 expected standard in reading, writing and mathematics by ethnicity ","Black","ONS 2011 5+1","2017-2018","Academic Year","Derby","Country","E06000015","All","10-11","64","%","89","140"
"Percentage of pupils reaching the key stage 2 expected standard in reading, writing and mathematics by ethnicity ","Black","ONS 2011 5+1","2017-2018","Academic Year","Derbyshire","Country","E10000007","All","10-11","58","%","18","31"
"Percentage of pupils reaching the key stage 2 expected standard in reading, writing and mathematics by ethnicity ","Black","ONS 2011 5+1","2017-2018","Academic Year","Devon","Country","E10000008","All","10-11","44","%","7","16"
"Percentage of pupils reaching the key stage 2 expected standard in reading, writing and mathematics by ethnicity ","Black","ONS 2011 5+1","2017-2018","Academic Year","Doncaster","Country","E08000017","All","10-11","47","%","21","45"
"Percentage of pupils reaching the key stage 2 expected standard in reading, writing and mathematics by ethnicity ","Black","ONS 2011 5+1","2017-2018","Academic Year","Dorset","Country","E10000009","All","10-11","64","%","9","14"
"Percentage of pupils reaching the key stage 2 expected standard in reading, writing and mathematics by ethnicity ","Black","ONS 2011 5+1","2017-2018","Academic Year","Dudley","Country","E08000027","All","10-11","53","%","49","93"
"Percentage of pupils reaching the key stage 2 expected standard in reading, writing and mathematics by ethnicity ","Black","ONS 2011 5+1","2017-2018","Academic Year","Ealing","Country","E09000009","All","10-11","59","%","385","651"
"Percentage of pupils reaching the key stage 2 expected standard in reading, writing and mathematics by ethnicity ","Black","ONS 2011 5+1","2017-2018","Academic Year","East Riding of Yorkshire","Country","E06000011","All","10-11","50","%","1","2"
"Percentage of pupils reaching the key stage 2 expected standard in reading, writing and mathematics by ethnicity ","Black","ONS 2011 5+1","2017-2018","Academic Year","East Sussex","Country","E10000011","All","10-11","50","%","17","34"
"Percentage of pupils reaching the key stage 2 expected standard in reading, writing and mathematics by ethnicity ","Black","ONS 2011 5+1","2017-2018","Academic Year","Enfield","Country","E09000010","All","10-11","63","%","708","1115"
"Percentage of pupils reaching the key stage 2 expected standard in reading, writing and mathematics by ethnicity ","Black","ONS 2011 5+1","2017-2018","Academic Year","Essex","Country","E10000012","All","10-11","71","%","379","533"
"Percentage of pupils reaching the key stage 2 expected standard in reading, writing and mathematics by ethnicity ","Black","ONS 2011 5+1","2017-2018","Academic Year","Gateshead","Country","E08000037","All","10-11","79","%","27","34"
"Percentage of pupils reaching the key stage 2 expected standard in reading, writing and mathematics by ethnicity ","Black","ONS 2011 5+1","2017-2018","Academic Year","Gloucestershire","Country","E10000013","All","10-11","57","%","51","90"
"Percentage of pupils reaching the key stage 2 expected standard in reading, writing and mathematics by ethnicity ","Black","ONS 2011 5+1","2017-2018","Academic Year","Greenwich","Country","E09000011","All","10-11","74","%","863","1169"
"Percentage of pupils reaching the key stage 2 expected standard in reading, writing and mathematics by ethnicity ","Black","ONS 2011 5+1","2017-2018","Academic Year","Hackney","Country","E09000012","All","10-11","68","%","619","917"
"Percentage of pupils reaching the key stage 2 expected standard in reading, writing and mathematics by ethnicity ","Black","ONS 2011 5+1","2017-2018","Academic Year","Halton","Country","E06000006","All","10-11","75","%","3","4"
"Percentage of pupils reaching the key stage 2 expected standard in reading, writing and mathematics by ethnicity ","Black","ONS 2011 5+1","2017-2018","Academic Year","Hammersmith and Fulham","Country","E09000013","All","10-11","69","%","246","354"
"Percentage of pupils reaching the key stage 2 expected standard in reading, writing and mathematics by ethnicity ","Black","ONS 2011 5+1","2017-2018","Academic Year","Hampshire","Country","E10000014","All","10-11","61","%","108","178"
"Percentage of pupils reaching the key stage 2 expected standard in reading, writing and mathematics by ethnicity ","Black","ONS 2011 5+1","2017-2018","Academic Year","Haringey","Country","E09000014","All","10-11","59","%","485","828"
"Percentage of pupils reaching the key stage 2 expected standard in reading, writing and mathematics by ethnicity ","Black","ONS 2011 5+1","2017-2018","Academic Year","Harrow","Country","E09000015","All","10-11","66","%","194","294"
"Percentage of pupils reaching the key stage 2 expected standard in reading, writing and mathematics by ethnicity ","Black","ONS 2011 5+1","2017-2018","Academic Year","Hartlepool","Country","E06000001","All","10-11","100","%","2","2"
"Percentage of pupils reaching the key stage 2 expected standard in reading, writing and mathematics by ethnicity ","Black","ONS 2011 5+1","2017-2018","Academic Year","Havering","Country","E09000016","All","10-11","71","%","248","351"
"Percentage of pupils reaching the key stage 2 expected standard in reading, writing and mathematics by ethnicity ","Black","ONS 2011 5+1","2017-2018","Academic Year","Herefordshire, County of","Country","E06000019","All","10-11","0","%","0","3"
"Percentage of pupils reaching the key stage 2 expected standard in reading, writing and mathematics by ethnicity ","Black","ONS 2011 5+1","2017-2018","Academic Year","Hertfordshire","Country","E10000015","All","10-11","62","%","366","595"
"Percentage of pupils reaching the key stage 2 expected standard in reading, writing and mathematics by ethnicity ","Black","ONS 2011 5+1","2017-2018","Academic Year","Hillingdon","Country","E09000017","All","10-11","62","%","250","401"
"Percentage of pupils reaching the key stage 2 expected standard in reading, writing and mathematics by ethnicity ","Black","ONS 2011 5+1","2017-2018","Academic Year","Hounslow","Country","E09000018","All","10-11","64","%","240","373"
"Percentage of pupils reaching the key stage 2 expected standard in reading, writing and mathematics by ethnicity ","Black","ONS 2011 5+1","2017-2018","Academic Year","Isle of Wight","Country","E06000046","All","10-11","0","%","0","2"
"Percentage of pupils reaching the key stage 2 expected standard in reading, writing and mathematics by ethnicity ","Black","ONS 2011 5+1","2017-2018","Academic Year","Islington","Country","E09000019","All","10-11","60","%","264","438"
"Percentage of pupils reaching the key stage 2 expected standard in reading, writing and mathematics by ethnicity ","Black","ONS 2011 5+1","2017-2018","Academic Year","Kensington and Chelsea","Country","E09000020","All","10-11","70","%","112","161"
"Percentage of pupils reaching the key stage 2 expected standard in reading, writing and mathematics by ethnicity ","Black","ONS 2011 5+1","2017-2018","Academic Year","Kent","Country","E10000016","All","10-11","72","%","311","431"
"Percentage of pupils reaching the key stage 2 expected standard in reading, writing and mathematics by ethnicity ","Black","ONS 2011 5+1","2017-2018","Academic Year","Kingston upon Hull, City of","Country","E06000010","All","10-11","56","%","35","62"
"Percentage of pupils reaching the key stage 2 expected standard in reading, writing and mathematics by ethnicity ","Black","ONS 2011 5+1","2017-2018","Academic Year","Kingston upon Thames","Country","E09000021","All","10-11","52","%","30","58"
"Percentage of pupils reaching the key stage 2 expected standard in reading, writing and mathematics by ethnicity ","Black","ONS 2011 5+1","2017-2018","Academic Year","Kirklees","Country","E08000034","All","10-11","55","%","62","113"
"Percentage of pupils reaching the key stage 2 expected standard in reading, writing and mathematics by ethnicity ","Black","ONS 2011 5+1","2017-2018","Academic Year","Knowsley","Country","E08000011","All","10-11","94","%","15","16"
"Percentage of pupils reaching the key stage 2 expected standard in reading, writing and mathematics by ethnicity ","Black","ONS 2011 5+1","2017-2018","Academic Year","Lambeth","Country","E09000022","All","10-11","64","%","829","1288"
"Percentage of pupils reaching the key stage 2 expected standard in reading, writing and mathematics by ethnicity ","Black","ONS 2011 5+1","2017-2018","Academic Year","Lancashire","Country","E10000017","All","10-11","61","%","43","71"
"Percentage of pupils reaching the key stage 2 expected standard in reading, writing and mathematics by ethnicity ","Black","ONS 2011 5+1","2017-2018","Academic Year","Leeds","Country","E08000035","All","10-11","53","%","353","666"
"Percentage of pupils reaching the key stage 2 expected standard in reading, writing and mathematics by ethnicity ","Black","ONS 2011 5+1","2017-2018","Academic Year","Leicester","Country","E06000016","All","10-11","59","%","288","490"
"Percentage of pupils reaching the key stage 2 expected standard in reading, writing and mathematics by ethnicity ","Black","ONS 2011 5+1","2017-2018","Academic Year","Leicestershire","Country","E10000018","All","10-11","69","%","55","80"
"Percentage of pupils reaching the key stage 2 expected standard in reading, writing and mathematics by ethnicity ","Black","ONS 2011 5+1","2017-2018","Academic Year","Lewisham","Country","E09000023","All","10-11","65","%","855","1321"
"Percentage of pupils reaching the key stage 2 expected standard in reading, writing and mathematics by ethnicity ","Black","ONS 2011 5+1","2017-2018","Academic Year","Lincolnshire","Country","E10000019","All","10-11","60","%","21","35"
"Percentage of pupils reaching the key stage 2 expected standard in reading, writing and mathematics by ethnicity ","Black","ONS 2011 5+1","2017-2018","Academic Year","Liverpool","Country","E08000012","All","10-11","64","%","158","247"
"Percentage of pupils reaching the key stage 2 expected standard in reading, writing and mathematics by ethnicity ","Black","ONS 2011 5+1","2017-2018","Academic Year","Luton","Country","E06000032","All","10-11","57","%","196","342"
"Percentage of pupils reaching the key stage 2 expected standard in reading, writing and mathematics by ethnicity ","Black","ONS 2011 5+1","2017-2018","Academic Year","Manchester","Country","E08000003","All","10-11","65","%","796","1217"
"Percentage of pupils reaching the key stage 2 expected standard in reading, writing and mathematics by ethnicity ","Black","ONS 2011 5+1","2017-2018","Academic Year","Medway","Country","E06000035","All","10-11","74","%","151","205"
"Percentage of pupils reaching the key stage 2 expected standard in reading, writing and mathematics by ethnicity ","Black","ONS 2011 5+1","2017-2018","Academic Year","Merton","Country","E09000024","All","10-11","62","%","211","343"
"Percentage of pupils reaching the key stage 2 expected standard in reading, writing and mathematics by ethnicity ","Black","ONS 2011 5+1","2017-2018","Academic Year","Middlesbrough","Country","E06000002","All","10-11","53","%","17","32"
"Percentage of pupils reaching the key stage 2 expected standard in reading, writing and mathematics by ethnicity ","Black","ONS 2011 5+1","2017-2018","Academic Year","Milton Keynes","Country","E06000042","All","10-11","63","%","362","573"
"Percentage of pupils reaching the key stage 2 expected standard in reading, writing and mathematics by ethnicity ","Black","ONS 2011 5+1","2017-2018","Academic Year","Newcastle upon Tyne","Country","E08000021","All","10-11","69","%","98","142"
"Percentage of pupils reaching the key stage 2 expected standard in reading, writing and mathematics by ethnicity ","Black","ONS 2011 5+1","2017-2018","Academic Year","Newham","Country","E09000025","All","10-11","76","%","835","1105"
"Percentage of pupils reaching the key stage 2 expected standard in reading, writing and mathematics by ethnicity ","Black","ONS 2011 5+1","2017-2018","Academic Year","Norfolk","Country","E10000020","All","10-11","59","%","51","87"
"Percentage of pupils reaching the key stage 2 expected standard in reading, writing and mathematics by ethnicity ","Black","ONS 2011 5+1","2017-2018","Academic Year","North East Lincolnshire","Country","E06000012","All","10-11","100","%","5","5"
"Percentage of pupils reaching the key stage 2 expected standard in reading, writing and mathematics by ethnicity ","Black","ONS 2011 5+1","2017-2018","Academic Year","North Lincolnshire","Country","E06000013","All","10-11","29","%","2","7"
"Percentage of pupils reaching the key stage 2 expected standard in reading, writing and mathematics by ethnicity ","Black","ONS 2011 5+1","2017-2018","Academic Year","North Somerset","Country","E06000024","All","10-11","50","%","4","8"
"Percentage of pupils reaching the key stage 2 expected standard in reading, writing and mathematics by ethnicity ","Black","ONS 2011 5+1","2017-2018","Academic Year","North Tyneside","Country","E08000022","All","10-11","70","%","19","27"
"Percentage of pupils reaching the key stage 2 expected standard in reading, writing and mathematics by ethnicity ","Black","ONS 2011 5+1","2017-2018","Academic Year","North Yorkshire","Country","E10000023","All","10-11","40","%","8","20"
"Percentage of pupils reaching the key stage 2 expected standard in reading, writing and mathematics by ethnicity ","Black","ONS 2011 5+1","2017-2018","Academic Year","Northamptonshire","Country","E10000021","All","10-11","58","%","274","474"
"Percentage of pupils reaching the key stage 2 expected standard in reading, writing and mathematics by ethnicity ","Black","ONS 2011 5+1","2017-2018","Academic Year","Northumberland","Country","E06000057","All","10-11","100","%","6","6"
"Percentage of pupils reaching the key stage 2 expected standard in reading, writing and mathematics by ethnicity ","Black","ONS 2011 5+1","2017-2018","Academic Year","Nottingham","Country","E06000018","All","10-11","63","%","236","376"
"Percentage of pupils reaching the key stage 2 expected standard in reading, writing and mathematics by ethnicity ","Black","ONS 2011 5+1","2017-2018","Academic Year","Nottinghamshire","Country","E10000024","All","10-11","61","%","55","90"
"Percentage of pupils reaching the key stage 2 expected standard in reading, writing and mathematics by ethnicity ","Black","ONS 2011 5+1","2017-2018","Academic Year","Oldham","Country","E08000004","All","10-11","69","%","75","109"
"Percentage of pupils reaching the key stage 2 expected standard in reading, writing and mathematics by ethnicity ","Black","ONS 2011 5+1","2017-2018","Academic Year","Oxfordshire","Country","E10000025","All","10-11","60","%","103","172"
"Percentage of pupils reaching the key stage 2 expected standard in reading, writing and mathematics by ethnicity ","Black","ONS 2011 5+1","2017-2018","Academic Year","Peterborough","Country","E06000031","All","10-11","59","%","66","111"
"Percentage of pupils reaching the key stage 2 expected standard in reading, writing and mathematics by ethnicity ","Black","ONS 2011 5+1","2017-2018","Academic Year","Plymouth","Country","E06000026","All","10-11","54","%","15","28"
"Percentage of pupils reaching the key stage 2 expected standard in reading, writing and mathematics by ethnicity ","Black","ONS 2011 5+1","2017-2018","Academic Year","Poole","Country","E06000029","All","10-11","33","%","3","9"
"Percentage of pupils reaching the key stage 2 expected standard in reading, writing and mathematics by ethnicity ","Black","ONS 2011 5+1","2017-2018","Academic Year","Portsmouth","Country","E06000044","All","10-11","68","%","46","68"
"Percentage of pupils reaching the key stage 2 expected standard in reading, writing and mathematics by ethnicity ","Black","ONS 2011 5+1","2017-2018","Academic Year","Reading","Country","E06000038","All","10-11","58","%","98","168"
"Percentage of pupils reaching the key stage 2 expected standard in reading, writing and mathematics by ethnicity ","Black","ONS 2011 5+1","2017-2018","Academic Year","Redbridge","Country","E09000026","All","10-11","63","%","278","441"
"Percentage of pupils reaching the key stage 2 expected standard in reading, writing and mathematics by ethnicity ","Black","ONS 2011 5+1","2017-2018","Academic Year","Redcar and Cleveland","Country","E06000003","All","10-11","67","%","2","3"
"Percentage of pupils reaching the key stage 2 expected standard in reading, writing and mathematics by ethnicity ","Black","ONS 2011 5+1","2017-2018","Academic Year","Richmond upon Thames","Country","E09000027","All","10-11","66","%","43","65"
"Percentage of pupils reaching the key stage 2 expected standard in reading, writing and mathematics by ethnicity ","Black","ONS 2011 5+1","2017-2018","Academic Year","Rochdale","Country","E08000005","All","10-11","57","%","69","122"
"Percentage of pupils reaching the key stage 2 expected standard in reading, writing and mathematics by ethnicity ","Black","ONS 2011 5+1","2017-2018","Academic Year","Rotherham","Country","E08000018","All","10-11","60","%","32","53"
"Percentage of pupils reaching the key stage 2 expected standard in reading, writing and mathematics by ethnicity ","Black","ONS 2011 5+1","2017-2018","Academic Year","Rutland","Country","E06000017","All","10-11","0","%","0","3"
"Percentage of pupils reaching the key stage 2 expected standard in reading, writing and mathematics by ethnicity ","Black","ONS 2011 5+1","2017-2018","Academic Year","Salford","Country","E08000006","All","10-11","72","%","109","152"
"Percentage of pupils reaching the key stage 2 expected standard in reading, writing and mathematics by ethnicity ","Black","ONS 2011 5+1","2017-2018","Academic Year","Sandwell","Country","E08000028","All","10-11","63","%","277","440"
"Percentage of pupils reaching the key stage 2 expected standard in reading, writing and mathematics by ethnicity ","Black","ONS 2011 5+1","2017-2018","Academic Year","Sefton","Country","E08000014","All","10-11","82","%","9","11"
"Percentage of pupils reaching the key stage 2 expected standard in reading, writing and mathematics by ethnicity ","Black","ONS 2011 5+1","2017-2018","Academic Year","Sheffield","Country","E08000019","All","10-11","60","%","232","384"
"Percentage of pupils reaching the key stage 2 expected standard in reading, writing and mathematics by ethnicity ","Black","ONS 2011 5+1","2017-2018","Academic Year","Shropshire","Country","E06000051","All","10-11","40","%","2","5"
"Percentage of pupils reaching the key stage 2 expected standard in reading, writing and mathematics by ethnicity ","Black","ONS 2011 5+1","2017-2018","Academic Year","Slough","Country","E06000039","All","10-11","64","%","124","194"
"Percentage of pupils reaching the key stage 2 expected standard in reading, writing and mathematics by ethnicity ","Black","ONS 2011 5+1","2017-2018","Academic Year","Solihull","Country","E08000029","All","10-11","67","%","36","54"
"Percentage of pupils reaching the key stage 2 expected standard in reading, writing and mathematics by ethnicity ","Black","ONS 2011 5+1","2017-2018","Academic Year","Somerset","Country","E10000027","All","10-11","71","%","15","21"
"Percentage of pupils reaching the key stage 2 expected standard in reading, writing and mathematics by ethnicity ","Black","ONS 2011 5+1","2017-2018","Academic Year","South Gloucestershire","Country","E06000025","All","10-11","59","%","30","51"
"Percentage of pupils reaching the key stage 2 expected standard in reading, writing and mathematics by ethnicity ","Black","ONS 2011 5+1","2017-2018","Academic Year","South Tyneside","Country","E08000023","All","10-11","80","%","8","10"
"Percentage of pupils reaching the key stage 2 expected standard in reading, writing and mathematics by ethnicity ","Black","ONS 2011 5+1","2017-2018","Academic Year","Southampton","Country","E06000045","All","10-11","61","%","56","92"
"Percentage of pupils reaching the key stage 2 expected standard in reading, writing and mathematics by ethnicity ","Black","ONS 2011 5+1","2017-2018","Academic Year","Southend-on-Sea","Country","E06000033","All","10-11","74","%","67","91"
"Percentage of pupils reaching the key stage 2 expected standard in reading, writing and mathematics by ethnicity ","Black","ONS 2011 5+1","2017-2018","Academic Year","Southwark","Country","E09000028","All","10-11","65","%","902","1396"
"Percentage of pupils reaching the key stage 2 expected standard in reading, writing and mathematics by ethnicity ","Black","ONS 2011 5+1","2017-2018","Academic Year","St. Helens","Country","E08000013","All","10-11","36","%","4","11"
"Percentage of pupils reaching the key stage 2 expected standard in reading, writing and mathematics by ethnicity ","Black","ONS 2011 5+1","2017-2018","Academic Year","Staffordshire","Country","E10000028","All","10-11","70","%","51","73"
"Percentage of pupils reaching the key stage 2 expected standard in reading, writing and mathematics by ethnicity ","Black","ONS 2011 5+1","2017-2018","Academic Year","Stockport","Country","E08000007","All","10-11","48","%","22","46"
"Percentage of pupils reaching the key stage 2 expected standard in reading, writing and mathematics by ethnicity ","Black","ONS 2011 5+1","2017-2018","Academic Year","Stockton-on-Tees","Country","E06000004","All","10-11","74","%","25","34"
"Percentage of pupils reaching the key stage 2 expected standard in reading, writing and mathematics by ethnicity ","Black","ONS 2011 5+1","2017-2018","Academic Year","Stoke-on-Trent","Country","E06000021","All","10-11","63","%","64","101"
"Percentage of pupils reaching the key stage 2 expected standard in reading, writing and mathematics by ethnicity ","Black","ONS 2011 5+1","2017-2018","Academic Year","Suffolk","Country","E10000029","All","10-11","57","%","35","61"
"Percentage of pupils reaching the key stage 2 expected standard in reading, writing and mathematics by ethnicity ","Black","ONS 2011 5+1","2017-2018","Academic Year","Sunderland","Country","E08000024","All","10-11","74","%","20","27"
"Percentage of pupils reaching the key stage 2 expected standard in reading, writing and mathematics by ethnicity ","Black","ONS 2011 5+1","2017-2018","Academic Year","Surrey","Country","E10000030","All","10-11","62","%","119","191"
"Percentage of pupils reaching the key stage 2 expected standard in reading, writing and mathematics by ethnicity ","Black","ONS 2011 5+1","2017-2018","Academic Year","Sutton","Country","E09000029","All","10-11","73","%","131","179"
"Percentage of pupils reaching the key stage 2 expected standard in reading, writing and mathematics by ethnicity ","Black","ONS 2011 5+1","2017-2018","Academic Year","Swindon","Country","E06000030","All","10-11","61","%","54","89"
"Percentage of pupils reaching the key stage 2 expected standard in reading, writing and mathematics by ethnicity ","Black","ONS 2011 5+1","2017-2018","Academic Year","Tameside","Country","E08000008","All","10-11","61","%","38","62"
"Percentage of pupils reaching the key stage 2 expected standard in reading, writing and mathematics by ethnicity ","Black","ONS 2011 5+1","2017-2018","Academic Year","Telford and Wrekin","Country","E06000020","All","10-11","58","%","49","84"
"Percentage of pupils reaching the key stage 2 expected standard in reading, writing and mathematics by ethnicity ","Black","ONS 2011 5+1","2017-2018","Academic Year","Thurrock","Country","E06000034","All","10-11","77","%","286","370"
"Percentage of pupils reaching the key stage 2 expected standard in reading, writing and mathematics by ethnicity ","Black","ONS 2011 5+1","2017-2018","Academic Year","Torbay","Country","E06000027","All","10-11","67","%","2","3"
"Percentage of pupils reaching the key stage 2 expected standard in reading, writing and mathematics by ethnicity ","Black","ONS 2011 5+1","2017-2018","Academic Year","Tower Hamlets","Country","E09000030","All","10-11","64","%","228","354"
"Percentage of pupils reaching the key stage 2 expected standard in reading, writing and mathematics by ethnicity ","Black","ONS 2011 5+1","2017-2018","Academic Year","Trafford","Country","E08000009","All","10-11","75","%","93","124"
"Percentage of pupils reaching the key stage 2 expected standard in reading, writing and mathematics by ethnicity ","Black","ONS 2011 5+1","2017-2018","Academic Year","Wakefield","Country","E08000036","All","10-11","60","%","28","47"
"Percentage of pupils reaching the key stage 2 expected standard in reading, writing and mathematics by ethnicity ","Black","ONS 2011 5+1","2017-2018","Academic Year","Walsall","Country","E08000030","All","10-11","62","%","115","185"
"Percentage of pupils reaching the key stage 2 expected standard in reading, writing and mathematics by ethnicity ","Black","ONS 2011 5+1","2017-2018","Academic Year","Waltham Forest","Country","E09000031","All","10-11","66","%","418","638"
"Percentage of pupils reaching the key stage 2 expected standard in reading, writing and mathematics by ethnicity ","Black","ONS 2011 5+1","2017-2018","Academic Year","Wandsworth","Country","E09000032","All","10-11","61","%","364","597"
"Percentage of pupils reaching the key stage 2 expected standard in reading, writing and mathematics by ethnicity ","Black","ONS 2011 5+1","2017-2018","Academic Year","Warrington","Country","E06000007","All","10-11","57","%","8","14"
"Percentage of pupils reaching the key stage 2 expected standard in reading, writing and mathematics by ethnicity ","Black","ONS 2011 5+1","2017-2018","Academic Year","Warwickshire","Country","E10000031","All","10-11","55","%","46","84"
"Percentage of pupils reaching the key stage 2 expected standard in reading, writing and mathematics by ethnicity ","Black","ONS 2011 5+1","2017-2018","Academic Year","West Berkshire","Country","E06000037","All","10-11","55","%","11","20"
"Percentage of pupils reaching the key stage 2 expected standard in reading, writing and mathematics by ethnicity ","Black","ONS 2011 5+1","2017-2018","Academic Year","West Sussex","Country","E10000032","All","10-11","51","%","71","140"
"Percentage of pupils reaching the key stage 2 expected standard in reading, writing and mathematics by ethnicity ","Black","ONS 2011 5+1","2017-2018","Academic Year","Westminster","Country","E09000033","All","10-11","70","%","168","241"
"Percentage of pupils reaching the key stage 2 expected standard in reading, writing and mathematics by ethnicity ","Black","ONS 2011 5+1","2017-2018","Academic Year","Wigan","Country","E08000010","All","10-11","65","%","24","37"
"Percentage of pupils reaching the key stage 2 expected standard in reading, writing and mathematics by ethnicity ","Black","ONS 2011 5+1","2017-2018","Academic Year","Wiltshire","Country","E06000054","All","10-11","49","%","29","59"
"Percentage of pupils reaching the key stage 2 expected standard in reading, writing and mathematics by ethnicity ","Black","ONS 2011 5+1","2017-2018","Academic Year","Windsor and Maidenhead","Country","E06000040","All","10-11","64","%","9","14"
"Percentage of pupils reaching the key stage 2 expected standard in reading, writing and mathematics by ethnicity ","Black","ONS 2011 5+1","2017-2018","Academic Year","Wirral","Country","E08000015","All","10-11","71","%","12","17"
"Percentage of pupils reaching the key stage 2 expected standard in reading, writing and mathematics by ethnicity ","Black","ONS 2011 5+1","2017-2018","Academic Year","Wokingham","Country","E06000041","All","10-11","66","%","43","65"
"Percentage of pupils reaching the key stage 2 expected standard in reading, writing and mathematics by ethnicity ","Black","ONS 2011 5+1","2017-2018","Academic Year","Wolverhampton","Country","E08000031","All","10-11","63","%","259","412"
"Percentage of pupils reaching the key stage 2 expected standard in reading, writing and mathematics by ethnicity ","Black","ONS 2011 5+1","2017-2018","Academic Year","Worcestershire","Country","E10000034","All","10-11","54","%","14","26"
"Percentage of pupils reaching the key stage 2 expected standard in reading, writing and mathematics by ethnicity ","Black","ONS 2011 5+1","2017-2018","Academic Year","York","Country","E06000014","All","10-11","67","%","8","12"
"Percentage of pupils reaching the key stage 2 expected standard in reading, writing and mathematics by ethnicity ","Chinese","ONS 2011 5+1","2017-2018","Academic Year","Barking and Dagenham","Country","E09000002","All","10-11","86","%","6","7"
"Percentage of pupils reaching the key stage 2 expected standard in reading, writing and mathematics by ethnicity ","Chinese","ONS 2011 5+1","2017-2018","Academic Year","Barnet","Country","E09000003","All","10-11","91","%","50","55"
"Percentage of pupils reaching the key stage 2 expected standard in reading, writing and mathematics by ethnicity ","Chinese","ONS 2011 5+1","2017-2018","Academic Year","Barnsley","Country","E08000016","All","10-11","100","%","4","4"
"Percentage of pupils reaching the key stage 2 expected standard in reading, writing and mathematics by ethnicity ","Chinese","ONS 2011 5+1","2017-2018","Academic Year","Bath and North East Somerset","Country","E06000022","All","10-11","57","%","4","7"
"Percentage of pupils reaching the key stage 2 expected standard in reading, writing and mathematics by ethnicity ","Chinese","ONS 2011 5+1","2017-2018","Academic Year","Bedford","Country","E06000055","All","10-11","86","%","6","7"
"Percentage of pupils reaching the key stage 2 expected standard in reading, writing and mathematics by ethnicity ","Chinese","ONS 2011 5+1","2017-2018","Academic Year","Bexley","Country","E09000004","All","10-11","97","%","29","30"
"Percentage of pupils reaching the key stage 2 expected standard in reading, writing and mathematics by ethnicity ","Chinese","ONS 2011 5+1","2017-2018","Academic Year","Birmingham","Country","E08000025","All","10-11","77","%","50","65"
"Percentage of pupils reaching the key stage 2 expected standard in reading, writing and mathematics by ethnicity ","Chinese","ONS 2011 5+1","2017-2018","Academic Year","Blackburn with Darwen","Country","E06000008","All","10-11","100","%","5","5"
"Percentage of pupils reaching the key stage 2 expected standard in reading, writing and mathematics by ethnicity ","Chinese","ONS 2011 5+1","2017-2018","Academic Year","Blackpool","Country","E06000009","All","10-11","78","%","7","9"
"Percentage of pupils reaching the key stage 2 expected standard in reading, writing and mathematics by ethnicity ","Chinese","ONS 2011 5+1","2017-2018","Academic Year","Bolton","Country","E08000001","All","10-11","92","%","12","13"
"Percentage of pupils reaching the key stage 2 expected standard in reading, writing and mathematics by ethnicity ","Chinese","ONS 2011 5+1","2017-2018","Academic Year","Bournemouth","Country","E06000028","All","10-11","75","%","9","12"
"Percentage of pupils reaching the key stage 2 expected standard in reading, writing and mathematics by ethnicity ","Chinese","ONS 2011 5+1","2017-2018","Academic Year","Bracknell Forest","Country","E06000036","All","10-11","100","%","3","3"
"Percentage of pupils reaching the key stage 2 expected standard in reading, writing and mathematics by ethnicity ","Chinese","ONS 2011 5+1","2017-2018","Academic Year","Bradford","Country","E08000032","All","10-11","67","%","2","3"
"Percentage of pupils reaching the key stage 2 expected standard in reading, writing and mathematics by ethnicity ","Chinese","ONS 2011 5+1","2017-2018","Academic Year","Brent","Country","E09000005","All","10-11","83","%","5","6"
"Percentage of pupils reaching the key stage 2 expected standard in reading, writing and mathematics by ethnicity ","Chinese","ONS 2011 5+1","2017-2018","Academic Year","Brighton and Hove","Country","E06000043","All","10-11","91","%","10","11"
"Percentage of pupils reaching the key stage 2 expected standard in reading, writing and mathematics by ethnicity ","Chinese","ONS 2011 5+1","2017-2018","Academic Year","Bristol, City of","Country","E06000023","All","10-11","85","%","22","26"
"Percentage of pupils reaching the key stage 2 expected standard in reading, writing and mathematics by ethnicity ","Chinese","ONS 2011 5+1","2017-2018","Academic Year","Bromley","Country","E09000006","All","10-11","76","%","22","29"
"Percentage of pupils reaching the key stage 2 expected standard in reading, writing and mathematics by ethnicity ","Chinese","ONS 2011 5+1","2017-2018","Academic Year","Buckinghamshire","Country","E10000002","All","10-11","80","%","16","20"
"Percentage of pupils reaching the key stage 2 expected standard in reading, writing and mathematics by ethnicity ","Chinese","ONS 2011 5+1","2017-2018","Academic Year","Bury","Country","E08000002","All","10-11","80","%","4","5"
"Percentage of pupils reaching the key stage 2 expected standard in reading, writing and mathematics by ethnicity ","Chinese","ONS 2011 5+1","2017-2018","Academic Year","Calderdale","Country","E08000033","All","10-11","0","%","0","2"
"Percentage of pupils reaching the key stage 2 expected standard in reading, writing and mathematics by ethnicity ","Chinese","ONS 2011 5+1","2017-2018","Academic Year","Cambridgeshire","Country","E10000003","All","10-11","95","%","37","39"
"Percentage of pupils reaching the key stage 2 expected standard in reading, writing and mathematics by ethnicity ","Chinese","ONS 2011 5+1","2017-2018","Academic Year","Camden","Country","E09000007","All","10-11","100","%","7","7"
"Percentage of pupils reaching the key stage 2 expected standard in reading, writing and mathematics by ethnicity ","Chinese","ONS 2011 5+1","2017-2018","Academic Year","Central Bedfordshire","Country","E06000056","All","10-11","85","%","11","13"
"Percentage of pupils reaching the key stage 2 expected standard in reading, writing and mathematics by ethnicity ","Chinese","ONS 2011 5+1","2017-2018","Academic Year","Cheshire East","Country","E06000049","All","10-11","73","%","11","15"
"Percentage of pupils reaching the key stage 2 expected standard in reading, writing and mathematics by ethnicity ","Chinese","ONS 2011 5+1","2017-2018","Academic Year","Cheshire West and Chester","Country","E06000050","All","10-11","73","%","11","15"
"Percentage of pupils reaching the key stage 2 expected standard in reading, writing and mathematics by ethnicity ","Chinese","ONS 2011 5+1","2017-2018","Academic Year","Cornwall","Country","E06000052","All","10-11","78","%","7","9"
"Percentage of pupils reaching the key stage 2 expected standard in reading, writing and mathematics by ethnicity ","Chinese","ONS 2011 5+1","2017-2018","Academic Year","County Durham","Country","E06000047","All","10-11","77","%","10","13"
"Percentage of pupils reaching the key stage 2 expected standard in reading, writing and mathematics by ethnicity ","Chinese","ONS 2011 5+1","2017-2018","Academic Year","Coventry","Country","E08000026","All","10-11","73","%","11","15"
"Percentage of pupils reaching the key stage 2 expected standard in reading, writing and mathematics by ethnicity ","Chinese","ONS 2011 5+1","2017-2018","Academic Year","Croydon","Country","E09000008","All","10-11","87","%","20","23"
"Percentage of pupils reaching the key stage 2 expected standard in reading, writing and mathematics by ethnicity ","Chinese","ONS 2011 5+1","2017-2018","Academic Year","Cumbria","Country","E10000006","All","10-11","79","%","11","14"
"Percentage of pupils reaching the key stage 2 expected standard in reading, writing and mathematics by ethnicity ","Chinese","ONS 2011 5+1","2017-2018","Academic Year","Darlington","Country","E06000005","All","10-11","100","%","3","3"
"Percentage of pupils reaching the key stage 2 expected standard in reading, writing and mathematics by ethnicity ","Chinese","ONS 2011 5+1","2017-2018","Academic Year","Derby","Country","E06000015","All","10-11","73","%","11","15"
"Percentage of pupils reaching the key stage 2 expected standard in reading, writing and mathematics by ethnicity ","Chinese","ONS 2011 5+1","2017-2018","Academic Year","Derbyshire","Country","E10000007","All","10-11","73","%","19","26"
"Percentage of pupils reaching the key stage 2 expected standard in reading, writing and mathematics by ethnicity ","Chinese","ONS 2011 5+1","2017-2018","Academic Year","Devon","Country","E10000008","All","10-11","86","%","12","14"
"Percentage of pupils reaching the key stage 2 expected standard in reading, writing and mathematics by ethnicity ","Chinese","ONS 2011 5+1","2017-2018","Academic Year","Doncaster","Country","E08000017","All","10-11","88","%","14","16"
"Percentage of pupils reaching the key stage 2 expected standard in reading, writing and mathematics by ethnicity ","Chinese","ONS 2011 5+1","2017-2018","Academic Year","Dorset","Country","E10000009","All","10-11","78","%","7","9"
"Percentage of pupils reaching the key stage 2 expected standard in reading, writing and mathematics by ethnicity ","Chinese","ONS 2011 5+1","2017-2018","Academic Year","Dudley","Country","E08000027","All","10-11","60","%","6","10"
"Percentage of pupils reaching the key stage 2 expected standard in reading, writing and mathematics by ethnicity ","Chinese","ONS 2011 5+1","2017-2018","Academic Year","Ealing","Country","E09000009","All","10-11","80","%","12","15"
"Percentage of pupils reaching the key stage 2 expected standard in reading, writing and mathematics by ethnicity ","Chinese","ONS 2011 5+1","2017-2018","Academic Year","East Riding of Yorkshire","Country","E06000011","All","10-11","50","%","1","2"
"Percentage of pupils reaching the key stage 2 expected standard in reading, writing and mathematics by ethnicity ","Chinese","ONS 2011 5+1","2017-2018","Academic Year","East Sussex","Country","E10000011","All","10-11","75","%","9","12"
"Percentage of pupils reaching the key stage 2 expected standard in reading, writing and mathematics by ethnicity ","Chinese","ONS 2011 5+1","2017-2018","Academic Year","Enfield","Country","E09000010","All","10-11","83","%","20","24"
"Percentage of pupils reaching the key stage 2 expected standard in reading, writing and mathematics by ethnicity ","Chinese","ONS 2011 5+1","2017-2018","Academic Year","Essex","Country","E10000012","All","10-11","88","%","64","73"
"Percentage of pupils reaching the key stage 2 expected standard in reading, writing and mathematics by ethnicity ","Chinese","ONS 2011 5+1","2017-2018","Academic Year","Gateshead","Country","E08000037","All","10-11","69","%","9","13"
"Percentage of pupils reaching the key stage 2 expected standard in reading, writing and mathematics by ethnicity ","Chinese","ONS 2011 5+1","2017-2018","Academic Year","Gloucestershire","Country","E10000013","All","10-11","54","%","7","13"
"Percentage of pupils reaching the key stage 2 expected standard in reading, writing and mathematics by ethnicity ","Chinese","ONS 2011 5+1","2017-2018","Academic Year","Greenwich","Country","E09000011","All","10-11","83","%","35","42"
"Percentage of pupils reaching the key stage 2 expected standard in reading, writing and mathematics by ethnicity ","Chinese","ONS 2011 5+1","2017-2018","Academic Year","Hackney","Country","E09000012","All","10-11","80","%","16","20"
"Percentage of pupils reaching the key stage 2 expected standard in reading, writing and mathematics by ethnicity ","Chinese","ONS 2011 5+1","2017-2018","Academic Year","Hammersmith and Fulham","Country","E09000013","All","10-11","100","%","2","2"
"Percentage of pupils reaching the key stage 2 expected standard in reading, writing and mathematics by ethnicity ","Chinese","ONS 2011 5+1","2017-2018","Academic Year","Hampshire","Country","E10000014","All","10-11","92","%","46","50"
"Percentage of pupils reaching the key stage 2 expected standard in reading, writing and mathematics by ethnicity ","Chinese","ONS 2011 5+1","2017-2018","Academic Year","Haringey","Country","E09000014","All","10-11","74","%","29","39"
"Percentage of pupils reaching the key stage 2 expected standard in reading, writing and mathematics by ethnicity ","Chinese","ONS 2011 5+1","2017-2018","Academic Year","Harrow","Country","E09000015","All","10-11","100","%","14","14"
"Percentage of pupils reaching the key stage 2 expected standard in reading, writing and mathematics by ethnicity ","Chinese","ONS 2011 5+1","2017-2018","Academic Year","Hartlepool","Country","E06000001","All","10-11","50","%","2","4"
"Percentage of pupils reaching the key stage 2 expected standard in reading, writing and mathematics by ethnicity ","Chinese","ONS 2011 5+1","2017-2018","Academic Year","Havering","Country","E09000016","All","10-11","94","%","16","17"
"Percentage of pupils reaching the key stage 2 expected standard in reading, writing and mathematics by ethnicity ","Chinese","ONS 2011 5+1","2017-2018","Academic Year","Herefordshire, County of","Country","E06000019","All","10-11","67","%","2","3"
"Percentage of pupils reaching the key stage 2 expected standard in reading, writing and mathematics by ethnicity ","Chinese","ONS 2011 5+1","2017-2018","Academic Year","Hertfordshire","Country","E10000015","All","10-11","85","%","57","67"
"Percentage of pupils reaching the key stage 2 expected standard in reading, writing and mathematics by ethnicity ","Chinese","ONS 2011 5+1","2017-2018","Academic Year","Hillingdon","Country","E09000017","All","10-11","60","%","6","10"
"Percentage of pupils reaching the key stage 2 expected standard in reading, writing and mathematics by ethnicity ","Chinese","ONS 2011 5+1","2017-2018","Academic Year","Hounslow","Country","E09000018","All","10-11","100","%","17","17"
"Percentage of pupils reaching the key stage 2 expected standard in reading, writing and mathematics by ethnicity ","Chinese","ONS 2011 5+1","2017-2018","Academic Year","Isle of Wight","Country","E06000046","All","10-11","75","%","3","4"
"Percentage of pupils reaching the key stage 2 expected standard in reading, writing and mathematics by ethnicity ","Chinese","ONS 2011 5+1","2017-2018","Academic Year","Islington","Country","E09000019","All","10-11","100","%","10","10"
"Percentage of pupils reaching the key stage 2 expected standard in reading, writing and mathematics by ethnicity ","Chinese","ONS 2011 5+1","2017-2018","Academic Year","Kensington and Chelsea","Country","E09000020","All","10-11","100","%","4","4"
"Percentage of pupils reaching the key stage 2 expected standard in reading, writing and mathematics by ethnicity ","Chinese","ONS 2011 5+1","2017-2018","Academic Year","Kent","Country","E10000016","All","10-11","90","%","43","48"
"Percentage of pupils reaching the key stage 2 expected standard in reading, writing and mathematics by ethnicity ","Chinese","ONS 2011 5+1","2017-2018","Academic Year","Kingston upon Hull, City of","Country","E06000010","All","10-11","83","%","5","6"
"Percentage of pupils reaching the key stage 2 expected standard in reading, writing and mathematics by ethnicity ","Chinese","ONS 2011 5+1","2017-2018","Academic Year","Kingston upon Thames","Country","E09000021","All","10-11","92","%","23","25"
"Percentage of pupils reaching the key stage 2 expected standard in reading, writing and mathematics by ethnicity ","Chinese","ONS 2011 5+1","2017-2018","Academic Year","Kirklees","Country","E08000034","All","10-11","67","%","8","12"
"Percentage of pupils reaching the key stage 2 expected standard in reading, writing and mathematics by ethnicity ","Chinese","ONS 2011 5+1","2017-2018","Academic Year","Knowsley","Country","E08000011","All","10-11","80","%","4","5"
"Percentage of pupils reaching the key stage 2 expected standard in reading, writing and mathematics by ethnicity ","Chinese","ONS 2011 5+1","2017-2018","Academic Year","Lambeth","Country","E09000022","All","10-11","80","%","12","15"
"Percentage of pupils reaching the key stage 2 expected standard in reading, writing and mathematics by ethnicity ","Chinese","ONS 2011 5+1","2017-2018","Academic Year","Lancashire","Country","E10000017","All","10-11","82","%","27","33"
"Percentage of pupils reaching the key stage 2 expected standard in reading, writing and mathematics by ethnicity ","Chinese","ONS 2011 5+1","2017-2018","Academic Year","Leeds","Country","E08000035","All","10-11","91","%","50","55"
"Percentage of pupils reaching the key stage 2 expected standard in reading, writing and mathematics by ethnicity ","Chinese","ONS 2011 5+1","2017-2018","Academic Year","Leicester","Country","E06000016","All","10-11","100","%","13","13"
"Percentage of pupils reaching the key stage 2 expected standard in reading, writing and mathematics by ethnicity ","Chinese","ONS 2011 5+1","2017-2018","Academic Year","Leicestershire","Country","E10000018","All","10-11","84","%","27","32"
"Percentage of pupils reaching the key stage 2 expected standard in reading, writing and mathematics by ethnicity ","Chinese","ONS 2011 5+1","2017-2018","Academic Year","Lewisham","Country","E09000023","All","10-11","82","%","37","45"
"Percentage of pupils reaching the key stage 2 expected standard in reading, writing and mathematics by ethnicity ","Chinese","ONS 2011 5+1","2017-2018","Academic Year","Lincolnshire","Country","E10000019","All","10-11","81","%","13","16"
"Percentage of pupils reaching the key stage 2 expected standard in reading, writing and mathematics by ethnicity ","Chinese","ONS 2011 5+1","2017-2018","Academic Year","Liverpool","Country","E08000012","All","10-11","76","%","55","72"
"Percentage of pupils reaching the key stage 2 expected standard in reading, writing and mathematics by ethnicity ","Chinese","ONS 2011 5+1","2017-2018","Academic Year","Luton","Country","E06000032","All","10-11","50","%","2","4"
"Percentage of pupils reaching the key stage 2 expected standard in reading, writing and mathematics by ethnicity ","Chinese","ONS 2011 5+1","2017-2018","Academic Year","Manchester","Country","E08000003","All","10-11","74","%","39","53"
"Percentage of pupils reaching the key stage 2 expected standard in reading, writing and mathematics by ethnicity ","Chinese","ONS 2011 5+1","2017-2018","Academic Year","Medway","Country","E06000035","All","10-11","100","%","9","9"
"Percentage of pupils reaching the key stage 2 expected standard in reading, writing and mathematics by ethnicity ","Chinese","ONS 2011 5+1","2017-2018","Academic Year","Merton","Country","E09000024","All","10-11","84","%","16","19"
"Percentage of pupils reaching the key stage 2 expected standard in reading, writing and mathematics by ethnicity ","Chinese","ONS 2011 5+1","2017-2018","Academic Year","Middlesbrough","Country","E06000002","All","10-11","100","%","2","2"
"Percentage of pupils reaching the key stage 2 expected standard in reading, writing and mathematics by ethnicity ","Chinese","ONS 2011 5+1","2017-2018","Academic Year","Milton Keynes","Country","E06000042","All","10-11","86","%","18","21"
"Percentage of pupils reaching the key stage 2 expected standard in reading, writing and mathematics by ethnicity ","Chinese","ONS 2011 5+1","2017-2018","Academic Year","Newcastle upon Tyne","Country","E08000021","All","10-11","79","%","19","24"
"Percentage of pupils reaching the key stage 2 expected standard in reading, writing and mathematics by ethnicity ","Chinese","ONS 2011 5+1","2017-2018","Academic Year","Newham","Country","E09000025","All","10-11","93","%","13","14"
"Percentage of pupils reaching the key stage 2 expected standard in reading, writing and mathematics by ethnicity ","Chinese","ONS 2011 5+1","2017-2018","Academic Year","Norfolk","Country","E10000020","All","10-11","60","%","18","30"
"Percentage of pupils reaching the key stage 2 expected standard in reading, writing and mathematics by ethnicity ","Chinese","ONS 2011 5+1","2017-2018","Academic Year","North East Lincolnshire","Country","E06000012","All","10-11","100","%","2","2"
"Percentage of pupils reaching the key stage 2 expected standard in reading, writing and mathematics by ethnicity ","Chinese","ONS 2011 5+1","2017-2018","Academic Year","North Somerset","Country","E06000024","All","10-11","75","%","3","4"
"Percentage of pupils reaching the key stage 2 expected standard in reading, writing and mathematics by ethnicity ","Chinese","ONS 2011 5+1","2017-2018","Academic Year","North Tyneside","Country","E08000022","All","10-11","100","%","7","7"
"Percentage of pupils reaching the key stage 2 expected standard in reading, writing and mathematics by ethnicity ","Chinese","ONS 2011 5+1","2017-2018","Academic Year","North Yorkshire","Country","E10000023","All","10-11","67","%","8","12"
"Percentage of pupils reaching the key stage 2 expected standard in reading, writing and mathematics by ethnicity ","Chinese","ONS 2011 5+1","2017-2018","Academic Year","Northamptonshire","Country","E10000021","All","10-11","93","%","26","28"
"Percentage of pupils reaching the key stage 2 expected standard in reading, writing and mathematics by ethnicity ","Chinese","ONS 2011 5+1","2017-2018","Academic Year","Northumberland","Country","E06000057","All","10-11","50","%","1","2"
"Percentage of pupils reaching the key stage 2 expected standard in reading, writing and mathematics by ethnicity ","Chinese","ONS 2011 5+1","2017-2018","Academic Year","Nottingham","Country","E06000018","All","10-11","82","%","14","17"
"Percentage of pupils reaching the key stage 2 expected standard in reading, writing and mathematics by ethnicity ","Chinese","ONS 2011 5+1","2017-2018","Academic Year","Nottinghamshire","Country","E10000024","All","10-11","72","%","28","39"
"Percentage of pupils reaching the key stage 2 expected standard in reading, writing and mathematics by ethnicity ","Chinese","ONS 2011 5+1","2017-2018","Academic Year","Oldham","Country","E08000004","All","10-11","86","%","6","7"
"Percentage of pupils reaching the key stage 2 expected standard in reading, writing and mathematics by ethnicity ","Chinese","ONS 2011 5+1","2017-2018","Academic Year","Oxfordshire","Country","E10000025","All","10-11","80","%","20","25"
"Percentage of pupils reaching the key stage 2 expected standard in reading, writing and mathematics by ethnicity ","Chinese","ONS 2011 5+1","2017-2018","Academic Year","Peterborough","Country","E06000031","All","10-11","67","%","4","6"
"Percentage of pupils reaching the key stage 2 expected standard in reading, writing and mathematics by ethnicity ","Chinese","ONS 2011 5+1","2017-2018","Academic Year","Plymouth","Country","E06000026","All","10-11","81","%","13","16"
"Percentage of pupils reaching the key stage 2 expected standard in reading, writing and mathematics by ethnicity ","Chinese","ONS 2011 5+1","2017-2018","Academic Year","Portsmouth","Country","E06000044","All","10-11","60","%","6","10"
"Percentage of pupils reaching the key stage 2 expected standard in reading, writing and mathematics by ethnicity ","Chinese","ONS 2011 5+1","2017-2018","Academic Year","Reading","Country","E06000038","All","10-11","80","%","4","5"
"Percentage of pupils reaching the key stage 2 expected standard in reading, writing and mathematics by ethnicity ","Chinese","ONS 2011 5+1","2017-2018","Academic Year","Redbridge","Country","E09000026","All","10-11","89","%","17","19"
"Percentage of pupils reaching the key stage 2 expected standard in reading, writing and mathematics by ethnicity ","Chinese","ONS 2011 5+1","2017-2018","Academic Year","Richmond upon Thames","Country","E09000027","All","10-11","94","%","15","16"
"Percentage of pupils reaching the key stage 2 expected standard in reading, writing and mathematics by ethnicity ","Chinese","ONS 2011 5+1","2017-2018","Academic Year","Rochdale","Country","E08000005","All","10-11","80","%","4","5"
"Percentage of pupils reaching the key stage 2 expected standard in reading, writing and mathematics by ethnicity ","Chinese","ONS 2011 5+1","2017-2018","Academic Year","Rotherham","Country","E08000018","All","10-11","75","%","3","4"
"Percentage of pupils reaching the key stage 2 expected standard in reading, writing and mathematics by ethnicity ","Chinese","ONS 2011 5+1","2017-2018","Academic Year","Rutland","Country","E06000017","All","10-11","100","%","1","1"
"Percentage of pupils reaching the key stage 2 expected standard in reading, writing and mathematics by ethnicity ","Chinese","ONS 2011 5+1","2017-2018","Academic Year","Salford","Country","E08000006","All","10-11","86","%","6","7"
"Percentage of pupils reaching the key stage 2 expected standard in reading, writing and mathematics by ethnicity ","Chinese","ONS 2011 5+1","2017-2018","Academic Year","Sandwell","Country","E08000028","All","10-11","77","%","10","13"
"Percentage of pupils reaching the key stage 2 expected standard in reading, writing and mathematics by ethnicity ","Chinese","ONS 2011 5+1","2017-2018","Academic Year","Sefton","Country","E08000014","All","10-11","67","%","2","3"
"Percentage of pupils reaching the key stage 2 expected standard in reading, writing and mathematics by ethnicity ","Chinese","ONS 2011 5+1","2017-2018","Academic Year","Sheffield","Country","E08000019","All","10-11","79","%","22","28"
"Percentage of pupils reaching the key stage 2 expected standard in reading, writing and mathematics by ethnicity ","Chinese","ONS 2011 5+1","2017-2018","Academic Year","Shropshire","Country","E06000051","All","10-11","67","%","4","6"
"Percentage of pupils reaching the key stage 2 expected standard in reading, writing and mathematics by ethnicity ","Chinese","ONS 2011 5+1","2017-2018","Academic Year","Slough","Country","E06000039","All","10-11","100","%","1","1"
"Percentage of pupils reaching the key stage 2 expected standard in reading, writing and mathematics by ethnicity ","Chinese","ONS 2011 5+1","2017-2018","Academic Year","Solihull","Country","E08000029","All","10-11","100","%","6","6"
"Percentage of pupils reaching the key stage 2 expected standard in reading, writing and mathematics by ethnicity ","Chinese","ONS 2011 5+1","2017-2018","Academic Year","Somerset","Country","E10000027","All","10-11","68","%","13","19"
"Percentage of pupils reaching the key stage 2 expected standard in reading, writing and mathematics by ethnicity ","Chinese","ONS 2011 5+1","2017-2018","Academic Year","South Gloucestershire","Country","E06000025","All","10-11","75","%","9","12"
"Percentage of pupils reaching the key stage 2 expected standard in reading, writing and mathematics by ethnicity ","Chinese","ONS 2011 5+1","2017-2018","Academic Year","South Tyneside","Country","E08000023","All","10-11","50","%","1","2"
"Percentage of pupils reaching the key stage 2 expected standard in reading, writing and mathematics by ethnicity ","Chinese","ONS 2011 5+1","2017-2018","Academic Year","Southampton","Country","E06000045","All","10-11","67","%","8","12"
"Percentage of pupils reaching the key stage 2 expected standard in reading, writing and mathematics by ethnicity ","Chinese","ONS 2011 5+1","2017-2018","Academic Year","Southend-on-Sea","Country","E06000033","All","10-11","75","%","9","12"
"Percentage of pupils reaching the key stage 2 expected standard in reading, writing and mathematics by ethnicity ","Chinese","ONS 2011 5+1","2017-2018","Academic Year","Southwark","Country","E09000028","All","10-11","72","%","28","39"
"Percentage of pupils reaching the key stage 2 expected standard in reading, writing and mathematics by ethnicity ","Chinese","ONS 2011 5+1","2017-2018","Academic Year","St. Helens","Country","E08000013","All","10-11","80","%","4","5"
"Percentage of pupils reaching the key stage 2 expected standard in reading, writing and mathematics by ethnicity ","Chinese","ONS 2011 5+1","2017-2018","Academic Year","Staffordshire","Country","E10000028","All","10-11","79","%","19","24"
"Percentage of pupils reaching the key stage 2 expected standard in reading, writing and mathematics by ethnicity ","Chinese","ONS 2011 5+1","2017-2018","Academic Year","Stockport","Country","E08000007","All","10-11","72","%","13","18"
"Percentage of pupils reaching the key stage 2 expected standard in reading, writing and mathematics by ethnicity ","Chinese","ONS 2011 5+1","2017-2018","Academic Year","Stockton-on-Tees","Country","E06000004","All","10-11","91","%","10","11"
"Percentage of pupils reaching the key stage 2 expected standard in reading, writing and mathematics by ethnicity ","Chinese","ONS 2011 5+1","2017-2018","Academic Year","Stoke-on-Trent","Country","E06000021","All","10-11","76","%","13","17"
"Percentage of pupils reaching the key stage 2 expected standard in reading, writing and mathematics by ethnicity ","Chinese","ONS 2011 5+1","2017-2018","Academic Year","Suffolk","Country","E10000029","All","10-11","89","%","8","9"
"Percentage of pupils reaching the key stage 2 expected standard in reading, writing and mathematics by ethnicity ","Chinese","ONS 2011 5+1","2017-2018","Academic Year","Sunderland","Country","E08000024","All","10-11","62","%","8","13"
"Percentage of pupils reaching the key stage 2 expected standard in reading, writing and mathematics by ethnicity ","Chinese","ONS 2011 5+1","2017-2018","Academic Year","Surrey","Country","E10000030","All","10-11","93","%","52","56"
"Percentage of pupils reaching the key stage 2 expected standard in reading, writing and mathematics by ethnicity ","Chinese","ONS 2011 5+1","2017-2018","Academic Year","Sutton","Country","E09000029","All","10-11","89","%","25","28"
"Percentage of pupils reaching the key stage 2 expected standard in reading, writing and mathematics by ethnicity ","Chinese","ONS 2011 5+1","2017-2018","Academic Year","Swindon","Country","E06000030","All","10-11","78","%","7","9"
"Percentage of pupils reaching the key stage 2 expected standard in reading, writing and mathematics by ethnicity ","Chinese","ONS 2011 5+1","2017-2018","Academic Year","Tameside","Country","E08000008","All","10-11","42","%","5","12"
"Percentage of pupils reaching the key stage 2 expected standard in reading, writing and mathematics by ethnicity ","Chinese","ONS 2011 5+1","2017-2018","Academic Year","Telford and Wrekin","Country","E06000020","All","10-11","100","%","7","7"
"Percentage of pupils reaching the key stage 2 expected standard in reading, writing and mathematics by ethnicity ","Chinese","ONS 2011 5+1","2017-2018","Academic Year","Thurrock","Country","E06000034","All","10-11","88","%","14","16"
"Percentage of pupils reaching the key stage 2 expected standard in reading, writing and mathematics by ethnicity ","Chinese","ONS 2011 5+1","2017-2018","Academic Year","Torbay","Country","E06000027","All","10-11","100","%","5","5"
"Percentage of pupils reaching the key stage 2 expected standard in reading, writing and mathematics by ethnicity ","Chinese","ONS 2011 5+1","2017-2018","Academic Year","Tower Hamlets","Country","E09000030","All","10-11","95","%","18","19"
"Percentage of pupils reaching the key stage 2 expected standard in reading, writing and mathematics by ethnicity ","Chinese","ONS 2011 5+1","2017-2018","Academic Year","Trafford","Country","E08000009","All","10-11","95","%","36","38"
"Percentage of pupils reaching the key stage 2 expected standard in reading, writing and mathematics by ethnicity ","Chinese","ONS 2011 5+1","2017-2018","Academic Year","Wakefield","Country","E08000036","All","10-11","82","%","9","11"
"Percentage of pupils reaching the key stage 2 expected standard in reading, writing and mathematics by ethnicity ","Chinese","ONS 2011 5+1","2017-2018","Academic Year","Walsall","Country","E08000030","All","10-11","84","%","16","19"
"Percentage of pupils reaching the key stage 2 expected standard in reading, writing and mathematics by ethnicity ","Chinese","ONS 2011 5+1","2017-2018","Academic Year","Waltham Forest","Country","E09000031","All","10-11","89","%","33","37"
"Percentage of pupils reaching the key stage 2 expected standard in reading, writing and mathematics by ethnicity ","Chinese","ONS 2011 5+1","2017-2018","Academic Year","Wandsworth","Country","E09000032","All","10-11","100","%","11","11"
"Percentage of pupils reaching the key stage 2 expected standard in reading, writing and mathematics by ethnicity ","Chinese","ONS 2011 5+1","2017-2018","Academic Year","Warrington","Country","E06000007","All","10-11","75","%","9","12"
"Percentage of pupils reaching the key stage 2 expected standard in reading, writing and mathematics by ethnicity ","Chinese","ONS 2011 5+1","2017-2018","Academic Year","Warwickshire","Country","E10000031","All","10-11","100","%","18","18"
"Percentage of pupils reaching the key stage 2 expected standard in reading, writing and mathematics by ethnicity ","Chinese","ONS 2011 5+1","2017-2018","Academic Year","West Berkshire","Country","E06000037","All","10-11","63","%","5","8"
"Percentage of pupils reaching the key stage 2 expected standard in reading, writing and mathematics by ethnicity ","Chinese","ONS 2011 5+1","2017-2018","Academic Year","West Sussex","Country","E10000032","All","10-11","71","%","15","21"
"Percentage of pupils reaching the key stage 2 expected standard in reading, writing and mathematics by ethnicity ","Chinese","ONS 2011 5+1","2017-2018","Academic Year","Westminster","Country","E09000033","All","10-11","81","%","21","26"
"Percentage of pupils reaching the key stage 2 expected standard in reading, writing and mathematics by ethnicity ","Chinese","ONS 2011 5+1","2017-2018","Academic Year","Wigan","Country","E08000010","All","10-11","75","%","9","12"
"Percentage of pupils reaching the key stage 2 expected standard in reading, writing and mathematics by ethnicity ","Chinese","ONS 2011 5+1","2017-2018","Academic Year","Wiltshire","Country","E06000054","All","10-11","56","%","5","9"
"Percentage of pupils reaching the key stage 2 expected standard in reading, writing and mathematics by ethnicity ","Chinese","ONS 2011 5+1","2017-2018","Academic Year","Windsor and Maidenhead","Country","E06000040","All","10-11","86","%","6","7"
"Percentage of pupils reaching the key stage 2 expected standard in reading, writing and mathematics by ethnicity ","Chinese","ONS 2011 5+1","2017-2018","Academic Year","Wirral","Country","E08000015","All","10-11","88","%","15","17"
"Percentage of pupils reaching the key stage 2 expected standard in reading, writing and mathematics by ethnicity ","Chinese","ONS 2011 5+1","2017-2018","Academic Year","Wokingham","Country","E06000041","All","10-11","90","%","18","20"
"Percentage of pupils reaching the key stage 2 expected standard in reading, writing and mathematics by ethnicity ","Chinese","ONS 2011 5+1","2017-2018","Academic Year","Wolverhampton","Country","E08000031","All","10-11","100","%","7","7"
"Percentage of pupils reaching the key stage 2 expected standard in reading, writing and mathematics by ethnicity ","Chinese","ONS 2011 5+1","2017-2018","Academic Year","Worcestershire","Country","E10000034","All","10-11","90","%","9","10"
"Percentage of pupils reaching the key stage 2 expected standard in reading, writing and mathematics by ethnicity ","Chinese","ONS 2011 5+1","2017-2018","Academic Year","York","Country","E06000014","All","10-11","89","%","8","9"
"Percentage of pupils reaching the key stage 2 expected standard in reading, writing and mathematics by ethnicity ","Mixed","ONS 2011 5+1","2017-2018","Academic Year","Barking and Dagenham","Country","E09000002","All","10-11","66","%","175","266"
"Percentage of pupils reaching the key stage 2 expected standard in reading, writing and mathematics by ethnicity ","Mixed","ONS 2011 5+1","2017-2018","Academic Year","Barnet","Country","E09000003","All","10-11","70","%","288","410"
"Percentage of pupils reaching the key stage 2 expected standard in reading, writing and mathematics by ethnicity ","Mixed","ONS 2011 5+1","2017-2018","Academic Year","Barnsley","Country","E08000016","All","10-11","72","%","38","53"
"Percentage of pupils reaching the key stage 2 expected standard in reading, writing and mathematics by ethnicity ","Mixed","ONS 2011 5+1","2017-2018","Academic Year","Bath and North East Somerset","Country","E06000022","All","10-11","63","%","63","100"
"Percentage of pupils reaching the key stage 2 expected standard in reading, writing and mathematics by ethnicity ","Mixed","ONS 2011 5+1","2017-2018","Academic Year","Bedford","Country","E06000055","All","10-11","48","%","96","200"
"Percentage of pupils reaching the key stage 2 expected standard in reading, writing and mathematics by ethnicity ","Mixed","ONS 2011 5+1","2017-2018","Academic Year","Bexley","Country","E09000004","All","10-11","69","%","161","233"
"Percentage of pupils reaching the key stage 2 expected standard in reading, writing and mathematics by ethnicity ","Mixed","ONS 2011 5+1","2017-2018","Academic Year","Birmingham","Country","E08000025","All","10-11","59","%","786","1323"
"Percentage of pupils reaching the key stage 2 expected standard in reading, writing and mathematics by ethnicity ","Mixed","ONS 2011 5+1","2017-2018","Academic Year","Blackburn with Darwen","Country","E06000008","All","10-11","66","%","42","64"
"Percentage of pupils reaching the key stage 2 expected standard in reading, writing and mathematics by ethnicity ","Mixed","ONS 2011 5+1","2017-2018","Academic Year","Blackpool","Country","E06000009","All","10-11","60","%","33","55"
"Percentage of pupils reaching the key stage 2 expected standard in reading, writing and mathematics by ethnicity ","Mixed","ONS 2011 5+1","2017-2018","Academic Year","Bolton","Country","E08000001","All","10-11","72","%","110","152"
"Percentage of pupils reaching the key stage 2 expected standard in reading, writing and mathematics by ethnicity ","Mixed","ONS 2011 5+1","2017-2018","Academic Year","Bournemouth","Country","E06000028","All","10-11","68","%","73","107"
"Percentage of pupils reaching the key stage 2 expected standard in reading, writing and mathematics by ethnicity ","Mixed","ONS 2011 5+1","2017-2018","Academic Year","Bracknell Forest","Country","E06000036","All","10-11","67","%","56","83"
"Percentage of pupils reaching the key stage 2 expected standard in reading, writing and mathematics by ethnicity ","Mixed","ONS 2011 5+1","2017-2018","Academic Year","Bradford","Country","E08000032","All","10-11","59","%","244","415"
"Percentage of pupils reaching the key stage 2 expected standard in reading, writing and mathematics by ethnicity ","Mixed","ONS 2011 5+1","2017-2018","Academic Year","Brent","Country","E09000005","All","10-11","62","%","159","258"
"Percentage of pupils reaching the key stage 2 expected standard in reading, writing and mathematics by ethnicity ","Mixed","ONS 2011 5+1","2017-2018","Academic Year","Brighton and Hove","Country","E06000043","All","10-11","66","%","196","297"
"Percentage of pupils reaching the key stage 2 expected standard in reading, writing and mathematics by ethnicity ","Mixed","ONS 2011 5+1","2017-2018","Academic Year","Bristol, City of","Country","E06000023","All","10-11","59","%","215","364"
"Percentage of pupils reaching the key stage 2 expected standard in reading, writing and mathematics by ethnicity ","Mixed","ONS 2011 5+1","2017-2018","Academic Year","Bromley","Country","E09000006","All","10-11","77","%","313","407"
"Percentage of pupils reaching the key stage 2 expected standard in reading, writing and mathematics by ethnicity ","Mixed","ONS 2011 5+1","2017-2018","Academic Year","Buckinghamshire","Country","E10000002","All","10-11","64","%","288","449"
"Percentage of pupils reaching the key stage 2 expected standard in reading, writing and mathematics by ethnicity ","Mixed","ONS 2011 5+1","2017-2018","Academic Year","Bury","Country","E08000002","All","10-11","61","%","72","118"
"Percentage of pupils reaching the key stage 2 expected standard in reading, writing and mathematics by ethnicity ","Mixed","ONS 2011 5+1","2017-2018","Academic Year","Calderdale","Country","E08000033","All","10-11","54","%","51","94"
"Percentage of pupils reaching the key stage 2 expected standard in reading, writing and mathematics by ethnicity ","Mixed","ONS 2011 5+1","2017-2018","Academic Year","Cambridgeshire","Country","E10000003","All","10-11","67","%","242","361"
"Percentage of pupils reaching the key stage 2 expected standard in reading, writing and mathematics by ethnicity ","Mixed","ONS 2011 5+1","2017-2018","Academic Year","Camden","Country","E09000007","All","10-11","77","%","131","170"
"Percentage of pupils reaching the key stage 2 expected standard in reading, writing and mathematics by ethnicity ","Mixed","ONS 2011 5+1","2017-2018","Academic Year","Central Bedfordshire","Country","E06000056","All","10-11","61","%","129","213"
"Percentage of pupils reaching the key stage 2 expected standard in reading, writing and mathematics by ethnicity ","Mixed","ONS 2011 5+1","2017-2018","Academic Year","Cheshire East","Country","E06000049","All","10-11","73","%","115","158"
"Percentage of pupils reaching the key stage 2 expected standard in reading, writing and mathematics by ethnicity ","Mixed","ONS 2011 5+1","2017-2018","Academic Year","Cheshire West and Chester","Country","E06000050","All","10-11","72","%","79","110"
"Percentage of pupils reaching the key stage 2 expected standard in reading, writing and mathematics by ethnicity ","Mixed","ONS 2011 5+1","2017-2018","Academic Year","City of London","Country","E09000001","All","10-11","67","%","2","3"
"Percentage of pupils reaching the key stage 2 expected standard in reading, writing and mathematics by ethnicity ","Mixed","ONS 2011 5+1","2017-2018","Academic Year","Cornwall","Country","E06000052","All","10-11","66","%","79","119"
"Percentage of pupils reaching the key stage 2 expected standard in reading, writing and mathematics by ethnicity ","Mixed","ONS 2011 5+1","2017-2018","Academic Year","County Durham","Country","E06000047","All","10-11","79","%","56","71"
"Percentage of pupils reaching the key stage 2 expected standard in reading, writing and mathematics by ethnicity ","Mixed","ONS 2011 5+1","2017-2018","Academic Year","Coventry","Country","E08000026","All","10-11","61","%","178","293"
"Percentage of pupils reaching the key stage 2 expected standard in reading, writing and mathematics by ethnicity ","Mixed","ONS 2011 5+1","2017-2018","Academic Year","Croydon","Country","E09000008","All","10-11","68","%","450","664"
"Percentage of pupils reaching the key stage 2 expected standard in reading, writing and mathematics by ethnicity ","Mixed","ONS 2011 5+1","2017-2018","Academic Year","Cumbria","Country","E10000006","All","10-11","65","%","41","63"
"Percentage of pupils reaching the key stage 2 expected standard in reading, writing and mathematics by ethnicity ","Mixed","ONS 2011 5+1","2017-2018","Academic Year","Darlington","Country","E06000005","All","10-11","52","%","15","29"
"Percentage of pupils reaching the key stage 2 expected standard in reading, writing and mathematics by ethnicity ","Mixed","ONS 2011 5+1","2017-2018","Academic Year","Derby","Country","E06000015","All","10-11","68","%","187","277"
"Percentage of pupils reaching the key stage 2 expected standard in reading, writing and mathematics by ethnicity ","Mixed","ONS 2011 5+1","2017-2018","Academic Year","Derbyshire","Country","E10000007","All","10-11","63","%","142","226"
"Percentage of pupils reaching the key stage 2 expected standard in reading, writing and mathematics by ethnicity ","Mixed","ONS 2011 5+1","2017-2018","Academic Year","Devon","Country","E10000008","All","10-11","73","%","131","179"
"Percentage of pupils reaching the key stage 2 expected standard in reading, writing and mathematics by ethnicity ","Mixed","ONS 2011 5+1","2017-2018","Academic Year","Doncaster","Country","E08000017","All","10-11","60","%","62","104"
"Percentage of pupils reaching the key stage 2 expected standard in reading, writing and mathematics by ethnicity ","Mixed","ONS 2011 5+1","2017-2018","Academic Year","Dorset","Country","E10000009","All","10-11","68","%","104","152"
"Percentage of pupils reaching the key stage 2 expected standard in reading, writing and mathematics by ethnicity ","Mixed","ONS 2011 5+1","2017-2018","Academic Year","Dudley","Country","E08000027","All","10-11","56","%","130","231"
"Percentage of pupils reaching the key stage 2 expected standard in reading, writing and mathematics by ethnicity ","Mixed","ONS 2011 5+1","2017-2018","Academic Year","Ealing","Country","E09000009","All","10-11","70","%","271","385"
"Percentage of pupils reaching the key stage 2 expected standard in reading, writing and mathematics by ethnicity ","Mixed","ONS 2011 5+1","2017-2018","Academic Year","East Riding of Yorkshire","Country","E06000011","All","10-11","72","%","48","67"
"Percentage of pupils reaching the key stage 2 expected standard in reading, writing and mathematics by ethnicity ","Mixed","ONS 2011 5+1","2017-2018","Academic Year","East Sussex","Country","E10000011","All","10-11","62","%","152","247"
"Percentage of pupils reaching the key stage 2 expected standard in reading, writing and mathematics by ethnicity ","Mixed","ONS 2011 5+1","2017-2018","Academic Year","Enfield","Country","E09000010","All","10-11","68","%","295","433"
"Percentage of pupils reaching the key stage 2 expected standard in reading, writing and mathematics by ethnicity ","Mixed","ONS 2011 5+1","2017-2018","Academic Year","Essex","Country","E10000012","All","10-11","66","%","518","781"
"Percentage of pupils reaching the key stage 2 expected standard in reading, writing and mathematics by ethnicity ","Mixed","ONS 2011 5+1","2017-2018","Academic Year","Gateshead","Country","E08000037","All","10-11","58","%","19","33"
"Percentage of pupils reaching the key stage 2 expected standard in reading, writing and mathematics by ethnicity ","Mixed","ONS 2011 5+1","2017-2018","Academic Year","Gloucestershire","Country","E10000013","All","10-11","60","%","193","321"
"Percentage of pupils reaching the key stage 2 expected standard in reading, writing and mathematics by ethnicity ","Mixed","ONS 2011 5+1","2017-2018","Academic Year","Greenwich","Country","E09000011","All","10-11","69","%","230","334"
"Percentage of pupils reaching the key stage 2 expected standard in reading, writing and mathematics by ethnicity ","Mixed","ONS 2011 5+1","2017-2018","Academic Year","Hackney","Country","E09000012","All","10-11","68","%","175","257"
"Percentage of pupils reaching the key stage 2 expected standard in reading, writing and mathematics by ethnicity ","Mixed","ONS 2011 5+1","2017-2018","Academic Year","Halton","Country","E06000006","All","10-11","75","%","30","40"
"Percentage of pupils reaching the key stage 2 expected standard in reading, writing and mathematics by ethnicity ","Mixed","ONS 2011 5+1","2017-2018","Academic Year","Hammersmith and Fulham","Country","E09000013","All","10-11","76","%","134","177"
"Percentage of pupils reaching the key stage 2 expected standard in reading, writing and mathematics by ethnicity ","Mixed","ONS 2011 5+1","2017-2018","Academic Year","Hampshire","Country","E10000014","All","10-11","71","%","403","569"
"Percentage of pupils reaching the key stage 2 expected standard in reading, writing and mathematics by ethnicity ","Mixed","ONS 2011 5+1","2017-2018","Academic Year","Haringey","Country","E09000014","All","10-11","75","%","242","324"
"Percentage of pupils reaching the key stage 2 expected standard in reading, writing and mathematics by ethnicity ","Mixed","ONS 2011 5+1","2017-2018","Academic Year","Harrow","Country","E09000015","All","10-11","73","%","150","205"
"Percentage of pupils reaching the key stage 2 expected standard in reading, writing and mathematics by ethnicity ","Mixed","ONS 2011 5+1","2017-2018","Academic Year","Hartlepool","Country","E06000001","All","10-11","75","%","9","12"
"Percentage of pupils reaching the key stage 2 expected standard in reading, writing and mathematics by ethnicity ","Mixed","ONS 2011 5+1","2017-2018","Academic Year","Havering","Country","E09000016","All","10-11","73","%","128","176"
"Percentage of pupils reaching the key stage 2 expected standard in reading, writing and mathematics by ethnicity ","Mixed","ONS 2011 5+1","2017-2018","Academic Year","Herefordshire, County of","Country","E06000019","All","10-11","63","%","27","43"
"Percentage of pupils reaching the key stage 2 expected standard in reading, writing and mathematics by ethnicity ","Mixed","ONS 2011 5+1","2017-2018","Academic Year","Hertfordshire","Country","E10000015","All","10-11","69","%","688","992"
"Percentage of pupils reaching the key stage 2 expected standard in reading, writing and mathematics by ethnicity ","Mixed","ONS 2011 5+1","2017-2018","Academic Year","Hillingdon","Country","E09000017","All","10-11","68","%","310","456"
"Percentage of pupils reaching the key stage 2 expected standard in reading, writing and mathematics by ethnicity ","Mixed","ONS 2011 5+1","2017-2018","Academic Year","Hounslow","Country","E09000018","All","10-11","71","%","179","251"
"Percentage of pupils reaching the key stage 2 expected standard in reading, writing and mathematics by ethnicity ","Mixed","ONS 2011 5+1","2017-2018","Academic Year","Isle of Wight","Country","E06000046","All","10-11","71","%","27","38"
"Percentage of pupils reaching the key stage 2 expected standard in reading, writing and mathematics by ethnicity ","Mixed","ONS 2011 5+1","2017-2018","Academic Year","Isles of Scilly","Country","E06000053","All","10-11","0","%","0","1"
"Percentage of pupils reaching the key stage 2 expected standard in reading, writing and mathematics by ethnicity ","Mixed","ONS 2011 5+1","2017-2018","Academic Year","Islington","Country","E09000019","All","10-11","71","%","206","291"
"Percentage of pupils reaching the key stage 2 expected standard in reading, writing and mathematics by ethnicity ","Mixed","ONS 2011 5+1","2017-2018","Academic Year","Kensington and Chelsea","Country","E09000020","All","10-11","74","%","131","176"
"Percentage of pupils reaching the key stage 2 expected standard in reading, writing and mathematics by ethnicity ","Mixed","ONS 2011 5+1","2017-2018","Academic Year","Kent","Country","E10000016","All","10-11","69","%","637","921"
"Percentage of pupils reaching the key stage 2 expected standard in reading, writing and mathematics by ethnicity ","Mixed","ONS 2011 5+1","2017-2018","Academic Year","Kingston upon Hull, City of","Country","E06000010","All","10-11","65","%","85","130"
"Percentage of pupils reaching the key stage 2 expected standard in reading, writing and mathematics by ethnicity ","Mixed","ONS 2011 5+1","2017-2018","Academic Year","Kingston upon Thames","Country","E09000021","All","10-11","73","%","120","165"
"Percentage of pupils reaching the key stage 2 expected standard in reading, writing and mathematics by ethnicity ","Mixed","ONS 2011 5+1","2017-2018","Academic Year","Kirklees","Country","E08000034","All","10-11","52","%","179","344"
"Percentage of pupils reaching the key stage 2 expected standard in reading, writing and mathematics by ethnicity ","Mixed","ONS 2011 5+1","2017-2018","Academic Year","Knowsley","Country","E08000011","All","10-11","68","%","27","40"
"Percentage of pupils reaching the key stage 2 expected standard in reading, writing and mathematics by ethnicity ","Mixed","ONS 2011 5+1","2017-2018","Academic Year","Lambeth","Country","E09000022","All","10-11","74","%","311","422"
"Percentage of pupils reaching the key stage 2 expected standard in reading, writing and mathematics by ethnicity ","Mixed","ONS 2011 5+1","2017-2018","Academic Year","Lancashire","Country","E10000017","All","10-11","62","%","278","450"
"Percentage of pupils reaching the key stage 2 expected standard in reading, writing and mathematics by ethnicity ","Mixed","ONS 2011 5+1","2017-2018","Academic Year","Leeds","Country","E08000035","All","10-11","59","%","309","525"
"Percentage of pupils reaching the key stage 2 expected standard in reading, writing and mathematics by ethnicity ","Mixed","ONS 2011 5+1","2017-2018","Academic Year","Leicester","Country","E06000016","All","10-11","58","%","183","314"
"Percentage of pupils reaching the key stage 2 expected standard in reading, writing and mathematics by ethnicity ","Mixed","ONS 2011 5+1","2017-2018","Academic Year","Leicestershire","Country","E10000018","All","10-11","60","%","208","344"
"Percentage of pupils reaching the key stage 2 expected standard in reading, writing and mathematics by ethnicity ","Mixed","ONS 2011 5+1","2017-2018","Academic Year","Lewisham","Country","E09000023","All","10-11","68","%","323","472"
"Percentage of pupils reaching the key stage 2 expected standard in reading, writing and mathematics by ethnicity ","Mixed","ONS 2011 5+1","2017-2018","Academic Year","Lincolnshire","Country","E10000019","All","10-11","59","%","139","236"
"Percentage of pupils reaching the key stage 2 expected standard in reading, writing and mathematics by ethnicity ","Mixed","ONS 2011 5+1","2017-2018","Academic Year","Liverpool","Country","E08000012","All","10-11","66","%","164","250"
"Percentage of pupils reaching the key stage 2 expected standard in reading, writing and mathematics by ethnicity ","Mixed","ONS 2011 5+1","2017-2018","Academic Year","Luton","Country","E06000032","All","10-11","62","%","155","252"
"Percentage of pupils reaching the key stage 2 expected standard in reading, writing and mathematics by ethnicity ","Mixed","ONS 2011 5+1","2017-2018","Academic Year","Manchester","Country","E08000003","All","10-11","64","%","357","556"
"Percentage of pupils reaching the key stage 2 expected standard in reading, writing and mathematics by ethnicity ","Mixed","ONS 2011 5+1","2017-2018","Academic Year","Medway","Country","E06000035","All","10-11","71","%","159","224"
"Percentage of pupils reaching the key stage 2 expected standard in reading, writing and mathematics by ethnicity ","Mixed","ONS 2011 5+1","2017-2018","Academic Year","Merton","Country","E09000024","All","10-11","69","%","164","237"
"Percentage of pupils reaching the key stage 2 expected standard in reading, writing and mathematics by ethnicity ","Mixed","ONS 2011 5+1","2017-2018","Academic Year","Middlesbrough","Country","E06000002","All","10-11","72","%","63","88"
"Percentage of pupils reaching the key stage 2 expected standard in reading, writing and mathematics by ethnicity ","Mixed","ONS 2011 5+1","2017-2018","Academic Year","Milton Keynes","Country","E06000042","All","10-11","67","%","186","277"
"Percentage of pupils reaching the key stage 2 expected standard in reading, writing and mathematics by ethnicity ","Mixed","ONS 2011 5+1","2017-2018","Academic Year","Newcastle upon Tyne","Country","E08000021","All","10-11","77","%","89","116"
"Percentage of pupils reaching the key stage 2 expected standard in reading, writing and mathematics by ethnicity ","Mixed","ONS 2011 5+1","2017-2018","Academic Year","Newham","Country","E09000025","All","10-11","78","%","225","289"
"Percentage of pupils reaching the key stage 2 expected standard in reading, writing and mathematics by ethnicity ","Mixed","ONS 2011 5+1","2017-2018","Academic Year","Norfolk","Country","E10000020","All","10-11","62","%","161","260"
"Percentage of pupils reaching the key stage 2 expected standard in reading, writing and mathematics by ethnicity ","Mixed","ONS 2011 5+1","2017-2018","Academic Year","North East Lincolnshire","Country","E06000012","All","10-11","70","%","40","57"
"Percentage of pupils reaching the key stage 2 expected standard in reading, writing and mathematics by ethnicity ","Mixed","ONS 2011 5+1","2017-2018","Academic Year","North Lincolnshire","Country","E06000013","All","10-11","65","%","32","49"
"Percentage of pupils reaching the key stage 2 expected standard in reading, writing and mathematics by ethnicity ","Mixed","ONS 2011 5+1","2017-2018","Academic Year","North Somerset","Country","E06000024","All","10-11","64","%","49","76"
"Percentage of pupils reaching the key stage 2 expected standard in reading, writing and mathematics by ethnicity ","Mixed","ONS 2011 5+1","2017-2018","Academic Year","North Tyneside","Country","E08000022","All","10-11","65","%","40","62"
"Percentage of pupils reaching the key stage 2 expected standard in reading, writing and mathematics by ethnicity ","Mixed","ONS 2011 5+1","2017-2018","Academic Year","North Yorkshire","Country","E10000023","All","10-11","64","%","94","148"
"Percentage of pupils reaching the key stage 2 expected standard in reading, writing and mathematics by ethnicity ","Mixed","ONS 2011 5+1","2017-2018","Academic Year","Northamptonshire","Country","E10000021","All","10-11","62","%","312","504"
"Percentage of pupils reaching the key stage 2 expected standard in reading, writing and mathematics by ethnicity ","Mixed","ONS 2011 5+1","2017-2018","Academic Year","Northumberland","Country","E06000057","All","10-11","74","%","40","54"
"Percentage of pupils reaching the key stage 2 expected standard in reading, writing and mathematics by ethnicity ","Mixed","ONS 2011 5+1","2017-2018","Academic Year","Nottingham","Country","E06000018","All","10-11","58","%","263","451"
"Percentage of pupils reaching the key stage 2 expected standard in reading, writing and mathematics by ethnicity ","Mixed","ONS 2011 5+1","2017-2018","Academic Year","Nottinghamshire","Country","E10000024","All","10-11","65","%","280","431"
"Percentage of pupils reaching the key stage 2 expected standard in reading, writing and mathematics by ethnicity ","Mixed","ONS 2011 5+1","2017-2018","Academic Year","Oldham","Country","E08000004","All","10-11","64","%","93","146"
"Percentage of pupils reaching the key stage 2 expected standard in reading, writing and mathematics by ethnicity ","Mixed","ONS 2011 5+1","2017-2018","Academic Year","Oxfordshire","Country","E10000025","All","10-11","61","%","268","439"
"Percentage of pupils reaching the key stage 2 expected standard in reading, writing and mathematics by ethnicity ","Mixed","ONS 2011 5+1","2017-2018","Academic Year","Peterborough","Country","E06000031","All","10-11","51","%","84","166"
"Percentage of pupils reaching the key stage 2 expected standard in reading, writing and mathematics by ethnicity ","Mixed","ONS 2011 5+1","2017-2018","Academic Year","Plymouth","Country","E06000026","All","10-11","59","%","51","87"
"Percentage of pupils reaching the key stage 2 expected standard in reading, writing and mathematics by ethnicity ","Mixed","ONS 2011 5+1","2017-2018","Academic Year","Poole","Country","E06000029","All","10-11","55","%","36","66"
"Percentage of pupils reaching the key stage 2 expected standard in reading, writing and mathematics by ethnicity ","Mixed","ONS 2011 5+1","2017-2018","Academic Year","Portsmouth","Country","E06000044","All","10-11","48","%","46","96"
"Percentage of pupils reaching the key stage 2 expected standard in reading, writing and mathematics by ethnicity ","Mixed","ONS 2011 5+1","2017-2018","Academic Year","Reading","Country","E06000038","All","10-11","57","%","99","173"
"Percentage of pupils reaching the key stage 2 expected standard in reading, writing and mathematics by ethnicity ","Mixed","ONS 2011 5+1","2017-2018","Academic Year","Redbridge","Country","E09000026","All","10-11","69","%","236","343"
"Percentage of pupils reaching the key stage 2 expected standard in reading, writing and mathematics by ethnicity ","Mixed","ONS 2011 5+1","2017-2018","Academic Year","Redcar and Cleveland","Country","E06000003","All","10-11","69","%","22","32"
"Percentage of pupils reaching the key stage 2 expected standard in reading, writing and mathematics by ethnicity ","Mixed","ONS 2011 5+1","2017-2018","Academic Year","Richmond upon Thames","Country","E09000027","All","10-11","82","%","180","220"
"Percentage of pupils reaching the key stage 2 expected standard in reading, writing and mathematics by ethnicity ","Mixed","ONS 2011 5+1","2017-2018","Academic Year","Rochdale","Country","E08000005","All","10-11","59","%","87","147"
"Percentage of pupils reaching the key stage 2 expected standard in reading, writing and mathematics by ethnicity ","Mixed","ONS 2011 5+1","2017-2018","Academic Year","Rotherham","Country","E08000018","All","10-11","60","%","55","92"
"Percentage of pupils reaching the key stage 2 expected standard in reading, writing and mathematics by ethnicity ","Mixed","ONS 2011 5+1","2017-2018","Academic Year","Rutland","Country","E06000017","All","10-11","86","%","12","14"
"Percentage of pupils reaching the key stage 2 expected standard in reading, writing and mathematics by ethnicity ","Mixed","ONS 2011 5+1","2017-2018","Academic Year","Salford","Country","E08000006","All","10-11","71","%","153","216"
"Percentage of pupils reaching the key stage 2 expected standard in reading, writing and mathematics by ethnicity ","Mixed","ONS 2011 5+1","2017-2018","Academic Year","Sandwell","Country","E08000028","All","10-11","57","%","209","365"
"Percentage of pupils reaching the key stage 2 expected standard in reading, writing and mathematics by ethnicity ","Mixed","ONS 2011 5+1","2017-2018","Academic Year","Sefton","Country","E08000014","All","10-11","73","%","44","60"
"Percentage of pupils reaching the key stage 2 expected standard in reading, writing and mathematics by ethnicity ","Mixed","ONS 2011 5+1","2017-2018","Academic Year","Sheffield","Country","E08000019","All","10-11","61","%","275","451"
"Percentage of pupils reaching the key stage 2 expected standard in reading, writing and mathematics by ethnicity ","Mixed","ONS 2011 5+1","2017-2018","Academic Year","Shropshire","Country","E06000051","All","10-11","58","%","45","77"
"Percentage of pupils reaching the key stage 2 expected standard in reading, writing and mathematics by ethnicity ","Mixed","ONS 2011 5+1","2017-2018","Academic Year","Slough","Country","E06000039","All","10-11","60","%","125","210"
"Percentage of pupils reaching the key stage 2 expected standard in reading, writing and mathematics by ethnicity ","Mixed","ONS 2011 5+1","2017-2018","Academic Year","Solihull","Country","E08000029","All","10-11","63","%","147","232"
"Percentage of pupils reaching the key stage 2 expected standard in reading, writing and mathematics by ethnicity ","Mixed","ONS 2011 5+1","2017-2018","Academic Year","Somerset","Country","E10000027","All","10-11","63","%","90","144"
"Percentage of pupils reaching the key stage 2 expected standard in reading, writing and mathematics by ethnicity ","Mixed","ONS 2011 5+1","2017-2018","Academic Year","South Gloucestershire","Country","E06000025","All","10-11","66","%","107","162"
"Percentage of pupils reaching the key stage 2 expected standard in reading, writing and mathematics by ethnicity ","Mixed","ONS 2011 5+1","2017-2018","Academic Year","South Tyneside","Country","E08000023","All","10-11","67","%","22","33"
"Percentage of pupils reaching the key stage 2 expected standard in reading, writing and mathematics by ethnicity ","Mixed","ONS 2011 5+1","2017-2018","Academic Year","Southampton","Country","E06000045","All","10-11","69","%","121","175"
"Percentage of pupils reaching the key stage 2 expected standard in reading, writing and mathematics by ethnicity ","Mixed","ONS 2011 5+1","2017-2018","Academic Year","Southend-on-Sea","Country","E06000033","All","10-11","64","%","83","129"
"Percentage of pupils reaching the key stage 2 expected standard in reading, writing and mathematics by ethnicity ","Mixed","ONS 2011 5+1","2017-2018","Academic Year","Southwark","Country","E09000028","All","10-11","71","%","243","344"
"Percentage of pupils reaching the key stage 2 expected standard in reading, writing and mathematics by ethnicity ","Mixed","ONS 2011 5+1","2017-2018","Academic Year","St. Helens","Country","E08000013","All","10-11","60","%","25","42"
"Percentage of pupils reaching the key stage 2 expected standard in reading, writing and mathematics by ethnicity ","Mixed","ONS 2011 5+1","2017-2018","Academic Year","Staffordshire","Country","E10000028","All","10-11","63","%","192","306"
"Percentage of pupils reaching the key stage 2 expected standard in reading, writing and mathematics by ethnicity ","Mixed","ONS 2011 5+1","2017-2018","Academic Year","Stockport","Country","E08000007","All","10-11","69","%","134","194"
"Percentage of pupils reaching the key stage 2 expected standard in reading, writing and mathematics by ethnicity ","Mixed","ONS 2011 5+1","2017-2018","Academic Year","Stockton-on-Tees","Country","E06000004","All","10-11","65","%","36","55"
"Percentage of pupils reaching the key stage 2 expected standard in reading, writing and mathematics by ethnicity ","Mixed","ONS 2011 5+1","2017-2018","Academic Year","Stoke-on-Trent","Country","E06000021","All","10-11","57","%","87","152"
"Percentage of pupils reaching the key stage 2 expected standard in reading, writing and mathematics by ethnicity ","Mixed","ONS 2011 5+1","2017-2018","Academic Year","Suffolk","Country","E10000029","All","10-11","64","%","286","450"
"Percentage of pupils reaching the key stage 2 expected standard in reading, writing and mathematics by ethnicity ","Mixed","ONS 2011 5+1","2017-2018","Academic Year","Sunderland","Country","E08000024","All","10-11","70","%","35","50"
"Percentage of pupils reaching the key stage 2 expected standard in reading, writing and mathematics by ethnicity ","Mixed","ONS 2011 5+1","2017-2018","Academic Year","Surrey","Country","E10000030","All","10-11","71","%","507","714"
"Percentage of pupils reaching the key stage 2 expected standard in reading, writing and mathematics by ethnicity ","Mixed","ONS 2011 5+1","2017-2018","Academic Year","Sutton","Country","E09000029","All","10-11","76","%","167","221"
"Percentage of pupils reaching the key stage 2 expected standard in reading, writing and mathematics by ethnicity ","Mixed","ONS 2011 5+1","2017-2018","Academic Year","Swindon","Country","E06000030","All","10-11","63","%","99","156"
"Percentage of pupils reaching the key stage 2 expected standard in reading, writing and mathematics by ethnicity ","Mixed","ONS 2011 5+1","2017-2018","Academic Year","Tameside","Country","E08000008","All","10-11","64","%","79","124"
"Percentage of pupils reaching the key stage 2 expected standard in reading, writing and mathematics by ethnicity ","Mixed","ONS 2011 5+1","2017-2018","Academic Year","Telford and Wrekin","Country","E06000020","All","10-11","74","%","93","125"
"Percentage of pupils reaching the key stage 2 expected standard in reading, writing and mathematics by ethnicity ","Mixed","ONS 2011 5+1","2017-2018","Academic Year","Thurrock","Country","E06000034","All","10-11","65","%","90","138"
"Percentage of pupils reaching the key stage 2 expected standard in reading, writing and mathematics by ethnicity ","Mixed","ONS 2011 5+1","2017-2018","Academic Year","Torbay","Country","E06000027","All","10-11","68","%","30","44"
"Percentage of pupils reaching the key stage 2 expected standard in reading, writing and mathematics by ethnicity ","Mixed","ONS 2011 5+1","2017-2018","Academic Year","Tower Hamlets","Country","E09000030","All","10-11","66","%","135","204"
"Percentage of pupils reaching the key stage 2 expected standard in reading, writing and mathematics by ethnicity ","Mixed","ONS 2011 5+1","2017-2018","Academic Year","Trafford","Country","E08000009","All","10-11","76","%","158","207"
"Percentage of pupils reaching the key stage 2 expected standard in reading, writing and mathematics by ethnicity ","Mixed","ONS 2011 5+1","2017-2018","Academic Year","Wakefield","Country","E08000036","All","10-11","65","%","84","129"
"Percentage of pupils reaching the key stage 2 expected standard in reading, writing and mathematics by ethnicity ","Mixed","ONS 2011 5+1","2017-2018","Academic Year","Walsall","Country","E08000030","All","10-11","63","%","140","224"
"Percentage of pupils reaching the key stage 2 expected standard in reading, writing and mathematics by ethnicity ","Mixed","ONS 2011 5+1","2017-2018","Academic Year","Waltham Forest","Country","E09000031","All","10-11","72","%","253","350"
"Percentage of pupils reaching the key stage 2 expected standard in reading, writing and mathematics by ethnicity ","Mixed","ONS 2011 5+1","2017-2018","Academic Year","Wandsworth","Country","E09000032","All","10-11","70","%","218","311"
"Percentage of pupils reaching the key stage 2 expected standard in reading, writing and mathematics by ethnicity ","Mixed","ONS 2011 5+1","2017-2018","Academic Year","Warrington","Country","E06000007","All","10-11","75","%","51","68"
"Percentage of pupils reaching the key stage 2 expected standard in reading, writing and mathematics by ethnicity ","Mixed","ONS 2011 5+1","2017-2018","Academic Year","Warwickshire","Country","E10000031","All","10-11","70","%","194","277"
"Percentage of pupils reaching the key stage 2 expected standard in reading, writing and mathematics by ethnicity ","Mixed","ONS 2011 5+1","2017-2018","Academic Year","West Berkshire","Country","E06000037","All","10-11","74","%","67","91"
"Percentage of pupils reaching the key stage 2 expected standard in reading, writing and mathematics by ethnicity ","Mixed","ONS 2011 5+1","2017-2018","Academic Year","West Sussex","Country","E10000032","All","10-11","66","%","273","415"
"Percentage of pupils reaching the key stage 2 expected standard in reading, writing and mathematics by ethnicity ","Mixed","ONS 2011 5+1","2017-2018","Academic Year","Westminster","Country","E09000033","All","10-11","78","%","122","157"
"Percentage of pupils reaching the key stage 2 expected standard in reading, writing and mathematics by ethnicity ","Mixed","ONS 2011 5+1","2017-2018","Academic Year","Wigan","Country","E08000010","All","10-11","65","%","53","81"
"Percentage of pupils reaching the key stage 2 expected standard in reading, writing and mathematics by ethnicity ","Mixed","ONS 2011 5+1","2017-2018","Academic Year","Wiltshire","Country","E06000054","All","10-11","65","%","116","179"
"Percentage of pupils reaching the key stage 2 expected standard in reading, writing and mathematics by ethnicity ","Mixed","ONS 2011 5+1","2017-2018","Academic Year","Windsor and Maidenhead","Country","E06000040","All","10-11","64","%","81","126"
"Percentage of pupils reaching the key stage 2 expected standard in reading, writing and mathematics by ethnicity ","Mixed","ONS 2011 5+1","2017-2018","Academic Year","Wirral","Country","E08000015","All","10-11","64","%","75","117"
"Percentage of pupils reaching the key stage 2 expected standard in reading, writing and mathematics by ethnicity ","Mixed","ONS 2011 5+1","2017-2018","Academic Year","Wokingham","Country","E06000041","All","10-11","68","%","85","125"
"Percentage of pupils reaching the key stage 2 expected standard in reading, writing and mathematics by ethnicity ","Mixed","ONS 2011 5+1","2017-2018","Academic Year","Wolverhampton","Country","E08000031","All","10-11","60","%","227","376"
"Percentage of pupils reaching the key stage 2 expected standard in reading, writing and mathematics by ethnicity ","Mixed","ONS 2011 5+1","2017-2018","Academic Year","Worcestershire","Country","E10000034","All","10-11","64","%","145","225"
"Percentage of pupils reaching the key stage 2 expected standard in reading, writing and mathematics by ethnicity ","Mixed","ONS 2011 5+1","2017-2018","Academic Year","York","Country","E06000014","All","10-11","62","%","32","52"
"Percentage of pupils reaching the key stage 2 expected standard in reading, writing and mathematics by ethnicity ","White","ONS 2011 5+1","2017-2018","Academic Year","Barking and Dagenham","Country","E09000002","All","10-11","60","%","761","1259"
"Percentage of pupils reaching the key stage 2 expected standard in reading, writing and mathematics by ethnicity ","White","ONS 2011 5+1","2017-2018","Academic Year","Barnet","Country","E09000003","All","10-11","75","%","1589","2114"
"Percentage of pupils reaching the key stage 2 expected standard in reading, writing and mathematics by ethnicity ","White","ONS 2011 5+1","2017-2018","Academic Year","Barnsley","Country","E08000016","All","10-11","64","%","1672","2599"
"Percentage of pupils reaching the key stage 2 expected standard in reading, writing and mathematics by ethnicity ","White","ONS 2011 5+1","2017-2018","Academic Year","Bath and North East Somerset","Country","E06000022","All","10-11","67","%","1156","1734"
"Percentage of pupils reaching the key stage 2 expected standard in reading, writing and mathematics by ethnicity ","White","ONS 2011 5+1","2017-2018","Academic Year","Bedford","Country","E06000055","All","10-11","49","%","647","1334"
"Percentage of pupils reaching the key stage 2 expected standard in reading, writing and mathematics by ethnicity ","White","ONS 2011 5+1","2017-2018","Academic Year","Bexley","Country","E09000004","All","10-11","66","%","1321","1989"
"Percentage of pupils reaching the key stage 2 expected standard in reading, writing and mathematics by ethnicity ","White","ONS 2011 5+1","2017-2018","Academic Year","Birmingham","Country","E08000025","All","10-11","59","%","3253","5477"
"Percentage of pupils reaching the key stage 2 expected standard in reading, writing and mathematics by ethnicity ","White","ONS 2011 5+1","2017-2018","Academic Year","Blackburn with Darwen","Country","E06000008","All","10-11","64","%","677","1058"
"Percentage of pupils reaching the key stage 2 expected standard in reading, writing and mathematics by ethnicity ","White","ONS 2011 5+1","2017-2018","Academic Year","Blackpool","Country","E06000009","All","10-11","61","%","947","1547"
"Percentage of pupils reaching the key stage 2 expected standard in reading, writing and mathematics by ethnicity ","White","ONS 2011 5+1","2017-2018","Academic Year","Bolton","Country","E08000001","All","10-11","66","%","1587","2417"
"Percentage of pupils reaching the key stage 2 expected standard in reading, writing and mathematics by ethnicity ","White","ONS 2011 5+1","2017-2018","Academic Year","Bournemouth","Country","E06000028","All","10-11","66","%","934","1415"
"Percentage of pupils reaching the key stage 2 expected standard in reading, writing and mathematics by ethnicity ","White","ONS 2011 5+1","2017-2018","Academic Year","Bracknell Forest","Country","E06000036","All","10-11","63","%","714","1140"
"Percentage of pupils reaching the key stage 2 expected standard in reading, writing and mathematics by ethnicity ","White","ONS 2011 5+1","2017-2018","Academic Year","Bradford","Country","E08000032","All","10-11","59","%","2160","3685"
"Percentage of pupils reaching the key stage 2 expected standard in reading, writing and mathematics by ethnicity ","White","ONS 2011 5+1","2017-2018","Academic Year","Brent","Country","E09000005","All","10-11","66","%","635","955"
"Percentage of pupils reaching the key stage 2 expected standard in reading, writing and mathematics by ethnicity ","White","ONS 2011 5+1","2017-2018","Academic Year","Brighton and Hove","Country","E06000043","All","10-11","68","%","1418","2096"
"Percentage of pupils reaching the key stage 2 expected standard in reading, writing and mathematics by ethnicity ","White","ONS 2011 5+1","2017-2018","Academic Year","Bristol, City of","Country","E06000023","All","10-11","67","%","2150","3233"
"Percentage of pupils reaching the key stage 2 expected standard in reading, writing and mathematics by ethnicity ","White","ONS 2011 5+1","2017-2018","Academic Year","Bromley","Country","E09000006","All","10-11","75","%","1939","2583"
"Percentage of pupils reaching the key stage 2 expected standard in reading, writing and mathematics by ethnicity ","White","ONS 2011 5+1","2017-2018","Academic Year","Buckinghamshire","Country","E10000002","All","10-11","66","%","2882","4355"
"Percentage of pupils reaching the key stage 2 expected standard in reading, writing and mathematics by ethnicity ","White","ONS 2011 5+1","2017-2018","Academic Year","Bury","Country","E08000002","All","10-11","66","%","1152","1737"
"Percentage of pupils reaching the key stage 2 expected standard in reading, writing and mathematics by ethnicity ","White","ONS 2011 5+1","2017-2018","Academic Year","Calderdale","Country","E08000033","All","10-11","62","%","1296","2087"
"Percentage of pupils reaching the key stage 2 expected standard in reading, writing and mathematics by ethnicity ","White","ONS 2011 5+1","2017-2018","Academic Year","Cambridgeshire","Country","E10000003","All","10-11","61","%","3576","5883"
"Percentage of pupils reaching the key stage 2 expected standard in reading, writing and mathematics by ethnicity ","White","ONS 2011 5+1","2017-2018","Academic Year","Camden","Country","E09000007","All","10-11","73","%","432","588"
"Percentage of pupils reaching the key stage 2 expected standard in reading, writing and mathematics by ethnicity ","White","ONS 2011 5+1","2017-2018","Academic Year","Central Bedfordshire","Country","E06000056","All","10-11","62","%","1770","2848"
"Percentage of pupils reaching the key stage 2 expected standard in reading, writing and mathematics by ethnicity ","White","ONS 2011 5+1","2017-2018","Academic Year","Cheshire East","Country","E06000049","All","10-11","68","%","2519","3730"
"Percentage of pupils reaching the key stage 2 expected standard in reading, writing and mathematics by ethnicity ","White","ONS 2011 5+1","2017-2018","Academic Year","Cheshire West and Chester","Country","E06000050","All","10-11","63","%","2274","3583"
"Percentage of pupils reaching the key stage 2 expected standard in reading, writing and mathematics by ethnicity ","White","ONS 2011 5+1","2017-2018","Academic Year","City of London","Country","E09000001","All","10-11","80","%","12","15"
"Percentage of pupils reaching the key stage 2 expected standard in reading, writing and mathematics by ethnicity ","White","ONS 2011 5+1","2017-2018","Academic Year","Cornwall","Country","E06000052","All","10-11","61","%","3378","5546"
"Percentage of pupils reaching the key stage 2 expected standard in reading, writing and mathematics by ethnicity ","White","ONS 2011 5+1","2017-2018","Academic Year","County Durham","Country","E06000047","All","10-11","68","%","3638","5381"
"Percentage of pupils reaching the key stage 2 expected standard in reading, writing and mathematics by ethnicity ","White","ONS 2011 5+1","2017-2018","Academic Year","Coventry","Country","E08000026","All","10-11","59","%","1431","2406"
"Percentage of pupils reaching the key stage 2 expected standard in reading, writing and mathematics by ethnicity ","White","ONS 2011 5+1","2017-2018","Academic Year","Croydon","Country","E09000008","All","10-11","66","%","1038","1561"
"Percentage of pupils reaching the key stage 2 expected standard in reading, writing and mathematics by ethnicity ","White","ONS 2011 5+1","2017-2018","Academic Year","Cumbria","Country","E10000006","All","10-11","65","%","3194","4938"
"Percentage of pupils reaching the key stage 2 expected standard in reading, writing and mathematics by ethnicity ","White","ONS 2011 5+1","2017-2018","Academic Year","Darlington","Country","E06000005","All","10-11","65","%","750","1156"
"Percentage of pupils reaching the key stage 2 expected standard in reading, writing and mathematics by ethnicity ","White","ONS 2011 5+1","2017-2018","Academic Year","Derby","Country","E06000015","All","10-11","58","%","1242","2127"
"Percentage of pupils reaching the key stage 2 expected standard in reading, writing and mathematics by ethnicity ","White","ONS 2011 5+1","2017-2018","Academic Year","Derbyshire","Country","E10000007","All","10-11","64","%","4977","7764"
"Percentage of pupils reaching the key stage 2 expected standard in reading, writing and mathematics by ethnicity ","White","ONS 2011 5+1","2017-2018","Academic Year","Devon","Country","E10000008","All","10-11","64","%","4747","7433"
"Percentage of pupils reaching the key stage 2 expected standard in reading, writing and mathematics by ethnicity ","White","ONS 2011 5+1","2017-2018","Academic Year","Doncaster","Country","E08000017","All","10-11","61","%","1929","3186"
"Percentage of pupils reaching the key stage 2 expected standard in reading, writing and mathematics by ethnicity ","White","ONS 2011 5+1","2017-2018","Academic Year","Dorset","Country","E10000009","All","10-11","59","%","2420","4073"
"Percentage of pupils reaching the key stage 2 expected standard in reading, writing and mathematics by ethnicity ","White","ONS 2011 5+1","2017-2018","Academic Year","Dudley","Country","E08000027","All","10-11","58","%","1618","2806"
"Percentage of pupils reaching the key stage 2 expected standard in reading, writing and mathematics by ethnicity ","White","ONS 2011 5+1","2017-2018","Academic Year","Ealing","Country","E09000009","All","10-11","71","%","843","1190"
"Percentage of pupils reaching the key stage 2 expected standard in reading, writing and mathematics by ethnicity ","White","ONS 2011 5+1","2017-2018","Academic Year","East Riding of Yorkshire","Country","E06000011","All","10-11","64","%","2206","3441"
"Percentage of pupils reaching the key stage 2 expected standard in reading, writing and mathematics by ethnicity ","White","ONS 2011 5+1","2017-2018","Academic Year","East Sussex","Country","E10000011","All","10-11","64","%","3085","4827"
"Percentage of pupils reaching the key stage 2 expected standard in reading, writing and mathematics by ethnicity ","White","ONS 2011 5+1","2017-2018","Academic Year","Enfield","Country","E09000010","All","10-11","62","%","1321","2127"
"Percentage of pupils reaching the key stage 2 expected standard in reading, writing and mathematics by ethnicity ","White","ONS 2011 5+1","2017-2018","Academic Year","Essex","Country","E10000012","All","10-11","64","%","8998","13951"
"Percentage of pupils reaching the key stage 2 expected standard in reading, writing and mathematics by ethnicity ","White","ONS 2011 5+1","2017-2018","Academic Year","Gateshead","Country","E08000037","All","10-11","71","%","1348","1905"
"Percentage of pupils reaching the key stage 2 expected standard in reading, writing and mathematics by ethnicity ","White","ONS 2011 5+1","2017-2018","Academic Year","Gloucestershire","Country","E10000013","All","10-11","63","%","3644","5743"
"Percentage of pupils reaching the key stage 2 expected standard in reading, writing and mathematics by ethnicity ","White","ONS 2011 5+1","2017-2018","Academic Year","Greenwich","Country","E09000011","All","10-11","65","%","882","1357"
"Percentage of pupils reaching the key stage 2 expected standard in reading, writing and mathematics by ethnicity ","White","ONS 2011 5+1","2017-2018","Academic Year","Hackney","Country","E09000012","All","10-11","72","%","610","843"
"Percentage of pupils reaching the key stage 2 expected standard in reading, writing and mathematics by ethnicity ","White","ONS 2011 5+1","2017-2018","Academic Year","Halton","Country","E06000006","All","10-11","63","%","881","1401"
"Percentage of pupils reaching the key stage 2 expected standard in reading, writing and mathematics by ethnicity ","White","ONS 2011 5+1","2017-2018","Academic Year","Hammersmith and Fulham","Country","E09000013","All","10-11","78","%","415","533"
"Percentage of pupils reaching the key stage 2 expected standard in reading, writing and mathematics by ethnicity ","White","ONS 2011 5+1","2017-2018","Academic Year","Hampshire","Country","E10000014","All","10-11","68","%","8876","13089"
"Percentage of pupils reaching the key stage 2 expected standard in reading, writing and mathematics by ethnicity ","White","ONS 2011 5+1","2017-2018","Academic Year","Haringey","Country","E09000014","All","10-11","68","%","1010","1479"
"Percentage of pupils reaching the key stage 2 expected standard in reading, writing and mathematics by ethnicity ","White","ONS 2011 5+1","2017-2018","Academic Year","Harrow","Country","E09000015","All","10-11","70","%","515","735"
"Percentage of pupils reaching the key stage 2 expected standard in reading, writing and mathematics by ethnicity ","White","ONS 2011 5+1","2017-2018","Academic Year","Hartlepool","Country","E06000001","All","10-11","66","%","718","1086"
"Percentage of pupils reaching the key stage 2 expected standard in reading, writing and mathematics by ethnicity ","White","ONS 2011 5+1","2017-2018","Academic Year","Havering","Country","E09000016","All","10-11","69","%","1496","2164"
"Percentage of pupils reaching the key stage 2 expected standard in reading, writing and mathematics by ethnicity ","White","ONS 2011 5+1","2017-2018","Academic Year","Herefordshire, County of","Country","E06000019","All","10-11","68","%","1234","1809"
"Percentage of pupils reaching the key stage 2 expected standard in reading, writing and mathematics by ethnicity ","White","ONS 2011 5+1","2017-2018","Academic Year","Hertfordshire","Country","E10000015","All","10-11","66","%","7038","10692"
"Percentage of pupils reaching the key stage 2 expected standard in reading, writing and mathematics by ethnicity ","White","ONS 2011 5+1","2017-2018","Academic Year","Hillingdon","Country","E09000017","All","10-11","62","%","923","1481"
"Percentage of pupils reaching the key stage 2 expected standard in reading, writing and mathematics by ethnicity ","White","ONS 2011 5+1","2017-2018","Academic Year","Hounslow","Country","E09000018","All","10-11","66","%","675","1024"
"Percentage of pupils reaching the key stage 2 expected standard in reading, writing and mathematics by ethnicity ","White","ONS 2011 5+1","2017-2018","Academic Year","Isle of Wight","Country","E06000046","All","10-11","54","%","672","1250"
"Percentage of pupils reaching the key stage 2 expected standard in reading, writing and mathematics by ethnicity ","White","ONS 2011 5+1","2017-2018","Academic Year","Isles of Scilly","Country","E06000053","All","10-11","58","%","19","33"
"Percentage of pupils reaching the key stage 2 expected standard in reading, writing and mathematics by ethnicity ","White","ONS 2011 5+1","2017-2018","Academic Year","Islington","Country","E09000019","All","10-11","71","%","600","843"
"Percentage of pupils reaching the key stage 2 expected standard in reading, writing and mathematics by ethnicity ","White","ONS 2011 5+1","2017-2018","Academic Year","Kensington and Chelsea","Country","E09000020","All","10-11","80","%","295","367"
"Percentage of pupils reaching the key stage 2 expected standard in reading, writing and mathematics by ethnicity ","White","ONS 2011 5+1","2017-2018","Academic Year","Kent","Country","E10000016","All","10-11","66","%","9855","14996"
"Percentage of pupils reaching the key stage 2 expected standard in reading, writing and mathematics by ethnicity ","White","ONS 2011 5+1","2017-2018","Academic Year","Kingston upon Hull, City of","Country","E06000010","All","10-11","67","%","1875","2784"
"Percentage of pupils reaching the key stage 2 expected standard in reading, writing and mathematics by ethnicity ","White","ONS 2011 5+1","2017-2018","Academic Year","Kingston upon Thames","Country","E09000021","All","10-11","71","%","754","1069"
"Percentage of pupils reaching the key stage 2 expected standard in reading, writing and mathematics by ethnicity ","White","ONS 2011 5+1","2017-2018","Academic Year","Kirklees","Country","E08000034","All","10-11","63","%","2091","3306"
"Percentage of pupils reaching the key stage 2 expected standard in reading, writing and mathematics by ethnicity ","White","ONS 2011 5+1","2017-2018","Academic Year","Knowsley","Country","E08000011","All","10-11","61","%","971","1601"
"Percentage of pupils reaching the key stage 2 expected standard in reading, writing and mathematics by ethnicity ","White","ONS 2011 5+1","2017-2018","Academic Year","Lambeth","Country","E09000022","All","10-11","75","%","687","920"
"Percentage of pupils reaching the key stage 2 expected standard in reading, writing and mathematics by ethnicity ","White","ONS 2011 5+1","2017-2018","Academic Year","Lancashire","Country","E10000017","All","10-11","65","%","7413","11364"
"Percentage of pupils reaching the key stage 2 expected standard in reading, writing and mathematics by ethnicity ","White","ONS 2011 5+1","2017-2018","Academic Year","Leeds","Country","E08000035","All","10-11","63","%","3985","6356"
"Percentage of pupils reaching the key stage 2 expected standard in reading, writing and mathematics by ethnicity ","White","ONS 2011 5+1","2017-2018","Academic Year","Leicester","Country","E06000016","All","10-11","56","%","901","1607"
"Percentage of pupils reaching the key stage 2 expected standard in reading, writing and mathematics by ethnicity ","White","ONS 2011 5+1","2017-2018","Academic Year","Leicestershire","Country","E10000018","All","10-11","65","%","4185","6430"
"Percentage of pupils reaching the key stage 2 expected standard in reading, writing and mathematics by ethnicity ","White","ONS 2011 5+1","2017-2018","Academic Year","Lewisham","Country","E09000023","All","10-11","71","%","783","1099"
"Percentage of pupils reaching the key stage 2 expected standard in reading, writing and mathematics by ethnicity ","White","ONS 2011 5+1","2017-2018","Academic Year","Lincolnshire","Country","E10000019","All","10-11","60","%","4339","7261"
"Percentage of pupils reaching the key stage 2 expected standard in reading, writing and mathematics by ethnicity ","White","ONS 2011 5+1","2017-2018","Academic Year","Liverpool","Country","E08000012","All","10-11","61","%","2436","3979"
"Percentage of pupils reaching the key stage 2 expected standard in reading, writing and mathematics by ethnicity ","White","ONS 2011 5+1","2017-2018","Academic Year","Luton","Country","E06000032","All","10-11","58","%","573","991"
"Percentage of pupils reaching the key stage 2 expected standard in reading, writing and mathematics by ethnicity ","White","ONS 2011 5+1","2017-2018","Academic Year","Manchester","Country","E08000003","All","10-11","63","%","1718","2743"
"Percentage of pupils reaching the key stage 2 expected standard in reading, writing and mathematics by ethnicity ","White","ONS 2011 5+1","2017-2018","Academic Year","Medway","Country","E06000035","All","10-11","61","%","1578","2608"
"Percentage of pupils reaching the key stage 2 expected standard in reading, writing and mathematics by ethnicity ","White","ONS 2011 5+1","2017-2018","Academic Year","Merton","Country","E09000024","All","10-11","69","%","751","1087"
"Percentage of pupils reaching the key stage 2 expected standard in reading, writing and mathematics by ethnicity ","White","ONS 2011 5+1","2017-2018","Academic Year","Middlesbrough","Country","E06000002","All","10-11","64","%","923","1449"
"Percentage of pupils reaching the key stage 2 expected standard in reading, writing and mathematics by ethnicity ","White","ONS 2011 5+1","2017-2018","Academic Year","Milton Keynes","Country","E06000042","All","10-11","62","%","1322","2132"
"Percentage of pupils reaching the key stage 2 expected standard in reading, writing and mathematics by ethnicity ","White","ONS 2011 5+1","2017-2018","Academic Year","Newcastle upon Tyne","Country","E08000021","All","10-11","69","%","1390","2007"
"Percentage of pupils reaching the key stage 2 expected standard in reading, writing and mathematics by ethnicity ","White","ONS 2011 5+1","2017-2018","Academic Year","Newham","Country","E09000025","All","10-11","70","%","536","763"
"Percentage of pupils reaching the key stage 2 expected standard in reading, writing and mathematics by ethnicity ","White","ONS 2011 5+1","2017-2018","Academic Year","Norfolk","Country","E10000020","All","10-11","59","%","4835","8173"
"Percentage of pupils reaching the key stage 2 expected standard in reading, writing and mathematics by ethnicity ","White","ONS 2011 5+1","2017-2018","Academic Year","North East Lincolnshire","Country","E06000012","All","10-11","65","%","1169","1797"
"Percentage of pupils reaching the key stage 2 expected standard in reading, writing and mathematics by ethnicity ","White","ONS 2011 5+1","2017-2018","Academic Year","North Lincolnshire","Country","E06000013","All","10-11","65","%","1170","1793"
"Percentage of pupils reaching the key stage 2 expected standard in reading, writing and mathematics by ethnicity ","White","ONS 2011 5+1","2017-2018","Academic Year","North Somerset","Country","E06000024","All","10-11","64","%","1446","2252"
"Percentage of pupils reaching the key stage 2 expected standard in reading, writing and mathematics by ethnicity ","White","ONS 2011 5+1","2017-2018","Academic Year","North Tyneside","Country","E08000022","All","10-11","68","%","1403","2063"
"Percentage of pupils reaching the key stage 2 expected standard in reading, writing and mathematics by ethnicity ","White","ONS 2011 5+1","2017-2018","Academic Year","North Yorkshire","Country","E10000023","All","10-11","62","%","3429","5520"
"Percentage of pupils reaching the key stage 2 expected standard in reading, writing and mathematics by ethnicity ","White","ONS 2011 5+1","2017-2018","Academic Year","Northamptonshire","Country","E10000021","All","10-11","61","%","4555","7485"
"Percentage of pupils reaching the key stage 2 expected standard in reading, writing and mathematics by ethnicity ","White","ONS 2011 5+1","2017-2018","Academic Year","Northumberland","Country","E06000057","All","10-11","64","%","2066","3214"
"Percentage of pupils reaching the key stage 2 expected standard in reading, writing and mathematics by ethnicity ","White","ONS 2011 5+1","2017-2018","Academic Year","Nottingham","Country","E06000018","All","10-11","61","%","1160","1910"
"Percentage of pupils reaching the key stage 2 expected standard in reading, writing and mathematics by ethnicity ","White","ONS 2011 5+1","2017-2018","Academic Year","Nottinghamshire","Country","E10000024","All","10-11","65","%","5288","8174"
"Percentage of pupils reaching the key stage 2 expected standard in reading, writing and mathematics by ethnicity ","White","ONS 2011 5+1","2017-2018","Academic Year","Oldham","Country","E08000004","All","10-11","65","%","1229","1881"
"Percentage of pupils reaching the key stage 2 expected standard in reading, writing and mathematics by ethnicity ","White","ONS 2011 5+1","2017-2018","Academic Year","Oxfordshire","Country","E10000025","All","10-11","64","%","3729","5860"
"Percentage of pupils reaching the key stage 2 expected standard in reading, writing and mathematics by ethnicity ","White","ONS 2011 5+1","2017-2018","Academic Year","Peterborough","Country","E06000031","All","10-11","54","%","1022","1902"
"Percentage of pupils reaching the key stage 2 expected standard in reading, writing and mathematics by ethnicity ","White","ONS 2011 5+1","2017-2018","Academic Year","Plymouth","Country","E06000026","All","10-11","63","%","1667","2663"
"Percentage of pupils reaching the key stage 2 expected standard in reading, writing and mathematics by ethnicity ","White","ONS 2011 5+1","2017-2018","Academic Year","Poole","Country","E06000029","All","10-11","62","%","784","1274"
"Percentage of pupils reaching the key stage 2 expected standard in reading, writing and mathematics by ethnicity ","White","ONS 2011 5+1","2017-2018","Academic Year","Portsmouth","Country","E06000044","All","10-11","56","%","976","1753"
"Percentage of pupils reaching the key stage 2 expected standard in reading, writing and mathematics by ethnicity ","White","ONS 2011 5+1","2017-2018","Academic Year","Reading","Country","E06000038","All","10-11","58","%","539","924"
"Percentage of pupils reaching the key stage 2 expected standard in reading, writing and mathematics by ethnicity ","White","ONS 2011 5+1","2017-2018","Academic Year","Redbridge","Country","E09000026","All","10-11","70","%","639","919"
"Percentage of pupils reaching the key stage 2 expected standard in reading, writing and mathematics by ethnicity ","White","ONS 2011 5+1","2017-2018","Academic Year","Redcar and Cleveland","Country","E06000003","All","10-11","71","%","1087","1534"
"Percentage of pupils reaching the key stage 2 expected standard in reading, writing and mathematics by ethnicity ","White","ONS 2011 5+1","2017-2018","Academic Year","Richmond upon Thames","Country","E09000027","All","10-11","82","%","1293","1584"
"Percentage of pupils reaching the key stage 2 expected standard in reading, writing and mathematics by ethnicity ","White","ONS 2011 5+1","2017-2018","Academic Year","Rochdale","Country","E08000005","All","10-11","62","%","1162","1862"
"Percentage of pupils reaching the key stage 2 expected standard in reading, writing and mathematics by ethnicity ","White","ONS 2011 5+1","2017-2018","Academic Year","Rotherham","Country","E08000018","All","10-11","61","%","1713","2798"
"Percentage of pupils reaching the key stage 2 expected standard in reading, writing and mathematics by ethnicity ","White","ONS 2011 5+1","2017-2018","Academic Year","Rutland","Country","E06000017","All","10-11","66","%","241","367"
"Percentage of pupils reaching the key stage 2 expected standard in reading, writing and mathematics by ethnicity ","White","ONS 2011 5+1","2017-2018","Academic Year","Salford","Country","E08000006","All","10-11","64","%","1448","2250"
"Percentage of pupils reaching the key stage 2 expected standard in reading, writing and mathematics by ethnicity ","White","ONS 2011 5+1","2017-2018","Academic Year","Sandwell","Country","E08000028","All","10-11","57","%","1193","2083"
"Percentage of pupils reaching the key stage 2 expected standard in reading, writing and mathematics by ethnicity ","White","ONS 2011 5+1","2017-2018","Academic Year","Sefton","Country","E08000014","All","10-11","67","%","1841","2767"
"Percentage of pupils reaching the key stage 2 expected standard in reading, writing and mathematics by ethnicity ","White","ONS 2011 5+1","2017-2018","Academic Year","Sheffield","Country","E08000019","All","10-11","62","%","2631","4236"
"Percentage of pupils reaching the key stage 2 expected standard in reading, writing and mathematics by ethnicity ","White","ONS 2011 5+1","2017-2018","Academic Year","Shropshire","Country","E06000051","All","10-11","63","%","1763","2787"
"Percentage of pupils reaching the key stage 2 expected standard in reading, writing and mathematics by ethnicity ","White","ONS 2011 5+1","2017-2018","Academic Year","Slough","Country","E06000039","All","10-11","58","%","384","658"
"Percentage of pupils reaching the key stage 2 expected standard in reading, writing and mathematics by ethnicity ","White","ONS 2011 5+1","2017-2018","Academic Year","Solihull","Country","E08000029","All","10-11","65","%","1327","2038"
"Percentage of pupils reaching the key stage 2 expected standard in reading, writing and mathematics by ethnicity ","White","ONS 2011 5+1","2017-2018","Academic Year","Somerset","Country","E10000027","All","10-11","62","%","3267","5296"
"Percentage of pupils reaching the key stage 2 expected standard in reading, writing and mathematics by ethnicity ","White","ONS 2011 5+1","2017-2018","Academic Year","South Gloucestershire","Country","E06000025","All","10-11","63","%","1726","2746"
"Percentage of pupils reaching the key stage 2 expected standard in reading, writing and mathematics by ethnicity ","White","ONS 2011 5+1","2017-2018","Academic Year","South Tyneside","Country","E08000023","All","10-11","68","%","1010","1484"
"Percentage of pupils reaching the key stage 2 expected standard in reading, writing and mathematics by ethnicity ","White","ONS 2011 5+1","2017-2018","Academic Year","Southampton","Country","E06000045","All","10-11","66","%","1282","1947"
"Percentage of pupils reaching the key stage 2 expected standard in reading, writing and mathematics by ethnicity ","White","ONS 2011 5+1","2017-2018","Academic Year","Southend-on-Sea","Country","E06000033","All","10-11","68","%","1130","1670"
"Percentage of pupils reaching the key stage 2 expected standard in reading, writing and mathematics by ethnicity ","White","ONS 2011 5+1","2017-2018","Academic Year","Southwark","Country","E09000028","All","10-11","75","%","678","907"
"Percentage of pupils reaching the key stage 2 expected standard in reading, writing and mathematics by ethnicity ","White","ONS 2011 5+1","2017-2018","Academic Year","St. Helens","Country","E08000013","All","10-11","63","%","1226","1951"
"Percentage of pupils reaching the key stage 2 expected standard in reading, writing and mathematics by ethnicity ","White","ONS 2011 5+1","2017-2018","Academic Year","Staffordshire","Country","E10000028","All","10-11","65","%","5547","8560"
"Percentage of pupils reaching the key stage 2 expected standard in reading, writing and mathematics by ethnicity ","White","ONS 2011 5+1","2017-2018","Academic Year","Stockport","Country","E08000007","All","10-11","66","%","1853","2791"
"Percentage of pupils reaching the key stage 2 expected standard in reading, writing and mathematics by ethnicity ","White","ONS 2011 5+1","2017-2018","Academic Year","Stockton-on-Tees","Country","E06000004","All","10-11","70","%","1526","2166"
"Percentage of pupils reaching the key stage 2 expected standard in reading, writing and mathematics by ethnicity ","White","ONS 2011 5+1","2017-2018","Academic Year","Stoke-on-Trent","Country","E06000021","All","10-11","59","%","1347","2280"
"Percentage of pupils reaching the key stage 2 expected standard in reading, writing and mathematics by ethnicity ","White","ONS 2011 5+1","2017-2018","Academic Year","Suffolk","Country","E10000029","All","10-11","60","%","4153","6910"
"Percentage of pupils reaching the key stage 2 expected standard in reading, writing and mathematics by ethnicity ","White","ONS 2011 5+1","2017-2018","Academic Year","Sunderland","Country","E08000024","All","10-11","68","%","2008","2940"
"Percentage of pupils reaching the key stage 2 expected standard in reading, writing and mathematics by ethnicity ","White","ONS 2011 5+1","2017-2018","Academic Year","Surrey","Country","E10000030","All","10-11","69","%","6966","10075"
"Percentage of pupils reaching the key stage 2 expected standard in reading, writing and mathematics by ethnicity ","White","ONS 2011 5+1","2017-2018","Academic Year","Sutton","Country","E09000029","All","10-11","70","%","958","1364"
"Percentage of pupils reaching the key stage 2 expected standard in reading, writing and mathematics by ethnicity ","White","ONS 2011 5+1","2017-2018","Academic Year","Swindon","Country","E06000030","All","10-11","63","%","1378","2191"
"Percentage of pupils reaching the key stage 2 expected standard in reading, writing and mathematics by ethnicity ","White","ONS 2011 5+1","2017-2018","Academic Year","Tameside","Country","E08000008","All","10-11","64","%","1425","2223"
"Percentage of pupils reaching the key stage 2 expected standard in reading, writing and mathematics by ethnicity ","White","ONS 2011 5+1","2017-2018","Academic Year","Telford and Wrekin","Country","E06000020","All","10-11","66","%","1244","1879"
"Percentage of pupils reaching the key stage 2 expected standard in reading, writing and mathematics by ethnicity ","White","ONS 2011 5+1","2017-2018","Academic Year","Thurrock","Country","E06000034","All","10-11","62","%","1017","1645"
"Percentage of pupils reaching the key stage 2 expected standard in reading, writing and mathematics by ethnicity ","White","ONS 2011 5+1","2017-2018","Academic Year","Torbay","Country","E06000027","All","10-11","62","%","813","1307"
"Percentage of pupils reaching the key stage 2 expected standard in reading, writing and mathematics by ethnicity ","White","ONS 2011 5+1","2017-2018","Academic Year","Tower Hamlets","Country","E09000030","All","10-11","72","%","333","461"
"Percentage of pupils reaching the key stage 2 expected standard in reading, writing and mathematics by ethnicity ","White","ONS 2011 5+1","2017-2018","Academic Year","Trafford","Country","E08000009","All","10-11","74","%","1498","2023"
"Percentage of pupils reaching the key stage 2 expected standard in reading, writing and mathematics by ethnicity ","White","ONS 2011 5+1","2017-2018","Academic Year","Wakefield","Country","E08000036","All","10-11","60","%","2081","3462"
"Percentage of pupils reaching the key stage 2 expected standard in reading, writing and mathematics by ethnicity ","White","ONS 2011 5+1","2017-2018","Academic Year","Walsall","Country","E08000030","All","10-11","59","%","1312","2241"
"Percentage of pupils reaching the key stage 2 expected standard in reading, writing and mathematics by ethnicity ","White","ONS 2011 5+1","2017-2018","Academic Year","Waltham Forest","Country","E09000031","All","10-11","70","%","839","1199"
"Percentage of pupils reaching the key stage 2 expected standard in reading, writing and mathematics by ethnicity ","White","ONS 2011 5+1","2017-2018","Academic Year","Wandsworth","Country","E09000032","All","10-11","77","%","747","974"
"Percentage of pupils reaching the key stage 2 expected standard in reading, writing and mathematics by ethnicity ","White","ONS 2011 5+1","2017-2018","Academic Year","Warrington","Country","E06000007","All","10-11","71","%","1655","2323"
"Percentage of pupils reaching the key stage 2 expected standard in reading, writing and mathematics by ethnicity ","White","ONS 2011 5+1","2017-2018","Academic Year","Warwickshire","Country","E10000031","All","10-11","67","%","3504","5262"
"Percentage of pupils reaching the key stage 2 expected standard in reading, writing and mathematics by ethnicity ","White","ONS 2011 5+1","2017-2018","Academic Year","West Berkshire","Country","E06000037","All","10-11","63","%","982","1562"
"Percentage of pupils reaching the key stage 2 expected standard in reading, writing and mathematics by ethnicity ","White","ONS 2011 5+1","2017-2018","Academic Year","West Sussex","Country","E10000032","All","10-11","61","%","4673","7622"
"Percentage of pupils reaching the key stage 2 expected standard in reading, writing and mathematics by ethnicity ","White","ONS 2011 5+1","2017-2018","Academic Year","Westminster","Country","E09000033","All","10-11","76","%","275","363"
"Percentage of pupils reaching the key stage 2 expected standard in reading, writing and mathematics by ethnicity ","White","ONS 2011 5+1","2017-2018","Academic Year","Wigan","Country","E08000010","All","10-11","70","%","2344","3336"
"Percentage of pupils reaching the key stage 2 expected standard in reading, writing and mathematics by ethnicity ","White","ONS 2011 5+1","2017-2018","Academic Year","Wiltshire","Country","E06000054","All","10-11","63","%","2982","4730"
"Percentage of pupils reaching the key stage 2 expected standard in reading, writing and mathematics by ethnicity ","White","ONS 2011 5+1","2017-2018","Academic Year","Windsor and Maidenhead","Country","E06000040","All","10-11","69","%","761","1100"
"Percentage of pupils reaching the key stage 2 expected standard in reading, writing and mathematics by ethnicity ","White","ONS 2011 5+1","2017-2018","Academic Year","Wirral","Country","E08000015","All","10-11","60","%","2069","3463"
"Percentage of pupils reaching the key stage 2 expected standard in reading, writing and mathematics by ethnicity ","White","ONS 2011 5+1","2017-2018","Academic Year","Wokingham","Country","E06000041","All","10-11","70","%","1028","1469"
"Percentage of pupils reaching the key stage 2 expected standard in reading, writing and mathematics by ethnicity ","White","ONS 2011 5+1","2017-2018","Academic Year","Wolverhampton","Country","E08000031","All","10-11","63","%","1042","1651"
"Percentage of pupils reaching the key stage 2 expected standard in reading, writing and mathematics by ethnicity ","White","ONS 2011 5+1","2017-2018","Academic Year","Worcestershire","Country","E10000034","All","10-11","61","%","3448","5654"
"Percentage of pupils reaching the key stage 2 expected standard in reading, writing and mathematics by ethnicity ","White","ONS 2011 5+1","2017-2018","Academic Year","York","Country","E06000014","All","10-11","66","%","1161","1758"
"Percentage of pupils reaching the key stage 2 expected standard in reading, writing and mathematics by ethnicity ","Asian","ONS 2011 5+1","2017-2018","Academic Year","Isles of Scilly","Country","E10000034","All","10-11","N/A","%","N/A","N/A"
"Percentage of pupils reaching the key stage 2 expected standard in reading, writing and mathematics by ethnicity ","Black","ONS 2011 5+1","2017-2018","Academic Year","Isles of Scilly","Country","E10000034","All","10-11","N/A","%","N/A","N/A"
"Percentage of pupils reaching the key stage 2 expected standard in reading, writing and mathematics by ethnicity ","Chinese","ONS 2011 5+1","2017-2018","Academic Year","Isles of Scilly","Country","E10000034","All","10-11","N/A","%","N/A","N/A"
"Percentage of pupils reaching the key stage 2 expected standard in reading, writing and mathematics by ethnicity ","Chinese","ONS 2011 5+1","2017-2018","Academic Year","City of London","Country","E10000034","All","10-11","N/A","%","N/A","N/A"
"Percentage of pupils reaching the key stage 2 expected standard in reading, writing and mathematics by ethnicity ","Chinese","ONS 2011 5+1","2017-2018","Academic Year","Halton","Country","E10000034","All","10-11","N/A","%","N/A","N/A"
"Percentage of pupils reaching the key stage 2 expected standard in reading, writing and mathematics by ethnicity ","Chinese","ONS 2011 5+1","2017-2018","Academic Year","North Lincolnshire","Country","E10000034","All","10-11","N/A","%","N/A","N/A"
"Percentage of pupils reaching the key stage 2 expected standard in reading, writing and mathematics by ethnicity ","Chinese","ONS 2011 5+1","2017-2018","Academic Year","Poole","Country","E10000034","All","10-11","N/A","%","N/A","N/A"
"Percentage of pupils reaching the key stage 2 expected standard in reading, writing and mathematics by ethnicity ","Chinese","ONS 2011 5+1","2017-2018","Academic Year","Redcar and Cleveland","Country","E10000034","All","10-11","N/A","%","N/A","N/A"
