"Measure","Ethnic group","Year","Household type","Value","value_label","Source","Geography","","","","","","","","","",""
"Percentage of ethnic group in each household type","White","2011","Single pensioner","13.4","Row%","Census","England and Wales","","","","","","","","","",""
"Percentage of ethnic group in each household type","White - British","2011","Single pensioner","13.8","Row%","Census","England and Wales","","","","","","","","","",""
"Percentage of ethnic group in each household type","White - Irish","2011","Single pensioner","19.4","Row%","Census","England and Wales","","","","","","","","","",""
"Percentage of ethnic group in each household type","White - Gypsy or Irish Traveller","2011","Single pensioner","6.1","Row%","Census","England and Wales","","","","","","","","","",""
"Percentage of ethnic group in each household type","White - Other","2011","Single pensioner","4.9","Row%","Census","England and Wales","","","","","","","","","",""
"Percentage of ethnic group in each household type","White","2011","Single non-pensioner","17.5","Row%","Census","England and Wales","","","","","","","","","",""
"Percentage of ethnic group in each household type","White - British","2011","Single non-pensioner","17.3","Row%","Census","England and Wales","","","","","","","","","",""
"Percentage of ethnic group in each household type","White - Irish","2011","Single non-pensioner","20.3","Row%","Census","England and Wales","","","","","","","","","",""
"Percentage of ethnic group in each household type","White - Gypsy or Irish Traveller","2011","Single non-pensioner","23.3","Row%","Census","England and Wales","","","","","","","","","",""
"Percentage of ethnic group in each household type","White - Other","2011","Single non-pensioner","19.9","Row%","Census","England and Wales","","","","","","","","","",""
"Percentage of ethnic group in each household type","White","2011","Pensioner couple","8.9","Row%","Census","England and Wales","","","","","","","","","",""
"Percentage of ethnic group in each household type","White - British","2011","Pensioner couple","9.2","Row%","Census","England and Wales","","","","","","","","","",""
"Percentage of ethnic group in each household type","White - Irish","2011","Pensioner couple","9.3","Row%","Census","England and Wales","","","","","","","","","",""
"Percentage of ethnic group in each household type","White - Gypsy or Irish Traveller","2011","Pensioner couple","2","Row%","Census","England and Wales","","","","","","","","","",""
"Percentage of ethnic group in each household type","White - Other","2011","Pensioner couple","2.6","Row%","Census","England and Wales","","","","","","","","","",""
"Percentage of ethnic group in each household type","White","2011","Married, no children","13","Row%","Census","England and Wales","","","","","","","","","",""
"Percentage of ethnic group in each household type","White - British","2011","Married, no children","13.2","Row%","Census","England and Wales","","","","","","","","","",""
"Percentage of ethnic group in each household type","White - Irish","2011","Married, no children","9.9","Row%","Census","England and Wales","","","","","","","","","",""
"Percentage of ethnic group in each household type","White - Gypsy or Irish Traveller","2011","Married, no children","6.8","Row%","Census","England and Wales","","","","","","","","","",""
"Percentage of ethnic group in each household type","White - Other","2011","Married, no children","10.3","Row%","Census","England and Wales","","","","","","","","","",""
"Percentage of ethnic group in each household type","White","2011","Married, Dependent children","14.2","Row%","Census","England and Wales","","","","","","","","","",""
"Percentage of ethnic group in each household type","White - British","2011","Married, Dependent children","14.1","Row%","Census","England and Wales","","","","","","","","","",""
"Percentage of ethnic group in each household type","White - Irish","2011","Married, Dependent children","10.4","Row%","Census","England and Wales","","","","","","","","","",""
"Percentage of ethnic group in each household type","White - Gypsy or Irish Traveller","2011","Married, Dependent children","12.6","Row%","Census","England and Wales","","","","","","","","","",""
"Percentage of ethnic group in each household type","White - Other","2011","Married, Dependent children","18.9","Row%","Census","England and Wales","","","","","","","","","",""
"Percentage of ethnic group in each household type","White","2011","Married, non-dependent children","5.7","Row%","Census","England and Wales","","","","","","","","","",""
"Percentage of ethnic group in each household type","White - British","2011","Married, non-dependent children","5.9","Row%","Census","England and Wales","","","","","","","","","",""
"Percentage of ethnic group in each household type","White - Irish","2011","Married, non-dependent children","5.7","Row%","Census","England and Wales","","","","","","","","","",""
"Percentage of ethnic group in each household type","White - Gypsy or Irish Traveller","2011","Married, non-dependent children","3.6","Row%","Census","England and Wales","","","","","","","","","",""
"Percentage of ethnic group in each household type","White - Other","2011","Married, non-dependent children","2.8","Row%","Census","England and Wales","","","","","","","","","",""
"Percentage of ethnic group in each household type","White","2011","Cohab, no children","5.6","Row%","Census","England and Wales","","","","","","","","","",""
"Percentage of ethnic group in each household type","White - British","2011","Cohab, no children","5.5","Row%","Census","England and Wales","","","","","","","","","",""
"Percentage of ethnic group in each household type","White - Irish","2011","Cohab, no children","4.8","Row%","Census","England and Wales","","","","","","","","","",""
"Percentage of ethnic group in each household type","White - Gypsy or Irish Traveller","2011","Cohab, no children","3.2","Row%","Census","England and Wales","","","","","","","","","",""
"Percentage of ethnic group in each household type","White - Other","2011","Cohab, no children","8.1","Row%","Census","England and Wales","","","","","","","","","",""
"Percentage of ethnic group in each household type","White","2011","Cohab, Dependent children","4.2","Row%","Census","England and Wales","","","","","","","","","",""
"Percentage of ethnic group in each household type","White - British","2011","Cohab, Dependent children","4.3","Row%","Census","England and Wales","","","","","","","","","",""
"Percentage of ethnic group in each household type","White - Irish","2011","Cohab, Dependent children","2.2","Row%","Census","England and Wales","","","","","","","","","",""
"Percentage of ethnic group in each household type","White - Gypsy or Irish Traveller","2011","Cohab, Dependent children","6.3","Row%","Census","England and Wales","","","","","","","","","",""
"Percentage of ethnic group in each household type","White - Other","2011","Cohab, Dependent children","4.1","Row%","Census","England and Wales","","","","","","","","","",""
"Percentage of ethnic group in each household type","White","2011","Cohab, non-dependent children","0.5","Row%","Census","England and Wales","","","","","","","","","",""
"Percentage of ethnic group in each household type","White - British","2011","Cohab, non-dependent children","0.5","Row%","Census","England and Wales","","","","","","","","","",""
"Percentage of ethnic group in each household type","White - Irish","2011","Cohab, non-dependent children","0.4","Row%","Census","England and Wales","","","","","","","","","",""
"Percentage of ethnic group in each household type","White - Gypsy or Irish Traveller","2011","Cohab, non-dependent children","0.6","Row%","Census","England and Wales","","","","","","","","","",""
"Percentage of ethnic group in each household type","White - Other","2011","Cohab, non-dependent children","0.2","Row%","Census","England and Wales","","","","","","","","","",""
"Percentage of ethnic group in each household type","White","2011","Lone parent, Dependent children","6.7","Row%","Census","England and Wales","","","","","","","","","",""
"Percentage of ethnic group in each household type","White - British","2011","Lone parent, Dependent children","6.7","Row%","Census","England and Wales","","","","","","","","","",""
"Percentage of ethnic group in each household type","White - Irish","2011","Lone parent, Dependent children","4.2","Row%","Census","England and Wales","","","","","","","","","",""
"Percentage of ethnic group in each household type","White - Gypsy or Irish Traveller","2011","Lone parent, Dependent children","20.4","Row%","Census","England and Wales","","","","","","","","","",""
"Percentage of ethnic group in each household type","White - Other","2011","Lone parent, Dependent children","6.1","Row%","Census","England and Wales","","","","","","","","","",""
"Percentage of ethnic group in each household type","White","2011","Lone parent, non-dependent children","3.5","Row%","Census","England and Wales","","","","","","","","","",""
"Percentage of ethnic group in each household type","White - British","2011","Lone parent, non-dependent children","3.5","Row%","Census","England and Wales","","","","","","","","","",""
"Percentage of ethnic group in each household type","White - Irish","2011","Lone parent, non-dependent children","5.3","Row%","Census","England and Wales","","","","","","","","","",""
"Percentage of ethnic group in each household type","White - Gypsy or Irish Traveller","2011","Lone parent, non-dependent children","4.1","Row%","Census","England and Wales","","","","","","","","","",""
"Percentage of ethnic group in each household type","White - Other","2011","Lone parent, non-dependent children","2.1","Row%","Census","England and Wales","","","","","","","","","",""
"Percentage of ethnic group in each household type","White","2011","Other, with dependent children","2","Row%","Census","England and Wales","","","","","","","","","",""
"Percentage of ethnic group in each household type","White - British","2011","Other, with dependent children","1.8","Row%","Census","England and Wales","","","","","","","","","",""
"Percentage of ethnic group in each household type","White - Irish","2011","Other, with dependent children","1.4","Row%","Census","England and Wales","","","","","","","","","",""
"Percentage of ethnic group in each household type","White - Gypsy or Irish Traveller","2011","Other, with dependent children","5.6","Row%","Census","England and Wales","","","","","","","","","",""
"Percentage of ethnic group in each household type","White - Other","2011","Other, with dependent children","5.2","Row%","Census","England and Wales","","","","","","","","","",""
"Percentage of ethnic group in each household type","White","2011","All full-time students","0.4","Row%","Census","England and Wales","","","","","","","","","",""
"Percentage of ethnic group in each household type","White - British","2011","All full-time students","0.4","Row%","Census","England and Wales","","","","","","","","","",""
"Percentage of ethnic group in each household type","White - Irish","2011","All full-time students","0.5","Row%","Census","England and Wales","","","","","","","","","",""
"Percentage of ethnic group in each household type","White - Gypsy or Irish Traveller","2011","All full-time students","0.5","Row%","Census","England and Wales","","","","","","","","","",""
"Percentage of ethnic group in each household type","White - Other","2011","All full-time students","1.2","Row%","Census","England and Wales","","","","","","","","","",""
"Percentage of ethnic group in each household type","White","2011","Other, All pensioners","0.3","Row%","Census","England and Wales","","","","","","","","","",""
"Percentage of ethnic group in each household type","White - British","2011","Other, All pensioners","0.3","Row%","Census","England and Wales","","","","","","","","","",""
"Percentage of ethnic group in each household type","White - Irish","2011","Other, All pensioners","0.5","Row%","Census","England and Wales","","","","","","","","","",""
"Percentage of ethnic group in each household type","White - Gypsy or Irish Traveller","2011","Other, All pensioners","0.2","Row%","Census","England and Wales","","","","","","","","","",""
"Percentage of ethnic group in each household type","White - Other","2011","Other, All pensioners","0.1","Row%","Census","England and Wales","","","","","","","","","",""
"Percentage of ethnic group in each household type","White","2011","Any other household type","4.1","Row%","Census","England and Wales","","","","","","","","","",""
"Percentage of ethnic group in each household type","White - British","2011","Any other household type","3.6","Row%","Census","England and Wales","","","","","","","","","",""
"Percentage of ethnic group in each household type","White - Irish","2011","Any other household type","5.5","Row%","Census","England and Wales","","","","","","","","","",""
"Percentage of ethnic group in each household type","White - Gypsy or Irish Traveller","2011","Any other household type","4.6","Row%","Census","England and Wales","","","","","","","","","",""
"Percentage of ethnic group in each household type","White - Other","2011","Any other household type","13.5","Row%","Census","England and Wales","","","","","","","","","",""
"Percentage of ethnic group in each household type","Mixed","2011","Single pensioner","4.3","Row%","Census","England and Wales","","","","","","","","","",""
"Percentage of ethnic group in each household type","Mixed - White and Black Caribbean","2011","Single pensioner","4.6","Row%","Census","England and Wales","","","","","","","","","",""
"Percentage of ethnic group in each household type","Mixed - White and Black African","2011","Single pensioner","2.8","Row%","Census","England and Wales","","","","","","","","","",""
"Percentage of ethnic group in each household type","Mixed - White and Asian","2011","Single pensioner","4.2","Row%","Census","England and Wales","","","","","","","","","",""
"Percentage of ethnic group in each household type","Mixed - Other","2011","Single pensioner","4.7","Row%","Census","England and Wales","","","","","","","","","",""
"Percentage of ethnic group in each household type","Mixed","2011","Single non-pensioner","31","Row%","Census","England and Wales","","","","","","","","","",""
"Percentage of ethnic group in each household type","Mixed - White and Black Caribbean","2011","Single non-pensioner","32.7","Row%","Census","England and Wales","","","","","","","","","",""
"Percentage of ethnic group in each household type","Mixed - White and Black African","2011","Single non-pensioner","31.3","Row%","Census","England and Wales","","","","","","","","","",""
"Percentage of ethnic group in each household type","Mixed - White and Asian","2011","Single non-pensioner","30.2","Row%","Census","England and Wales","","","","","","","","","",""
"Percentage of ethnic group in each household type","Mixed - Other","2011","Single non-pensioner","29","Row%","Census","England and Wales","","","","","","","","","",""
"Percentage of ethnic group in each household type","Mixed","2011","Pensioner couple","1.7","Row%","Census","England and Wales","","","","","","","","","",""
"Percentage of ethnic group in each household type","Mixed - White and Black Caribbean","2011","Pensioner couple","1.6","Row%","Census","England and Wales","","","","","","","","","",""
"Percentage of ethnic group in each household type","Mixed - White and Black African","2011","Pensioner couple","0.8","Row%","Census","England and Wales","","","","","","","","","",""
"Percentage of ethnic group in each household type","Mixed - White and Asian","2011","Pensioner couple","2.2","Row%","Census","England and Wales","","","","","","","","","",""
"Percentage of ethnic group in each household type","Mixed - Other","2011","Pensioner couple","1.7","Row%","Census","England and Wales","","","","","","","","","",""
"Percentage of ethnic group in each household type","Mixed","2011","Married, no children","5.8","Row%","Census","England and Wales","","","","","","","","","",""
"Percentage of ethnic group in each household type","Mixed - White and Black Caribbean","2011","Married, no children","3.9","Row%","Census","England and Wales","","","","","","","","","",""
"Percentage of ethnic group in each household type","Mixed - White and Black African","2011","Married, no children","4.8","Row%","Census","England and Wales","","","","","","","","","",""
"Percentage of ethnic group in each household type","Mixed - White and Asian","2011","Married, no children","7.7","Row%","Census","England and Wales","","","","","","","","","",""
"Percentage of ethnic group in each household type","Mixed - Other","2011","Married, no children","7.3","Row%","Census","England and Wales","","","","","","","","","",""
"Percentage of ethnic group in each household type","Mixed","2011","Married, Dependent children","12","Row%","Census","England and Wales","","","","","","","","","",""
"Percentage of ethnic group in each household type","Mixed - White and Black Caribbean","2011","Married, Dependent children","8","Row%","Census","England and Wales","","","","","","","","","",""
"Percentage of ethnic group in each household type","Mixed - White and Black African","2011","Married, Dependent children","13.2","Row%","Census","England and Wales","","","","","","","","","",""
"Percentage of ethnic group in each household type","Mixed - White and Asian","2011","Married, Dependent children","15.8","Row%","Census","England and Wales","","","","","","","","","",""
"Percentage of ethnic group in each household type","Mixed - Other","2011","Married, Dependent children","13.5","Row%","Census","England and Wales","","","","","","","","","",""
"Percentage of ethnic group in each household type","Mixed","2011","Married, non-dependent children","2.1","Row%","Census","England and Wales","","","","","","","","","",""
"Percentage of ethnic group in each household type","Mixed - White and Black Caribbean","2011","Married, non-dependent children","1.9","Row%","Census","England and Wales","","","","","","","","","",""
"Percentage of ethnic group in each household type","Mixed - White and Black African","2011","Married, non-dependent children","1.7","Row%","Census","England and Wales","","","","","","","","","",""
"Percentage of ethnic group in each household type","Mixed - White and Asian","2011","Married, non-dependent children","2.5","Row%","Census","England and Wales","","","","","","","","","",""
"Percentage of ethnic group in each household type","Mixed - Other","2011","Married, non-dependent children","2.3","Row%","Census","England and Wales","","","","","","","","","",""
"Percentage of ethnic group in each household type","Mixed","2011","Cohab, no children","5.9","Row%","Census","England and Wales","","","","","","","","","",""
"Percentage of ethnic group in each household type","Mixed - White and Black Caribbean","2011","Cohab, no children","4.9","Row%","Census","England and Wales","","","","","","","","","",""
"Percentage of ethnic group in each household type","Mixed - White and Black African","2011","Cohab, no children","5","Row%","Census","England and Wales","","","","","","","","","",""
"Percentage of ethnic group in each household type","Mixed - White and Asian","2011","Cohab, no children","7","Row%","Census","England and Wales","","","","","","","","","",""
"Percentage of ethnic group in each household type","Mixed - Other","2011","Cohab, no children","6.6","Row%","Census","England and Wales","","","","","","","","","",""
"Percentage of ethnic group in each household type","Mixed","2011","Cohab, Dependent children","5","Row%","Census","England and Wales","","","","","","","","","",""
"Percentage of ethnic group in each household type","Mixed - White and Black Caribbean","2011","Cohab, Dependent children","6.1","Row%","Census","England and Wales","","","","","","","","","",""
"Percentage of ethnic group in each household type","Mixed - White and Black African","2011","Cohab, Dependent children","5","Row%","Census","England and Wales","","","","","","","","","",""
"Percentage of ethnic group in each household type","Mixed - White and Asian","2011","Cohab, Dependent children","4.3","Row%","Census","England and Wales","","","","","","","","","",""
"Percentage of ethnic group in each household type","Mixed - Other","2011","Cohab, Dependent children","4","Row%","Census","England and Wales","","","","","","","","","",""
"Percentage of ethnic group in each household type","Mixed","2011","Cohab, non-dependent children","0.4","Row%","Census","England and Wales","","","","","","","","","",""
"Percentage of ethnic group in each household type","Mixed - White and Black Caribbean","2011","Cohab, non-dependent children","0.5","Row%","Census","England and Wales","","","","","","","","","",""
"Percentage of ethnic group in each household type","Mixed - White and Black African","2011","Cohab, non-dependent children","0.3","Row%","Census","England and Wales","","","","","","","","","",""
"Percentage of ethnic group in each household type","Mixed - White and Asian","2011","Cohab, non-dependent children","0.3","Row%","Census","England and Wales","","","","","","","","","",""
"Percentage of ethnic group in each household type","Mixed - Other","2011","Cohab, non-dependent children","0.3","Row%","Census","England and Wales","","","","","","","","","",""
"Percentage of ethnic group in each household type","Mixed","2011","Lone parent, Dependent children","16.2","Row%","Census","England and Wales","","","","","","","","","",""
"Percentage of ethnic group in each household type","Mixed - White and Black Caribbean","2011","Lone parent, Dependent children","22.7","Row%","Census","England and Wales","","","","","","","","","",""
"Percentage of ethnic group in each household type","Mixed - White and Black African","2011","Lone parent, Dependent children","17.4","Row%","Census","England and Wales","","","","","","","","","",""
"Percentage of ethnic group in each household type","Mixed - White and Asian","2011","Lone parent, Dependent children","9.6","Row%","Census","England and Wales","","","","","","","","","",""
"Percentage of ethnic group in each household type","Mixed - Other","2011","Lone parent, Dependent children","12.7","Row%","Census","England and Wales","","","","","","","","","",""
"Percentage of ethnic group in each household type","Mixed","2011","Lone parent, non-dependent children","2.9","Row%","Census","England and Wales","","","","","","","","","",""
"Percentage of ethnic group in each household type","Mixed - White and Black Caribbean","2011","Lone parent, non-dependent children","3.2","Row%","Census","England and Wales","","","","","","","","","",""
"Percentage of ethnic group in each household type","Mixed - White and Black African","2011","Lone parent, non-dependent children","3.2","Row%","Census","England and Wales","","","","","","","","","",""
"Percentage of ethnic group in each household type","Mixed - White and Asian","2011","Lone parent, non-dependent children","2.2","Row%","Census","England and Wales","","","","","","","","","",""
"Percentage of ethnic group in each household type","Mixed - Other","2011","Lone parent, non-dependent children","2.9","Row%","Census","England and Wales","","","","","","","","","",""
"Percentage of ethnic group in each household type","Mixed","2011","Other, with dependent children","3.9","Row%","Census","England and Wales","","","","","","","","","",""
"Percentage of ethnic group in each household type","Mixed - White and Black Caribbean","2011","Other, with dependent children","3.9","Row%","Census","England and Wales","","","","","","","","","",""
"Percentage of ethnic group in each household type","Mixed - White and Black African","2011","Other, with dependent children","5.3","Row%","Census","England and Wales","","","","","","","","","",""
"Percentage of ethnic group in each household type","Mixed - White and Asian","2011","Other, with dependent children","3.2","Row%","Census","England and Wales","","","","","","","","","",""
"Percentage of ethnic group in each household type","Mixed - Other","2011","Other, with dependent children","4","Row%","Census","England and Wales","","","","","","","","","",""
"Percentage of ethnic group in each household type","Mixed","2011","All full-time students","1.4","Row%","Census","England and Wales","","","","","","","","","",""
"Percentage of ethnic group in each household type","Mixed - White and Black Caribbean","2011","All full-time students","0.9","Row%","Census","England and Wales","","","","","","","","","",""
"Percentage of ethnic group in each household type","Mixed - White and Black African","2011","All full-time students","1.5","Row%","Census","England and Wales","","","","","","","","","",""
"Percentage of ethnic group in each household type","Mixed - White and Asian","2011","All full-time students","2.1","Row%","Census","England and Wales","","","","","","","","","",""
"Percentage of ethnic group in each household type","Mixed - Other","2011","All full-time students","1.5","Row%","Census","England and Wales","","","","","","","","","",""
"Percentage of ethnic group in each household type","Mixed","2011","Other, All pensioners","0.2","Row%","Census","England and Wales","","","","","","","","","",""
"Percentage of ethnic group in each household type","Mixed - White and Black Caribbean","2011","Other, All pensioners","0.2","Row%","Census","England and Wales","","","","","","","","","",""
"Percentage of ethnic group in each household type","Mixed - White and Black African","2011","Other, All pensioners","0.1","Row%","Census","England and Wales","","","","","","","","","",""
"Percentage of ethnic group in each household type","Mixed - White and Asian","2011","Other, All pensioners","0.2","Row%","Census","England and Wales","","","","","","","","","",""
"Percentage of ethnic group in each household type","Mixed - Other","2011","Other, All pensioners","0.2","Row%","Census","England and Wales","","","","","","","","","",""
"Percentage of ethnic group in each household type","Mixed","2011","Any other household type","7.3","Row%","Census","England and Wales","","","","","","","","","",""
"Percentage of ethnic group in each household type","Mixed - White and Black Caribbean","2011","Any other household type","5.1","Row%","Census","England and Wales","","","","","","","","","",""
"Percentage of ethnic group in each household type","Mixed - White and Black African","2011","Any other household type","7.5","Row%","Census","England and Wales","","","","","","","","","",""
"Percentage of ethnic group in each household type","Mixed - White and Asian","2011","Any other household type","8.5","Row%","Census","England and Wales","","","","","","","","","",""
"Percentage of ethnic group in each household type","Mixed - Other","2011","Any other household type","9.3","Row%","Census","England and Wales","","","","","","","","","",""
"Percentage of ethnic group in each household type","Asian","2011","Single pensioner","2.9","Row%","Census","England and Wales","","","","","","","","","",""
"Percentage of ethnic group in each household type","Asian - Indian","2011","Single pensioner","3.8","Row%","Census","England and Wales","","","","","","","","","",""
"Percentage of ethnic group in each household type","Asian - Pakistani","2011","Single pensioner","1.9","Row%","Census","England and Wales","","","","","","","","","",""
"Percentage of ethnic group in each household type","Asian - Bangladeshi","2011","Single pensioner","1.3","Row%","Census","England and Wales","","","","","","","","","",""
"Percentage of ethnic group in each household type","Asian - Chinese","2011","Single pensioner","3.4","Row%","Census","England and Wales","","","","","","","","","",""
"Percentage of ethnic group in each household type","Asian - Other","2011","Single pensioner","2.8","Row%","Census","England and Wales","","","","","","","","","",""
"Percentage of ethnic group in each household type","Asian","2011","Single non-pensioner","14.1","Row%","Census","England and Wales","","","","","","","","","",""
"Percentage of ethnic group in each household type","Asian - Indian","2011","Single non-pensioner","12.2","Row%","Census","England and Wales","","","","","","","","","",""
"Percentage of ethnic group in each household type","Asian - Pakistani","2011","Single non-pensioner","9.7","Row%","Census","England and Wales","","","","","","","","","",""
"Percentage of ethnic group in each household type","Asian - Bangladeshi","2011","Single non-pensioner","9.1","Row%","Census","England and Wales","","","","","","","","","",""
"Percentage of ethnic group in each household type","Asian - Chinese","2011","Single non-pensioner","25","Row%","Census","England and Wales","","","","","","","","","",""
"Percentage of ethnic group in each household type","Asian - Other","2011","Single non-pensioner","18.2","Row%","Census","England and Wales","","","","","","","","","",""
"Percentage of ethnic group in each household type","Asian","2011","Pensioner couple","2.1","Row%","Census","England and Wales","","","","","","","","","",""
"Percentage of ethnic group in each household type","Asian - Indian","2011","Pensioner couple","3.3","Row%","Census","England and Wales","","","","","","","","","",""
"Percentage of ethnic group in each household type","Asian - Pakistani","2011","Pensioner couple","1.2","Row%","Census","England and Wales","","","","","","","","","",""
"Percentage of ethnic group in each household type","Asian - Bangladeshi","2011","Pensioner couple","0.6","Row%","Census","England and Wales","","","","","","","","","",""
"Percentage of ethnic group in each household type","Asian - Chinese","2011","Pensioner couple","1.9","Row%","Census","England and Wales","","","","","","","","","",""
"Percentage of ethnic group in each household type","Asian - Other","2011","Pensioner couple","1.6","Row%","Census","England and Wales","","","","","","","","","",""
"Percentage of ethnic group in each household type","Asian","2011","Married, no children","8.8","Row%","Census","England and Wales","","","","","","","","","",""
"Percentage of ethnic group in each household type","Asian - Indian","2011","Married, no children","11.2","Row%","Census","England and Wales","","","","","","","","","",""
"Percentage of ethnic group in each household type","Asian - Pakistani","2011","Married, no children","5.8","Row%","Census","England and Wales","","","","","","","","","",""
"Percentage of ethnic group in each household type","Asian - Bangladeshi","2011","Married, no children","4.1","Row%","Census","England and Wales","","","","","","","","","",""
"Percentage of ethnic group in each household type","Asian - Chinese","2011","Married, no children","10.5","Row%","Census","England and Wales","","","","","","","","","",""
"Percentage of ethnic group in each household type","Asian - Other","2011","Married, no children","9.1","Row%","Census","England and Wales","","","","","","","","","",""
"Percentage of ethnic group in each household type","Asian","2011","Married, Dependent children","31.3","Row%","Census","England and Wales","","","","","","","","","",""
"Percentage of ethnic group in each household type","Asian - Indian","2011","Married, Dependent children","29.5","Row%","Census","England and Wales","","","","","","","","","",""
"Percentage of ethnic group in each household type","Asian - Pakistani","2011","Married, Dependent children","38.7","Row%","Census","England and Wales","","","","","","","","","",""
"Percentage of ethnic group in each household type","Asian - Bangladeshi","2011","Married, Dependent children","42.7","Row%","Census","England and Wales","","","","","","","","","",""
"Percentage of ethnic group in each household type","Asian - Chinese","2011","Married, Dependent children","17.4","Row%","Census","England and Wales","","","","","","","","","",""
"Percentage of ethnic group in each household type","Asian - Other","2011","Married, Dependent children","29.1","Row%","Census","England and Wales","","","","","","","","","",""
"Percentage of ethnic group in each household type","Asian","2011","Married, non-dependent children","6.9","Row%","Census","England and Wales","","","","","","","","","",""
"Percentage of ethnic group in each household type","Asian - Indian","2011","Married, non-dependent children","9.9","Row%","Census","England and Wales","","","","","","","","","",""
"Percentage of ethnic group in each household type","Asian - Pakistani","2011","Married, non-dependent children","5.4","Row%","Census","England and Wales","","","","","","","","","",""
"Percentage of ethnic group in each household type","Asian - Bangladeshi","2011","Married, non-dependent children","4","Row%","Census","England and Wales","","","","","","","","","",""
"Percentage of ethnic group in each household type","Asian - Chinese","2011","Married, non-dependent children","5.5","Row%","Census","England and Wales","","","","","","","","","",""
"Percentage of ethnic group in each household type","Asian - Other","2011","Married, non-dependent children","5.1","Row%","Census","England and Wales","","","","","","","","","",""
"Percentage of ethnic group in each household type","Asian","2011","Cohab, no children","1.8","Row%","Census","England and Wales","","","","","","","","","",""
"Percentage of ethnic group in each household type","Asian - Indian","2011","Cohab, no children","1.5","Row%","Census","England and Wales","","","","","","","","","",""
"Percentage of ethnic group in each household type","Asian - Pakistani","2011","Cohab, no children","0.8","Row%","Census","England and Wales","","","","","","","","","",""
"Percentage of ethnic group in each household type","Asian - Bangladeshi","2011","Cohab, no children","0.8","Row%","Census","England and Wales","","","","","","","","","",""
"Percentage of ethnic group in each household type","Asian - Chinese","2011","Cohab, no children","4.7","Row%","Census","England and Wales","","","","","","","","","",""
"Percentage of ethnic group in each household type","Asian - Other","2011","Cohab, no children","2.4","Row%","Census","England and Wales","","","","","","","","","",""
"Percentage of ethnic group in each household type","Asian","2011","Cohab, Dependent children","1.5","Row%","Census","England and Wales","","","","","","","","","",""
"Percentage of ethnic group in each household type","Asian - Indian","2011","Cohab, Dependent children","1","Row%","Census","England and Wales","","","","","","","","","",""
"Percentage of ethnic group in each household type","Asian - Pakistani","2011","Cohab, Dependent children","1.5","Row%","Census","England and Wales","","","","","","","","","",""
"Percentage of ethnic group in each household type","Asian - Bangladeshi","2011","Cohab, Dependent children","1.6","Row%","Census","England and Wales","","","","","","","","","",""
"Percentage of ethnic group in each household type","Asian - Chinese","2011","Cohab, Dependent children","2","Row%","Census","England and Wales","","","","","","","","","",""
"Percentage of ethnic group in each household type","Asian - Other","2011","Cohab, Dependent children","1.8","Row%","Census","England and Wales","","","","","","","","","",""
"Percentage of ethnic group in each household type","Asian","2011","Cohab, non-dependent children","0.2","Row%","Census","England and Wales","","","","","","","","","",""
"Percentage of ethnic group in each household type","Asian - Indian","2011","Cohab, non-dependent children","0.2","Row%","Census","England and Wales","","","","","","","","","",""
"Percentage of ethnic group in each household type","Asian - Pakistani","2011","Cohab, non-dependent children","0.1","Row%","Census","England and Wales","","","","","","","","","",""
"Percentage of ethnic group in each household type","Asian - Bangladeshi","2011","Cohab, non-dependent children","0.1","Row%","Census","England and Wales","","","","","","","","","",""
"Percentage of ethnic group in each household type","Asian - Chinese","2011","Cohab, non-dependent children","0.2","Row%","Census","England and Wales","","","","","","","","","",""
"Percentage of ethnic group in each household type","Asian - Other","2011","Cohab, non-dependent children","0.2","Row%","Census","England and Wales","","","","","","","","","",""
"Percentage of ethnic group in each household type","Asian","2011","Lone parent, Dependent children","5.7","Row%","Census","England and Wales","","","","","","","","","",""
"Percentage of ethnic group in each household type","Asian - Indian","2011","Lone parent, Dependent children","3.8","Row%","Census","England and Wales","","","","","","","","","",""
"Percentage of ethnic group in each household type","Asian - Pakistani","2011","Lone parent, Dependent children","8.3","Row%","Census","England and Wales","","","","","","","","","",""
"Percentage of ethnic group in each household type","Asian - Bangladeshi","2011","Lone parent, Dependent children","8.4","Row%","Census","England and Wales","","","","","","","","","",""
"Percentage of ethnic group in each household type","Asian - Chinese","2011","Lone parent, Dependent children","4.5","Row%","Census","England and Wales","","","","","","","","","",""
"Percentage of ethnic group in each household type","Asian - Other","2011","Lone parent, Dependent children","5.7","Row%","Census","England and Wales","","","","","","","","","",""
"Percentage of ethnic group in each household type","Asian","2011","Lone parent, non-dependent children","3.1","Row%","Census","England and Wales","","","","","","","","","",""
"Percentage of ethnic group in each household type","Asian - Indian","2011","Lone parent, non-dependent children","3.5","Row%","Census","England and Wales","","","","","","","","","",""
"Percentage of ethnic group in each household type","Asian - Pakistani","2011","Lone parent, non-dependent children","3.1","Row%","Census","England and Wales","","","","","","","","","",""
"Percentage of ethnic group in each household type","Asian - Bangladeshi","2011","Lone parent, non-dependent children","3.2","Row%","Census","England and Wales","","","","","","","","","",""
"Percentage of ethnic group in each household type","Asian - Chinese","2011","Lone parent, non-dependent children","2.7","Row%","Census","England and Wales","","","","","","","","","",""
"Percentage of ethnic group in each household type","Asian - Other","2011","Lone parent, non-dependent children","2.7","Row%","Census","England and Wales","","","","","","","","","",""
"Percentage of ethnic group in each household type","Asian","2011","Other, with dependent children","10.5","Row%","Census","England and Wales","","","","","","","","","",""
"Percentage of ethnic group in each household type","Asian - Indian","2011","Other, with dependent children","9.1","Row%","Census","England and Wales","","","","","","","","","",""
"Percentage of ethnic group in each household type","Asian - Pakistani","2011","Other, with dependent children","15.3","Row%","Census","England and Wales","","","","","","","","","",""
"Percentage of ethnic group in each household type","Asian - Bangladeshi","2011","Other, with dependent children","16.2","Row%","Census","England and Wales","","","","","","","","","",""
"Percentage of ethnic group in each household type","Asian - Chinese","2011","Other, with dependent children","4.2","Row%","Census","England and Wales","","","","","","","","","",""
"Percentage of ethnic group in each household type","Asian - Other","2011","Other, with dependent children","9.2","Row%","Census","England and Wales","","","","","","","","","",""
"Percentage of ethnic group in each household type","Asian","2011","All full-time students","2.2","Row%","Census","England and Wales","","","","","","","","","",""
"Percentage of ethnic group in each household type","Asian - Indian","2011","All full-time students","1.5","Row%","Census","England and Wales","","","","","","","","","",""
"Percentage of ethnic group in each household type","Asian - Pakistani","2011","All full-time students","1.1","Row%","Census","England and Wales","","","","","","","","","",""
"Percentage of ethnic group in each household type","Asian - Bangladeshi","2011","All full-time students","1.3","Row%","Census","England and Wales","","","","","","","","","",""
"Percentage of ethnic group in each household type","Asian - Chinese","2011","All full-time students","7.5","Row%","Census","England and Wales","","","","","","","","","",""
"Percentage of ethnic group in each household type","Asian - Other","2011","All full-time students","2.2","Row%","Census","England and Wales","","","","","","","","","",""
"Percentage of ethnic group in each household type","Asian","2011","Other, All pensioners","0.1","Row%","Census","England and Wales","","","","","","","","","",""
"Percentage of ethnic group in each household type","Asian - Indian","2011","Other, All pensioners","0.1","Row%","Census","England and Wales","","","","","","","","","",""
"Percentage of ethnic group in each household type","Asian - Pakistani","2011","Other, All pensioners","0","Row%","Census","England and Wales","","","","","","","","","",""
"Percentage of ethnic group in each household type","Asian - Bangladeshi","2011","Other, All pensioners","0","Row%","Census","England and Wales","","","","","","","","","",""
"Percentage of ethnic group in each household type","Asian - Chinese","2011","Other, All pensioners","0.1","Row%","Census","England and Wales","","","","","","","","","",""
"Percentage of ethnic group in each household type","Asian - Other","2011","Other, All pensioners","0.1","Row%","Census","England and Wales","","","","","","","","","",""
"Percentage of ethnic group in each household type","Asian","2011","Any other household type","8.8","Row%","Census","England and Wales","","","","","","","","","",""
"Percentage of ethnic group in each household type","Asian - Indian","2011","Any other household type","9.4","Row%","Census","England and Wales","","","","","","","","","",""
"Percentage of ethnic group in each household type","Asian - Pakistani","2011","Any other household type","7","Row%","Census","England and Wales","","","","","","","","","",""
"Percentage of ethnic group in each household type","Asian - Bangladeshi","2011","Any other household type","6.6","Row%","Census","England and Wales","","","","","","","","","",""
"Percentage of ethnic group in each household type","Asian - Chinese","2011","Any other household type","10.5","Row%","Census","England and Wales","","","","","","","","","",""
"Percentage of ethnic group in each household type","Asian - Other","2011","Any other household type","9.7","Row%","Census","England and Wales","","","","","","","","","",""
"Percentage of ethnic group in each household type","Black","2011","Single pensioner","5.5","Row%","Census","England and Wales","","","","","","","","","",""
"Percentage of ethnic group in each household type","Black - African","2011","Single pensioner","2","Row%","Census","England and Wales","","","","","","","","","",""
"Percentage of ethnic group in each household type","Black - Caribbean","2011","Single pensioner","10.4","Row%","Census","England and Wales","","","","","","","","","",""
"Percentage of ethnic group in each household type","Black - Other","2011","Single pensioner","3.5","Row%","Census","England and Wales","","","","","","","","","",""
"Percentage of ethnic group in each household type","Black","2011","Single non-pensioner","26.2","Row%","Census","England and Wales","","","","","","","","","",""
"Percentage of ethnic group in each household type","Black - African","2011","Single non-pensioner","23.4","Row%","Census","England and Wales","","","","","","","","","",""
"Percentage of ethnic group in each household type","Black - Caribbean","2011","Single non-pensioner","27.7","Row%","Census","England and Wales","","","","","","","","","",""
"Percentage of ethnic group in each household type","Black - Other","2011","Single non-pensioner","32.2","Row%","Census","England and Wales","","","","","","","","","",""
"Percentage of ethnic group in each household type","Black","2011","Pensioner couple","1.5","Row%","Census","England and Wales","","","","","","","","","",""
"Percentage of ethnic group in each household type","Black - African","2011","Pensioner couple","0.3","Row%","Census","England and Wales","","","","","","","","","",""
"Percentage of ethnic group in each household type","Black - Caribbean","2011","Pensioner couple","3.1","Row%","Census","England and Wales","","","","","","","","","",""
"Percentage of ethnic group in each household type","Black - Other","2011","Pensioner couple","0.8","Row%","Census","England and Wales","","","","","","","","","",""
"Percentage of ethnic group in each household type","Black","2011","Married, no children","4.1","Row%","Census","England and Wales","","","","","","","","","",""
"Percentage of ethnic group in each household type","Black - African","2011","Married, no children","4.1","Row%","Census","England and Wales","","","","","","","","","",""
"Percentage of ethnic group in each household type","Black - Caribbean","2011","Married, no children","4.2","Row%","Census","England and Wales","","","","","","","","","",""
"Percentage of ethnic group in each household type","Black - Other","2011","Married, no children","3.3","Row%","Census","England and Wales","","","","","","","","","",""
"Percentage of ethnic group in each household type","Black","2011","Married, Dependent children","15","Row%","Census","England and Wales","","","","","","","","","",""
"Percentage of ethnic group in each household type","Black - African","2011","Married, Dependent children","20.3","Row%","Census","England and Wales","","","","","","","","","",""
"Percentage of ethnic group in each household type","Black - Caribbean","2011","Married, Dependent children","9.6","Row%","Census","England and Wales","","","","","","","","","",""
"Percentage of ethnic group in each household type","Black - Other","2011","Married, Dependent children","12","Row%","Census","England and Wales","","","","","","","","","",""
"Percentage of ethnic group in each household type","Black","2011","Married, non-dependent children","2.5","Row%","Census","England and Wales","","","","","","","","","",""
"Percentage of ethnic group in each household type","Black - African","2011","Married, non-dependent children","1.8","Row%","Census","England and Wales","","","","","","","","","",""
"Percentage of ethnic group in each household type","Black - Caribbean","2011","Married, non-dependent children","3.7","Row%","Census","England and Wales","","","","","","","","","",""
"Percentage of ethnic group in each household type","Black - Other","2011","Married, non-dependent children","1.7","Row%","Census","England and Wales","","","","","","","","","",""
"Percentage of ethnic group in each household type","Black","2011","Cohab, no children","2.4","Row%","Census","England and Wales","","","","","","","","","",""
"Percentage of ethnic group in each household type","Black - African","2011","Cohab, no children","2.1","Row%","Census","England and Wales","","","","","","","","","",""
"Percentage of ethnic group in each household type","Black - Caribbean","2011","Cohab, no children","2.5","Row%","Census","England and Wales","","","","","","","","","",""
"Percentage of ethnic group in each household type","Black - Other","2011","Cohab, no children","2.9","Row%","Census","England and Wales","","","","","","","","","",""
"Percentage of ethnic group in each household type","Black","2011","Cohab, Dependent children","4","Row%","Census","England and Wales","","","","","","","","","",""
"Percentage of ethnic group in each household type","Black - African","2011","Cohab, Dependent children","4.1","Row%","Census","England and Wales","","","","","","","","","",""
"Percentage of ethnic group in each household type","Black - Caribbean","2011","Cohab, Dependent children","4","Row%","Census","England and Wales","","","","","","","","","",""
"Percentage of ethnic group in each household type","Black - Other","2011","Cohab, Dependent children","3.8","Row%","Census","England and Wales","","","","","","","","","",""
"Percentage of ethnic group in each household type","Black","2011","Cohab, non-dependent children","0.4","Row%","Census","England and Wales","","","","","","","","","",""
"Percentage of ethnic group in each household type","Black - African","2011","Cohab, non-dependent children","0.2","Row%","Census","England and Wales","","","","","","","","","",""
"Percentage of ethnic group in each household type","Black - Caribbean","2011","Cohab, non-dependent children","0.6","Row%","Census","England and Wales","","","","","","","","","",""
"Percentage of ethnic group in each household type","Black - Other","2011","Cohab, non-dependent children","0.4","Row%","Census","England and Wales","","","","","","","","","",""
"Percentage of ethnic group in each household type","Black","2011","Lone parent, Dependent children","18.9","Row%","Census","England and Wales","","","","","","","","","",""
"Percentage of ethnic group in each household type","Black - African","2011","Lone parent, Dependent children","20.2","Row%","Census","England and Wales","","","","","","","","","",""
"Percentage of ethnic group in each household type","Black - Caribbean","2011","Lone parent, Dependent children","16.6","Row%","Census","England and Wales","","","","","","","","","",""
"Percentage of ethnic group in each household type","Black - Other","2011","Lone parent, Dependent children","21.2","Row%","Census","England and Wales","","","","","","","","","",""
"Percentage of ethnic group in each household type","Black","2011","Lone parent, non-dependent children","5.4","Row%","Census","England and Wales","","","","","","","","","",""
"Percentage of ethnic group in each household type","Black - African","2011","Lone parent, non-dependent children","3.6","Row%","Census","England and Wales","","","","","","","","","",""
"Percentage of ethnic group in each household type","Black - Caribbean","2011","Lone parent, non-dependent children","7.7","Row%","Census","England and Wales","","","","","","","","","",""
"Percentage of ethnic group in each household type","Black - Other","2011","Lone parent, non-dependent children","4.8","Row%","Census","England and Wales","","","","","","","","","",""
"Percentage of ethnic group in each household type","Black","2011","Other, with dependent children","6.8","Row%","Census","England and Wales","","","","","","","","","",""
"Percentage of ethnic group in each household type","Black - African","2011","Other, with dependent children","8.6","Row%","Census","England and Wales","","","","","","","","","",""
"Percentage of ethnic group in each household type","Black - Caribbean","2011","Other, with dependent children","4.7","Row%","Census","England and Wales","","","","","","","","","",""
"Percentage of ethnic group in each household type","Black - Other","2011","Other, with dependent children","6.3","Row%","Census","England and Wales","","","","","","","","","",""
"Percentage of ethnic group in each household type","Black","2011","All full-time students","1","Row%","Census","England and Wales","","","","","","","","","",""
"Percentage of ethnic group in each household type","Black - African","2011","All full-time students","1.7","Row%","Census","England and Wales","","","","","","","","","",""
"Percentage of ethnic group in each household type","Black - Caribbean","2011","All full-time students","0.4","Row%","Census","England and Wales","","","","","","","","","",""
"Percentage of ethnic group in each household type","Black - Other","2011","All full-time students","0.5","Row%","Census","England and Wales","","","","","","","","","",""
"Percentage of ethnic group in each household type","Black","2011","Other, All pensioners","0.1","Row%","Census","England and Wales","","","","","","","","","",""
"Percentage of ethnic group in each household type","Black - African","2011","Other, All pensioners","0","Row%","Census","England and Wales","","","","","","","","","",""
"Percentage of ethnic group in each household type","Black - Caribbean","2011","Other, All pensioners","0.3","Row%","Census","England and Wales","","","","","","","","","",""
"Percentage of ethnic group in each household type","Black - Other","2011","Other, All pensioners","0.1","Row%","Census","England and Wales","","","","","","","","","",""
"Percentage of ethnic group in each household type","Black","2011","Any other household type","6.2","Row%","Census","England and Wales","","","","","","","","","",""
"Percentage of ethnic group in each household type","Black - African","2011","Any other household type","7.5","Row%","Census","England and Wales","","","","","","","","","",""
"Percentage of ethnic group in each household type","Black - Caribbean","2011","Any other household type","4.5","Row%","Census","England and Wales","","","","","","","","","",""
"Percentage of ethnic group in each household type","Black - Other","2011","Any other household type","6.5","Row%","Census","England and Wales","","","","","","","","","",""
"Percentage of ethnic group in each household type","Other","2011","Single pensioner","3","Row%","Census","England and Wales","","","","","","","","","",""
"Percentage of ethnic group in each household type","Other - Arab","2011","Single pensioner","2.2","Row%","Census","England and Wales","","","","","","","","","",""
"Percentage of ethnic group in each household type","Other - Any other ethnic group","2011","Single pensioner","3.5","Row%","Census","England and Wales","","","","","","","","","",""
"Percentage of ethnic group in each household type","Other","2011","Single non-pensioner","27.7","Row%","Census","England and Wales","","","","","","","","","",""
"Percentage of ethnic group in each household type","Other - Arab","2011","Single non-pensioner","29.1","Row%","Census","England and Wales","","","","","","","","","",""
"Percentage of ethnic group in each household type","Other - Any other ethnic group","2011","Single non-pensioner","26.8","Row%","Census","England and Wales","","","","","","","","","",""
"Percentage of ethnic group in each household type","Other","2011","Pensioner couple","1.4","Row%","Census","England and Wales","","","","","","","","","",""
"Percentage of ethnic group in each household type","Other - Arab","2011","Pensioner couple","1.1","Row%","Census","England and Wales","","","","","","","","","",""
"Percentage of ethnic group in each household type","Other - Any other ethnic group","2011","Pensioner couple","1.7","Row%","Census","England and Wales","","","","","","","","","",""
"Percentage of ethnic group in each household type","Other","2011","Married, no children","7.3","Row%","Census","England and Wales","","","","","","","","","",""
"Percentage of ethnic group in each household type","Other - Arab","2011","Married, no children","6.7","Row%","Census","England and Wales","","","","","","","","","",""
"Percentage of ethnic group in each household type","Other - Any other ethnic group","2011","Married, no children","7.7","Row%","Census","England and Wales","","","","","","","","","",""
"Percentage of ethnic group in each household type","Other","2011","Married, Dependent children","25.5","Row%","Census","England and Wales","","","","","","","","","",""
"Percentage of ethnic group in each household type","Other - Arab","2011","Married, Dependent children","29.9","Row%","Census","England and Wales","","","","","","","","","",""
"Percentage of ethnic group in each household type","Other - Any other ethnic group","2011","Married, Dependent children","22.7","Row%","Census","England and Wales","","","","","","","","","",""
"Percentage of ethnic group in each household type","Other","2011","Married, non-dependent children","4.2","Row%","Census","England and Wales","","","","","","","","","",""
"Percentage of ethnic group in each household type","Other - Arab","2011","Married, non-dependent children","3.1","Row%","Census","England and Wales","","","","","","","","","",""
"Percentage of ethnic group in each household type","Other - Any other ethnic group","2011","Married, non-dependent children","5","Row%","Census","England and Wales","","","","","","","","","",""
"Percentage of ethnic group in each household type","Other","2011","Cohab, no children","2.7","Row%","Census","England and Wales","","","","","","","","","",""
"Percentage of ethnic group in each household type","Other - Arab","2011","Cohab, no children","2","Row%","Census","England and Wales","","","","","","","","","",""
"Percentage of ethnic group in each household type","Other - Any other ethnic group","2011","Cohab, no children","3.1","Row%","Census","England and Wales","","","","","","","","","",""
"Percentage of ethnic group in each household type","Other","2011","Cohab, Dependent children","2.4","Row%","Census","England and Wales","","","","","","","","","",""
"Percentage of ethnic group in each household type","Other - Arab","2011","Cohab, Dependent children","1.9","Row%","Census","England and Wales","","","","","","","","","",""
"Percentage of ethnic group in each household type","Other - Any other ethnic group","2011","Cohab, Dependent children","2.7","Row%","Census","England and Wales","","","","","","","","","",""
"Percentage of ethnic group in each household type","Other","2011","Cohab, non-dependent children","0.2","Row%","Census","England and Wales","","","","","","","","","",""
"Percentage of ethnic group in each household type","Other - Arab","2011","Cohab, non-dependent children","0.1","Row%","Census","England and Wales","","","","","","","","","",""
"Percentage of ethnic group in each household type","Other - Any other ethnic group","2011","Cohab, non-dependent children","0.2","Row%","Census","England and Wales","","","","","","","","","",""
"Percentage of ethnic group in each household type","Other","2011","Lone parent, Dependent children","7.8","Row%","Census","England and Wales","","","","","","","","","",""
"Percentage of ethnic group in each household type","Other - Arab","2011","Lone parent, Dependent children","7.4","Row%","Census","England and Wales","","","","","","","","","",""
"Percentage of ethnic group in each household type","Other - Any other ethnic group","2011","Lone parent, Dependent children","8","Row%","Census","England and Wales","","","","","","","","","",""
"Percentage of ethnic group in each household type","Other","2011","Lone parent, non-dependent children","2.8","Row%","Census","England and Wales","","","","","","","","","",""
"Percentage of ethnic group in each household type","Other - Arab","2011","Lone parent, non-dependent children","2.3","Row%","Census","England and Wales","","","","","","","","","",""
"Percentage of ethnic group in each household type","Other - Any other ethnic group","2011","Lone parent, non-dependent children","3.1","Row%","Census","England and Wales","","","","","","","","","",""
"Percentage of ethnic group in each household type","Other","2011","Other, with dependent children","5.4","Row%","Census","England and Wales","","","","","","","","","",""
"Percentage of ethnic group in each household type","Other - Arab","2011","Other, with dependent children","4.6","Row%","Census","England and Wales","","","","","","","","","",""
"Percentage of ethnic group in each household type","Other - Any other ethnic group","2011","Other, with dependent children","5.9","Row%","Census","England and Wales","","","","","","","","","",""
"Percentage of ethnic group in each household type","Other","2011","All full-time students","2.3","Row%","Census","England and Wales","","","","","","","","","",""
"Percentage of ethnic group in each household type","Other - Arab","2011","All full-time students","4","Row%","Census","England and Wales","","","","","","","","","",""
"Percentage of ethnic group in each household type","Other - Any other ethnic group","2011","All full-time students","1.2","Row%","Census","England and Wales","","","","","","","","","",""
"Percentage of ethnic group in each household type","Other","2011","Other, All pensioners","0.1","Row%","Census","England and Wales","","","","","","","","","",""
"Percentage of ethnic group in each household type","Other - Arab","2011","Other, All pensioners","0.1","Row%","Census","England and Wales","","","","","","","","","",""
"Percentage of ethnic group in each household type","Other - Any other ethnic group","2011","Other, All pensioners","0.1","Row%","Census","England and Wales","","","","","","","","","",""
"Percentage of ethnic group in each household type","Other","2011","Any other household type","7.3","Row%","Census","England and Wales","","","","","","","","","",""
"Percentage of ethnic group in each household type","Other - Arab","2011","Any other household type","5.7","Row%","Census","England and Wales","","","","","","","","","",""
"Percentage of ethnic group in each household type","Other - Any other ethnic group","2011","Any other household type","8.4","Row%","Census","England and Wales","","","","","","","","","",""
"Percentage of each household type made up of the ethnic groups","White","2011","Single pensioner","96.7","col%","Census","England and Wales","","","","","","","","","",""
"Percentage of each household type made up of the ethnic groups","White - British","2011","Single pensioner","93","col%","Census","England and Wales","","","","","","","","","",""
"Percentage of each household type made up of the ethnic groups","White - Irish","2011","Single pensioner","2","col%","Census","England and Wales","","","","","","","","","",""
"Percentage of each household type made up of the ethnic groups","White - Gypsy or Irish Traveller","2011","Single pensioner","0","col%","Census","England and Wales","","","","","","","","","",""
"Percentage of each household type made up of the ethnic groups","White - Other","2011","Single pensioner","1.6","col%","Census","England and Wales","","","","","","","","","",""
"Percentage of each household type made up of the ethnic groups","White","2011","Single non-pensioner","87.6","col%","Census","England and Wales","","","","","","","","","",""
"Percentage of each household type made up of the ethnic groups","White - British","2011","Single non-pensioner","81.4","col%","Census","England and Wales","","","","","","","","","",""
"Percentage of each household type made up of the ethnic groups","White - Irish","2011","Single non-pensioner","1.5","col%","Census","England and Wales","","","","","","","","","",""
"Percentage of each household type made up of the ethnic groups","White - Gypsy or Irish Traveller","2011","Single non-pensioner","0.1","col%","Census","England and Wales","","","","","","","","","",""
"Percentage of each household type made up of the ethnic groups","White - Other","2011","Single non-pensioner","4.6","col%","Census","England and Wales","","","","","","","","","",""
"Percentage of each household type made up of the ethnic groups","White","2011","Pensioner couple","97.7","col%","Census","England and Wales","","","","","","","","","",""
"Percentage of each household type made up of the ethnic groups","White - British","2011","Pensioner couple","94.9","col%","Census","England and Wales","","","","","","","","","",""
"Percentage of each household type made up of the ethnic groups","White - Irish","2011","Pensioner couple","1.5","col%","Census","England and Wales","","","","","","","","","",""
"Percentage of each household type made up of the ethnic groups","White - Gypsy or Irish Traveller","2011","Pensioner couple","0","col%","Census","England and Wales","","","","","","","","","",""
"Percentage of each household type made up of the ethnic groups","White - Other","2011","Pensioner couple","1.3","col%","Census","England and Wales","","","","","","","","","",""
"Percentage of each household type made up of the ethnic groups","White","2011","Married, no children","94.1","col%","Census","England and Wales","","","","","","","","","",""
"Percentage of each household type made up of the ethnic groups","White - British","2011","Married, no children","89.5","col%","Census","England and Wales","","","","","","","","","",""
"Percentage of each household type made up of the ethnic groups","White - Irish","2011","Married, no children","1","col%","Census","England and Wales","","","","","","","","","",""
"Percentage of each household type made up of the ethnic groups","White - Gypsy or Irish Traveller","2011","Married, no children","0","col%","Census","England and Wales","","","","","","","","","",""
"Percentage of each household type made up of the ethnic groups","White - Other","2011","Married, no children","3.5","col%","Census","England and Wales","","","","","","","","","",""
"Percentage of each household type made up of the ethnic groups","White","2011","Married, Dependent children","83.6","col%","Census","England and Wales","","","","","","","","","",""
"Percentage of each household type made up of the ethnic groups","White - British","2011","Married, Dependent children","77.5","col%","Census","England and Wales","","","","","","","","","",""
"Percentage of each household type made up of the ethnic groups","White - Irish","2011","Married, Dependent children","0.9","col%","Census","England and Wales","","","","","","","","","",""
"Percentage of each household type made up of the ethnic groups","White - Gypsy or Irish Traveller","2011","Married, Dependent children","0.1","col%","Census","England and Wales","","","","","","","","","",""
"Percentage of each household type made up of the ethnic groups","White - Other","2011","Married, Dependent children","5.2","col%","Census","England and Wales","","","","","","","","","",""
"Percentage of each household type made up of the ethnic groups","White","2011","Married, non-dependent children","91","col%","Census","England and Wales","","","","","","","","","",""
"Percentage of each household type made up of the ethnic groups","White - British","2011","Married, non-dependent children","87.6","col%","Census","England and Wales","","","","","","","","","",""
"Percentage of each household type made up of the ethnic groups","White - Irish","2011","Married, non-dependent children","1.3","col%","Census","England and Wales","","","","","","","","","",""
"Percentage of each household type made up of the ethnic groups","White - Gypsy or Irish Traveller","2011","Married, non-dependent children","0.1","col%","Census","England and Wales","","","","","","","","","",""
"Percentage of each household type made up of the ethnic groups","White - Other","2011","Married, non-dependent children","2","col%","Census","England and Wales","","","","","","","","","",""
"Percentage of each household type made up of the ethnic groups","White","2011","Cohab, no children","94.9","col%","Census","England and Wales","","","","","","","","","",""
"Percentage of each household type made up of the ethnic groups","White - British","2011","Cohab, no children","87.3","col%","Census","England and Wales","","","","","","","","","",""
"Percentage of each household type made up of the ethnic groups","White - Irish","2011","Cohab, no children","1.2","col%","Census","England and Wales","","","","","","","","","",""
"Percentage of each household type made up of the ethnic groups","White - Gypsy or Irish Traveller","2011","Cohab, no children","0.1","col%","Census","England and Wales","","","","","","","","","",""
"Percentage of each household type made up of the ethnic groups","White - Other","2011","Cohab, no children","6.4","col%","Census","England and Wales","","","","","","","","","",""
"Percentage of each household type made up of the ethnic groups","White","2011","Cohab, Dependent children","92.9","col%","Census","England and Wales","","","","","","","","","",""
"Percentage of each household type made up of the ethnic groups","White - British","2011","Cohab, Dependent children","87.9","col%","Census","England and Wales","","","","","","","","","",""
"Percentage of each household type made up of the ethnic groups","White - Irish","2011","Cohab, Dependent children","0.7","col%","Census","England and Wales","","","","","","","","","",""
"Percentage of each household type made up of the ethnic groups","White - Gypsy or Irish Traveller","2011","Cohab, Dependent children","0.1","col%","Census","England and Wales","","","","","","","","","",""
"Percentage of each household type made up of the ethnic groups","White - Other","2011","Cohab, Dependent children","4.2","col%","Census","England and Wales","","","","","","","","","",""
"Percentage of each household type made up of the ethnic groups","White","2011","Cohab, non-dependent children","94.6","col%","Census","England and Wales","","","","","","","","","",""
"Percentage of each household type made up of the ethnic groups","White - British","2011","Cohab, non-dependent children","91.5","col%","Census","England and Wales","","","","","","","","","",""
"Percentage of each household type made up of the ethnic groups","White - Irish","2011","Cohab, non-dependent children","1.1","col%","Census","England and Wales","","","","","","","","","",""
"Percentage of each household type made up of the ethnic groups","White - Gypsy or Irish Traveller","2011","Cohab, non-dependent children","0.1","col%","Census","England and Wales","","","","","","","","","",""
"Percentage of each household type made up of the ethnic groups","White - Other","2011","Cohab, non-dependent children","1.9","col%","Census","England and Wales","","","","","","","","","",""
"Percentage of each household type made up of the ethnic groups","White","2011","Lone parent, Dependent children","83.7","col%","Census","England and Wales","","","","","","","","","",""
"Percentage of each household type made up of the ethnic groups","White - British","2011","Lone parent, Dependent children","79.2","col%","Census","England and Wales","","","","","","","","","",""
"Percentage of each household type made up of the ethnic groups","White - Irish","2011","Lone parent, Dependent children","0.7","col%","Census","England and Wales","","","","","","","","","",""
"Percentage of each household type made up of the ethnic groups","White - Gypsy or Irish Traveller","2011","Lone parent, Dependent children","0.2","col%","Census","England and Wales","","","","","","","","","",""
"Percentage of each household type made up of the ethnic groups","White - Other","2011","Lone parent, Dependent children","3.5","col%","Census","England and Wales","","","","","","","","","",""
"Percentage of each household type made up of the ethnic groups","White","2011","Lone parent, non-dependent children","88.7","col%","Census","England and Wales","","","","","","","","","",""
"Percentage of each household type made up of the ethnic groups","White - British","2011","Lone parent, non-dependent children","84.1","col%","Census","England and Wales","","","","","","","","","",""
"Percentage of each household type made up of the ethnic groups","White - Irish","2011","Lone parent, non-dependent children","1.9","col%","Census","England and Wales","","","","","","","","","",""
"Percentage of each household type made up of the ethnic groups","White - Gypsy or Irish Traveller","2011","Lone parent, non-dependent children","0.1","col%","Census","England and Wales","","","","","","","","","",""
"Percentage of each household type made up of the ethnic groups","White - Other","2011","Lone parent, non-dependent children","2.5","col%","Census","England and Wales","","","","","","","","","",""
"Percentage of each household type made up of the ethnic groups","White","2011","Other, with dependent children","67","col%","Census","England and Wales","","","","","","","","","",""
"Percentage of each household type made up of the ethnic groups","White - British","2011","Other, with dependent children","57.9","col%","Census","England and Wales","","","","","","","","","",""
"Percentage of each household type made up of the ethnic groups","White - Irish","2011","Other, with dependent children","0.7","col%","Census","England and Wales","","","","","","","","","",""
"Percentage of each household type made up of the ethnic groups","White - Gypsy or Irish Traveller","2011","Other, with dependent children","0.2","col%","Census","England and Wales","","","","","","","","","",""
"Percentage of each household type made up of the ethnic groups","White - Other","2011","Other, with dependent children","8.3","col%","Census","England and Wales","","","","","","","","","",""
"Percentage of each household type made up of the ethnic groups","White","2011","All full-time students","67.2","col%","Census","England and Wales","","","","","","","","","",""
"Percentage of each household type made up of the ethnic groups","White - British","2011","All full-time students","57.4","col%","Census","England and Wales","","","","","","","","","",""
"Percentage of each household type made up of the ethnic groups","White - Irish","2011","All full-time students","1.2","col%","Census","England and Wales","","","","","","","","","",""
"Percentage of each household type made up of the ethnic groups","White - Gypsy or Irish Traveller","2011","All full-time students","0.1","col%","Census","England and Wales","","","","","","","","","",""
"Percentage of each household type made up of the ethnic groups","White - Other","2011","All full-time students","8.5","col%","Census","England and Wales","","","","","","","","","",""
"Percentage of each household type made up of the ethnic groups","White","2011","Other, All pensioners","95.8","col%","Census","England and Wales","","","","","","","","","",""
"Percentage of each household type made up of the ethnic groups","White - British","2011","Other, All pensioners","91.5","col%","Census","England and Wales","","","","","","","","","",""
"Percentage of each household type made up of the ethnic groups","White - Irish","2011","Other, All pensioners","2.3","col%","Census","England and Wales","","","","","","","","","",""
"Percentage of each household type made up of the ethnic groups","White - Gypsy or Irish Traveller","2011","Other, All pensioners","0.1","col%","Census","England and Wales","","","","","","","","","",""
"Percentage of each household type made up of the ethnic groups","White - Other","2011","Other, All pensioners","1.9","col%","Census","England and Wales","","","","","","","","","",""
"Percentage of each household type made up of the ethnic groups","White","2011","Any other household type","81.7","col%","Census","England and Wales","","","","","","","","","",""
"Percentage of each household type made up of the ethnic groups","White - British","2011","Any other household type","67.4","col%","Census","England and Wales","","","","","","","","","",""
"Percentage of each household type made up of the ethnic groups","White - Irish","2011","Any other household type","1.6","col%","Census","England and Wales","","","","","","","","","",""
"Percentage of each household type made up of the ethnic groups","White - Gypsy or Irish Traveller","2011","Any other household type","0.1","col%","Census","England and Wales","","","","","","","","","",""
"Percentage of each household type made up of the ethnic groups","White - Other","2011","Any other household type","12.6","col%","Census","England and Wales","","","","","","","","","",""
"Percentage of each household type made up of the ethnic groups","Mixed","2011","Single pensioner","0.4","col%","Census","England and Wales","","","","","","","","","",""
"Percentage of each household type made up of the ethnic groups","Mixed - White and Black Caribbean","2011","Single pensioner","0.2","col%","Census","England and Wales","","","","","","","","","",""
"Percentage of each household type made up of the ethnic groups","Mixed - White and Black African","2011","Single pensioner","0","col%","Census","England and Wales","","","","","","","","","",""
"Percentage of each household type made up of the ethnic groups","Mixed - White and Asian","2011","Single pensioner","0.1","col%","Census","England and Wales","","","","","","","","","",""
"Percentage of each household type made up of the ethnic groups","Mixed - Other","2011","Single pensioner","0.1","col%","Census","England and Wales","","","","","","","","","",""
"Percentage of each household type made up of the ethnic groups","Mixed","2011","Single non-pensioner","2.2","col%","Census","England and Wales","","","","","","","","","",""
"Percentage of each household type made up of the ethnic groups","Mixed - White and Black Caribbean","2011","Single non-pensioner","0.9","col%","Census","England and Wales","","","","","","","","","",""
"Percentage of each household type made up of the ethnic groups","Mixed - White and Black African","2011","Single non-pensioner","0.3","col%","Census","England and Wales","","","","","","","","","",""
"Percentage of each household type made up of the ethnic groups","Mixed - White and Asian","2011","Single non-pensioner","0.5","col%","Census","England and Wales","","","","","","","","","",""
"Percentage of each household type made up of the ethnic groups","Mixed - Other","2011","Single non-pensioner","0.5","col%","Census","England and Wales","","","","","","","","","",""
"Percentage of each household type made up of the ethnic groups","Mixed","2011","Pensioner couple","0.3","col%","Census","England and Wales","","","","","","","","","",""
"Percentage of each household type made up of the ethnic groups","Mixed - White and Black Caribbean","2011","Pensioner couple","0.1","col%","Census","England and Wales","","","","","","","","","",""
"Percentage of each household type made up of the ethnic groups","Mixed - White and Black African","2011","Pensioner couple","0","col%","Census","England and Wales","","","","","","","","","",""
"Percentage of each household type made up of the ethnic groups","Mixed - White and Asian","2011","Pensioner couple","0.1","col%","Census","England and Wales","","","","","","","","","",""
"Percentage of each household type made up of the ethnic groups","Mixed - Other","2011","Pensioner couple","0.1","col%","Census","England and Wales","","","","","","","","","",""
"Percentage of each household type made up of the ethnic groups","Mixed","2011","Married, no children","0.6","col%","Census","England and Wales","","","","","","","","","",""
"Percentage of each household type made up of the ethnic groups","Mixed - White and Black Caribbean","2011","Married, no children","0.1","col%","Census","England and Wales","","","","","","","","","",""
"Percentage of each household type made up of the ethnic groups","Mixed - White and Black African","2011","Married, no children","0.1","col%","Census","England and Wales","","","","","","","","","",""
"Percentage of each household type made up of the ethnic groups","Mixed - White and Asian","2011","Married, no children","0.2","col%","Census","England and Wales","","","","","","","","","",""
"Percentage of each household type made up of the ethnic groups","Mixed - Other","2011","Married, no children","0.2","col%","Census","England and Wales","","","","","","","","","",""
"Percentage of each household type made up of the ethnic groups","Mixed","2011","Married, Dependent children","1","col%","Census","England and Wales","","","","","","","","","",""
"Percentage of each household type made up of the ethnic groups","Mixed - White and Black Caribbean","2011","Married, Dependent children","0.2","col%","Census","England and Wales","","","","","","","","","",""
"Percentage of each household type made up of the ethnic groups","Mixed - White and Black African","2011","Married, Dependent children","0.2","col%","Census","England and Wales","","","","","","","","","",""
"Percentage of each household type made up of the ethnic groups","Mixed - White and Asian","2011","Married, Dependent children","0.3","col%","Census","England and Wales","","","","","","","","","",""
"Percentage of each household type made up of the ethnic groups","Mixed - Other","2011","Married, Dependent children","0.3","col%","Census","England and Wales","","","","","","","","","",""
"Percentage of each household type made up of the ethnic groups","Mixed","2011","Married, non-dependent children","0.5","col%","Census","England and Wales","","","","","","","","","",""
"Percentage of each household type made up of the ethnic groups","Mixed - White and Black Caribbean","2011","Married, non-dependent children","0.2","col%","Census","England and Wales","","","","","","","","","",""
"Percentage of each household type made up of the ethnic groups","Mixed - White and Black African","2011","Married, non-dependent children","0.1","col%","Census","England and Wales","","","","","","","","","",""
"Percentage of each household type made up of the ethnic groups","Mixed - White and Asian","2011","Married, non-dependent children","0.1","col%","Census","England and Wales","","","","","","","","","",""
"Percentage of each household type made up of the ethnic groups","Mixed - Other","2011","Married, non-dependent children","0.1","col%","Census","England and Wales","","","","","","","","","",""
"Percentage of each household type made up of the ethnic groups","Mixed","2011","Cohab, no children","1.4","col%","Census","England and Wales","","","","","","","","","",""
"Percentage of each household type made up of the ethnic groups","Mixed - White and Black Caribbean","2011","Cohab, no children","0.4","col%","Census","England and Wales","","","","","","","","","",""
"Percentage of each household type made up of the ethnic groups","Mixed - White and Black African","2011","Cohab, no children","0.2","col%","Census","England and Wales","","","","","","","","","",""
"Percentage of each household type made up of the ethnic groups","Mixed - White and Asian","2011","Cohab, no children","0.4","col%","Census","England and Wales","","","","","","","","","",""
"Percentage of each household type made up of the ethnic groups","Mixed - Other","2011","Cohab, no children","0.4","col%","Census","England and Wales","","","","","","","","","",""
"Percentage of each household type made up of the ethnic groups","Mixed","2011","Cohab, Dependent children","1.6","col%","Census","England and Wales","","","","","","","","","",""
"Percentage of each household type made up of the ethnic groups","Mixed - White and Black Caribbean","2011","Cohab, Dependent children","0.7","col%","Census","England and Wales","","","","","","","","","",""
"Percentage of each household type made up of the ethnic groups","Mixed - White and Black African","2011","Cohab, Dependent children","0.2","col%","Census","England and Wales","","","","","","","","","",""
"Percentage of each household type made up of the ethnic groups","Mixed - White and Asian","2011","Cohab, Dependent children","0.3","col%","Census","England and Wales","","","","","","","","","",""
"Percentage of each household type made up of the ethnic groups","Mixed - Other","2011","Cohab, Dependent children","0.3","col%","Census","England and Wales","","","","","","","","","",""
"Percentage of each household type made up of the ethnic groups","Mixed","2011","Cohab, non-dependent children","1","col%","Census","England and Wales","","","","","","","","","",""
"Percentage of each household type made up of the ethnic groups","Mixed - White and Black Caribbean","2011","Cohab, non-dependent children","0.4","col%","Census","England and Wales","","","","","","","","","",""
"Percentage of each household type made up of the ethnic groups","Mixed - White and Black African","2011","Cohab, non-dependent children","0.1","col%","Census","England and Wales","","","","","","","","","",""
"Percentage of each household type made up of the ethnic groups","Mixed - White and Asian","2011","Cohab, non-dependent children","0.2","col%","Census","England and Wales","","","","","","","","","",""
"Percentage of each household type made up of the ethnic groups","Mixed - Other","2011","Cohab, non-dependent children","0.2","col%","Census","England and Wales","","","","","","","","","",""
"Percentage of each household type made up of the ethnic groups","Mixed","2011","Lone parent, Dependent children","2.9","col%","Census","England and Wales","","","","","","","","","",""
"Percentage of each household type made up of the ethnic groups","Mixed - White and Black Caribbean","2011","Lone parent, Dependent children","1.5","col%","Census","England and Wales","","","","","","","","","",""
"Percentage of each household type made up of the ethnic groups","Mixed - White and Black African","2011","Lone parent, Dependent children","0.4","col%","Census","England and Wales","","","","","","","","","",""
"Percentage of each household type made up of the ethnic groups","Mixed - White and Asian","2011","Lone parent, Dependent children","0.4","col%","Census","England and Wales","","","","","","","","","",""
"Percentage of each household type made up of the ethnic groups","Mixed - Other","2011","Lone parent, Dependent children","0.6","col%","Census","England and Wales","","","","","","","","","",""
"Percentage of each household type made up of the ethnic groups","Mixed","2011","Lone parent, non-dependent children","1.1","col%","Census","England and Wales","","","","","","","","","",""
"Percentage of each household type made up of the ethnic groups","Mixed - White and Black Caribbean","2011","Lone parent, non-dependent children","0.4","col%","Census","England and Wales","","","","","","","","","",""
"Percentage of each household type made up of the ethnic groups","Mixed - White and Black African","2011","Lone parent, non-dependent children","0.2","col%","Census","England and Wales","","","","","","","","","",""
"Percentage of each household type made up of the ethnic groups","Mixed - White and Asian","2011","Lone parent, non-dependent children","0.2","col%","Census","England and Wales","","","","","","","","","",""
"Percentage of each household type made up of the ethnic groups","Mixed - Other","2011","Lone parent, non-dependent children","0.3","col%","Census","England and Wales","","","","","","","","","",""
"Percentage of each household type made up of the ethnic groups","Mixed","2011","Other, with dependent children","1.9","col%","Census","England and Wales","","","","","","","","","",""
"Percentage of each household type made up of the ethnic groups","Mixed - White and Black Caribbean","2011","Other, with dependent children","0.7","col%","Census","England and Wales","","","","","","","","","",""
"Percentage of each household type made up of the ethnic groups","Mixed - White and Black African","2011","Other, with dependent children","0.4","col%","Census","England and Wales","","","","","","","","","",""
"Percentage of each household type made up of the ethnic groups","Mixed - White and Asian","2011","Other, with dependent children","0.4","col%","Census","England and Wales","","","","","","","","","",""
"Percentage of each household type made up of the ethnic groups","Mixed - Other","2011","Other, with dependent children","0.5","col%","Census","England and Wales","","","","","","","","","",""
"Percentage of each household type made up of the ethnic groups","Mixed","2011","All full-time students","3.3","col%","Census","England and Wales","","","","","","","","","",""
"Percentage of each household type made up of the ethnic groups","Mixed - White and Black Caribbean","2011","All full-time students","0.7","col%","Census","England and Wales","","","","","","","","","",""
"Percentage of each household type made up of the ethnic groups","Mixed - White and Black African","2011","All full-time students","0.5","col%","Census","England and Wales","","","","","","","","","",""
"Percentage of each household type made up of the ethnic groups","Mixed - White and Asian","2011","All full-time students","1.2","col%","Census","England and Wales","","","","","","","","","",""
"Percentage of each household type made up of the ethnic groups","Mixed - Other","2011","All full-time students","0.9","col%","Census","England and Wales","","","","","","","","","",""
"Percentage of each household type made up of the ethnic groups","Mixed","2011","Other, All pensioners","0.7","col%","Census","England and Wales","","","","","","","","","",""
"Percentage of each household type made up of the ethnic groups","Mixed - White and Black Caribbean","2011","Other, All pensioners","0.3","col%","Census","England and Wales","","","","","","","","","",""
"Percentage of each household type made up of the ethnic groups","Mixed - White and Black African","2011","Other, All pensioners","0.1","col%","Census","England and Wales","","","","","","","","","",""
"Percentage of each household type made up of the ethnic groups","Mixed - White and Asian","2011","Other, All pensioners","0.2","col%","Census","England and Wales","","","","","","","","","",""
"Percentage of each household type made up of the ethnic groups","Mixed - Other","2011","Other, All pensioners","0.2","col%","Census","England and Wales","","","","","","","","","",""
"Percentage of each household type made up of the ethnic groups","Mixed","2011","Any other household type","2.1","col%","Census","England and Wales","","","","","","","","","",""
"Percentage of each household type made up of the ethnic groups","Mixed - White and Black Caribbean","2011","Any other household type","0.5","col%","Census","England and Wales","","","","","","","","","",""
"Percentage of each household type made up of the ethnic groups","Mixed - White and Black African","2011","Any other household type","0.3","col%","Census","England and Wales","","","","","","","","","",""
"Percentage of each household type made up of the ethnic groups","Mixed - White and Asian","2011","Any other household type","0.6","col%","Census","England and Wales","","","","","","","","","",""
"Percentage of each household type made up of the ethnic groups","Mixed - Other","2011","Any other household type","0.7","col%","Census","England and Wales","","","","","","","","","",""
"Percentage of each household type made up of the ethnic groups","Asian","2011","Single pensioner","1.2","col%","Census","England and Wales","","","","","","","","","",""
"Percentage of each household type made up of the ethnic groups","Asian - Indian","2011","Single pensioner","0.6","col%","Census","England and Wales","","","","","","","","","",""
"Percentage of each household type made up of the ethnic groups","Asian - Pakistani","2011","Single pensioner","0.2","col%","Census","England and Wales","","","","","","","","","",""
"Percentage of each household type made up of the ethnic groups","Asian - Bangladeshi","2011","Single pensioner","0","col%","Census","England and Wales","","","","","","","","","",""
"Percentage of each household type made up of the ethnic groups","Asian - Chinese","2011","Single pensioner","0.2","col%","Census","England and Wales","","","","","","","","","",""
"Percentage of each household type made up of the ethnic groups","Asian - Other","2011","Single pensioner","0.3","col%","Census","England and Wales","","","","","","","","","",""
"Percentage of each household type made up of the ethnic groups","Asian","2011","Single non-pensioner","4.2","col%","Census","England and Wales","","","","","","","","","",""
"Percentage of each household type made up of the ethnic groups","Asian - Indian","2011","Single non-pensioner","1.3","col%","Census","England and Wales","","","","","","","","","",""
"Percentage of each household type made up of the ethnic groups","Asian - Pakistani","2011","Single non-pensioner","0.6","col%","Census","England and Wales","","","","","","","","","",""
"Percentage of each household type made up of the ethnic groups","Asian - Bangladeshi","2011","Single non-pensioner","0.2","col%","Census","England and Wales","","","","","","","","","",""
"Percentage of each household type made up of the ethnic groups","Asian - Chinese","2011","Single non-pensioner","0.8","col%","Census","England and Wales","","","","","","","","","",""
"Percentage of each household type made up of the ethnic groups","Asian - Other","2011","Single non-pensioner","1.1","col%","Census","England and Wales","","","","","","","","","",""
"Percentage of each household type made up of the ethnic groups","Asian","2011","Pensioner couple","1.3","col%","Census","England and Wales","","","","","","","","","",""
"Percentage of each household type made up of the ethnic groups","Asian - Indian","2011","Pensioner couple","0.8","col%","Census","England and Wales","","","","","","","","","",""
"Percentage of each household type made up of the ethnic groups","Asian - Pakistani","2011","Pensioner couple","0.2","col%","Census","England and Wales","","","","","","","","","",""
"Percentage of each household type made up of the ethnic groups","Asian - Bangladeshi","2011","Pensioner couple","0","col%","Census","England and Wales","","","","","","","","","",""
"Percentage of each household type made up of the ethnic groups","Asian - Chinese","2011","Pensioner couple","0.1","col%","Census","England and Wales","","","","","","","","","",""
"Percentage of each household type made up of the ethnic groups","Asian - Other","2011","Pensioner couple","0.2","col%","Census","England and Wales","","","","","","","","","",""
"Percentage of each household type made up of the ethnic groups","Asian","2011","Married, no children","3.8","col%","Census","England and Wales","","","","","","","","","",""
"Percentage of each household type made up of the ethnic groups","Asian - Indian","2011","Married, no children","1.8","col%","Census","England and Wales","","","","","","","","","",""
"Percentage of each household type made up of the ethnic groups","Asian - Pakistani","2011","Married, no children","0.6","col%","Census","England and Wales","","","","","","","","","",""
"Percentage of each household type made up of the ethnic groups","Asian - Bangladeshi","2011","Married, no children","0.1","col%","Census","England and Wales","","","","","","","","","",""
"Percentage of each household type made up of the ethnic groups","Asian - Chinese","2011","Married, no children","0.5","col%","Census","England and Wales","","","","","","","","","",""
"Percentage of each household type made up of the ethnic groups","Asian - Other","2011","Married, no children","0.8","col%","Census","England and Wales","","","","","","","","","",""
"Percentage of each household type made up of the ethnic groups","Asian","2011","Married, Dependent children","10.8","col%","Census","England and Wales","","","","","","","","","",""
"Percentage of each household type made up of the ethnic groups","Asian - Indian","2011","Married, Dependent children","3.7","col%","Census","England and Wales","","","","","","","","","",""
"Percentage of each household type made up of the ethnic groups","Asian - Pakistani","2011","Married, Dependent children","3","col%","Census","England and Wales","","","","","","","","","",""
"Percentage of each household type made up of the ethnic groups","Asian - Bangladeshi","2011","Married, Dependent children","1.3","col%","Census","England and Wales","","","","","","","","","",""
"Percentage of each household type made up of the ethnic groups","Asian - Chinese","2011","Married, Dependent children","0.7","col%","Census","England and Wales","","","","","","","","","",""
"Percentage of each household type made up of the ethnic groups","Asian - Other","2011","Married, Dependent children","2.1","col%","Census","England and Wales","","","","","","","","","",""
"Percentage of each household type made up of the ethnic groups","Asian","2011","Married, non-dependent children","6.4","col%","Census","England and Wales","","","","","","","","","",""
"Percentage of each household type made up of the ethnic groups","Asian - Indian","2011","Married, non-dependent children","3.4","col%","Census","England and Wales","","","","","","","","","",""
"Percentage of each household type made up of the ethnic groups","Asian - Pakistani","2011","Married, non-dependent children","1.1","col%","Census","England and Wales","","","","","","","","","",""
"Percentage of each household type made up of the ethnic groups","Asian - Bangladeshi","2011","Married, non-dependent children","0.3","col%","Census","England and Wales","","","","","","","","","",""
"Percentage of each household type made up of the ethnic groups","Asian - Chinese","2011","Married, non-dependent children","0.6","col%","Census","England and Wales","","","","","","","","","",""
"Percentage of each household type made up of the ethnic groups","Asian - Other","2011","Married, non-dependent children","1","col%","Census","England and Wales","","","","","","","","","",""
"Percentage of each household type made up of the ethnic groups","Asian","2011","Cohab, no children","1.8","col%","Census","England and Wales","","","","","","","","","",""
"Percentage of each household type made up of the ethnic groups","Asian - Indian","2011","Cohab, no children","0.5","col%","Census","England and Wales","","","","","","","","","",""
"Percentage of each household type made up of the ethnic groups","Asian - Pakistani","2011","Cohab, no children","0.2","col%","Census","England and Wales","","","","","","","","","",""
"Percentage of each household type made up of the ethnic groups","Asian - Bangladeshi","2011","Cohab, no children","0.1","col%","Census","England and Wales","","","","","","","","","",""
"Percentage of each household type made up of the ethnic groups","Asian - Chinese","2011","Cohab, no children","0.5","col%","Census","England and Wales","","","","","","","","","",""
"Percentage of each household type made up of the ethnic groups","Asian - Other","2011","Cohab, no children","0.5","col%","Census","England and Wales","","","","","","","","","",""
"Percentage of each household type made up of the ethnic groups","Asian","2011","Cohab, Dependent children","1.9","col%","Census","England and Wales","","","","","","","","","",""
"Percentage of each household type made up of the ethnic groups","Asian - Indian","2011","Cohab, Dependent children","0.5","col%","Census","England and Wales","","","","","","","","","",""
"Percentage of each household type made up of the ethnic groups","Asian - Pakistani","2011","Cohab, Dependent children","0.4","col%","Census","England and Wales","","","","","","","","","",""
"Percentage of each household type made up of the ethnic groups","Asian - Bangladeshi","2011","Cohab, Dependent children","0.2","col%","Census","England and Wales","","","","","","","","","",""
"Percentage of each household type made up of the ethnic groups","Asian - Chinese","2011","Cohab, Dependent children","0.3","col%","Census","England and Wales","","","","","","","","","",""
"Percentage of each household type made up of the ethnic groups","Asian - Other","2011","Cohab, Dependent children","0.5","col%","Census","England and Wales","","","","","","","","","",""
"Percentage of each household type made up of the ethnic groups","Asian","2011","Cohab, non-dependent children","1.7","col%","Census","England and Wales","","","","","","","","","",""
"Percentage of each household type made up of the ethnic groups","Asian - Indian","2011","Cohab, non-dependent children","0.7","col%","Census","England and Wales","","","","","","","","","",""
"Percentage of each household type made up of the ethnic groups","Asian - Pakistani","2011","Cohab, non-dependent children","0.3","col%","Census","England and Wales","","","","","","","","","",""
"Percentage of each household type made up of the ethnic groups","Asian - Bangladeshi","2011","Cohab, non-dependent children","0.1","col%","Census","England and Wales","","","","","","","","","",""
"Percentage of each household type made up of the ethnic groups","Asian - Chinese","2011","Cohab, non-dependent children","0.2","col%","Census","England and Wales","","","","","","","","","",""
"Percentage of each household type made up of the ethnic groups","Asian - Other","2011","Cohab, non-dependent children","0.4","col%","Census","England and Wales","","","","","","","","","",""
"Percentage of each household type made up of the ethnic groups","Asian","2011","Lone parent, Dependent children","4.2","col%","Census","England and Wales","","","","","","","","","",""
"Percentage of each household type made up of the ethnic groups","Asian - Indian","2011","Lone parent, Dependent children","1","col%","Census","England and Wales","","","","","","","","","",""
"Percentage of each household type made up of the ethnic groups","Asian - Pakistani","2011","Lone parent, Dependent children","1.4","col%","Census","England and Wales","","","","","","","","","",""
"Percentage of each household type made up of the ethnic groups","Asian - Bangladeshi","2011","Lone parent, Dependent children","0.5","col%","Census","England and Wales","","","","","","","","","",""
"Percentage of each household type made up of the ethnic groups","Asian - Chinese","2011","Lone parent, Dependent children","0.4","col%","Census","England and Wales","","","","","","","","","",""
"Percentage of each household type made up of the ethnic groups","Asian - Other","2011","Lone parent, Dependent children","0.9","col%","Census","England and Wales","","","","","","","","","",""
"Percentage of each household type made up of the ethnic groups","Asian","2011","Lone parent, non-dependent children","4.7","col%","Census","England and Wales","","","","","","","","","",""
"Percentage of each household type made up of the ethnic groups","Asian - Indian","2011","Lone parent, non-dependent children","2","col%","Census","England and Wales","","","","","","","","","",""
"Percentage of each household type made up of the ethnic groups","Asian - Pakistani","2011","Lone parent, non-dependent children","1","col%","Census","England and Wales","","","","","","","","","",""
"Percentage of each household type made up of the ethnic groups","Asian - Bangladeshi","2011","Lone parent, non-dependent children","0.4","col%","Census","England and Wales","","","","","","","","","",""
"Percentage of each household type made up of the ethnic groups","Asian - Chinese","2011","Lone parent, non-dependent children","0.5","col%","Census","England and Wales","","","","","","","","","",""
"Percentage of each household type made up of the ethnic groups","Asian - Other","2011","Lone parent, non-dependent children","0.9","col%","Census","England and Wales","","","","","","","","","",""
"Percentage of each household type made up of the ethnic groups","Asian","2011","Other, with dependent children","21.2","col%","Census","England and Wales","","","","","","","","","",""
"Percentage of each household type made up of the ethnic groups","Asian - Indian","2011","Other, with dependent children","6.7","col%","Census","England and Wales","","","","","","","","","",""
"Percentage of each household type made up of the ethnic groups","Asian - Pakistani","2011","Other, with dependent children","6.9","col%","Census","England and Wales","","","","","","","","","",""
"Percentage of each household type made up of the ethnic groups","Asian - Bangladeshi","2011","Other, with dependent children","2.8","col%","Census","England and Wales","","","","","","","","","",""
"Percentage of each household type made up of the ethnic groups","Asian - Chinese","2011","Other, with dependent children","0.9","col%","Census","England and Wales","","","","","","","","","",""
"Percentage of each household type made up of the ethnic groups","Asian - Other","2011","Other, with dependent children","3.9","col%","Census","England and Wales","","","","","","","","","",""
"Percentage of each household type made up of the ethnic groups","Asian","2011","All full-time students","20.6","col%","Census","England and Wales","","","","","","","","","",""
"Percentage of each household type made up of the ethnic groups","Asian - Indian","2011","All full-time students","5.2","col%","Census","England and Wales","","","","","","","","","",""
"Percentage of each household type made up of the ethnic groups","Asian - Pakistani","2011","All full-time students","2.2","col%","Census","England and Wales","","","","","","","","","",""
"Percentage of each household type made up of the ethnic groups","Asian - Bangladeshi","2011","All full-time students","1.1","col%","Census","England and Wales","","","","","","","","","",""
"Percentage of each household type made up of the ethnic groups","Asian - Chinese","2011","All full-time students","7.7","col%","Census","England and Wales","","","","","","","","","",""
"Percentage of each household type made up of the ethnic groups","Asian - Other","2011","All full-time students","4.4","col%","Census","England and Wales","","","","","","","","","",""
"Percentage of each household type made up of the ethnic groups","Asian","2011","Other, All pensioners","1.7","col%","Census","England and Wales","","","","","","","","","",""
"Percentage of each household type made up of the ethnic groups","Asian - Indian","2011","Other, All pensioners","0.9","col%","Census","England and Wales","","","","","","","","","",""
"Percentage of each household type made up of the ethnic groups","Asian - Pakistani","2011","Other, All pensioners","0.2","col%","Census","England and Wales","","","","","","","","","",""
"Percentage of each household type made up of the ethnic groups","Asian - Bangladeshi","2011","Other, All pensioners","0","col%","Census","England and Wales","","","","","","","","","",""
"Percentage of each household type made up of the ethnic groups","Asian - Chinese","2011","Other, All pensioners","0.2","col%","Census","England and Wales","","","","","","","","","",""
"Percentage of each household type made up of the ethnic groups","Asian - Other","2011","Other, All pensioners","0.4","col%","Census","England and Wales","","","","","","","","","",""
"Percentage of each household type made up of the ethnic groups","Asian","2011","Any other household type","10.4","col%","Census","England and Wales","","","","","","","","","",""
"Percentage of each household type made up of the ethnic groups","Asian - Indian","2011","Any other household type","4.1","col%","Census","England and Wales","","","","","","","","","",""
"Percentage of each household type made up of the ethnic groups","Asian - Pakistani","2011","Any other household type","1.9","col%","Census","England and Wales","","","","","","","","","",""
"Percentage of each household type made up of the ethnic groups","Asian - Bangladeshi","2011","Any other household type","0.7","col%","Census","England and Wales","","","","","","","","","",""
"Percentage of each household type made up of the ethnic groups","Asian - Chinese","2011","Any other household type","1.4","col%","Census","England and Wales","","","","","","","","","",""
"Percentage of each household type made up of the ethnic groups","Asian - Other","2011","Any other household type","2.4","col%","Census","England and Wales","","","","","","","","","",""
"Percentage of each household type made up of the ethnic groups","Black","2011","Single pensioner","1.4","col%","Census","England and Wales","","","","","","","","","",""
"Percentage of each household type made up of the ethnic groups","Black - African","2011","Single pensioner","0.2","col%","Census","England and Wales","","","","","","","","","",""
"Percentage of each household type made up of the ethnic groups","Black - Caribbean","2011","Single pensioner","1","col%","Census","England and Wales","","","","","","","","","",""
"Percentage of each household type made up of the ethnic groups","Black - Other","2011","Single pensioner","0.1","col%","Census","England and Wales","","","","","","","","","",""
"Percentage of each household type made up of the ethnic groups","Black","2011","Single non-pensioner","4.6","col%","Census","England and Wales","","","","","","","","","",""
"Percentage of each household type made up of the ethnic groups","Black - African","2011","Single non-pensioner","2","col%","Census","England and Wales","","","","","","","","","",""
"Percentage of each household type made up of the ethnic groups","Black - Caribbean","2011","Single non-pensioner","2","col%","Census","England and Wales","","","","","","","","","",""
"Percentage of each household type made up of the ethnic groups","Black - Other","2011","Single non-pensioner","0.7","col%","Census","England and Wales","","","","","","","","","",""
"Percentage of each household type made up of the ethnic groups","Black","2011","Pensioner couple","0.6","col%","Census","England and Wales","","","","","","","","","",""
"Percentage of each household type made up of the ethnic groups","Black - African","2011","Pensioner couple","0.1","col%","Census","England and Wales","","","","","","","","","",""
"Percentage of each household type made up of the ethnic groups","Black - Caribbean","2011","Pensioner couple","0.5","col%","Census","England and Wales","","","","","","","","","",""
"Percentage of each household type made up of the ethnic groups","Black - Other","2011","Pensioner couple","0","col%","Census","England and Wales","","","","","","","","","",""
"Percentage of each household type made up of the ethnic groups","Black","2011","Married, no children","1","col%","Census","England and Wales","","","","","","","","","",""
"Percentage of each household type made up of the ethnic groups","Black - African","2011","Married, no children","0.5","col%","Census","England and Wales","","","","","","","","","",""
"Percentage of each household type made up of the ethnic groups","Black - Caribbean","2011","Married, no children","0.4","col%","Census","England and Wales","","","","","","","","","",""
"Percentage of each household type made up of the ethnic groups","Black - Other","2011","Married, no children","0.1","col%","Census","England and Wales","","","","","","","","","",""
"Percentage of each household type made up of the ethnic groups","Black","2011","Married, Dependent children","3.1","col%","Census","England and Wales","","","","","","","","","",""
"Percentage of each household type made up of the ethnic groups","Black - African","2011","Married, Dependent children","2","col%","Census","England and Wales","","","","","","","","","",""
"Percentage of each household type made up of the ethnic groups","Black - Caribbean","2011","Married, Dependent children","0.8","col%","Census","England and Wales","","","","","","","","","",""
"Percentage of each household type made up of the ethnic groups","Black - Other","2011","Married, Dependent children","0.3","col%","Census","England and Wales","","","","","","","","","",""
"Percentage of each household type made up of the ethnic groups","Black","2011","Married, non-dependent children","1.4","col%","Census","England and Wales","","","","","","","","","",""
"Percentage of each household type made up of the ethnic groups","Black - African","2011","Married, non-dependent children","0.5","col%","Census","England and Wales","","","","","","","","","",""
"Percentage of each household type made up of the ethnic groups","Black - Caribbean","2011","Married, non-dependent children","0.8","col%","Census","England and Wales","","","","","","","","","",""
"Percentage of each household type made up of the ethnic groups","Black - Other","2011","Married, non-dependent children","0.1","col%","Census","England and Wales","","","","","","","","","",""
"Percentage of each household type made up of the ethnic groups","Black","2011","Cohab, no children","1.4","col%","Census","England and Wales","","","","","","","","","",""
"Percentage of each household type made up of the ethnic groups","Black - African","2011","Cohab, no children","0.6","col%","Census","England and Wales","","","","","","","","","",""
"Percentage of each household type made up of the ethnic groups","Black - Caribbean","2011","Cohab, no children","0.6","col%","Census","England and Wales","","","","","","","","","",""
"Percentage of each household type made up of the ethnic groups","Black - Other","2011","Cohab, no children","0.2","col%","Census","England and Wales","","","","","","","","","",""
"Percentage of each household type made up of the ethnic groups","Black","2011","Cohab, Dependent children","3.1","col%","Census","England and Wales","","","","","","","","","",""
"Percentage of each household type made up of the ethnic groups","Black - African","2011","Cohab, Dependent children","1.5","col%","Census","England and Wales","","","","","","","","","",""
"Percentage of each household type made up of the ethnic groups","Black - Caribbean","2011","Cohab, Dependent children","1.2","col%","Census","England and Wales","","","","","","","","","",""
"Percentage of each household type made up of the ethnic groups","Black - Other","2011","Cohab, Dependent children","0.4","col%","Census","England and Wales","","","","","","","","","",""
"Percentage of each household type made up of the ethnic groups","Black","2011","Cohab, non-dependent children","2.3","col%","Census","England and Wales","","","","","","","","","",""
"Percentage of each household type made up of the ethnic groups","Black - African","2011","Cohab, non-dependent children","0.5","col%","Census","England and Wales","","","","","","","","","",""
"Percentage of each household type made up of the ethnic groups","Black - Caribbean","2011","Cohab, non-dependent children","1.5","col%","Census","England and Wales","","","","","","","","","",""
"Percentage of each household type made up of the ethnic groups","Black - Other","2011","Cohab, non-dependent children","0.3","col%","Census","England and Wales","","","","","","","","","",""
"Percentage of each household type made up of the ethnic groups","Black","2011","Lone parent, Dependent children","8.3","col%","Census","England and Wales","","","","","","","","","",""
"Percentage of each household type made up of the ethnic groups","Black - African","2011","Lone parent, Dependent children","4.2","col%","Census","England and Wales","","","","","","","","","",""
"Percentage of each household type made up of the ethnic groups","Black - Caribbean","2011","Lone parent, Dependent children","2.9","col%","Census","England and Wales","","","","","","","","","",""
"Percentage of each household type made up of the ethnic groups","Black - Other","2011","Lone parent, Dependent children","1.1","col%","Census","England and Wales","","","","","","","","","",""
"Percentage of each household type made up of the ethnic groups","Black","2011","Lone parent, non-dependent children","4.9","col%","Census","England and Wales","","","","","","","","","",""
"Percentage of each household type made up of the ethnic groups","Black - African","2011","Lone parent, non-dependent children","1.6","col%","Census","England and Wales","","","","","","","","","",""
"Percentage of each household type made up of the ethnic groups","Black - Caribbean","2011","Lone parent, non-dependent children","2.8","col%","Census","England and Wales","","","","","","","","","",""
"Percentage of each household type made up of the ethnic groups","Black - Other","2011","Lone parent, non-dependent children","0.5","col%","Census","England and Wales","","","","","","","","","",""
"Percentage of each household type made up of the ethnic groups","Black","2011","Other, with dependent children","8.1","col%","Census","England and Wales","","","","","","","","","",""
"Percentage of each household type made up of the ethnic groups","Black - African","2011","Other, with dependent children","4.9","col%","Census","England and Wales","","","","","","","","","",""
"Percentage of each household type made up of the ethnic groups","Black - Caribbean","2011","Other, with dependent children","2.3","col%","Census","England and Wales","","","","","","","","","",""
"Percentage of each household type made up of the ethnic groups","Black - Other","2011","Other, with dependent children","0.9","col%","Census","England and Wales","","","","","","","","","",""
"Percentage of each household type made up of the ethnic groups","Black","2011","All full-time students","5.5","col%","Census","England and Wales","","","","","","","","","",""
"Percentage of each household type made up of the ethnic groups","Black - African","2011","All full-time students","4.3","col%","Census","England and Wales","","","","","","","","","",""
"Percentage of each household type made up of the ethnic groups","Black - Caribbean","2011","All full-time students","0.8","col%","Census","England and Wales","","","","","","","","","",""
"Percentage of each household type made up of the ethnic groups","Black - Other","2011","All full-time students","0.3","col%","Census","England and Wales","","","","","","","","","",""
"Percentage of each household type made up of the ethnic groups","Black","2011","Other, All pensioners","1.5","col%","Census","England and Wales","","","","","","","","","",""
"Percentage of each household type made up of the ethnic groups","Black - African","2011","Other, All pensioners","0.2","col%","Census","England and Wales","","","","","","","","","",""
"Percentage of each household type made up of the ethnic groups","Black - Caribbean","2011","Other, All pensioners","1.1","col%","Census","England and Wales","","","","","","","","","",""
"Percentage of each household type made up of the ethnic groups","Black - Other","2011","Other, All pensioners","0.1","col%","Census","England and Wales","","","","","","","","","",""
"Percentage of each household type made up of the ethnic groups","Black","2011","Any other household type","4.4","col%","Census","England and Wales","","","","","","","","","",""
"Percentage of each household type made up of the ethnic groups","Black - African","2011","Any other household type","2.5","col%","Census","England and Wales","","","","","","","","","",""
"Percentage of each household type made up of the ethnic groups","Black - Caribbean","2011","Any other household type","1.3","col%","Census","England and Wales","","","","","","","","","",""
"Percentage of each household type made up of the ethnic groups","Black - Other","2011","Any other household type","0.6","col%","Census","England and Wales","","","","","","","","","",""
"Percentage of each household type made up of the ethnic groups","Other","2011","Single pensioner","0.2","col%","Census","England and Wales","","","","","","","","","",""
"Percentage of each household type made up of the ethnic groups","Other - Arab","2011","Single pensioner","0.2","col%","Census","England and Wales","","","","","","","","","",""
"Percentage of each household type made up of the ethnic groups","Other - Any other ethnic group","2011","Single pensioner","0","col%","Census","England and Wales","","","","","","","","","",""
"Percentage of each household type made up of the ethnic groups","Other","2011","Single non-pensioner","1.4","col%","Census","England and Wales","","","","","","","","","",""
"Percentage of each household type made up of the ethnic groups","Other - Arab","2011","Single non-pensioner","0.8","col%","Census","England and Wales","","","","","","","","","",""
"Percentage of each household type made up of the ethnic groups","Other - Any other ethnic group","2011","Single non-pensioner","0","col%","Census","England and Wales","","","","","","","","","",""
"Percentage of each household type made up of the ethnic groups","Other","2011","Pensioner couple","0.2","col%","Census","England and Wales","","","","","","","","","",""
"Percentage of each household type made up of the ethnic groups","Other - Arab","2011","Pensioner couple","0.1","col%","Census","England and Wales","","","","","","","","","",""
"Percentage of each household type made up of the ethnic groups","Other - Any other ethnic group","2011","Pensioner couple","0","col%","Census","England and Wales","","","","","","","","","",""
"Percentage of each household type made up of the ethnic groups","Other","2011","Married, no children","0.5","col%","Census","England and Wales","","","","","","","","","",""
"Percentage of each household type made up of the ethnic groups","Other - Arab","2011","Married, no children","0.3","col%","Census","England and Wales","","","","","","","","","",""
"Percentage of each household type made up of the ethnic groups","Other - Any other ethnic group","2011","Married, no children","0","col%","Census","England and Wales","","","","","","","","","",""
"Percentage of each household type made up of the ethnic groups","Other","2011","Married, Dependent children","1.5","col%","Census","England and Wales","","","","","","","","","",""
"Percentage of each household type made up of the ethnic groups","Other - Arab","2011","Married, Dependent children","0.8","col%","Census","England and Wales","","","","","","","","","",""
"Percentage of each household type made up of the ethnic groups","Other - Any other ethnic group","2011","Married, Dependent children","0","col%","Census","England and Wales","","","","","","","","","",""
"Percentage of each household type made up of the ethnic groups","Other","2011","Married, non-dependent children","0.6","col%","Census","England and Wales","","","","","","","","","",""
"Percentage of each household type made up of the ethnic groups","Other - Arab","2011","Married, non-dependent children","0.5","col%","Census","England and Wales","","","","","","","","","",""
"Percentage of each household type made up of the ethnic groups","Other - Any other ethnic group","2011","Married, non-dependent children","0","col%","Census","England and Wales","","","","","","","","","",""
"Percentage of each household type made up of the ethnic groups","Other","2011","Cohab, no children","0.4","col%","Census","England and Wales","","","","","","","","","",""
"Percentage of each household type made up of the ethnic groups","Other - Arab","2011","Cohab, no children","0.3","col%","Census","England and Wales","","","","","","","","","",""
"Percentage of each household type made up of the ethnic groups","Other - Any other ethnic group","2011","Cohab, no children","0","col%","Census","England and Wales","","","","","","","","","",""
"Percentage of each household type made up of the ethnic groups","Other","2011","Cohab, Dependent children","0.5","col%","Census","England and Wales","","","","","","","","","",""
"Percentage of each household type made up of the ethnic groups","Other - Arab","2011","Cohab, Dependent children","0.4","col%","Census","England and Wales","","","","","","","","","",""
"Percentage of each household type made up of the ethnic groups","Other - Any other ethnic group","2011","Cohab, Dependent children","0","col%","Census","England and Wales","","","","","","","","","",""
"Percentage of each household type made up of the ethnic groups","Other","2011","Cohab, non-dependent children","0.3","col%","Census","England and Wales","","","","","","","","","",""
"Percentage of each household type made up of the ethnic groups","Other - Arab","2011","Cohab, non-dependent children","0.2","col%","Census","England and Wales","","","","","","","","","",""
"Percentage of each household type made up of the ethnic groups","Other - Any other ethnic group","2011","Cohab, non-dependent children","0","col%","Census","England and Wales","","","","","","","","","",""
"Percentage of each household type made up of the ethnic groups","Other","2011","Lone parent, Dependent children","0.9","col%","Census","England and Wales","","","","","","","","","",""
"Percentage of each household type made up of the ethnic groups","Other - Arab","2011","Lone parent, Dependent children","0.6","col%","Census","England and Wales","","","","","","","","","",""
"Percentage of each household type made up of the ethnic groups","Other - Any other ethnic group","2011","Lone parent, Dependent children","0","col%","Census","England and Wales","","","","","","","","","",""
"Percentage of each household type made up of the ethnic groups","Other","2011","Lone parent, non-dependent children","0.7","col%","Census","England and Wales","","","","","","","","","",""
"Percentage of each household type made up of the ethnic groups","Other - Arab","2011","Lone parent, non-dependent children","0.5","col%","Census","England and Wales","","","","","","","","","",""
"Percentage of each household type made up of the ethnic groups","Other - Any other ethnic group","2011","Lone parent, non-dependent children","0","col%","Census","England and Wales","","","","","","","","","",""
"Percentage of each household type made up of the ethnic groups","Other","2011","Other, with dependent children","1.8","col%","Census","England and Wales","","","","","","","","","",""
"Percentage of each household type made up of the ethnic groups","Other - Arab","2011","Other, with dependent children","1.2","col%","Census","England and Wales","","","","","","","","","",""
"Percentage of each household type made up of the ethnic groups","Other - Any other ethnic group","2011","Other, with dependent children","0","col%","Census","England and Wales","","","","","","","","","",""
"Percentage of each household type made up of the ethnic groups","Other","2011","All full-time students","3.5","col%","Census","England and Wales","","","","","","","","","",""
"Percentage of each household type made up of the ethnic groups","Other - Arab","2011","All full-time students","1.1","col%","Census","England and Wales","","","","","","","","","",""
"Percentage of each household type made up of the ethnic groups","Other - Any other ethnic group","2011","All full-time students","0","col%","Census","England and Wales","","","","","","","","","",""
"Percentage of each household type made up of the ethnic groups","Other","2011","Other, All pensioners","0.3","col%","Census","England and Wales","","","","","","","","","",""
"Percentage of each household type made up of the ethnic groups","Other - Arab","2011","Other, All pensioners","0.2","col%","Census","England and Wales","","","","","","","","","",""
"Percentage of each household type made up of the ethnic groups","Other - Any other ethnic group","2011","Other, All pensioners","0","col%","Census","England and Wales","","","","","","","","","",""
"Percentage of each household type made up of the ethnic groups","Other","2011","Any other household type","1.4","col%","Census","England and Wales","","","","","","","","","",""
"Percentage of each household type made up of the ethnic groups","Other - Arab","2011","Any other household type","1","col%","Census","England and Wales","","","","","","","","","",""
"Percentage of each household type made up of the ethnic groups","Other - Any other ethnic group","2011","Any other household type","0","col%","Census","England and Wales","","","","","","","","","",""
"Percentage of households with dependent children","White","2011","Any dependent children","83.5","%","Census","England and Wales","","","","","","","","","",""
"Percentage of households with dependent children","White - British","2011","Any dependent children","77.6","%","Census","England and Wales","","","","","","","","","",""
"Percentage of households with dependent children","White - Irish","2011","Any dependent children","0.8","%","Census","England and Wales","","","","","","","","","",""
"Percentage of households with dependent children","White - Gypsy or Irish Traveller","2011","Any dependent children","0.1","%","Census","England and Wales","","","","","","","","","",""
"Percentage of households with dependent children","White - Other","2011","Any dependent children","4.9","%","Census","England and Wales","","","","","","","","","",""
"Percentage of households with dependent children","Mixed","2011","Any dependent children","1.6","%","Census","England and Wales","","","","","","","","","",""
"Percentage of households with dependent children","Mixed - White and Black Caribbean","2011","Any dependent children","0.7","%","Census","England and Wales","","","","","","","","","",""
"Percentage of households with dependent children","Mixed - White and Black African","2011","Any dependent children","0.2","%","Census","England and Wales","","","","","","","","","",""
"Percentage of households with dependent children","Mixed - White and Asian","2011","Any dependent children","0.4","%","Census","England and Wales","","","","","","","","","",""
"Percentage of households with dependent children","Mixed - Other","2011","Any dependent children","0.4","%","Census","England and Wales","","","","","","","","","",""
"Percentage of households with dependent children","Asian","2011","Any dependent children","8.9","%","Census","England and Wales","","","","","","","","","",""
"Percentage of households with dependent children","Asian - Indian","2011","Any dependent children","2.9","%","Census","England and Wales","","","","","","","","","",""
"Percentage of households with dependent children","Asian - Pakistani","2011","Any dependent children","2.6","%","Census","England and Wales","","","","","","","","","",""
"Percentage of households with dependent children","Asian - Bangladeshi","2011","Any dependent children","1.1","%","Census","England and Wales","","","","","","","","","",""
"Percentage of households with dependent children","Asian - Chinese","2011","Any dependent children","0.6","%","Census","England and Wales","","","","","","","","","",""
"Percentage of households with dependent children","Asian - Other ","2011","Any dependent children","1.8","%","Census","England and Wales","","","","","","","","","",""
"Percentage of households with dependent children","Black","2011","Any dependent children","4.8","%","Census","England and Wales","","","","","","","","","",""
"Percentage of households with dependent children","Black - African","2011","Any dependent children","2.7","%","Census","England and Wales","","","","","","","","","",""
"Percentage of households with dependent children","Black - Caribbean","2011","Any dependent children","1.5","%","Census","England and Wales","","","","","","","","","",""
"Percentage of households with dependent children","Black - Other ","2011","Any dependent children","0.6","%","Census","England and Wales","","","","","","","","","",""
"Percentage of households with dependent children","Other","2011","Any dependent children","1.2","%","Census","England and Wales","","","","","","","","","",""
"Percentage of households with dependent children","Other - Arab","2011","Any dependent children","0.5","%","Census","England and Wales","","","","","","","","","",""
"Percentage of households with dependent children","Other - Any other","2011","Any dependent children","0.7","%","Census","England and Wales","","","","","","","","","",""
